BHID,FROM,TO,AU_GPT,AG_GPT,SG
CKR-001,5.1,7.1,,,2.56
CKR-001,7.1,9.1,0.023,0.25,2.5
CKR-001,9.1,11.1,0.021,0.25,2.53
CKR-001,11.1,13.1,0.017,0.25,2.54
CKR-001,13.1,15.1,0.011,0.25,2.52
CKR-001,15.1,17.1,0.033,0.25,2.52
CKR-001,17.1,19.1,0.015,0.25,2.53
CKR-001,19.1,21.1,0.031,0.25,2.5
CKR-001,21.1,23.1,0.024,0.25,2.52
CKR-001,23.1,25.1,0.014,0.25,2.53
CKR-001,25.1,27.1,0.016,0.25,2.54
CKR-001,27.1,29.1,0.022,0.25,2.48
CKR-001,29.1,31.1,0.031,0.25,2.51
CKR-001,31.1,33.1,0.024,0.25,2.5
CKR-001,33.1,35.1,0.014,0.25,2.49
CKR-001,35.1,37.1,0.02,0.25,2.48
CKR-001,37.1,38.1,0.011,0.25,2.4
CKR-001,38.1,39.1,0.022,0.25,2.47
CKR-001,39.1,40.1,0.011,0.25,2.54
CKR-001,40.1,41.1,0.015,0.25,2.51
CKR-001,41.1,42.1,0.046,0.25,2.58
CKR-001,42.1,43.1,0.052,0.79,2.61
CKR-001,43.1,44.1,0.05,1.07,2.55
CKR-001,44.1,45.1,0.015,0.25,2.52
CKR-001,45.1,46.1,0.06,0.25,2.55
CKR-001,46.1,47.1,0.014,0.25,2.55
CKR-001,47.1,48.1,0.023,0.25,2.52
CKR-001,48.1,49.1,0.012,0.25,2.53
CKR-001,49.1,50.1,0.011,0.25,2.51
CKR-001,50.1,52.1,0.005,0.25,2.54
CKR-001,52.1,54.1,0.005,0.25,2.54
CKR-001,54.1,56.1,0.013,0.25,2.51
CKR-001,56.1,58.1,0.015,0.25,2.56
CKR-001,58.1,60.1,0.034,0.25,2.51
CKR-001,60.1,62.1,0.017,0.25,2.5
CKR-001,62.1,64.1,0.015,0.25,2.46
CKR-001,64.1,66.1,0.012,0.25,2.52
CKR-001,66.1,68.1,0.012,0.25,2.54
CKR-001,68.1,69.8,0.014,0.25,2.49
CKR-002,5.3,7.3,,,2.52
CKR-002,7.3,9.3,0.038,0.25,2.45
CKR-002,9.3,11.3,0.018,0.25,2.53
CKR-002,11.3,13.3,0.014,0.25,2.48
CKR-002,13.3,15.3,0.012,0.25,2.55
CKR-002,15.3,17.3,0.02,0.25,2.5
CKR-002,17.3,19.3,0.005,0.25,2.45
CKR-002,19.3,21.3,0.025,0.25,2.51
CKR-002,21.3,23.3,0.005,0.25,2.5
CKR-002,23.3,25.3,0.012,0.25,2.53
CKR-002,25.3,27.3,0.016,0.25,2.47
CKR-002,27.3,29.3,0.013,0.25,2.49
CKR-002,29.3,31.3,0.02,0.25,2.5
CKR-002,31.3,33.3,0.054,0.25,2.56
CKR-002,33.3,35.3,0.012,0.25,2.5
CKR-002,35.3,37.3,0.04,0.25,2.55
CKR-002,37.3,39.3,0.026,0.25,2.51
CKR-002,39.3,41.3,0.015,0.25,2.5
CKR-002,41.3,43.3,0.031,0.5,2.59
CKR-002,43.3,45.3,0.022,0.25,2.55
CKR-002,45.3,47.3,0.026,0.25,2.49
CKR-002,47.3,49.3,0.005,0.25,2.52
CKR-002,49.3,51.3,0.026,0.25,2.5
CKR-002,51.3,53.3,0.018,0.25,2.5
CKR-002,53.3,55.3,0.02,0.25,2.51
CKR-002,55.3,57.3,0.023,0.25,2.52
CKR-002,57.3,59.3,0.033,0.25,2.53
CKR-002,59.3,61.3,0.017,0.52,2.46
CKR-002,61.3,63.3,0.005,0.25,2.53
CKR-002,63.3,65.3,0.021,0.25,2.51
CKR-002,65.3,67.3,0.02,0.25,2.5
CKR-002,67.3,69.3,0.037,0.25,2.53
CKR-002,69.3,71.3,0.016,0.25,2.48
CKR-002,71.3,73.3,0.005,0.25,2.47
CKR-002,73.3,75.3,0.014,0.25,2.5
CKR-002,75.3,77.3,0.011,0.25,2.51
CKR-002,77.3,79.3,0.012,0.25,2.48
CKR-002,79.3,81.3,0.017,0.25,2.5
CKR-002,81.3,83.3,0.017,0.25,2.49
CKR-002,83.3,85.3,0.013,0.25,2.56
CKR-002,85.3,87.3,0.037,0.25,2.51
CKR-002,87.3,89.3,0.013,0.25,2.55
CKR-002,89.3,91.3,0.026,0.25,2.53
CKR-002,91.3,93.3,0.01,0.25,2.53
CKR-002,93.3,95.3,0.015,0.25,2.5
CKR-002,95.3,97.3,0.019,0.25,2.58
CKR-002,97.3,99.3,0.014,0.25,2.54
CKR-002,99.3,101.3,0.047,0.25,2.5
CKR-002,101.3,103.3,0.028,0.25,2.6
CKR-002,103.3,105.3,0.01,0.25,2.56
CKR-002,105.3,107.3,0.022,0.25,2.56
CKR-002,107.3,109.3,0.019,0.55,2.52
CKR-002,109.3,111.3,0.014,0.25,2.52
CKR-002,111.3,113.3,0.027,0.25,2.47
CKR-002,113.3,115.3,0.031,0.25,2.5
CKR-002,115.3,117.3,0.018,0.25,2.51
CKR-002,117.3,119.3,0.022,0.25,2.55
CKR-002,119.3,121.3,0.015,0.25,2.51
CKR-002,121.3,123.3,0.014,0.25,2.51
CKR-002,123.3,125.3,0.005,0.25,2.59
CKR-002,125.3,127.3,0.011,0.25,2.52
CKR-002,127.3,129.3,0.005,0.25,2.47
CKR-002,129.3,131.3,0.022,0.25,2.48
CKR-002,131.3,133.3,0.021,0.25,2.52
CKR-002,133.3,135.3,0.022,0.25,2.53
CKR-002,135.3,137.3,0.027,0.25,2.49
CKR-002,137.3,138.3,0.005,0.25,2.56
CKR-002,138.3,139.3,0.005,0.25,2.53
CKR-002,139.3,140.3,0.012,0.25,2.57
CKR-002,140.3,141.3,0.005,0.25,2.43
CKR-002,141.3,142.3,0.017,0.25,2.55
CKR-002,142.3,143.3,0.049,1.14,2.54
CKR-002,143.3,144.3,0.063,1.3,2.52
CKR-002,144.3,145.3,0.038,0.77,2.61
CKR-002,145.3,146.3,0.091,1.36,2.55
CKR-002,146.3,147.3,0.099,1.54,2.57
CKR-002,147.3,148.3,0.704,8.71,2.63
CKR-002,148.3,149.3,0.537,7.8,2.6
CKR-002,149.3,150.3,0.108,1.43,2.55
CKR-002,150.3,151.3,0.083,1.57,2.61
CKR-002,151.3,152.3,0.063,0.89,2.65
CKR-002,152.3,153.3,0.101,1.5,2.58
CKR-002,153.3,154.3,0.124,1.32,2.58
CKR-002,154.3,155.3,0.005,0.25,2.55
CKR-002,155.3,156.3,0.024,0.25,2.56
CKR-002,156.3,157.3,0.024,0.25,2.54
CKR-002,157.3,158.3,0.07,0.25,2.56
CKR-002,158.3,159.3,0.028,1.6,2.52
CKR-002,159.3,160.3,0.018,0.25,2.47
CKR-002,160.3,162.3,0.017,0.25,2.56
CKR-002,162.3,164.3,0.011,0.25,2.53
CKR-002,164.3,166.3,0.014,0.25,2.5
CKR-002,166.3,168.3,0.022,0.25,2.52
CKR-002,168.3,170.3,0.011,0.25,2.54
CKR-002,170.3,172.3,0.02,0.25,2.51
CKR-002,172.3,174.3,0.025,0.25,2.58
CKR-002,174.3,176.3,0.005,0.25,2.5
CKR-002,176.3,178.3,0.025,0.25,2.56
CKR-002,178.3,180.3,0.029,0.25,2.51
CKR-002,180.3,182.3,0.017,0.25,2.55
CKR-002,182.3,184.3,0.018,0.25,2.51
CKR-002,184.3,186.3,0.014,0.25,2.47
CKR-003,5.0,7.0,,,2.49
CKR-003,7.0,9.0,0.012,0.25,2.53
CKR-003,9.0,11.0,0.016,0.25,2.51
CKR-003,11.0,13.0,0.026,0.25,2.53
CKR-003,13.0,15.0,0.021,0.25,2.58
CKR-003,15.0,17.0,0.035,0.25,2.52
CKR-003,17.0,19.0,0.038,0.25,2.47
CKR-003,19.0,21.0,0.025,0.25,2.52
CKR-003,21.0,23.0,0.011,0.25,2.5
CKR-003,23.0,25.0,0.016,0.25,2.43
CKR-003,25.0,27.0,0.005,0.25,2.57
CKR-003,27.0,29.0,0.053,0.25,2.54
CKR-003,29.0,31.0,0.033,0.25,2.51
CKR-003,31.0,33.0,0.038,0.25,2.51
CKR-003,33.0,34.0,0.014,0.25,2.5
CKR-003,34.0,35.0,0.013,0.25,2.5
CKR-003,35.0,36.0,0.005,0.25,2.51
CKR-003,36.0,37.0,0.021,0.25,2.46
CKR-003,37.0,38.0,0.023,0.25,2.47
CKR-003,38.0,39.0,0.051,0.79,2.52
CKR-003,39.0,40.0,0.065,0.82,2.52
CKR-003,40.0,41.0,0.135,1.51,2.54
CKR-003,41.0,42.0,0.154,1.69,2.56
CKR-003,42.0,43.0,0.185,1.8,2.53
CKR-003,43.0,44.0,0.271,2.78,2.58
CKR-003,44.0,45.0,3.85,50.29,2.6
CKR-003,45.0,46.0,11.413,163.7,2.64
CKR-003,46.0,47.0,3.505,51.62,2.65
CKR-003,47.0,48.0,1.959,28.14,2.6
CKR-003,48.0,49.0,0.174,3.26,2.56
CKR-003,49.0,50.0,0.19,3.21,2.58
CKR-003,50.0,51.0,0.155,3.02,2.61
CKR-003,51.0,52.0,0.11,1.78,2.58
CKR-003,52.0,53.0,0.112,1.71,2.58
CKR-003,53.0,54.0,0.034,0.25,2.56
CKR-003,54.0,55.0,0.014,0.25,2.51
CKR-003,55.0,56.0,0.014,0.25,2.51
CKR-003,56.0,57.0,0.014,0.25,2.48
CKR-003,57.0,58.0,0.014,0.25,2.46
CKR-003,58.0,59.0,0.011,0.25,2.53
CKR-003,59.0,60.0,0.017,0.25,2.5
CKR-003,60.0,62.0,0.005,0.25,2.47
CKR-003,62.0,64.0,0.018,0.25,2.55
CKR-003,64.0,66.0,0.02,0.25,2.47
CKR-003,66.0,68.0,0.022,0.25,2.47
CKR-003,68.0,70.0,0.031,0.6,2.55
CKR-003,70.0,72.0,0.015,0.25,2.58
CKR-003,72.0,74.0,0.025,0.25,2.55
CKR-003,74.0,76.0,0.005,0.25,2.55
CKR-003,76.0,78.0,0.024,0.25,2.52
CKR-003,78.0,80.0,0.005,0.25,2.48
CKR-003,80.0,82.0,0.016,0.25,2.53
CKR-003,82.0,84.0,0.018,0.25,2.49
CKR-003,84.0,86.0,0.023,0.25,2.54
CKR-003,86.0,88.0,0.005,0.25,2.55
CKR-003,88.0,89.1,0.017,0.25,2.52
CKR-004,5.5,7.5,,,2.53
CKR-004,7.5,9.5,0.024,0.25,2.46
CKR-004,9.5,11.5,0.015,0.25,2.53
CKR-004,11.5,13.5,0.035,0.25,2.54
CKR-004,13.5,15.5,0.005,0.25,2.57
CKR-004,15.5,17.5,0.028,0.25,2.58
CKR-004,17.5,19.5,0.018,0.25,2.55
CKR-004,19.5,21.5,0.01,0.25,2.56
CKR-004,21.5,23.5,0.025,0.25,2.48
CKR-004,23.5,25.5,0.023,0.25,2.52
CKR-004,25.5,27.5,0.015,0.25,2.5
CKR-004,27.5,29.5,0.026,0.25,2.54
CKR-004,29.5,31.5,0.022,0.25,2.55
CKR-004,31.5,33.5,0.019,0.25,2.51
CKR-004,33.5,35.5,0.014,0.7,2.56
CKR-004,35.5,37.5,0.005,0.25,2.45
CKR-004,37.5,39.5,0.029,0.25,2.49
CKR-004,39.5,41.5,0.005,0.25,2.52
CKR-004,41.5,43.5,0.011,0.25,2.47
CKR-004,43.5,45.5,0.02,0.25,2.51
CKR-004,45.5,47.5,0.015,0.25,2.54
CKR-004,47.5,49.5,0.027,0.25,2.54
CKR-004,49.5,51.5,0.017,0.25,2.52
CKR-004,51.5,53.5,0.024,0.25,2.51
CKR-004,53.5,55.5,0.03,0.25,2.46
CKR-004,55.5,57.5,0.012,0.25,2.51
CKR-004,57.5,59.5,0.012,0.25,2.49
CKR-004,59.5,61.5,0.013,0.25,2.59
CKR-004,61.5,63.5,0.022,0.25,2.5
CKR-004,63.5,65.5,0.025,0.25,2.59
CKR-004,65.5,67.5,0.005,0.25,2.52
CKR-004,67.5,69.5,0.033,0.25,2.57
CKR-004,69.5,71.5,0.021,0.25,2.54
CKR-004,71.5,73.5,0.016,0.25,2.52
CKR-004,73.5,75.5,0.013,0.25,2.6
CKR-004,75.5,77.5,0.021,0.25,2.5
CKR-004,77.5,79.5,0.005,0.25,2.56
CKR-004,79.5,81.5,0.014,0.25,2.5
CKR-004,81.5,83.5,0.005,0.25,2.53
CKR-004,83.5,85.5,0.023,0.25,2.57
CKR-004,85.5,87.5,0.023,0.25,2.51
CKR-004,87.5,89.5,0.017,0.25,2.6
CKR-004,89.5,91.5,0.022,0.25,2.52
CKR-004,91.5,93.5,0.014,0.25,2.46
CKR-004,93.5,95.5,0.018,0.56,2.53
CKR-004,95.5,97.5,0.017,0.25,2.51
CKR-004,97.5,99.5,0.018,0.25,2.53
CKR-004,99.5,101.5,0.018,0.25,2.54
CKR-004,101.5,103.5,0.005,0.25,2.59
CKR-004,103.5,105.5,0.014,0.25,2.45
CKR-004,105.5,107.5,0.059,0.25,2.54
CKR-004,107.5,109.5,0.016,0.25,2.47
CKR-004,109.5,111.5,0.005,0.25,2.47
CKR-004,111.5,113.5,0.021,0.25,2.49
CKR-004,113.5,115.5,0.013,0.25,2.55
CKR-004,115.5,117.5,0.005,0.25,2.5
CKR-004,117.5,119.5,0.011,0.25,2.52
CKR-004,119.5,121.5,0.005,0.25,2.53
CKR-004,121.5,123.5,0.04,0.25,2.5
CKR-004,123.5,125.5,0.016,0.25,2.55
CKR-004,125.5,126.5,0.014,0.25,2.51
CKR-004,126.5,127.5,0.005,0.25,2.55
CKR-004,127.5,128.5,0.039,0.25,2.57
CKR-004,128.5,129.5,0.015,0.25,2.55
CKR-004,129.5,130.5,0.013,0.25,2.61
CKR-004,130.5,131.5,0.098,2.89,2.58
CKR-004,131.5,132.5,0.057,1.31,2.53
CKR-004,132.5,133.5,0.126,2.29,2.55
CKR-004,133.5,134.5,0.149,4.1,2.49
CKR-004,134.5,135.5,0.141,4.33,2.62
CKR-004,135.5,136.5,0.088,3.32,2.64
CKR-004,136.5,137.5,0.222,6.83,2.59
CKR-004,137.5,138.5,2.364,102.73,2.74
CKR-004,138.5,139.5,0.772,25.75,2.69
CKR-004,139.5,140.5,2.469,50.81,2.66
CKR-004,140.5,141.5,0.304,8.25,2.59
CKR-004,141.5,142.5,0.752,14.89,2.62
CKR-004,142.5,143.5,2.586,46.74,2.65
CKR-004,143.5,144.5,0.237,6.65,2.57
CKR-004,144.5,145.5,0.188,2.74,2.58
CKR-004,145.5,146.5,0.15,4.56,2.67
CKR-004,146.5,147.5,0.205,6.51,2.55
CKR-004,147.5,148.5,0.064,1.02,2.58
CKR-004,148.5,149.5,0.038,0.66,2.52
CKR-004,149.5,150.5,0.061,1.91,2.52
CKR-004,150.5,151.5,0.014,0.25,2.56
CKR-004,151.5,152.5,0.005,0.25,2.56
CKR-004,152.5,153.5,0.005,0.25,2.43
CKR-004,153.5,154.5,0.005,0.25,2.54
CKR-004,154.5,155.5,0.012,0.25,2.53
CKR-004,155.5,156.5,0.013,0.25,2.56
CKR-004,156.5,157.5,0.005,0.25,2.53
CKR-004,157.5,159.5,0.012,0.25,2.52
CKR-004,159.5,161.5,0.012,0.25,2.56
CKR-004,161.5,163.5,0.023,0.25,2.54
CKR-004,163.5,165.5,0.039,0.25,2.47
CKR-004,165.5,167.5,0.011,0.25,2.47
CKR-004,167.5,168.3,0.005,0.25,2.55
CKR-005,3.4,5.4,,,2.55
CKR-005,5.4,7.4,0.014,0.25,2.51
CKR-005,7.4,9.4,0.016,0.25,2.51
CKR-005,9.4,11.4,0.014,0.25,2.54
CKR-005,11.4,13.4,0.021,0.25,2.52
CKR-005,13.4,15.4,0.014,0.25,2.41
CKR-005,15.4,17.4,0.005,0.25,2.58
CKR-005,17.4,19.4,0.005,0.25,2.57
CKR-005,19.4,21.4,0.019,0.25,2.55
CKR-005,21.4,23.4,0.01,0.25,2.52
CKR-005,23.4,25.4,0.02,0.25,2.51
CKR-005,25.4,27.4,0.005,0.25,2.54
CKR-005,27.4,29.4,0.012,0.25,2.5
CKR-005,29.4,31.4,0.015,0.25,2.61
CKR-005,31.4,33.4,0.012,0.25,2.5
CKR-005,33.4,35.4,0.015,0.25,2.54
CKR-005,35.4,37.4,0.022,0.25,2.55
CKR-005,37.4,39.4,0.005,0.25,2.48
CKR-005,39.4,41.4,0.02,0.25,2.51
CKR-005,41.4,43.4,0.005,0.25,2.49
CKR-005,43.4,45.4,0.016,0.25,2.47
CKR-005,45.4,47.4,0.015,0.25,2.53
CKR-005,47.4,49.4,0.044,0.25,2.47
CKR-005,49.4,51.4,0.016,0.25,2.53
CKR-005,51.4,53.4,0.026,0.25,2.48
CKR-005,53.4,55.4,0.017,0.25,2.49
CKR-005,55.4,57.4,0.013,0.25,2.42
CKR-005,57.4,59.4,0.015,0.25,2.49
CKR-005,59.4,60.4,0.014,0.25,2.54
CKR-005,60.4,61.4,0.012,0.25,2.54
CKR-005,61.4,62.4,0.042,0.25,2.54
CKR-005,62.4,63.4,0.014,0.65,2.46
CKR-005,63.4,64.4,0.032,0.68,2.49
CKR-005,64.4,65.4,0.132,1.83,2.57
CKR-005,65.4,66.4,0.086,2.41,2.56
CKR-005,66.4,67.4,0.165,2.98,2.58
CKR-005,67.4,68.4,0.669,24.05,2.63
CKR-005,68.4,69.4,0.342,7.66,2.55
CKR-005,69.4,70.4,0.612,10.69,2.6
CKR-005,70.4,71.4,1.115,19.27,2.61
CKR-005,71.4,72.4,1.974,45.86,2.59
CKR-005,72.4,73.4,2.103,55.57,2.63
CKR-005,73.4,74.4,0.591,8.09,2.6
CKR-005,74.4,75.4,0.092,1.43,2.63
CKR-005,75.4,76.4,0.077,1.79,2.54
CKR-005,76.4,77.4,0.055,1.01,2.55
CKR-005,77.4,78.4,0.038,0.78,2.54
CKR-005,78.4,79.4,0.066,0.57,2.55
CKR-005,79.4,80.4,0.005,0.25,2.47
CKR-005,80.4,81.4,0.01,0.25,2.46
CKR-005,81.4,82.4,0.019,0.25,2.58
CKR-005,82.4,83.4,0.093,0.55,2.57
CKR-005,83.4,84.4,0.024,0.25,2.54
CKR-005,84.4,85.4,0.019,0.25,2.59
CKR-005,85.4,87.4,0.025,0.25,2.56
CKR-005,87.4,89.4,0.023,0.25,2.57
CKR-005,89.4,91.4,0.016,0.25,2.51
CKR-005,91.4,93.4,0.027,0.25,2.51
CKR-005,93.4,95.4,0.015,0.25,2.51
CKR-005,95.4,97.4,0.005,0.25,2.55
CKR-005,97.4,98.9,0.022,0.25,2.58
CKR-006,2.8,4.8,,,2.49
CKR-006,4.8,6.8,0.017,0.25,2.49
CKR-006,6.8,8.8,0.015,0.25,2.56
CKR-006,8.8,10.8,0.022,0.25,2.57
CKR-006,10.8,12.8,0.018,0.25,2.54
CKR-006,12.8,14.8,0.02,0.25,2.49
CKR-006,14.8,16.8,0.005,0.25,2.52
CKR-006,16.8,18.8,0.014,0.25,2.45
CKR-006,18.8,20.8,0.016,0.25,2.51
CKR-006,20.8,22.8,0.028,0.5,2.57
CKR-006,22.8,24.8,0.013,0.25,2.5
CKR-006,24.8,26.8,0.016,0.25,2.5
CKR-006,26.8,28.8,0.033,0.25,2.56
CKR-006,28.8,30.8,0.022,0.25,2.49
CKR-006,30.8,32.8,0.031,0.25,2.51
CKR-006,32.8,34.8,0.027,0.25,2.57
CKR-006,34.8,36.8,0.01,0.25,2.52
CKR-006,36.8,38.8,0.011,0.25,2.48
CKR-006,38.8,40.8,0.021,0.25,2.49
CKR-006,40.8,42.8,0.018,0.59,2.52
CKR-006,42.8,44.8,0.005,0.25,2.53
CKR-006,44.8,46.8,0.005,0.25,2.55
CKR-006,46.8,48.8,0.041,0.25,2.59
CKR-006,48.8,50.8,0.023,0.25,2.55
CKR-006,50.8,52.8,0.016,0.25,2.5
CKR-006,52.8,54.8,0.02,0.25,2.48
CKR-006,54.8,56.8,0.024,0.25,2.51
CKR-006,56.8,58.8,0.011,0.25,2.53
CKR-006,58.8,60.8,0.021,0.25,2.5
CKR-006,60.8,62.8,0.005,0.25,2.52
CKR-006,62.8,64.8,0.025,0.25,2.51
CKR-006,64.8,66.8,0.005,0.25,2.54
CKR-006,66.8,68.8,0.013,0.25,2.48
CKR-006,68.8,70.8,0.061,0.25,2.54
CKR-006,70.8,72.8,0.019,0.25,2.54
CKR-006,72.8,74.8,0.019,0.25,2.53
CKR-006,74.8,76.8,0.013,0.25,2.53
CKR-006,76.8,78.8,0.031,0.25,2.52
CKR-006,78.8,80.8,0.013,0.25,2.51
CKR-006,80.8,82.8,0.017,0.25,2.57
CKR-006,82.8,84.8,0.015,0.25,2.54
CKR-006,84.8,86.8,0.014,0.25,2.45
CKR-006,86.8,88.8,0.019,0.25,2.49
CKR-006,88.8,90.8,0.024,0.25,2.55
CKR-006,90.8,92.8,0.018,0.25,2.52
CKR-006,92.8,94.8,0.023,0.25,2.56
CKR-006,94.8,96.8,0.005,0.25,2.53
CKR-006,96.8,98.8,0.012,0.25,2.52
CKR-006,98.8,100.8,0.012,0.25,2.51
CKR-006,100.8,102.8,0.021,0.25,2.49
CKR-006,102.8,104.8,0.017,0.25,2.53
CKR-006,104.8,106.8,0.012,0.25,2.58
CKR-006,106.8,108.8,0.005,0.25,2.52
CKR-006,108.8,110.8,0.01,0.25,2.5
CKR-006,110.8,112.8,0.029,0.25,2.5
CKR-006,112.8,114.8,0.014,0.25,2.43
CKR-006,114.8,116.8,0.011,0.25,2.53
CKR-006,116.8,118.8,0.018,0.25,2.51
CKR-006,118.8,120.8,0.036,0.25,2.56
CKR-006,120.8,122.8,0.039,0.25,2.47
CKR-006,122.8,124.8,0.017,0.25,2.54
CKR-006,124.8,126.8,0.005,0.25,2.53
CKR-006,126.8,128.8,0.011,0.25,2.51
CKR-006,128.8,130.8,0.018,0.25,2.48
CKR-006,130.8,132.8,0.012,0.25,2.53
CKR-006,132.8,134.8,0.022,0.25,2.55
CKR-006,134.8,136.8,0.011,0.25,2.52
CKR-006,136.8,138.8,0.031,0.25,2.45
CKR-006,138.8,139.8,0.014,0.25,2.62
CKR-006,139.8,140.8,0.029,0.25,2.5
CKR-006,140.8,141.8,0.005,0.25,2.5
CKR-006,141.8,142.8,0.019,0.25,2.44
CKR-006,142.8,143.8,0.024,0.25,2.61
CKR-006,143.8,144.8,0.033,0.51,2.61
CKR-006,144.8,145.8,0.041,0.77,2.54
CKR-006,145.8,146.8,0.139,3.32,2.58
CKR-006,146.8,147.8,0.113,1.68,2.53
CKR-006,147.8,148.8,0.167,3.81,2.56
CKR-006,148.8,149.8,0.146,2.72,2.6
CKR-006,149.8,150.8,0.236,4.23,2.61
CKR-006,150.8,151.8,0.185,2.75,2.6
CKR-006,151.8,152.8,0.21,4.35,2.6
CKR-006,152.8,153.8,1.478,22.58,2.61
CKR-006,153.8,154.8,12.471,155.41,2.65
CKR-006,154.8,155.8,2.796,28.35,2.65
CKR-006,155.8,156.8,0.997,18.04,2.58
CKR-006,156.8,157.8,0.446,7.08,2.59
CKR-006,157.8,158.8,0.626,7.72,2.63
CKR-006,158.8,159.8,0.975,9.43,2.59
CKR-006,159.8,160.8,1.936,27.75,2.69
CKR-006,160.8,161.8,0.641,8.44,2.58
CKR-006,161.8,162.8,0.838,8.2,2.64
CKR-006,162.8,163.8,0.304,4.03,2.56
CKR-006,163.8,164.8,0.195,2.4,2.47
CKR-006,164.8,165.8,0.197,3.13,2.62
CKR-006,165.8,166.8,0.08,0.81,2.6
CKR-006,166.8,167.8,0.033,0.25,2.6
CKR-006,167.8,168.8,0.034,0.25,2.61
CKR-006,168.8,169.8,0.03,0.25,2.59
CKR-006,169.8,170.8,0.045,0.58,2.56
CKR-006,170.8,171.8,0.032,0.25,2.58
CKR-006,171.8,172.8,0.024,0.25,2.55
CKR-006,172.8,173.8,0.005,0.25,2.61
CKR-006,173.8,174.8,0.016,0.25,2.55
CKR-006,174.8,175.8,0.032,0.25,2.45
CKR-006,175.8,176.8,0.013,0.25,2.5
CKR-006,176.8,177.8,0.029,0.25,2.53
CKR-006,177.8,178.8,0.005,0.51,2.57
CKR-006,178.8,179.8,0.018,0.25,2.55
CKR-006,179.8,181.8,0.026,0.25,2.47
CKR-006,181.8,183.8,0.026,0.25,2.54
CKR-006,183.8,184.6,0.025,0.25,2.53
CKR-007,3.4,5.4,,,2.47
CKR-007,5.4,7.4,0.03,0.25,2.52
CKR-007,7.4,9.4,0.02,0.25,2.52
CKR-007,9.4,11.4,0.022,0.25,2.49
CKR-007,11.4,13.4,0.02,0.25,2.52
CKR-007,13.4,15.4,0.012,0.25,2.52
CKR-007,15.4,17.4,0.029,0.25,2.5
CKR-007,17.4,19.4,0.028,0.25,2.51
CKR-007,19.4,21.4,0.015,0.25,2.5
CKR-007,21.4,23.4,0.005,0.25,2.59
CKR-007,23.4,25.4,0.005,0.25,2.54
CKR-007,25.4,27.4,0.016,0.25,2.54
CKR-007,27.4,29.4,0.005,0.25,2.41
CKR-007,29.4,31.4,0.005,0.25,2.52
CKR-007,31.4,33.4,0.019,0.25,2.53
CKR-007,33.4,35.4,0.04,0.25,2.48
CKR-007,35.4,37.4,0.027,0.25,2.49
CKR-007,37.4,39.4,0.016,0.25,2.58
CKR-007,39.4,41.4,0.024,0.25,2.54
CKR-007,41.4,43.4,0.015,0.25,2.48
CKR-007,43.4,44.4,0.014,0.25,2.49
CKR-007,44.4,45.4,0.023,0.25,2.54
CKR-007,45.4,46.4,0.011,0.25,2.54
CKR-007,46.4,47.4,0.018,0.25,2.5
CKR-007,47.4,48.4,0.016,0.25,2.6
CKR-007,48.4,49.4,0.03,0.95,2.49
CKR-007,49.4,50.4,0.06,1.18,2.6
CKR-007,50.4,51.4,0.169,2.7,2.6
CKR-007,51.4,52.4,0.089,1.42,2.63
CKR-007,52.4,53.4,0.106,1.99,2.49
CKR-007,53.4,54.4,0.108,1.4,2.56
CKR-007,54.4,55.4,2.58,45.64,2.6
CKR-007,55.4,56.4,8.851,135.91,2.7
CKR-007,56.4,57.4,46.136,496.96,2.66
CKR-007,57.4,58.4,8.753,105.4,2.62
CKR-007,58.4,59.4,7.686,97.99,2.61
CKR-007,59.4,60.4,5.026,82.68,2.69
CKR-007,60.4,61.4,4.52,75.42,2.61
CKR-007,61.4,62.4,4.838,74.13,2.61
CKR-007,62.4,63.4,4.46,64.18,2.67
CKR-007,63.4,64.4,4.414,36.57,2.55
CKR-007,64.4,65.4,0.212,3.12,2.56
CKR-007,65.4,66.4,0.376,4.91,2.58
CKR-007,66.4,67.4,0.143,2.05,2.6
CKR-007,67.4,68.4,0.119,1.43,2.53
CKR-007,68.4,69.4,0.067,0.96,2.58
CKR-007,69.4,70.4,0.087,1.15,2.58
CKR-007,70.4,71.4,0.082,0.92,2.54
CKR-007,71.4,72.4,0.057,0.25,2.48
CKR-007,72.4,73.4,0.025,0.25,2.43
CKR-007,73.4,74.4,0.005,0.25,2.57
CKR-007,74.4,75.4,0.012,0.25,2.54
CKR-007,75.4,76.4,0.011,0.79,2.6
CKR-007,76.4,77.4,0.036,0.25,2.53
CKR-007,77.4,78.4,0.005,0.25,2.6
CKR-007,78.4,80.4,0.018,0.52,2.5
CKR-007,80.4,82.4,0.026,0.25,2.47
CKR-007,82.4,84.4,0.011,0.25,2.54
CKR-007,84.4,86.4,0.032,0.25,2.52
CKR-007,86.4,88.4,0.014,0.25,2.53
CKR-007,88.4,90.4,0.015,0.25,2.49
CKR-007,90.4,92.4,0.014,0.25,2.5
CKR-007,92.4,94.4,0.021,0.25,2.49
CKR-007,94.4,96.4,0.005,0.25,2.49
CKR-007,96.4,96.9,0.02,0.25,2.44
CKR-008,3.7,5.7,,,2.47
CKR-008,5.7,7.7,0.011,0.25,2.52
CKR-008,7.7,9.7,0.013,0.25,2.47
CKR-008,9.7,11.7,0.026,0.25,2.56
CKR-008,11.7,13.7,0.02,0.25,2.51
CKR-008,13.7,15.7,0.014,0.25,2.57
CKR-008,15.7,17.7,0.019,0.25,2.5
CKR-008,17.7,19.7,0.01,0.25,2.48
CKR-008,19.7,21.7,0.005,0.25,2.54
CKR-008,21.7,23.7,0.016,0.25,2.45
CKR-008,23.7,25.7,0.021,0.25,2.48
CKR-008,25.7,27.7,0.013,0.25,2.45
CKR-008,27.7,29.7,0.025,0.25,2.57
CKR-008,29.7,31.7,0.045,0.25,2.54
CKR-008,31.7,33.7,0.01,0.25,2.5
CKR-008,33.7,35.7,0.017,0.25,2.53
CKR-008,35.7,37.7,0.01,0.25,2.51
CKR-008,37.7,39.7,0.015,0.25,2.48
CKR-008,39.7,41.7,0.01,0.25,2.57
CKR-008,41.7,43.7,0.02,0.52,2.47
CKR-008,43.7,45.7,0.005,0.25,2.54
CKR-008,45.7,47.7,0.005,0.25,2.56
CKR-008,47.7,49.7,0.015,0.25,2.54
CKR-008,49.7,51.7,0.016,0.25,2.49
CKR-008,51.7,53.7,0.027,0.25,2.63
CKR-008,53.7,55.7,0.024,0.25,2.47
CKR-008,55.7,57.7,0.011,0.25,2.48
CKR-008,57.7,59.7,0.027,0.25,2.49
CKR-008,59.7,61.7,0.02,0.25,2.55
CKR-008,61.7,63.7,0.019,0.25,2.55
CKR-008,63.7,65.7,0.033,0.25,2.59
CKR-008,65.7,67.7,0.012,0.25,2.55
CKR-008,67.7,69.7,0.01,0.25,2.49
CKR-008,69.7,71.7,0.016,0.25,2.49
CKR-008,71.7,73.7,0.029,0.25,2.54
CKR-008,73.7,75.7,0.005,0.25,2.52
CKR-008,75.7,77.7,0.012,0.25,2.48
CKR-008,77.7,79.7,0.019,0.25,2.53
CKR-008,79.7,81.7,0.035,0.25,2.57
CKR-008,81.7,83.7,0.023,0.25,2.53
CKR-008,83.7,85.7,0.044,0.25,2.5
CKR-008,85.7,87.7,0.017,0.25,2.54
CKR-008,87.7,89.7,0.018,0.25,2.52
CKR-008,89.7,91.7,0.038,0.25,2.57
CKR-008,91.7,93.7,0.005,0.25,2.51
CKR-008,93.7,95.7,0.023,0.63,2.52
CKR-008,95.7,97.7,0.021,0.25,2.49
CKR-008,97.7,99.7,0.022,0.25,2.49
CKR-008,99.7,101.7,0.014,0.25,2.54
CKR-008,101.7,103.7,0.016,0.25,2.51
CKR-008,103.7,105.7,0.014,0.25,2.57
CKR-008,105.7,107.7,0.034,0.25,2.5
CKR-008,107.7,109.7,0.018,0.25,2.55
CKR-008,109.7,111.7,0.011,0.25,2.48
CKR-008,111.7,113.7,0.01,0.25,2.48
CKR-008,113.7,115.7,0.02,0.25,2.52
CKR-008,115.7,117.7,0.018,0.25,2.5
CKR-008,117.7,119.7,0.015,0.25,2.52
CKR-008,119.7,121.7,0.015,0.25,2.55
CKR-008,121.7,123.7,0.029,0.25,2.52
CKR-008,123.7,125.7,0.011,0.25,2.66
CKR-008,125.7,127.7,0.01,0.25,2.53
CKR-008,127.7,129.7,0.015,0.25,2.58
CKR-008,129.7,131.7,0.031,0.25,2.52
CKR-008,131.7,133.7,0.012,0.25,2.56
CKR-008,133.7,135.7,0.026,0.25,2.52
CKR-008,135.7,137.7,0.019,0.25,2.55
CKR-008,137.7,139.7,0.011,0.25,2.51
CKR-008,139.7,141.7,0.005,0.25,2.5
CKR-008,141.7,143.7,0.013,0.25,2.5
CKR-008,143.7,145.7,0.022,0.25,2.58
CKR-008,145.7,147.7,0.022,0.25,2.57
CKR-008,147.7,148.7,0.005,0.25,2.55
CKR-008,148.7,149.7,0.017,0.25,2.49
CKR-008,149.7,150.7,0.027,0.25,2.53
CKR-008,150.7,151.7,0.015,0.25,2.49
CKR-008,151.7,152.7,0.005,0.25,2.53
CKR-008,152.7,153.7,0.029,0.25,2.53
CKR-008,153.7,154.7,0.013,0.25,2.55
CKR-008,154.7,155.7,0.016,0.25,2.55
CKR-008,155.7,156.7,0.03,0.25,2.53
CKR-008,156.7,157.7,0.042,0.25,2.56
CKR-008,157.7,158.7,0.058,0.25,2.58
CKR-008,158.7,159.7,0.067,0.52,2.57
CKR-008,159.7,160.7,0.131,1.42,2.57
CKR-008,160.7,161.7,0.083,0.76,2.55
CKR-008,161.7,162.7,0.16,1.43,2.57
CKR-008,162.7,163.7,0.37,4.19,2.59
CKR-008,163.7,164.7,1.764,11.83,2.63
CKR-008,164.7,165.7,0.929,6.28,2.57
CKR-008,165.7,166.7,2.813,23.56,2.67
CKR-008,166.7,167.7,1.669,12.22,2.68
CKR-008,167.7,168.7,5.216,31.99,2.62
CKR-008,168.7,169.7,1.118,6.23,2.55
CKR-008,169.7,170.7,4.389,46.46,2.62
CKR-008,170.7,171.7,2.343,18.29,2.62
CKR-008,171.7,172.7,2.695,22.31,2.7
CKR-008,172.7,173.7,2.038,10.83,2.63
CKR-008,173.7,174.7,2.362,19.89,2.59
CKR-008,174.7,175.7,0.662,7.4,2.57
CKR-008,175.7,176.7,0.376,2.98,2.57
CKR-008,176.7,177.7,0.256,2.21,2.63
CKR-008,177.7,178.7,0.344,3.37,2.6
CKR-008,178.7,179.7,0.2,2.0,2.52
CKR-008,179.7,180.7,0.07,0.52,2.51
CKR-008,180.7,181.7,0.112,1.16,2.61
CKR-008,181.7,182.7,0.017,0.25,2.5
CKR-008,182.7,183.7,0.023,0.25,2.51
CKR-008,183.7,184.7,0.015,0.25,2.51
CKR-008,184.7,185.7,0.033,0.25,2.52
CKR-008,185.7,186.7,0.011,0.25,2.45
CKR-008,186.7,187.7,0.025,0.25,2.54
CKR-008,187.7,189.7,0.017,0.25,2.5
CKR-008,189.7,191.7,0.015,0.25,2.53
CKR-008,191.7,193.7,0.024,0.25,2.55
CKR-008,193.7,195.7,0.005,0.25,2.55
CKR-008,195.7,197.7,0.017,0.25,2.5
CKR-008,197.7,199.7,0.013,0.25,2.5
CKR-008,199.7,201.7,0.02,0.25,2.54
CKR-008,201.7,203.7,0.011,0.25,2.51
CKR-008,203.7,205.7,0.031,0.25,2.5
CKR-008,205.7,207.7,0.028,0.25,2.5
CKR-008,207.7,209.7,0.023,0.51,2.5
CKR-008,209.7,211.7,0.013,0.25,2.52
CKR-008,211.7,213.7,0.005,0.25,2.48
CKR-008,213.7,215.7,0.018,0.25,2.52
CKR-008,215.7,217.1,0.005,0.25,2.57
CKR-009,4.5,6.5,,,2.55
CKR-009,6.5,8.5,0.027,0.25,2.5
CKR-009,8.5,10.5,0.013,0.25,2.57
CKR-009,10.5,12.5,0.02,0.25,2.5
CKR-009,12.5,14.5,0.013,0.25,2.49
CKR-009,14.5,16.5,0.023,0.25,2.47
CKR-009,16.5,18.5,0.005,0.25,2.55
CKR-009,18.5,20.5,0.023,0.25,2.49
CKR-009,20.5,22.5,0.036,0.25,2.57
CKR-009,22.5,24.5,0.02,0.25,2.48
CKR-009,24.5,26.5,0.031,0.25,2.52
CKR-009,26.5,28.5,0.01,0.25,2.52
CKR-009,28.5,30.5,0.032,0.25,2.57
CKR-009,30.5,32.5,0.026,0.25,2.49
CKR-009,32.5,34.5,0.02,0.25,2.51
CKR-009,34.5,36.5,0.025,0.25,2.48
CKR-009,36.5,38.5,0.032,0.25,2.55
CKR-009,38.5,40.5,0.005,0.25,2.51
CKR-009,40.5,42.5,0.005,0.25,2.47
CKR-009,42.5,44.5,0.017,0.25,2.54
CKR-009,44.5,46.5,0.021,0.25,2.5
CKR-009,46.5,48.5,0.014,0.25,2.53
CKR-009,48.5,50.5,0.005,0.25,2.57
CKR-009,50.5,52.5,0.021,0.25,2.55
CKR-009,52.5,54.5,0.012,0.25,2.56
CKR-009,54.5,56.5,0.02,0.25,2.54
CKR-009,56.5,58.5,0.005,0.25,2.54
CKR-009,58.5,60.5,0.013,0.25,2.57
CKR-009,60.5,62.5,0.024,0.25,2.53
CKR-009,62.5,64.5,0.014,0.25,2.53
CKR-009,64.5,66.5,0.013,0.25,2.53
CKR-009,66.5,68.5,0.014,0.25,2.53
CKR-009,68.5,70.5,0.005,0.25,2.57
CKR-009,70.5,72.5,0.013,0.25,2.51
CKR-009,72.5,74.5,0.005,0.25,2.51
CKR-009,74.5,76.5,0.017,0.25,2.51
CKR-009,76.5,78.5,0.012,0.25,2.5
CKR-009,78.5,80.5,0.017,0.25,2.59
CKR-009,80.5,82.5,0.014,0.25,2.45
CKR-009,82.5,84.5,0.014,0.25,2.54
CKR-009,84.5,86.5,0.011,0.25,2.55
CKR-009,86.5,88.5,0.014,0.25,2.52
CKR-009,88.5,90.5,0.019,0.25,2.5
CKR-009,90.5,92.5,0.029,0.25,2.52
CKR-009,92.5,94.5,0.017,0.25,2.52
CKR-009,94.5,96.5,0.005,0.25,2.55
CKR-009,96.5,98.5,0.015,0.25,2.58
CKR-009,98.5,100.5,0.011,0.25,2.5
CKR-009,100.5,102.5,0.005,0.25,2.55
CKR-009,102.5,104.5,0.06,0.25,2.57
CKR-009,104.5,106.5,0.021,0.25,2.49
CKR-009,106.5,108.5,0.005,0.25,2.48
CKR-009,108.5,110.5,0.019,0.25,2.49
CKR-009,110.5,112.5,0.012,0.25,2.61
CKR-009,112.5,114.5,0.021,0.25,2.55
CKR-009,114.5,116.5,0.005,0.25,2.56
CKR-009,116.5,118.5,0.017,0.25,2.53
CKR-009,118.5,120.5,0.026,0.25,2.53
CKR-009,120.5,122.5,0.048,0.25,2.5
CKR-009,122.5,124.5,0.02,0.25,2.54
CKR-009,124.5,126.5,0.005,0.25,2.54
CKR-009,126.5,128.5,0.024,0.25,2.56
CKR-009,128.5,130.5,0.026,0.25,2.56
CKR-009,130.5,132.5,0.03,0.25,2.57
CKR-009,132.5,134.5,0.022,0.25,2.53
CKR-009,134.5,136.5,0.024,0.25,2.57
CKR-009,136.5,138.5,0.033,0.25,2.53
CKR-009,138.5,140.5,0.014,0.25,2.6
CKR-009,140.5,142.5,0.016,0.25,2.55
CKR-009,142.5,144.5,0.005,0.25,2.49
CKR-009,144.5,146.5,0.015,0.25,2.46
CKR-009,146.5,148.5,0.016,0.25,2.55
CKR-009,148.5,150.5,0.016,0.25,2.47
CKR-009,150.5,152.5,0.025,0.25,2.5
CKR-009,152.5,154.5,0.04,0.25,2.48
CKR-009,154.5,156.5,0.013,0.25,2.54
CKR-009,156.5,158.5,0.024,0.25,2.52
CKR-009,158.5,160.5,0.02,0.25,2.57
CKR-009,160.5,162.5,0.013,0.25,2.49
CKR-009,162.5,164.5,0.021,0.25,2.49
CKR-009,164.5,166.5,0.021,0.25,2.61
CKR-009,166.5,168.5,0.005,0.25,2.57
CKR-009,168.5,170.5,0.013,0.25,2.54
CKR-009,170.5,172.5,0.031,0.25,2.53
CKR-009,172.5,174.5,0.033,0.25,2.54
CKR-009,174.5,176.5,0.015,0.25,2.6
CKR-009,176.5,178.5,0.047,0.25,2.55
CKR-009,178.5,180.5,0.029,0.25,2.56
CKR-009,180.5,182.5,0.005,0.25,2.55
CKR-009,182.5,184.5,0.023,0.25,2.51
CKR-009,184.5,186.5,0.005,0.25,2.5
CKR-009,186.5,188.5,0.023,0.25,2.53
CKR-009,188.5,190.5,0.015,0.25,2.5
CKR-009,190.5,192.5,0.031,0.25,2.57
CKR-009,192.5,194.5,0.033,0.25,2.49
CKR-009,194.5,196.5,0.016,0.25,2.52
CKR-009,196.5,198.5,0.013,0.25,2.51
CKR-009,198.5,200.5,0.02,0.25,2.48
CKR-009,200.5,201.5,0.017,0.25,2.33
CKR-009,201.5,202.5,0.022,0.25,2.48
CKR-009,202.5,203.5,0.015,0.25,2.62
CKR-009,203.5,204.5,0.005,0.25,2.41
CKR-009,204.5,205.5,0.005,0.25,2.37
CKR-009,205.5,206.5,0.067,1.6,2.62
CKR-009,206.5,207.5,0.058,1.2,2.5
CKR-009,207.5,208.5,0.116,1.75,2.58
CKR-009,208.5,209.5,0.215,4.88,2.51
CKR-009,209.5,210.5,0.239,5.69,2.6
CKR-009,210.5,211.5,0.426,6.56,2.63
CKR-009,211.5,212.5,1.482,32.78,2.66
CKR-009,212.5,213.5,6.549,135.7,2.69
CKR-009,213.5,214.5,0.794,10.74,2.65
CKR-009,214.5,215.5,0.81,15.03,2.6
CKR-009,215.5,216.5,0.35,5.18,2.53
CKR-009,216.5,217.5,0.361,3.54,2.52
CKR-009,217.5,218.5,0.146,2.33,2.45
CKR-009,218.5,219.5,0.035,0.52,2.57
CKR-009,219.5,220.5,0.106,2.63,2.54
CKR-009,220.5,221.5,0.011,0.25,2.61
CKR-009,221.5,222.5,0.005,0.25,2.56
CKR-009,222.5,223.5,0.022,0.25,2.58
CKR-009,223.5,224.5,0.005,0.25,2.46
CKR-009,224.5,225.5,0.016,0.25,2.56
CKR-009,225.5,226.5,0.028,0.25,2.53
CKR-009,226.5,227.5,0.024,0.25,2.55
CKR-009,227.5,229.5,0.026,0.25,2.54
CKR-009,229.5,231.5,0.011,0.25,2.52
CKR-009,231.5,233.5,0.014,0.25,2.55
CKR-009,233.5,235.5,0.005,0.25,2.51
CKR-009,235.5,237.5,0.011,0.25,2.57
CKR-009,237.5,239.5,0.024,0.25,2.56
CKR-009,239.5,241.5,0.019,0.25,2.53
CKR-009,241.5,243.5,0.021,0.25,2.55
CKR-009,243.5,245.1,0.012,0.25,2.5
CKR-010,3.9,5.9,,,2.54
CKR-010,5.9,7.9,0.013,0.25,2.54
CKR-010,7.9,9.9,0.013,0.25,2.44
CKR-010,9.9,11.9,0.018,0.25,2.46
CKR-010,11.9,13.9,0.011,0.25,2.55
CKR-010,13.9,15.9,0.012,0.25,2.5
CKR-010,15.9,17.9,0.03,0.25,2.53
CKR-010,17.9,19.9,0.011,0.25,2.54
CKR-010,19.9,21.9,0.016,0.25,2.57
CKR-010,21.9,23.9,0.005,0.25,2.53
CKR-010,23.9,25.9,0.01,0.25,2.54
CKR-010,25.9,27.9,0.005,0.25,2.58
CKR-010,27.9,29.9,0.014,0.25,2.48
CKR-010,29.9,31.9,0.005,0.25,2.49
CKR-010,31.9,33.9,0.063,0.25,2.51
CKR-010,33.9,35.9,0.014,0.25,2.53
CKR-010,35.9,37.9,0.01,1.31,2.55
CKR-010,37.9,39.9,0.016,0.25,2.54
CKR-010,39.9,41.9,0.012,0.25,2.55
CKR-010,41.9,43.9,0.029,0.25,2.52
CKR-010,43.9,45.9,0.023,0.25,2.52
CKR-010,45.9,47.9,0.024,0.25,2.52
CKR-010,47.9,49.9,0.02,0.25,2.51
CKR-010,49.9,51.9,0.025,0.25,2.49
CKR-010,51.9,53.9,0.03,0.25,2.56
CKR-010,53.9,55.9,0.013,0.25,2.52
CKR-010,55.9,57.9,0.026,0.25,2.52
CKR-010,57.9,59.9,0.021,0.25,2.48
CKR-010,59.9,61.9,0.005,0.25,2.56
CKR-010,61.9,63.9,0.011,0.25,2.53
CKR-010,63.9,65.9,0.005,0.25,2.6
CKR-010,65.9,67.9,0.021,0.25,2.52
CKR-010,67.9,69.9,0.021,0.25,2.6
CKR-010,69.9,71.9,0.016,0.25,2.53
CKR-010,71.9,73.9,0.012,0.25,2.52
CKR-010,73.9,75.9,0.026,0.25,2.63
CKR-010,75.9,77.9,0.02,0.25,2.55
CKR-010,77.9,79.9,0.011,0.25,2.49
CKR-010,79.9,81.9,0.014,0.25,2.55
CKR-010,81.9,83.9,0.014,0.25,2.53
CKR-010,83.9,85.9,0.036,0.25,2.52
CKR-010,85.9,87.9,0.013,0.25,2.53
CKR-010,87.9,89.9,0.025,0.25,2.52
CKR-010,89.9,91.9,0.035,0.25,2.53
CKR-010,91.9,93.9,0.053,0.25,2.46
CKR-010,93.9,95.9,0.018,0.25,2.54
CKR-010,95.9,97.9,0.005,0.25,2.58
CKR-010,97.9,99.9,0.017,0.25,2.48
CKR-010,99.9,101.9,0.061,0.25,2.5
CKR-010,101.9,103.9,0.021,0.25,2.56
CKR-010,103.9,105.9,0.038,0.25,2.54
CKR-010,105.9,107.9,0.005,0.25,2.58
CKR-010,107.9,109.9,0.017,0.25,2.6
CKR-010,109.9,111.9,0.027,0.25,2.52
CKR-010,111.9,113.9,0.019,0.25,2.47
CKR-010,113.9,115.9,0.012,0.25,2.6
CKR-010,115.9,117.9,0.011,0.25,2.55
CKR-010,117.9,119.9,0.028,0.25,2.55
CKR-010,119.9,121.9,0.014,0.25,2.53
CKR-010,121.9,123.9,0.013,0.72,2.57
CKR-010,123.9,125.9,0.026,0.25,2.57
CKR-010,125.9,127.9,0.041,0.25,2.51
CKR-010,127.9,129.9,0.005,0.25,2.53
CKR-010,129.9,131.9,0.024,0.25,2.55
CKR-010,131.9,133.9,0.005,0.25,2.57
CKR-010,133.9,135.9,0.031,0.25,2.46
CKR-010,135.9,137.9,0.005,0.25,2.47
CKR-010,137.9,139.9,0.027,0.25,2.51
CKR-010,139.9,141.9,0.026,0.25,2.52
CKR-010,141.9,143.9,0.02,0.25,2.57
CKR-010,143.9,145.9,0.012,0.25,2.51
CKR-010,145.9,147.9,0.005,0.25,2.52
CKR-010,147.9,149.9,0.021,0.25,2.51
CKR-010,149.9,151.9,0.005,0.25,2.59
CKR-010,151.9,153.9,0.025,0.25,2.53
CKR-010,153.9,155.9,0.017,0.25,2.52
CKR-010,155.9,157.9,0.015,0.25,2.59
CKR-010,157.9,159.9,0.031,0.25,2.54
CKR-010,159.9,161.9,0.019,0.25,2.49
CKR-010,161.9,163.9,0.016,0.25,2.47
CKR-010,163.9,165.9,0.005,0.25,2.49
CKR-010,165.9,167.9,0.022,0.25,2.46
CKR-010,167.9,169.9,0.021,0.58,2.54
CKR-010,169.9,171.9,0.012,0.25,2.53
CKR-010,171.9,173.9,0.015,0.25,2.54
CKR-010,173.9,175.9,0.01,0.25,2.58
CKR-010,175.9,177.9,0.012,0.25,2.62
CKR-010,177.9,179.9,0.011,0.25,2.48
CKR-010,179.9,181.9,0.024,0.25,2.48
CKR-010,181.9,183.9,0.019,0.25,2.49
CKR-010,183.9,185.9,0.049,0.25,2.57
CKR-010,185.9,187.9,0.014,0.25,2.44
CKR-010,187.9,189.9,0.005,0.25,2.52
CKR-010,189.9,191.9,0.011,0.25,2.48
CKR-010,191.9,193.9,0.016,0.25,2.51
CKR-010,193.9,195.9,0.052,0.25,2.5
CKR-010,195.9,197.9,0.005,0.25,2.51
CKR-010,197.9,199.9,0.027,0.25,2.56
CKR-010,199.9,201.9,0.005,0.25,2.53
CKR-010,201.9,203.9,0.005,0.25,2.58
CKR-010,203.9,205.9,0.015,0.25,2.5
CKR-010,205.9,207.9,0.031,0.25,2.59
CKR-010,207.9,209.9,0.019,0.25,2.48
CKR-010,209.9,211.9,0.052,0.25,2.53
CKR-010,211.9,213.9,0.005,0.25,2.6
CKR-010,213.9,215.9,0.022,0.25,2.57
CKR-010,215.9,217.9,0.03,0.25,2.51
CKR-010,217.9,219.9,0.017,0.25,2.5
CKR-010,219.9,221.9,0.017,0.25,2.56
CKR-010,221.9,223.9,0.012,0.25,2.51
CKR-010,223.9,225.9,0.038,0.25,2.52
CKR-010,225.9,227.9,0.012,0.25,2.42
CKR-010,227.9,229.9,0.013,0.25,2.53
CKR-010,229.9,231.9,0.036,0.25,2.47
CKR-010,231.9,233.9,0.015,0.25,2.49
CKR-010,233.9,235.9,0.012,0.25,2.54
CKR-010,235.9,237.9,0.014,0.25,2.52
CKR-010,237.9,239.9,0.014,0.25,2.55
CKR-010,239.9,241.9,0.005,0.25,2.5
CKR-010,241.9,243.9,0.014,0.25,2.55
CKR-010,243.9,245.9,0.023,0.25,2.55
CKR-010,245.9,246.9,0.016,0.25,2.52
CKR-010,246.9,247.9,0.017,0.25,2.47
CKR-010,247.9,248.9,0.014,0.25,2.46
CKR-010,248.9,249.9,0.014,0.25,2.52
CKR-010,249.9,250.9,0.042,0.78,2.54
CKR-010,250.9,251.9,0.116,2.15,2.55
CKR-010,251.9,252.9,0.109,1.69,2.56
CKR-010,252.9,253.9,0.221,3.43,2.6
CKR-010,253.9,254.9,0.283,5.23,2.54
CKR-010,254.9,255.9,0.251,5.62,2.48
CKR-010,255.9,256.9,0.296,4.99,2.63
CKR-010,256.9,257.9,1.754,42.34,2.65
CKR-010,257.9,258.9,1.161,33.24,2.61
CKR-010,258.9,259.9,0.671,18.47,2.63
CKR-010,259.9,260.9,0.254,8.77,2.53
CKR-010,260.9,261.9,0.547,9.88,2.55
CKR-010,261.9,262.9,0.217,4.36,2.5
CKR-010,262.9,263.9,0.151,2.99,2.56
CKR-010,263.9,264.9,0.119,2.11,2.57
CKR-010,264.9,265.9,0.054,0.93,2.48
CKR-010,265.9,266.9,0.005,0.25,2.55
CKR-010,266.9,267.9,0.021,0.25,2.59
CKR-010,267.9,268.9,0.016,1.51,2.44
CKR-010,268.9,269.9,0.029,0.25,2.59
CKR-010,269.9,270.9,0.005,0.25,2.41
CKR-010,270.9,271.9,0.018,0.25,2.52
CKR-010,271.9,273.9,0.013,0.25,2.56
CKR-010,273.9,275.9,0.017,0.25,2.55
CKR-010,275.9,277.9,0.012,0.25,2.54
CKR-010,277.9,279.9,0.011,0.25,2.51
CKR-010,279.9,281.9,0.023,0.25,2.46
CKR-010,281.9,283.9,0.02,0.25,2.52
CKR-010,283.9,285.9,0.023,0.25,2.51
CKR-010,285.9,287.9,0.012,0.25,2.48
CKR-010,287.9,289.9,0.011,0.25,2.55
CKR-010,289.9,291.9,0.042,0.25,2.47
CKR-010,291.9,293.9,0.011,0.25,2.48
CKR-010,293.9,295.9,0.005,0.25,2.51
CKR-010,295.9,296.7,0.037,0.25,2.57
CKR-011,2.6,4.6,,,2.56
CKR-011,4.6,6.6,0.02,0.25,2.47
CKR-011,6.6,8.6,0.017,0.25,2.47
CKR-011,8.6,10.6,0.034,0.25,2.5
CKR-011,10.6,12.6,0.041,0.25,2.5
CKR-011,12.6,14.6,0.005,0.25,2.49
CKR-011,14.6,16.6,0.022,0.25,2.45
CKR-011,16.6,18.6,0.025,0.25,2.48
CKR-011,18.6,20.6,0.015,0.25,2.6
CKR-011,20.6,22.6,0.026,0.25,2.48
CKR-011,22.6,24.6,0.021,0.25,2.57
CKR-011,24.6,26.6,0.015,0.25,2.59
CKR-011,26.6,28.6,0.013,0.25,2.54
CKR-011,28.6,30.6,0.017,0.25,2.51
CKR-011,30.6,32.6,0.019,0.25,2.45
CKR-011,32.6,34.6,0.015,0.25,2.51
CKR-011,34.6,36.6,0.018,0.25,2.57
CKR-011,36.6,38.6,0.03,0.25,2.57
CKR-011,38.6,40.6,0.031,0.25,2.55
CKR-011,40.6,42.6,0.04,0.25,2.6
CKR-011,42.6,44.6,0.013,0.25,2.55
CKR-011,44.6,46.6,0.043,0.25,2.54
CKR-011,46.6,48.6,0.011,0.25,2.53
CKR-011,48.6,50.6,0.012,0.25,2.52
CKR-011,50.6,52.6,0.031,0.25,2.51
CKR-011,52.6,53.6,0.017,0.25,2.51
CKR-011,53.6,54.6,0.012,0.25,2.51
CKR-011,54.6,55.6,0.013,0.25,2.56
CKR-011,55.6,56.6,0.024,0.25,2.49
CKR-011,56.6,57.6,0.005,0.83,2.5
CKR-011,57.6,58.6,0.055,0.25,2.61
CKR-011,58.6,59.6,0.155,2.43,2.68
CKR-011,59.6,60.6,0.136,2.16,2.64
CKR-011,60.6,61.6,0.199,2.16,2.58
CKR-011,61.6,62.6,0.367,5.53,2.53
CKR-011,62.6,63.6,0.288,2.83,2.57
CKR-011,63.6,64.6,0.406,7.65,2.51
CKR-011,64.6,65.6,10.512,133.72,2.58
CKR-011,65.6,66.6,15.884,203.4,2.66
CKR-011,66.6,67.6,34.524,562.9,2.57
CKR-011,67.6,68.6,22.358,367.6,2.63
CKR-011,68.6,69.6,18.503,202.28,2.55
CKR-011,69.6,70.6,11.509,137.92,2.63
CKR-011,70.6,71.6,4.675,92.08,2.58
CKR-011,71.6,72.6,12.086,173.64,2.6
CKR-011,72.6,73.6,7.031,58.47,2.67
CKR-011,73.6,74.6,5.024,52.8,2.65
CKR-011,74.6,75.6,5.096,49.14,2.56
CKR-011,75.6,76.6,0.263,3.13,2.64
CKR-011,76.6,77.6,0.219,1.41,2.61
CKR-011,77.6,78.6,0.13,1.54,2.59
CKR-011,78.6,79.6,0.154,1.44,2.59
CKR-011,79.6,80.6,0.084,0.84,2.53
CKR-011,80.6,81.6,0.115,0.92,2.54
CKR-011,81.6,82.6,0.071,0.62,2.6
CKR-011,82.6,83.6,0.056,0.25,2.63
CKR-011,83.6,84.6,0.043,0.25,2.56
CKR-011,84.6,85.6,0.014,0.25,2.45
CKR-011,85.6,86.6,0.018,0.25,2.44
CKR-011,86.6,87.6,0.015,0.25,2.55
CKR-011,87.6,88.6,0.005,0.25,2.55
CKR-011,88.6,89.6,0.016,0.25,2.53
CKR-011,89.6,90.6,0.005,0.25,2.52
CKR-011,90.6,92.6,0.011,0.25,2.5
CKR-011,92.6,94.6,0.016,0.25,2.54
CKR-011,94.6,96.6,0.02,0.25,2.54
CKR-011,96.6,98.6,0.016,0.25,2.51
CKR-011,98.6,100.6,0.013,0.25,2.53
CKR-011,100.6,102.6,0.013,0.25,2.59
CKR-011,102.6,104.6,0.016,0.25,2.53
CKR-011,104.6,106.6,0.016,0.25,2.54
CKR-011,106.6,108.6,0.005,0.25,2.57
CKR-011,108.6,110.6,0.014,0.25,2.51
CKR-011,110.6,112.6,0.041,0.25,2.48
CKR-011,112.6,114.6,0.015,0.25,2.49
CKR-011,114.6,116.4,0.012,0.25,2.53
CKR-012,2.2,4.2,,,2.57
CKR-012,4.2,6.2,0.04,0.25,2.49
CKR-012,6.2,8.2,0.028,0.25,2.52
CKR-012,8.2,10.2,0.01,0.25,2.5
CKR-012,10.2,12.2,0.018,0.25,2.5
CKR-012,12.2,14.2,0.034,0.25,2.57
CKR-012,14.2,16.2,0.017,0.25,2.58
CKR-012,16.2,18.2,0.022,0.25,2.54
CKR-012,18.2,20.2,0.011,0.25,2.57
CKR-012,20.2,22.2,0.024,0.25,2.47
CKR-012,22.2,24.2,0.005,0.25,2.59
CKR-012,24.2,26.2,0.031,0.25,2.51
CKR-012,26.2,28.2,0.01,0.25,2.58
CKR-012,28.2,30.2,0.015,0.25,2.53
CKR-012,30.2,32.2,0.047,0.25,2.55
CKR-012,32.2,34.2,0.035,0.25,2.51
CKR-012,34.2,36.2,0.013,0.25,2.51
CKR-012,36.2,38.2,0.017,0.25,2.49
CKR-012,38.2,40.2,0.02,0.25,2.46
CKR-012,40.2,42.2,0.017,0.25,2.53
CKR-012,42.2,44.2,0.029,0.25,2.55
CKR-012,44.2,46.2,0.026,0.25,2.5
CKR-012,46.2,48.2,0.018,0.25,2.5
CKR-012,48.2,50.2,0.017,0.25,2.58
CKR-012,50.2,52.2,0.027,0.25,2.49
CKR-012,52.2,54.2,0.016,0.25,2.45
CKR-012,54.2,56.2,0.012,0.25,2.51
CKR-012,56.2,58.2,0.01,0.25,2.53
CKR-012,58.2,60.2,0.018,0.25,2.58
CKR-012,60.2,62.2,0.02,0.25,2.48
CKR-012,62.2,64.2,0.005,0.25,2.51
CKR-012,64.2,66.2,0.031,0.25,2.46
CKR-012,66.2,68.2,0.017,0.25,2.46
CKR-012,68.2,70.2,0.015,0.25,2.48
CKR-012,70.2,72.2,0.005,0.25,2.53
CKR-012,72.2,74.2,0.012,0.25,2.47
CKR-012,74.2,76.2,0.005,0.25,2.49
CKR-012,76.2,78.2,0.005,0.25,2.47
CKR-012,78.2,80.2,0.013,0.25,2.48
CKR-012,80.2,82.2,0.012,0.25,2.57
CKR-012,82.2,84.2,0.02,0.25,2.51
CKR-012,84.2,86.2,0.014,0.25,2.55
CKR-012,86.2,88.2,0.016,0.25,2.52
CKR-012,88.2,90.2,0.012,0.25,2.58
CKR-012,90.2,92.2,0.025,0.25,2.49
CKR-012,92.2,94.2,0.01,0.25,2.49
CKR-012,94.2,96.2,0.026,0.25,2.49
CKR-012,96.2,98.2,0.014,0.25,2.57
CKR-012,98.2,100.2,0.014,0.25,2.5
CKR-012,100.2,102.2,0.014,0.25,2.48
CKR-012,102.2,104.2,0.026,0.25,2.47
CKR-012,104.2,106.2,0.016,0.25,2.62
CKR-012,106.2,108.2,0.005,0.25,2.53
CKR-012,108.2,110.2,0.005,0.25,2.53
CKR-012,110.2,112.2,0.022,0.25,2.53
CKR-012,112.2,114.2,0.013,0.25,2.49
CKR-012,114.2,116.2,0.015,0.25,2.54
CKR-012,116.2,118.2,0.013,0.25,2.49
CKR-012,118.2,120.2,0.005,0.25,2.56
CKR-012,120.2,122.2,0.014,0.25,2.52
CKR-012,122.2,124.2,0.005,0.25,2.52
CKR-012,124.2,126.2,0.005,0.25,2.52
CKR-012,126.2,128.2,0.025,0.25,2.58
CKR-012,128.2,130.2,0.018,0.25,2.59
CKR-012,130.2,131.2,0.026,0.25,2.51
CKR-012,131.2,132.2,0.013,0.25,2.63
CKR-012,132.2,133.2,0.013,0.25,2.56
CKR-012,133.2,134.2,0.01,0.98,2.54
CKR-012,134.2,135.2,0.005,0.25,2.52
CKR-012,135.2,136.2,0.005,0.25,2.56
CKR-012,136.2,137.2,0.011,0.25,2.62
CKR-012,137.2,138.2,0.013,0.25,2.6
CKR-012,138.2,139.2,0.028,0.25,2.63
CKR-012,139.2,140.2,0.017,0.25,2.56
CKR-012,140.2,141.2,0.047,0.68,2.63
CKR-012,141.2,142.2,0.051,0.8,2.61
CKR-012,142.2,143.2,0.091,0.96,2.61
CKR-012,143.2,144.2,0.08,0.69,2.57
CKR-012,144.2,145.2,0.098,1.21,2.58
CKR-012,145.2,146.2,0.141,1.58,2.56
CKR-012,146.2,147.2,0.393,5.9,2.7
CKR-012,147.2,148.2,0.319,4.79,2.66
CKR-012,148.2,149.2,0.243,3.26,2.59
CKR-012,149.2,150.2,0.306,4.33,2.6
CKR-012,150.2,151.2,0.256,2.9,2.6
CKR-012,151.2,152.2,0.374,5.52,2.65
CKR-012,152.2,153.2,0.309,3.35,2.7
CKR-012,153.2,154.2,0.429,5.79,2.63
CKR-012,154.2,155.2,0.148,1.63,2.61
CKR-012,155.2,156.2,0.231,3.23,2.57
CKR-012,156.2,157.2,0.347,7.3,2.63
CKR-012,157.2,158.2,0.609,9.77,2.62
CKR-012,158.2,159.2,0.137,1.56,2.57
CKR-012,159.2,160.2,0.089,1.34,2.5
CKR-012,160.2,161.2,0.098,1.35,2.61
CKR-012,161.2,162.2,0.043,0.66,2.61
CKR-012,162.2,163.2,0.048,0.85,2.52
CKR-012,163.2,164.2,0.051,0.68,2.59
CKR-012,164.2,165.2,0.055,0.55,2.6
CKR-012,165.2,166.2,0.03,0.25,2.59
CKR-012,166.2,167.2,0.039,0.25,2.55
CKR-012,167.2,168.2,0.005,0.25,2.56
CKR-012,168.2,169.2,0.022,0.25,2.5
CKR-012,169.2,170.2,0.005,0.25,2.5
CKR-012,170.2,171.2,0.016,0.25,2.51
CKR-012,171.2,172.2,0.043,0.25,2.55
CKR-012,172.2,173.2,0.005,0.25,2.5
CKR-012,173.2,175.2,0.031,0.25,2.46
CKR-012,175.2,177.2,0.031,0.25,2.52
CKR-012,177.2,179.2,0.02,0.25,2.52
CKR-012,179.2,181.2,0.016,0.25,2.46
CKR-012,181.2,183.2,0.005,0.25,2.56
CKR-012,183.2,183.6,0.005,0.25,2.45
CKR-013,3.4,5.4,,,2.54
CKR-013,5.4,7.4,0.039,0.25,2.5
CKR-013,7.4,9.4,0.005,0.25,2.58
CKR-013,9.4,11.4,0.029,0.25,2.48
CKR-013,11.4,13.4,0.018,0.25,2.58
CKR-013,13.4,15.4,0.023,0.25,2.52
CKR-013,15.4,17.4,0.019,0.25,2.52
CKR-013,17.4,19.4,0.017,0.25,2.56
CKR-013,19.4,21.4,0.018,0.25,2.56
CKR-013,21.4,23.4,0.014,0.25,2.58
CKR-013,23.4,25.4,0.026,0.25,2.48
CKR-013,25.4,27.4,0.032,0.25,2.54
CKR-013,27.4,29.4,0.005,0.25,2.49
CKR-013,29.4,31.4,0.017,0.25,2.52
CKR-013,31.4,33.4,0.019,0.25,2.52
CKR-013,33.4,35.4,0.027,0.25,2.49
CKR-013,35.4,37.4,0.022,0.25,2.55
CKR-013,37.4,39.4,0.076,0.25,2.55
CKR-013,39.4,41.4,0.016,0.69,2.51
CKR-013,41.4,43.4,0.017,0.25,2.52
CKR-013,43.4,45.4,0.03,0.25,2.56
CKR-013,45.4,47.4,0.026,0.25,2.5
CKR-013,47.4,49.4,0.005,0.25,2.57
CKR-013,49.4,51.4,0.015,0.25,2.49
CKR-013,51.4,53.4,0.012,0.25,2.49
CKR-013,53.4,55.4,0.01,0.25,2.6
CKR-013,55.4,57.4,0.029,0.25,2.5
CKR-013,57.4,59.4,0.022,0.25,2.47
CKR-013,59.4,61.4,0.021,0.25,2.57
CKR-013,61.4,63.4,0.019,0.25,2.49
CKR-013,63.4,65.4,0.029,0.25,2.58
CKR-013,65.4,67.4,0.005,0.25,2.59
CKR-013,67.4,69.4,0.014,0.25,2.51
CKR-013,69.4,71.4,0.018,0.25,2.54
CKR-013,71.4,73.4,0.011,0.25,2.57
CKR-013,73.4,75.4,0.005,0.25,2.48
CKR-013,75.4,77.4,0.017,0.25,2.48
CKR-013,77.4,79.4,0.005,0.25,2.58
CKR-013,79.4,81.4,0.02,0.25,2.48
CKR-013,81.4,83.4,0.015,0.63,2.5
CKR-013,83.4,85.4,0.015,1.01,2.49
CKR-013,85.4,87.4,0.022,0.25,2.55
CKR-013,87.4,89.4,0.023,0.25,2.51
CKR-013,89.4,91.4,0.021,0.25,2.53
CKR-013,91.4,93.4,0.025,0.25,2.54
CKR-013,93.4,95.4,0.03,0.25,2.55
CKR-013,95.4,97.4,0.02,0.25,2.5
CKR-013,97.4,99.4,0.011,0.25,2.52
CKR-013,99.4,101.4,0.02,0.25,2.55
CKR-013,101.4,103.4,0.013,0.25,2.49
CKR-013,103.4,105.4,0.046,0.25,2.47
CKR-013,105.4,107.4,0.005,0.25,2.52
CKR-013,107.4,109.4,0.014,0.25,2.54
CKR-013,109.4,111.4,0.034,0.25,2.49
CKR-013,111.4,113.4,0.01,0.25,2.45
CKR-013,113.4,115.4,0.023,0.25,2.48
CKR-013,115.4,117.4,0.033,0.25,2.52
CKR-013,117.4,119.4,0.005,0.25,2.55
CKR-013,119.4,121.4,0.03,0.25,2.62
CKR-013,121.4,123.4,0.012,0.25,2.48
CKR-013,123.4,125.4,0.019,0.25,2.5
CKR-013,125.4,127.4,0.011,0.25,2.54
CKR-013,127.4,129.4,0.027,0.25,2.53
CKR-013,129.4,131.4,0.01,0.25,2.52
CKR-013,131.4,133.4,0.011,0.25,2.54
CKR-013,133.4,135.4,0.018,0.25,2.57
CKR-013,135.4,137.4,0.039,0.25,2.47
CKR-013,137.4,139.4,0.005,0.25,2.56
CKR-013,139.4,141.4,0.04,0.25,2.53
CKR-013,141.4,143.4,0.013,0.25,2.52
CKR-013,143.4,145.4,0.023,0.25,2.46
CKR-013,145.4,147.4,0.013,0.25,2.49
CKR-013,147.4,149.4,0.03,0.25,2.5
CKR-013,149.4,151.4,0.023,0.25,2.57
CKR-013,151.4,153.4,0.031,0.25,2.53
CKR-013,153.4,155.4,0.025,0.25,2.51
CKR-013,155.4,157.4,0.037,0.25,2.48
CKR-013,157.4,159.4,0.005,0.25,2.54
CKR-013,159.4,161.4,0.012,0.25,2.51
CKR-013,161.4,163.4,0.018,0.25,2.5
CKR-013,163.4,165.4,0.005,0.25,2.49
CKR-013,165.4,167.4,0.025,0.25,2.55
CKR-013,167.4,169.4,0.021,0.25,2.47
CKR-013,169.4,171.4,0.017,0.25,2.55
CKR-013,171.4,173.4,0.025,0.25,2.5
CKR-013,173.4,175.4,0.005,0.53,2.52
CKR-013,175.4,177.4,0.015,0.25,2.48
CKR-013,177.4,179.4,0.005,0.25,2.51
CKR-013,179.4,180.4,0.015,0.25,2.48
CKR-013,180.4,181.4,0.005,0.75,2.57
CKR-013,181.4,182.4,0.016,0.25,2.52
CKR-013,182.4,183.4,0.02,0.25,2.52
CKR-013,183.4,184.4,0.032,0.25,2.54
CKR-013,184.4,185.4,0.097,0.96,2.54
CKR-013,185.4,186.4,0.075,0.63,2.55
CKR-013,186.4,187.4,0.062,0.51,2.56
CKR-013,187.4,188.4,0.225,1.23,2.59
CKR-013,188.4,189.4,0.338,3.18,2.67
CKR-013,189.4,190.4,0.395,4.72,2.58
CKR-013,190.4,191.4,0.216,1.3,2.62
CKR-013,191.4,192.4,0.586,4.22,2.71
CKR-013,192.4,193.4,0.162,1.17,2.63
CKR-013,193.4,194.4,0.242,1.71,2.61
CKR-013,194.4,195.4,0.09,1.07,2.53
CKR-013,195.4,196.4,0.097,0.98,2.59
CKR-013,196.4,197.4,0.109,1.03,2.48
CKR-013,197.4,198.4,0.026,0.25,2.6
CKR-013,198.4,199.4,0.039,0.25,2.52
CKR-013,199.4,200.4,0.025,0.25,2.55
CKR-013,200.4,201.4,0.047,0.25,2.47
CKR-013,201.4,202.4,0.031,0.25,2.46
CKR-013,202.4,203.4,0.019,0.25,2.57
CKR-013,203.4,204.4,0.005,0.25,2.51
CKR-013,204.4,206.4,0.02,0.25,2.53
CKR-013,206.4,208.4,0.016,0.25,2.53
CKR-013,208.4,210.4,0.03,0.25,2.55
CKR-013,210.4,212.4,0.019,0.25,2.64
CKR-013,212.4,214.4,0.024,0.25,2.54
CKR-013,214.4,216.4,0.005,0.25,2.51
CKR-013,216.4,218.4,0.011,0.25,2.53
CKR-013,218.4,220.4,0.015,0.25,2.56
CKR-013,220.4,222.4,0.019,0.25,2.52
CKR-013,222.4,224.4,0.013,0.25,2.58
CKR-013,224.4,226.4,0.018,0.25,2.47
CKR-013,226.4,228.4,0.011,0.25,2.53
CKR-013,228.4,230.4,0.012,0.25,2.5
CKR-013,230.4,232.4,0.014,0.25,2.48
CKR-013,232.4,234.4,0.015,0.25,2.51
CKR-013,234.4,236.4,0.005,0.25,2.49
CKR-014,4.5,6.5,,,2.53
CKR-014,6.5,8.5,0.034,0.25,2.55
CKR-014,8.5,10.5,0.019,0.25,2.54
CKR-014,10.5,12.5,0.012,0.25,2.53
CKR-014,12.5,14.5,0.013,0.25,2.55
CKR-014,14.5,16.5,0.014,0.25,2.62
CKR-014,16.5,18.5,0.022,0.25,2.51
CKR-014,18.5,20.5,0.012,0.25,2.54
CKR-014,20.5,22.5,0.014,0.25,2.55
CKR-014,22.5,24.5,0.005,0.25,2.55
CKR-014,24.5,26.5,0.012,0.25,2.57
CKR-014,26.5,28.5,0.02,0.25,2.52
CKR-014,28.5,30.5,0.024,0.25,2.53
CKR-014,30.5,32.5,0.03,0.25,2.44
CKR-014,32.5,34.5,0.018,0.25,2.57
CKR-014,34.5,36.5,0.036,0.25,2.51
CKR-014,36.5,38.5,0.029,0.25,2.53
CKR-014,38.5,40.5,0.02,0.25,2.5
CKR-014,40.5,42.5,0.017,0.25,2.56
CKR-014,42.5,44.5,0.02,0.25,2.55
CKR-014,44.5,46.5,0.011,0.25,2.53
CKR-014,46.5,48.5,0.015,0.25,2.49
CKR-014,48.5,50.5,0.005,0.25,2.52
CKR-014,50.5,52.5,0.01,0.25,2.54
CKR-014,52.5,54.5,0.023,0.25,2.53
CKR-014,54.5,56.5,0.005,0.25,2.53
CKR-014,56.5,58.5,0.011,0.25,2.47
CKR-014,58.5,60.5,0.017,0.25,2.49
CKR-014,60.5,62.5,0.012,0.25,2.47
CKR-014,62.5,64.5,0.015,0.89,2.6
CKR-014,64.5,66.5,0.005,0.25,2.48
CKR-014,66.5,68.5,0.016,0.25,2.56
CKR-014,68.5,70.5,0.013,0.25,2.5
CKR-014,70.5,72.5,0.02,0.25,2.52
CKR-014,72.5,74.5,0.005,0.25,2.55
CKR-014,74.5,76.5,0.023,0.25,2.53
CKR-014,76.5,78.5,0.038,0.25,2.56
CKR-014,78.5,80.5,0.005,0.25,2.53
CKR-014,80.5,82.5,0.024,0.25,2.5
CKR-014,82.5,84.5,0.018,0.25,2.55
CKR-014,84.5,86.5,0.04,0.25,2.54
CKR-014,86.5,88.5,0.005,0.25,2.54
CKR-014,88.5,90.5,0.021,0.25,2.48
CKR-014,90.5,92.5,0.038,0.25,2.51
CKR-014,92.5,94.5,0.035,0.25,2.48
CKR-014,94.5,96.5,0.005,0.25,2.49
CKR-014,96.5,98.5,0.028,0.25,2.51
CKR-014,98.5,100.5,0.017,0.25,2.56
CKR-014,100.5,102.5,0.016,0.25,2.44
CKR-014,102.5,104.5,0.005,0.25,2.51
CKR-014,104.5,106.5,0.005,0.25,2.49
CKR-014,106.5,108.5,0.021,0.25,2.54
CKR-014,108.5,110.5,0.024,0.25,2.49
CKR-014,110.5,112.5,0.032,0.25,2.56
CKR-014,112.5,114.5,0.014,0.25,2.55
CKR-014,114.5,116.5,0.014,0.25,2.56
CKR-014,116.5,118.5,0.005,0.25,2.54
CKR-014,118.5,120.5,0.005,0.25,2.53
CKR-014,120.5,122.5,0.033,0.25,2.45
CKR-014,122.5,124.5,0.021,0.25,2.52
CKR-014,124.5,126.5,0.018,0.5,2.54
CKR-014,126.5,128.5,0.014,0.25,2.57
CKR-014,128.5,130.5,0.04,0.25,2.46
CKR-014,130.5,132.5,0.018,0.25,2.59
CKR-014,132.5,134.5,0.018,0.25,2.52
CKR-014,134.5,136.5,0.005,0.25,2.53
CKR-014,136.5,138.5,0.005,0.25,2.54
CKR-014,138.5,140.5,0.013,0.25,2.55
CKR-014,140.5,142.5,0.005,0.25,2.55
CKR-014,142.5,144.5,0.014,0.25,2.53
CKR-014,144.5,146.5,0.016,0.25,2.52
CKR-014,146.5,148.5,0.005,0.25,2.53
CKR-014,148.5,150.5,0.011,0.25,2.58
CKR-014,150.5,152.5,0.013,0.25,2.52
CKR-014,152.5,154.5,0.021,0.25,2.6
CKR-014,154.5,156.5,0.019,0.25,2.57
CKR-014,156.5,158.5,0.029,0.25,2.52
CKR-014,158.5,160.5,0.015,0.25,2.49
CKR-014,160.5,162.5,0.011,0.51,2.49
CKR-014,162.5,164.5,0.019,0.25,2.51
CKR-014,164.5,166.5,0.005,0.25,2.58
CKR-014,166.5,168.5,0.01,0.25,2.47
CKR-014,168.5,170.5,0.012,0.25,2.56
CKR-014,170.5,172.5,0.005,0.25,2.58
CKR-014,172.5,174.5,0.013,0.25,2.53
CKR-014,174.5,176.5,0.015,0.57,2.58
CKR-014,176.5,178.5,0.012,0.25,2.5
CKR-014,178.5,180.5,0.022,0.25,2.52
CKR-014,180.5,182.5,0.026,0.25,2.5
CKR-014,182.5,184.5,0.031,0.25,2.51
CKR-014,184.5,186.5,0.025,0.25,2.5
CKR-014,186.5,188.5,0.005,0.25,2.51
CKR-014,188.5,190.5,0.018,0.25,2.53
CKR-014,190.5,192.5,0.013,0.25,2.55
CKR-014,192.5,194.5,0.019,0.25,2.56
CKR-014,194.5,196.5,0.023,0.25,2.46
CKR-014,196.5,198.5,0.057,0.25,2.48
CKR-014,198.5,200.5,0.016,0.25,2.48
CKR-014,200.5,202.5,0.04,0.25,2.48
CKR-014,202.5,204.5,0.018,0.25,2.52
CKR-014,204.5,206.5,0.017,0.25,2.52
CKR-014,206.5,208.5,0.022,0.25,2.52
CKR-014,208.5,210.5,0.013,0.25,2.55
CKR-014,210.5,212.5,0.011,0.25,2.5
CKR-014,212.5,214.5,0.029,0.25,2.57
CKR-014,214.5,216.5,0.017,0.25,2.56
CKR-014,216.5,218.5,0.02,0.25,2.52
CKR-014,218.5,220.5,0.022,0.25,2.55
CKR-014,220.5,222.5,0.032,0.25,2.57
CKR-014,222.5,224.5,0.051,0.25,2.49
CKR-014,224.5,226.5,0.014,0.25,2.57
CKR-014,226.5,228.5,0.044,0.25,2.5
CKR-014,228.5,230.5,0.011,0.25,2.53
CKR-014,230.5,232.5,0.011,0.25,2.48
CKR-014,232.5,234.5,0.015,0.25,2.52
CKR-014,234.5,236.5,0.01,0.25,2.52
CKR-014,236.5,238.5,0.023,0.25,2.55
CKR-014,238.5,239.5,0.011,0.25,2.45
CKR-014,239.5,240.5,0.036,0.56,2.56
CKR-014,240.5,241.5,0.005,0.25,2.6
CKR-014,241.5,242.5,0.01,0.25,2.44
CKR-014,242.5,243.5,0.039,0.25,2.58
CKR-014,243.5,244.5,0.071,1.35,2.6
CKR-014,244.5,245.5,0.169,3.86,2.53
CKR-014,245.5,246.5,0.149,3.06,2.58
CKR-014,246.5,247.5,0.561,9.89,2.55
CKR-014,247.5,248.5,0.309,4.52,2.6
CKR-014,248.5,249.5,0.588,11.12,2.65
CKR-014,249.5,250.5,11.497,372.38,2.67
CKR-014,250.5,251.5,7.29,82.39,2.66
CKR-014,251.5,252.5,4.642,70.59,2.65
CKR-014,252.5,253.5,0.973,11.27,2.5
CKR-014,253.5,254.5,0.342,4.61,2.61
CKR-014,254.5,255.5,0.461,8.11,2.53
CKR-014,255.5,256.5,0.197,2.81,2.58
CKR-014,256.5,257.5,0.304,2.11,2.54
CKR-014,257.5,258.5,0.077,1.51,2.52
CKR-014,258.5,259.5,0.021,0.25,2.67
CKR-014,259.5,260.5,0.018,0.25,2.52
CKR-014,260.5,261.5,0.032,0.25,2.47
CKR-014,261.5,262.5,0.005,0.25,2.54
CKR-014,262.5,263.5,0.037,0.25,2.57
CKR-014,263.5,264.5,0.013,0.25,2.54
CKR-014,264.5,266.5,0.034,0.25,2.56
CKR-014,266.5,268.5,0.018,0.25,2.57
CKR-014,268.5,270.5,0.033,0.25,2.43
CKR-014,270.5,272.5,0.013,0.25,2.54
CKR-014,272.5,274.5,0.005,0.25,2.43
CKR-014,274.5,276.5,0.019,0.25,2.46
CKR-014,276.5,278.2,0.065,0.25,2.52
CKR-015,4.4,6.4,,,2.52
CKR-015,6.4,7.4,0.026,0.25,2.55
CKR-015,7.4,8.4,0.005,0.25,2.59
CKR-015,8.4,9.4,0.029,0.25,2.49
CKR-015,9.4,10.4,0.005,0.25,2.49
CKR-015,10.4,11.4,0.127,2.87,2.52
CKR-015,11.4,12.4,0.124,1.73,2.57
CKR-015,12.4,13.4,0.419,4.64,2.59
CKR-015,13.4,14.4,0.228,4.27,2.58
CKR-015,14.4,15.4,0.306,5.6,2.58
CKR-015,15.4,16.4,0.252,3.67,2.56
CKR-015,16.4,17.4,7.837,126.46,2.55
CKR-015,17.4,18.4,13.632,152.74,2.59
CKR-015,18.4,19.4,11.452,88.8,2.68
CKR-015,19.4,20.4,27.588,416.6,2.57
CKR-015,20.4,21.4,15.867,216.68,2.63
CKR-015,21.4,22.4,9.569,112.77,2.65
CKR-015,22.4,23.4,0.273,3.98,2.57
CKR-015,23.4,24.4,0.235,2.61,2.58
CKR-015,24.4,25.4,0.243,3.4,2.63
CKR-015,25.4,26.4,0.441,8.08,2.52
CKR-015,26.4,27.4,0.355,3.51,2.52
CKR-015,27.4,28.4,0.026,0.25,2.51
CKR-015,28.4,29.4,0.015,0.25,2.51
CKR-015,29.4,30.4,0.031,0.25,2.54
CKR-015,30.4,31.4,0.005,0.25,2.55
CKR-015,31.4,32.4,0.01,0.25,2.56
CKR-015,32.4,33.4,0.005,0.25,2.53
CKR-015,33.4,35.4,0.013,0.25,2.5
CKR-015,35.4,37.4,0.026,0.25,2.6
CKR-015,37.4,39.4,0.014,0.25,2.54
CKR-015,39.4,41.4,0.043,0.25,2.51
CKR-015,41.4,43.4,0.04,0.25,2.53
CKR-015,43.4,45.4,0.035,0.25,2.45
CKR-015,45.4,47.4,0.005,0.25,2.49
CKR-015,47.4,49.4,0.021,0.25,2.52
CKR-015,49.4,51.4,0.017,0.25,2.5
CKR-015,51.4,53.4,0.018,0.25,2.57
CKR-015,53.4,55.4,0.023,0.25,2.55
CKR-015,55.4,57.5,0.005,0.25,2.53
CKR-016,4.7,6.7,,,2.5
CKR-016,6.7,8.7,0.023,0.25,2.55
CKR-016,8.7,10.7,0.029,0.25,2.52
CKR-016,10.7,12.7,0.012,0.25,2.48
CKR-016,12.7,14.7,0.028,0.25,2.57
CKR-016,14.7,16.7,0.015,0.25,2.54
CKR-016,16.7,18.7,0.013,0.25,2.5
CKR-016,18.7,20.7,0.005,0.25,2.49
CKR-016,20.7,22.7,0.015,0.25,2.52
CKR-016,22.7,24.7,0.005,0.25,2.56
CKR-016,24.7,26.7,0.018,0.25,2.49
CKR-016,26.7,28.7,0.032,0.25,2.48
CKR-016,28.7,30.7,0.01,0.25,2.51
CKR-016,30.7,32.7,0.005,0.25,2.48
CKR-016,32.7,34.7,0.012,0.25,2.51
CKR-016,34.7,36.7,0.018,0.25,2.54
CKR-016,36.7,38.7,0.012,0.25,2.46
CKR-016,38.7,40.7,0.027,0.25,2.56
CKR-016,40.7,42.7,0.032,0.25,2.49
CKR-016,42.7,44.7,0.029,0.25,2.53
CKR-016,44.7,46.7,0.005,0.25,2.54
CKR-016,46.7,48.7,0.011,0.25,2.55
CKR-016,48.7,50.7,0.005,0.25,2.55
CKR-016,50.7,52.7,0.005,0.25,2.49
CKR-016,52.7,54.7,0.005,0.25,2.58
CKR-016,54.7,56.7,0.011,0.25,2.48
CKR-016,56.7,58.7,0.01,0.25,2.56
CKR-016,58.7,60.7,0.017,0.25,2.54
CKR-016,60.7,62.7,0.012,0.25,2.58
CKR-016,62.7,64.7,0.02,0.25,2.52
CKR-016,64.7,66.7,0.014,0.25,2.46
CKR-016,66.7,68.7,0.023,0.25,2.55
CKR-016,68.7,70.7,0.019,0.25,2.46
CKR-016,70.7,72.7,0.021,0.25,2.54
CKR-016,72.7,74.7,0.011,0.25,2.48
CKR-016,74.7,76.7,0.013,0.25,2.54
CKR-016,76.7,78.7,0.021,0.25,2.5
CKR-016,78.7,80.7,0.031,0.25,2.5
CKR-016,80.7,82.7,0.019,0.25,2.56
CKR-016,82.7,84.7,0.015,0.25,2.49
CKR-016,84.7,86.7,0.023,0.25,2.51
CKR-016,86.7,88.7,0.013,0.25,2.54
CKR-016,88.7,90.7,0.005,0.25,2.48
CKR-016,90.7,92.7,0.016,0.65,2.52
CKR-016,92.7,94.7,0.005,0.25,2.58
CKR-016,94.7,96.7,0.005,0.25,2.47
CKR-016,96.7,98.7,0.005,0.25,2.56
CKR-016,98.7,100.7,0.019,0.25,2.56
CKR-016,100.7,102.7,0.011,0.25,2.61
CKR-016,102.7,104.7,0.035,0.25,2.53
CKR-016,104.7,106.7,0.016,0.25,2.56
CKR-016,106.7,108.7,0.005,0.25,2.49
CKR-016,108.7,110.7,0.015,0.25,2.52
CKR-016,110.7,111.7,0.03,0.25,2.56
CKR-016,111.7,112.7,0.02,0.25,2.47
CKR-016,112.7,113.7,0.024,0.25,2.52
CKR-016,113.7,114.7,0.015,0.25,2.52
CKR-016,114.7,115.7,0.005,0.25,2.52
CKR-016,115.7,116.7,0.011,0.25,2.47
CKR-016,116.7,117.7,0.079,2.18,2.55
CKR-016,117.7,118.7,0.12,1.64,2.61
CKR-016,118.7,119.7,0.139,3.84,2.58
CKR-016,119.7,120.7,0.11,2.8,2.57
CKR-016,120.7,121.7,0.097,1.75,2.59
CKR-016,121.7,122.7,1.721,26.5,2.58
CKR-016,122.7,123.7,0.671,18.2,2.57
CKR-016,123.7,124.7,0.822,14.94,2.63
CKR-016,124.7,125.7,1.573,28.52,2.6
CKR-016,125.7,126.7,0.761,28.0,2.58
CKR-016,126.7,127.7,2.98,84.83,2.64
CKR-016,127.7,128.7,2.524,69.53,2.66
CKR-016,128.7,129.7,1.278,31.9,2.61
CKR-016,129.7,130.7,1.946,32.21,2.59
CKR-016,130.7,131.7,0.33,8.36,2.59
CKR-016,131.7,132.7,0.166,3.81,2.54
CKR-016,132.7,133.7,0.074,1.25,2.54
CKR-016,133.7,134.7,0.117,2.33,2.52
CKR-016,134.7,135.7,0.081,1.47,2.57
CKR-016,135.7,136.7,0.14,2.19,2.61
CKR-016,136.7,137.7,0.097,3.35,2.61
CKR-016,137.7,138.7,0.017,0.25,2.42
CKR-016,138.7,139.7,0.005,0.25,2.58
CKR-016,139.7,140.7,0.023,0.62,2.55
CKR-016,140.7,141.7,0.019,0.25,2.52
CKR-016,141.7,142.7,0.005,0.25,2.48
CKR-016,142.7,143.7,0.01,0.25,2.52
CKR-016,143.7,145.7,0.018,0.25,2.52
CKR-016,145.7,147.7,0.012,0.25,2.47
CKR-016,147.7,149.7,0.014,0.25,2.55
CKR-016,149.7,151.7,0.005,0.25,2.53
CKR-016,151.7,153.7,0.005,0.25,2.51
CKR-016,153.7,155.7,0.01,0.25,2.57
CKR-016,155.7,157.7,0.018,0.25,2.46
CKR-016,157.7,159.7,0.005,0.25,2.51
CKR-016,159.7,161.7,0.025,0.25,2.51
CKR-016,161.7,163.7,0.005,0.25,2.5
CKR-016,163.7,164.9,0.019,0.25,2.53
CKR-017,2.6,4.6,,,2.52
CKR-017,4.6,6.6,0.011,0.25,2.56
CKR-017,6.6,8.6,0.011,0.25,2.56
CKR-017,8.6,10.6,0.037,0.25,2.53
CKR-017,10.6,12.6,0.027,0.25,2.51
CKR-017,12.6,14.6,0.023,0.25,2.51
CKR-017,14.6,16.6,0.045,0.25,2.56
CKR-017,16.6,18.6,0.016,0.25,2.54
CKR-017,18.6,20.6,0.005,0.25,2.51
CKR-017,20.6,22.6,0.005,0.25,2.52
CKR-017,22.6,24.6,0.016,0.25,2.42
CKR-017,24.6,26.6,0.027,0.25,2.51
CKR-017,26.6,28.6,0.016,0.25,2.57
CKR-017,28.6,30.6,0.014,0.25,2.48
CKR-017,30.6,32.6,0.028,0.25,2.5
CKR-017,32.6,34.6,0.005,0.25,2.51
CKR-017,34.6,36.6,0.015,0.25,2.51
CKR-017,36.6,38.6,0.015,0.25,2.53
CKR-017,38.6,40.6,0.022,0.25,2.49
CKR-017,40.6,42.6,0.005,0.25,2.5
CKR-017,42.6,44.6,0.017,0.25,2.57
CKR-017,44.6,46.6,0.011,0.25,2.52
CKR-017,46.6,48.6,0.026,0.25,2.52
CKR-017,48.6,50.6,0.057,0.25,2.48
CKR-017,50.6,52.6,0.018,0.25,2.56
CKR-017,52.6,54.6,0.044,0.25,2.52
CKR-017,54.6,56.6,0.019,0.25,2.57
CKR-017,56.6,58.6,0.012,0.25,2.54
CKR-017,58.6,60.6,0.04,0.25,2.52
CKR-017,60.6,62.6,0.02,0.66,2.5
CKR-017,62.6,64.6,0.012,0.25,2.56
CKR-017,64.6,66.6,0.021,0.25,2.54
CKR-017,66.6,68.6,0.005,0.25,2.56
CKR-017,68.6,70.6,0.017,0.25,2.55
CKR-017,70.6,72.6,0.021,0.25,2.59
CKR-017,72.6,74.6,0.021,0.25,2.55
CKR-017,74.6,76.6,0.01,0.25,2.49
CKR-017,76.6,78.6,0.022,0.25,2.58
CKR-017,78.6,80.6,0.021,0.25,2.52
CKR-017,80.6,82.6,0.014,0.25,2.57
CKR-017,82.6,84.6,0.016,0.25,2.51
CKR-017,84.6,86.6,0.012,0.25,2.47
CKR-017,86.6,88.6,0.013,0.25,2.48
CKR-017,88.6,90.6,0.016,0.25,2.57
CKR-017,90.6,92.6,0.018,0.25,2.58
CKR-017,92.6,94.6,0.042,0.25,2.59
CKR-017,94.6,96.6,0.029,0.25,2.53
CKR-017,96.6,98.6,0.016,0.25,2.53
CKR-017,98.6,100.6,0.013,0.25,2.5
CKR-017,100.6,102.6,0.005,0.25,2.51
CKR-017,102.6,104.6,0.02,0.25,2.53
CKR-017,104.6,106.6,0.038,0.54,2.51
CKR-017,106.6,108.6,0.023,0.25,2.55
CKR-017,108.6,110.6,0.005,0.25,2.57
CKR-017,110.6,112.6,0.018,0.25,2.54
CKR-017,112.6,114.6,0.027,0.25,2.55
CKR-017,114.6,116.6,0.026,0.25,2.52
CKR-017,116.6,118.6,0.027,0.25,2.53
CKR-017,118.6,120.6,0.005,0.25,2.51
CKR-017,120.6,122.6,0.005,0.25,2.54
CKR-017,122.6,124.6,0.015,0.25,2.53
CKR-017,124.6,126.6,0.014,0.25,2.52
CKR-017,126.6,128.6,0.017,0.25,2.56
CKR-017,128.6,130.6,0.005,0.25,2.5
CKR-017,130.6,132.6,0.01,0.25,2.44
CKR-017,132.6,134.6,0.019,0.25,2.5
CKR-017,134.6,136.6,0.017,0.25,2.54
CKR-017,136.6,138.6,0.005,0.25,2.54
CKR-017,138.6,140.6,0.011,0.25,2.54
CKR-017,140.6,142.6,0.019,0.25,2.53
CKR-017,142.6,144.6,0.026,0.25,2.51
CKR-017,144.6,146.6,0.023,0.25,2.56
CKR-017,146.6,148.6,0.011,0.25,2.47
CKR-017,148.6,150.6,0.038,0.25,2.6
CKR-017,150.6,152.6,0.005,0.25,2.52
CKR-017,152.6,154.6,0.039,0.25,2.57
CKR-017,154.6,156.6,0.035,0.25,2.51
CKR-017,156.6,158.6,0.016,0.25,2.46
CKR-017,158.6,160.6,0.005,0.25,2.51
CKR-017,160.6,162.6,0.014,0.25,2.48
CKR-017,162.6,164.6,0.022,0.25,2.56
CKR-017,164.6,166.6,0.005,0.25,2.5
CKR-017,166.6,168.6,0.024,0.25,2.5
CKR-017,168.6,170.6,0.017,0.25,2.56
CKR-017,170.6,172.6,0.011,0.25,2.49
CKR-017,172.6,174.6,0.019,0.25,2.48
CKR-017,174.6,176.6,0.017,0.25,2.51
CKR-017,176.6,178.6,0.018,0.25,2.58
CKR-017,178.6,180.6,0.036,0.25,2.52
CKR-017,180.6,181.6,0.021,0.25,2.62
CKR-017,181.6,182.6,0.012,0.25,2.55
CKR-017,182.6,183.6,0.046,0.25,2.54
CKR-017,183.6,184.6,0.014,0.25,2.52
CKR-017,184.6,185.6,0.087,0.9,2.57
CKR-017,185.6,186.6,0.047,0.25,2.59
CKR-017,186.6,187.6,0.084,0.86,2.58
CKR-017,187.6,188.6,0.115,0.98,2.52
CKR-017,188.6,189.6,0.128,1.03,2.54
CKR-017,189.6,190.6,0.322,2.69,2.55
CKR-017,190.6,191.6,0.725,5.67,2.6
CKR-017,191.6,192.6,0.986,12.09,2.74
CKR-017,192.6,193.6,0.298,2.25,2.61
CKR-017,193.6,194.6,3.977,52.15,2.6
CKR-017,194.6,195.6,0.215,1.93,2.56
CKR-017,195.6,196.6,0.319,3.27,2.49
CKR-017,196.6,197.6,0.167,2.62,2.56
CKR-017,197.6,198.6,0.208,2.12,2.59
CKR-017,198.6,199.6,0.121,1.78,2.57
CKR-017,199.6,200.6,0.057,0.85,2.54
CKR-017,200.6,201.6,0.021,0.25,2.52
CKR-017,201.6,202.6,0.005,0.25,2.57
CKR-017,202.6,203.6,0.013,0.25,2.57
CKR-017,203.6,204.6,0.005,0.25,2.63
CKR-017,204.6,205.6,0.027,0.25,2.54
CKR-017,205.6,206.6,0.01,0.25,2.55
CKR-017,206.6,208.6,0.018,0.25,2.53
CKR-017,208.6,210.6,0.011,0.25,2.51
CKR-017,210.6,212.6,0.021,0.25,2.46
CKR-017,212.6,214.6,0.04,0.25,2.5
CKR-017,214.6,216.6,0.027,0.25,2.45
CKR-017,216.6,218.6,0.047,0.25,2.59
CKR-017,218.6,220.6,0.011,0.25,2.49
CKR-017,220.6,222.6,0.016,0.25,2.48
CKR-017,222.6,224.6,0.014,0.25,2.51
CKR-017,224.6,226.6,0.025,0.25,2.48
CKR-017,226.6,228.6,0.028,0.25,2.56
CKR-017,228.6,230.0,0.019,0.25,2.6
CKR-018,3.0,5.0,,,2.52
CKR-018,5.0,7.0,0.016,0.25,2.5
CKR-018,7.0,9.0,0.005,0.25,2.49
CKR-018,9.0,11.0,0.031,0.25,2.53
CKR-018,11.0,13.0,0.02,0.25,2.56
CKR-018,13.0,15.0,0.033,0.25,2.53
CKR-018,15.0,17.0,0.013,0.25,2.49
CKR-018,17.0,19.0,0.017,0.25,2.5
CKR-018,19.0,21.0,0.028,0.25,2.52
CKR-018,21.0,23.0,0.021,0.25,2.49
CKR-018,23.0,25.0,0.029,0.25,2.49
CKR-018,25.0,27.0,0.018,0.25,2.57
CKR-018,27.0,29.0,0.019,0.25,2.52
CKR-018,29.0,31.0,0.02,0.73,2.53
CKR-018,31.0,33.0,0.014,0.25,2.53
CKR-018,33.0,35.0,0.005,0.55,2.57
CKR-018,35.0,37.0,0.016,0.25,2.54
CKR-018,37.0,38.0,0.005,0.25,2.49
CKR-018,38.0,39.0,0.015,0.25,2.5
CKR-018,39.0,40.0,0.022,0.25,2.52
CKR-018,40.0,41.0,0.012,0.25,2.48
CKR-018,41.0,42.0,0.005,0.25,2.5
CKR-018,42.0,43.0,0.033,0.66,2.57
CKR-018,43.0,44.0,0.051,1.19,2.61
CKR-018,44.0,45.0,0.07,1.18,2.55
CKR-018,45.0,46.0,0.066,1.07,2.59
CKR-018,46.0,47.0,0.085,1.43,2.61
CKR-018,47.0,48.0,1.245,23.03,2.64
CKR-018,48.0,49.0,1.505,30.17,2.62
CKR-018,49.0,50.0,2.375,41.08,2.61
CKR-018,50.0,51.0,1.488,19.96,2.59
CKR-018,51.0,52.0,0.774,11.06,2.57
CKR-018,52.0,53.0,1.23,20.74,2.61
CKR-018,53.0,54.0,0.438,8.3,2.58
CKR-018,54.0,55.0,0.124,1.84,2.6
CKR-018,55.0,56.0,0.134,2.55,2.58
CKR-018,56.0,57.0,0.109,1.73,2.6
CKR-018,57.0,58.0,0.079,1.33,2.59
CKR-018,58.0,59.0,0.013,0.25,2.5
CKR-018,59.0,60.0,0.018,0.25,2.5
CKR-018,60.0,61.0,0.005,0.25,2.54
CKR-018,61.0,62.0,0.013,0.25,2.51
CKR-018,62.0,63.0,0.012,0.25,2.57
CKR-018,63.0,64.0,0.041,0.25,2.5
CKR-018,64.0,66.0,0.005,0.25,2.44
CKR-018,66.0,68.0,0.028,0.25,2.54
CKR-018,68.0,70.0,0.014,0.25,2.5
CKR-018,70.0,72.0,0.013,0.25,2.48
CKR-018,72.0,74.0,0.029,0.25,2.5
CKR-018,74.0,76.0,0.034,0.25,2.54
CKR-018,76.0,78.0,0.024,0.25,2.51
CKR-018,78.0,80.0,0.013,0.25,2.49
CKR-018,80.0,82.0,0.016,0.25,2.52
CKR-018,82.0,84.0,0.019,0.25,2.51
CKR-018,84.0,86.0,0.027,0.25,2.59
CKR-018,86.0,88.0,0.011,0.25,2.49
CKR-018,88.0,90.0,0.03,0.25,2.51
CKR-018,90.0,92.0,0.022,0.25,2.56
CKR-018,92.0,94.0,0.019,0.25,2.53
CKR-018,94.0,95.0,0.012,0.25,2.48
CKR-019,4.9,6.9,,,2.53
CKR-019,6.9,8.9,0.005,0.25,2.53
CKR-019,8.9,10.9,0.028,0.25,2.49
CKR-019,10.9,12.9,0.016,0.25,2.5
CKR-019,12.9,14.9,0.012,0.25,2.51
CKR-019,14.9,16.9,0.005,0.25,2.55
CKR-019,16.9,18.9,0.005,0.25,2.51
CKR-019,18.9,20.9,0.012,0.25,2.5
CKR-019,20.9,22.9,0.027,0.25,2.49
CKR-019,22.9,24.9,0.011,0.25,2.46
CKR-019,24.9,26.9,0.01,0.25,2.53
CKR-019,26.9,28.9,0.016,0.25,2.5
CKR-019,28.9,30.9,0.037,0.25,2.55
CKR-019,30.9,32.9,0.005,0.25,2.58
CKR-019,32.9,34.9,0.016,0.25,2.53
CKR-019,34.9,36.9,0.016,0.25,2.48
CKR-019,36.9,38.9,0.036,0.25,2.47
CKR-019,38.9,40.9,0.005,0.25,2.53
CKR-019,40.9,42.9,0.005,0.25,2.52
CKR-019,42.9,44.9,0.011,0.25,2.52
CKR-019,44.9,46.9,0.012,0.25,2.51
CKR-019,46.9,48.9,0.019,0.25,2.54
CKR-019,48.9,50.9,0.021,0.25,2.49
CKR-019,50.9,52.9,0.028,0.25,2.55
CKR-019,52.9,54.9,0.015,0.25,2.52
CKR-019,54.9,56.9,0.026,0.25,2.52
CKR-019,56.9,58.9,0.022,0.25,2.51
CKR-019,58.9,60.9,0.05,0.25,2.53
CKR-019,60.9,62.9,0.01,0.25,2.49
CKR-019,62.9,64.9,0.005,0.25,2.51
CKR-019,64.9,66.9,0.005,0.25,2.53
CKR-019,66.9,68.9,0.012,0.25,2.63
CKR-019,68.9,70.9,0.01,0.25,2.58
CKR-019,70.9,72.9,0.005,0.25,2.53
CKR-019,72.9,74.9,0.026,0.25,2.53
CKR-019,74.9,76.9,0.015,0.25,2.54
CKR-019,76.9,78.9,0.014,0.25,2.49
CKR-019,78.9,80.9,0.005,0.25,2.5
CKR-019,80.9,81.9,0.026,0.25,2.56
CKR-019,81.9,82.9,0.016,0.25,2.54
CKR-019,82.9,83.9,0.016,0.25,2.51
CKR-019,83.9,84.9,0.063,0.25,2.51
CKR-019,84.9,85.9,0.05,0.25,2.5
CKR-019,85.9,86.9,0.127,4.97,2.53
CKR-019,86.9,87.9,0.243,9.9,2.54
CKR-019,87.9,88.9,0.411,13.83,2.57
CKR-019,88.9,89.9,0.425,16.95,2.62
CKR-019,89.9,90.9,6.57,235.06,2.61
CKR-019,90.9,91.9,8.606,259.99,2.63
CKR-019,91.9,92.9,6.743,227.66,2.66
CKR-019,92.9,93.9,12.312,536.57,2.65
CKR-019,93.9,94.9,3.622,77.76,2.57
CKR-019,94.9,95.9,8.831,220.98,2.6
CKR-019,95.9,96.9,20.039,724.22,2.64
CKR-019,96.9,97.9,0.326,10.9,2.6
CKR-019,97.9,98.9,0.292,8.6,2.57
CKR-019,98.9,99.9,0.119,3.58,2.56
CKR-019,99.9,100.9,0.106,3.22,2.57
CKR-019,100.9,101.9,0.053,1.12,2.59
CKR-019,101.9,102.9,0.018,0.25,2.51
CKR-019,102.9,103.9,0.005,0.25,2.52
CKR-019,103.9,104.9,0.005,0.25,2.53
CKR-019,104.9,105.9,0.03,0.25,2.56
CKR-019,105.9,106.9,0.012,0.25,2.44
CKR-019,106.9,107.9,0.017,0.25,2.6
CKR-019,107.9,109.9,0.012,0.25,2.47
CKR-019,109.9,111.9,0.015,0.25,2.5
CKR-019,111.9,113.9,0.013,0.25,2.48
CKR-019,113.9,115.9,0.017,0.25,2.5
CKR-019,115.9,117.9,0.022,0.25,2.52
CKR-019,117.9,119.9,0.014,0.25,2.51
CKR-019,119.9,121.9,0.017,0.25,2.56
CKR-019,121.9,123.9,0.024,0.25,2.52
CKR-019,123.9,125.9,0.033,0.25,2.56
CKR-019,125.9,126.4,0.021,0.25,2.55
CKR-020,5.0,7.0,,,2.42
CKR-020,7.0,9.0,0.026,0.25,2.5
CKR-020,9.0,11.0,0.015,0.25,2.51
CKR-020,11.0,13.0,0.03,0.25,2.54
CKR-020,13.0,15.0,0.02,0.25,2.45
CKR-020,15.0,17.0,0.044,0.25,2.49
CKR-020,17.0,19.0,0.016,0.25,2.55
CKR-020,19.0,21.0,0.019,0.25,2.53
CKR-020,21.0,23.0,0.011,0.25,2.53
CKR-020,23.0,25.0,0.011,0.25,2.51
CKR-020,25.0,27.0,0.013,0.25,2.48
CKR-020,27.0,29.0,0.027,0.25,2.48
CKR-020,29.0,31.0,0.034,0.25,2.55
CKR-020,31.0,33.0,0.012,0.25,2.5
CKR-020,33.0,35.0,0.015,0.25,2.57
CKR-020,35.0,37.0,0.02,0.25,2.5
CKR-020,37.0,39.0,0.005,0.25,2.49
CKR-020,39.0,41.0,0.022,0.25,2.53
CKR-020,41.0,43.0,0.005,0.25,2.51
CKR-020,43.0,45.0,0.02,0.25,2.57
CKR-020,45.0,47.0,0.018,0.25,2.53
CKR-020,47.0,49.0,0.028,0.25,2.51
CKR-020,49.0,51.0,0.011,0.25,2.51
CKR-020,51.0,53.0,0.012,0.25,2.49
CKR-020,53.0,55.0,0.063,0.25,2.54
CKR-020,55.0,57.0,0.005,0.25,2.55
CKR-020,57.0,59.0,0.013,0.25,2.51
CKR-020,59.0,61.0,0.005,0.25,2.55
CKR-020,61.0,63.0,0.025,0.25,2.53
CKR-020,63.0,65.0,0.005,0.25,2.53
CKR-020,65.0,67.0,0.024,0.25,2.55
CKR-020,67.0,69.0,0.045,0.25,2.5
CKR-020,69.0,71.0,0.005,0.25,2.5
CKR-020,71.0,73.0,0.034,0.25,2.57
CKR-020,73.0,75.0,0.016,0.25,2.51
CKR-020,75.0,77.0,0.027,0.25,2.51
CKR-020,77.0,79.0,0.016,0.25,2.48
CKR-020,79.0,81.0,0.02,0.25,2.5
CKR-020,81.0,83.0,0.012,0.25,2.53
CKR-020,83.0,85.0,0.023,0.25,2.53
CKR-020,85.0,87.0,0.01,0.25,2.55
CKR-020,87.0,89.0,0.025,0.25,2.49
CKR-020,89.0,91.0,0.014,0.25,2.51
CKR-020,91.0,93.0,0.011,0.25,2.56
CKR-020,93.0,95.0,0.013,0.25,2.51
CKR-020,95.0,97.0,0.012,0.25,2.5
CKR-020,97.0,99.0,0.011,0.25,2.48
CKR-020,99.0,101.0,0.005,0.25,2.51
CKR-020,101.0,103.0,0.013,0.25,2.53
CKR-020,103.0,105.0,0.037,0.25,2.49
CKR-020,105.0,107.0,0.023,0.25,2.54
CKR-020,107.0,109.0,0.038,0.25,2.52
CKR-020,109.0,111.0,0.025,0.25,2.53
CKR-020,111.0,113.0,0.022,0.25,2.49
CKR-020,113.0,115.0,0.022,0.25,2.52
CKR-020,115.0,117.0,0.022,0.25,2.53
CKR-020,117.0,119.0,0.024,0.25,2.54
CKR-020,119.0,121.0,0.005,0.25,2.48
CKR-020,121.0,123.0,0.033,0.25,2.57
CKR-020,123.0,125.0,0.019,0.25,2.59
CKR-020,125.0,127.0,0.019,0.25,2.51
CKR-020,127.0,129.0,0.032,0.25,2.53
CKR-020,129.0,131.0,0.04,0.25,2.49
CKR-020,131.0,133.0,0.019,0.25,2.56
CKR-020,133.0,135.0,0.015,0.25,2.5
CKR-020,135.0,137.0,0.04,0.25,2.57
CKR-020,137.0,139.0,0.005,0.25,2.55
CKR-020,139.0,141.0,0.01,0.25,2.52
CKR-020,141.0,143.0,0.017,0.25,2.52
CKR-020,143.0,145.0,0.031,0.25,2.52
CKR-020,145.0,147.0,0.016,0.25,2.56
CKR-020,147.0,149.0,0.024,0.25,2.53
CKR-020,149.0,150.0,0.013,0.25,2.53
CKR-020,150.0,151.0,0.037,0.25,2.56
CKR-020,151.0,152.0,0.041,0.25,2.5
CKR-020,152.0,153.0,0.016,0.25,2.6
CKR-020,153.0,154.0,0.014,0.25,2.59
CKR-020,154.0,155.0,0.089,1.34,2.57
CKR-020,155.0,156.0,0.108,1.57,2.6
CKR-020,156.0,157.0,0.089,1.13,2.57
CKR-020,157.0,158.0,0.104,1.57,2.6
CKR-020,158.0,159.0,0.201,2.9,2.61
CKR-020,159.0,160.0,0.118,1.76,2.58
CKR-020,160.0,161.0,0.394,4.49,2.6
CKR-020,161.0,162.0,1.71,15.65,2.63
CKR-020,162.0,163.0,0.604,7.45,2.58
CKR-020,163.0,164.0,0.952,11.83,2.58
CKR-020,164.0,165.0,0.428,5.81,2.57
CKR-020,165.0,166.0,0.214,2.29,2.55
CKR-020,166.0,167.0,0.21,2.22,2.58
CKR-020,167.0,168.0,0.124,1.61,2.57
CKR-020,168.0,169.0,0.136,1.74,2.59
CKR-020,169.0,170.0,0.107,1.71,2.55
CKR-020,170.0,171.0,0.102,1.01,2.59
CKR-020,171.0,172.0,0.027,0.25,2.53
CKR-020,172.0,173.0,0.021,0.25,2.52
CKR-020,173.0,174.0,0.027,0.25,2.53
CKR-020,174.0,175.0,0.021,0.25,2.49
CKR-020,175.0,176.0,0.018,0.25,2.45
CKR-020,176.0,177.0,0.013,0.25,2.46
CKR-020,177.0,178.0,0.005,0.25,2.6
CKR-020,178.0,180.0,0.021,0.25,2.47
CKR-020,180.0,182.0,0.005,0.25,2.5
CKR-020,182.0,184.0,0.056,0.25,2.58
CKR-020,184.0,186.0,0.011,0.25,2.52
CKR-020,186.0,188.0,0.02,0.25,2.57
CKR-020,188.0,190.0,0.015,0.25,2.51
CKR-020,190.0,192.0,0.065,0.25,2.51
CKR-020,192.0,194.0,0.014,0.25,2.47
CKR-020,194.0,195.8,0.016,0.25,2.53
CKR-021,4.9,6.9,,,2.54
CKR-021,6.9,8.9,0.015,0.25,2.53
CKR-021,8.9,10.9,0.035,0.25,2.49
CKR-021,10.9,12.9,0.015,0.25,2.55
CKR-021,12.9,14.9,0.01,0.25,2.58
CKR-021,14.9,16.9,0.01,0.25,2.49
CKR-021,16.9,18.9,0.033,0.25,2.51
CKR-021,18.9,20.9,0.014,0.25,2.47
CKR-021,20.9,22.9,0.017,0.25,2.53
CKR-021,22.9,24.9,0.019,0.25,2.54
CKR-021,24.9,26.9,0.025,0.25,2.49
CKR-021,26.9,28.9,0.032,0.25,2.51
CKR-021,28.9,30.9,0.016,0.25,2.49
CKR-021,30.9,32.9,0.019,0.25,2.54
CKR-021,32.9,34.9,0.021,0.25,2.49
CKR-021,34.9,36.9,0.017,0.25,2.53
CKR-021,36.9,38.9,0.018,0.25,2.49
CKR-021,38.9,40.9,0.031,0.25,2.52
CKR-021,40.9,42.9,0.015,0.25,2.54
CKR-021,42.9,44.9,0.016,0.25,2.52
CKR-021,44.9,46.9,0.017,0.25,2.56
CKR-021,46.9,48.9,0.024,0.25,2.55
CKR-021,48.9,50.9,0.02,0.25,2.51
CKR-021,50.9,52.9,0.018,0.25,2.5
CKR-021,52.9,54.9,0.039,0.25,2.52
CKR-021,54.9,56.9,0.017,0.25,2.54
CKR-021,56.9,58.9,0.014,0.25,2.52
CKR-021,58.9,60.9,0.015,0.25,2.48
CKR-021,60.9,62.9,0.027,0.25,2.55
CKR-021,62.9,64.9,0.014,0.25,2.54
CKR-021,64.9,66.9,0.005,0.55,2.59
CKR-021,66.9,68.9,0.012,0.25,2.5
CKR-021,68.9,70.9,0.005,0.25,2.53
CKR-021,70.9,72.9,0.023,0.25,2.51
CKR-021,72.9,74.9,0.012,0.25,2.52
CKR-021,74.9,76.9,0.013,0.25,2.52
CKR-021,76.9,78.9,0.019,0.25,2.56
CKR-021,78.9,80.9,0.016,0.25,2.55
CKR-021,80.9,82.9,0.018,0.25,2.49
CKR-021,82.9,84.9,0.02,0.25,2.57
CKR-021,84.9,86.9,0.005,0.25,2.54
CKR-021,86.9,88.9,0.029,0.25,2.57
CKR-021,88.9,90.9,0.022,0.25,2.51
CKR-021,90.9,92.9,0.021,0.25,2.56
CKR-021,92.9,94.9,0.083,0.25,2.52
CKR-021,94.9,96.9,0.005,0.25,2.54
CKR-021,96.9,98.9,0.023,0.25,2.49
CKR-021,98.9,100.9,0.021,0.25,2.56
CKR-021,100.9,102.9,0.018,0.25,2.52
CKR-021,102.9,104.9,0.018,0.25,2.53
CKR-021,104.9,106.9,0.018,0.25,2.5
CKR-021,106.9,108.9,0.016,0.25,2.44
CKR-021,108.9,110.9,0.035,0.25,2.47
CKR-021,110.9,112.9,0.03,0.25,2.55
CKR-021,112.9,114.9,0.015,0.25,2.52
CKR-021,114.9,116.9,0.028,0.25,2.44
CKR-021,116.9,118.9,0.005,0.25,2.58
CKR-021,118.9,120.9,0.01,0.25,2.55
CKR-021,120.9,122.9,0.027,0.25,2.51
CKR-021,122.9,124.9,0.021,0.25,2.5
CKR-021,124.9,126.9,0.01,0.25,2.52
CKR-021,126.9,128.9,0.005,0.25,2.5
CKR-021,128.9,130.9,0.005,0.25,2.55
CKR-021,130.9,132.9,0.03,0.25,2.5
CKR-021,132.9,134.9,0.023,0.25,2.52
CKR-021,134.9,136.9,0.018,0.25,2.54
CKR-021,136.9,138.9,0.012,0.25,2.51
CKR-021,138.9,140.9,0.005,0.25,2.51
CKR-021,140.9,142.9,0.012,0.25,2.55
CKR-021,142.9,144.9,0.037,0.25,2.53
CKR-021,144.9,146.9,0.019,0.25,2.48
CKR-021,146.9,148.9,0.031,0.25,2.55
CKR-021,148.9,150.9,0.022,0.25,2.48
CKR-021,150.9,152.9,0.005,0.25,2.52
CKR-021,152.9,154.9,0.014,0.25,2.56
CKR-021,154.9,156.9,0.035,0.25,2.54
CKR-021,156.9,158.9,0.03,0.25,2.53
CKR-021,158.9,160.9,0.024,0.25,2.54
CKR-021,160.9,162.9,0.005,0.25,2.52
CKR-021,162.9,164.9,0.005,0.25,2.48
CKR-021,164.9,166.9,0.016,0.25,2.49
CKR-021,166.9,168.9,0.005,0.25,2.56
CKR-021,168.9,170.9,0.03,0.25,2.53
CKR-021,170.9,172.9,0.005,0.25,2.54
CKR-021,172.9,174.9,0.018,0.25,2.54
CKR-021,174.9,176.9,0.015,0.25,2.51
CKR-021,176.9,178.9,0.031,0.25,2.49
CKR-021,178.9,180.9,0.011,0.25,2.53
CKR-021,180.9,182.9,0.019,0.25,2.5
CKR-021,182.9,184.9,0.022,0.25,2.51
CKR-021,184.9,186.9,0.018,0.25,2.47
CKR-021,186.9,188.9,0.036,0.25,2.51
CKR-021,188.9,190.9,0.022,0.25,2.58
CKR-021,190.9,192.9,0.018,0.25,2.48
CKR-021,192.9,194.9,0.011,0.25,2.49
CKR-021,194.9,196.9,0.021,0.25,2.51
CKR-021,196.9,198.9,0.018,0.25,2.55
CKR-021,198.9,199.9,0.016,0.25,2.48
CKR-021,199.9,200.9,0.017,0.25,2.51
CKR-021,200.9,201.9,0.014,0.25,2.53
CKR-021,201.9,202.9,0.026,0.25,2.53
CKR-021,202.9,203.9,0.005,0.25,2.56
CKR-021,203.9,204.9,0.054,0.55,2.5
CKR-021,204.9,205.9,0.056,0.58,2.64
CKR-021,205.9,206.9,0.088,0.62,2.6
CKR-021,206.9,207.9,0.104,0.95,2.55
CKR-021,207.9,208.9,0.102,1.03,2.62
CKR-021,208.9,209.9,0.199,0.97,2.53
CKR-021,209.9,210.9,0.596,2.94,2.57
CKR-021,210.9,211.9,1.65,18.75,2.54
CKR-021,211.9,212.9,0.855,5.36,2.61
CKR-021,212.9,213.9,0.793,3.78,2.63
CKR-021,213.9,214.9,0.307,2.33,2.64
CKR-021,214.9,215.9,0.248,1.89,2.52
CKR-021,215.9,216.9,0.215,1.53,2.64
CKR-021,216.9,217.9,0.182,0.99,2.55
CKR-021,217.9,218.9,0.122,1.02,2.58
CKR-021,218.9,219.9,0.044,0.25,2.57
CKR-021,219.9,220.9,0.02,0.25,2.45
CKR-021,220.9,221.9,0.01,0.25,2.47
CKR-021,221.9,222.9,0.038,0.25,2.49
CKR-021,222.9,223.9,0.024,0.25,2.44
CKR-021,223.9,224.9,0.005,0.25,2.5
CKR-021,224.9,225.9,0.022,0.25,2.49
CKR-021,225.9,227.9,0.016,0.25,2.52
CKR-021,227.9,229.9,0.014,0.25,2.48
CKR-021,229.9,231.9,0.021,0.25,2.55
CKR-021,231.9,233.9,0.02,0.25,2.48
CKR-021,233.9,235.9,0.015,0.25,2.47
CKR-021,235.9,237.9,0.023,0.25,2.54
CKR-021,237.9,239.9,0.019,0.25,2.5
CKR-021,239.9,241.9,0.034,0.25,2.48
CKR-021,241.9,243.9,0.012,0.25,2.57
CKR-021,243.9,245.9,0.022,0.25,2.52
CKR-021,245.9,247.9,0.015,0.25,2.48
CKR-021,247.9,249.9,0.012,0.25,2.56
CKR-021,249.9,251.4,0.034,0.25,2.53
CKR-022,4.4,5.4,,,2.47
CKR-022,5.4,6.4,0.005,0.25,2.51
CKR-022,6.4,7.4,0.033,0.25,2.48
CKR-022,7.4,8.4,0.069,1.29,2.58
CKR-022,8.4,9.4,0.179,2.02,2.61
CKR-022,9.4,10.4,0.103,1.11,2.53
CKR-022,10.4,11.4,0.218,1.97,2.59
CKR-022,11.4,12.4,0.13,1.41,2.59
CKR-022,12.4,13.4,0.137,1.0,2.56
CKR-022,13.4,14.4,3.137,26.29,2.63
CKR-022,14.4,15.4,5.88,48.22,2.65
CKR-022,15.4,16.4,4.836,41.74,2.64
CKR-022,16.4,17.4,2.271,12.19,2.66
CKR-022,17.4,18.4,3.282,26.72,2.62
CKR-022,18.4,19.4,3.513,22.13,2.65
CKR-022,19.4,20.4,4.117,47.06,2.6
CKR-022,20.4,21.4,0.295,2.13,2.56
CKR-022,21.4,22.4,0.237,0.91,2.54
CKR-022,22.4,23.4,0.404,2.88,2.6
CKR-022,23.4,24.4,0.049,0.25,2.62
CKR-022,24.4,25.4,0.054,0.62,2.55
CKR-022,25.4,26.4,0.03,0.25,2.51
CKR-022,26.4,27.4,0.018,0.25,2.52
CKR-022,27.4,28.4,0.023,0.25,2.51
CKR-022,28.4,29.4,0.015,0.25,2.65
CKR-022,29.4,30.4,0.018,0.25,2.45
CKR-022,30.4,31.4,0.005,0.25,2.51
CKR-022,31.4,33.4,0.018,0.25,2.51
CKR-022,33.4,35.4,0.014,0.25,2.54
CKR-022,35.4,37.4,0.033,0.25,2.54
CKR-022,37.4,39.4,0.019,0.25,2.55
CKR-022,39.4,41.4,0.018,0.25,2.5
CKR-022,41.4,43.4,0.016,0.25,2.53
CKR-022,43.4,45.4,0.012,0.25,2.53
CKR-022,45.4,47.4,0.015,0.25,2.52
CKR-022,47.4,49.4,0.018,0.25,2.49
CKR-022,49.4,51.4,0.005,0.25,2.52
CKR-022,51.4,53.4,0.018,0.25,2.5
CKR-022,53.4,55.4,0.013,0.25,2.53
CKR-022,55.4,57.2,0.015,0.25,2.46
CKR-023,2.9,4.9,,,2.5
CKR-023,4.9,6.9,0.024,0.25,2.54
CKR-023,6.9,8.9,0.021,0.25,2.46
CKR-023,8.9,10.9,0.032,0.25,2.54
CKR-023,10.9,12.9,0.031,0.25,2.55
CKR-023,12.9,14.9,0.012,0.25,2.58
CKR-023,14.9,16.9,0.014,0.25,2.49
CKR-023,16.9,18.9,0.015,0.25,2.52
CKR-023,18.9,20.9,0.012,0.25,2.49
CKR-023,20.9,22.9,0.016,0.25,2.52
CKR-023,22.9,24.9,0.031,0.25,2.52
CKR-023,24.9,26.9,0.016,0.25,2.54
CKR-023,26.9,28.9,0.017,0.25,2.55
CKR-023,28.9,30.9,0.018,0.25,2.49
CKR-023,30.9,32.9,0.005,0.25,2.54
CKR-023,32.9,34.9,0.044,0.25,2.51
CKR-023,34.9,36.9,0.03,0.25,2.55
CKR-023,36.9,38.9,0.005,0.25,2.44
CKR-023,38.9,40.9,0.015,0.25,2.41
CKR-023,40.9,42.9,0.022,0.25,2.5
CKR-023,42.9,44.9,0.005,0.25,2.55
CKR-023,44.9,46.9,0.02,0.25,2.49
CKR-023,46.9,48.9,0.014,0.25,2.48
CKR-023,48.9,50.9,0.031,0.25,2.47
CKR-023,50.9,52.9,0.029,0.25,2.5
CKR-023,52.9,54.9,0.016,0.25,2.51
CKR-023,54.9,56.9,0.021,0.25,2.52
CKR-023,56.9,58.9,0.005,0.25,2.55
CKR-023,58.9,60.9,0.005,0.25,2.58
CKR-023,60.9,62.9,0.013,0.25,2.46
CKR-023,62.9,64.9,0.01,0.25,2.58
CKR-023,64.9,66.9,0.018,0.25,2.53
CKR-023,66.9,68.9,0.015,0.25,2.57
CKR-023,68.9,70.9,0.025,0.25,2.47
CKR-023,70.9,72.9,0.021,0.25,2.57
CKR-023,72.9,74.9,0.018,0.25,2.53
CKR-023,74.9,76.9,0.015,0.25,2.58
CKR-023,76.9,78.9,0.013,0.25,2.52
CKR-023,78.9,80.9,0.005,0.25,2.51
CKR-023,80.9,82.9,0.022,0.25,2.52
CKR-023,82.9,84.9,0.017,0.25,2.44
CKR-023,84.9,85.9,0.017,0.25,2.53
CKR-023,85.9,86.9,0.03,0.25,2.48
CKR-023,86.9,87.9,0.016,0.25,2.55
CKR-023,87.9,88.9,0.032,0.25,2.45
CKR-023,88.9,89.9,0.017,0.25,2.46
CKR-023,89.9,90.9,0.178,2.13,2.58
CKR-023,90.9,91.9,0.162,2.03,2.57
CKR-023,91.9,92.9,0.147,2.49,2.58
CKR-023,92.9,93.9,0.275,4.64,2.64
CKR-023,93.9,94.9,8.533,136.22,2.58
CKR-023,94.9,95.9,12.03,189.92,2.64
CKR-023,95.9,96.9,5.575,57.06,2.6
CKR-023,96.9,97.9,7.231,93.91,2.59
CKR-023,97.9,98.9,16.404,230.92,2.58
CKR-023,98.9,99.9,32.061,475.64,2.69
CKR-023,99.9,100.9,12.527,219.91,2.6
CKR-023,100.9,101.9,2.352,40.23,2.62
CKR-023,101.9,102.9,0.324,4.94,2.54
CKR-023,102.9,103.9,0.355,4.95,2.55
CKR-023,103.9,104.9,0.349,4.99,2.61
CKR-023,104.9,105.9,0.071,1.37,2.62
CKR-023,105.9,106.9,0.021,0.25,2.52
CKR-023,106.9,107.9,0.005,0.25,2.61
CKR-023,107.9,108.9,0.036,0.25,2.45
CKR-023,108.9,109.9,0.013,0.25,2.49
CKR-023,109.9,110.9,0.013,0.25,2.58
CKR-023,110.9,111.9,0.028,0.25,2.56
CKR-023,111.9,113.9,0.029,0.25,2.55
CKR-023,113.9,115.9,0.017,0.25,2.47
CKR-023,115.9,117.9,0.016,0.25,2.59
CKR-023,117.9,119.9,0.024,0.25,2.49
CKR-023,119.9,121.9,0.021,0.25,2.48
CKR-023,121.9,123.9,0.005,0.25,2.56
CKR-023,123.9,125.0,0.005,0.25,2.52
CKR-024,5.8,7.8,,,2.44
CKR-024,7.8,9.8,0.019,0.25,2.52
CKR-024,9.8,11.8,0.012,0.25,2.51
CKR-024,11.8,13.8,0.005,0.25,2.46
CKR-024,13.8,15.8,0.015,0.25,2.57
CKR-024,15.8,17.8,0.013,0.25,2.55
CKR-024,17.8,19.8,0.013,0.25,2.57
CKR-024,19.8,21.8,0.032,0.25,2.57
CKR-024,21.8,23.8,0.028,0.25,2.51
CKR-024,23.8,25.8,0.019,0.25,2.57
CKR-024,25.8,27.8,0.029,0.25,2.53
CKR-024,27.8,29.8,0.021,0.25,2.51
CKR-024,29.8,31.8,0.02,0.25,2.55
CKR-024,31.8,33.8,0.033,0.25,2.45
CKR-024,33.8,35.8,0.016,0.25,2.5
CKR-024,35.8,37.8,0.027,0.25,2.54
CKR-024,37.8,39.8,0.027,0.25,2.55
CKR-024,39.8,41.8,0.005,0.25,2.53
CKR-024,41.8,43.8,0.035,0.25,2.48
CKR-024,43.8,45.8,0.029,0.25,2.55
CKR-024,45.8,47.8,0.005,0.25,2.54
CKR-024,47.8,49.8,0.005,0.25,2.54
CKR-024,49.8,51.8,0.018,0.25,2.53
CKR-024,51.8,53.8,0.011,0.25,2.48
CKR-024,53.8,55.8,0.013,0.25,2.5
CKR-024,55.8,57.8,0.015,0.25,2.47
CKR-024,57.8,59.8,0.026,0.25,2.55
CKR-024,59.8,61.8,0.012,0.25,2.52
CKR-024,61.8,63.8,0.012,0.25,2.5
CKR-024,63.8,65.8,0.068,0.25,2.51
CKR-024,65.8,67.8,0.052,0.25,2.53
CKR-024,67.8,69.8,0.014,0.25,2.58
CKR-024,69.8,71.8,0.013,0.25,2.53
CKR-024,71.8,73.8,0.026,0.25,2.54
CKR-024,73.8,75.8,0.005,0.25,2.52
CKR-024,75.8,77.8,0.02,0.25,2.49
CKR-024,77.8,79.8,0.027,0.25,2.49
CKR-024,79.8,81.8,0.022,0.25,2.51
CKR-024,81.8,83.8,0.032,0.25,2.58
CKR-024,83.8,85.8,0.028,0.25,2.57
CKR-024,85.8,87.8,0.005,0.25,2.58
CKR-024,87.8,89.8,0.016,0.25,2.5
CKR-024,89.8,91.8,0.019,0.25,2.55
CKR-024,91.8,93.8,0.005,0.25,2.5
CKR-024,93.8,95.8,0.023,0.25,2.49
CKR-024,95.8,97.8,0.039,0.25,2.58
CKR-024,97.8,99.8,0.019,0.25,2.53
CKR-024,99.8,101.8,0.023,0.25,2.51
CKR-024,101.8,103.8,0.032,0.25,2.54
CKR-024,103.8,105.8,0.036,0.25,2.51
CKR-024,105.8,107.8,0.005,0.25,2.57
CKR-024,107.8,109.8,0.013,0.25,2.58
CKR-024,109.8,111.8,0.005,0.25,2.52
CKR-024,111.8,113.8,0.019,0.25,2.51
CKR-024,113.8,115.8,0.005,0.25,2.53
CKR-024,115.8,117.8,0.01,0.25,2.52
CKR-024,117.8,119.8,0.019,0.25,2.48
CKR-024,119.8,121.8,0.019,0.25,2.54
CKR-024,121.8,122.8,0.005,0.25,2.5
CKR-024,122.8,123.8,0.057,0.25,2.52
CKR-024,123.8,124.8,0.013,0.25,2.42
CKR-024,124.8,125.8,0.005,0.25,2.48
CKR-024,125.8,126.8,0.02,0.25,2.56
CKR-024,126.8,127.8,0.042,0.53,2.62
CKR-024,127.8,128.8,0.129,1.44,2.52
CKR-024,128.8,129.8,0.128,2.19,2.62
CKR-024,129.8,130.8,0.084,0.7,2.55
CKR-024,130.8,131.8,0.188,2.21,2.52
CKR-024,131.8,132.8,0.292,2.78,2.6
CKR-024,132.8,133.8,0.377,4.28,2.6
CKR-024,133.8,134.8,1.327,11.74,2.67
CKR-024,134.8,135.8,1.983,25.9,2.62
CKR-024,135.8,136.8,0.773,6.53,2.64
CKR-024,136.8,137.8,0.194,2.45,2.58
CKR-024,137.8,138.8,0.192,2.16,2.52
CKR-024,138.8,139.8,0.185,2.12,2.6
CKR-024,139.8,140.8,0.109,1.11,2.51
CKR-024,140.8,141.8,0.073,0.59,2.54
CKR-024,141.8,142.8,0.079,0.63,2.57
CKR-024,142.8,143.8,0.073,0.64,2.52
CKR-024,143.8,144.8,0.041,0.25,2.55
CKR-024,144.8,145.8,0.028,0.25,2.57
CKR-024,145.8,146.8,0.005,0.25,2.57
CKR-024,146.8,147.8,0.02,0.25,2.58
CKR-024,147.8,148.8,0.032,0.25,2.49
CKR-024,148.8,149.8,0.005,0.25,2.5
CKR-024,149.8,150.8,0.012,0.25,2.52
CKR-024,150.8,152.8,0.023,0.25,2.52
CKR-024,152.8,154.8,0.021,0.25,2.54
CKR-024,154.8,156.8,0.012,0.25,2.51
CKR-024,156.8,158.8,0.022,0.25,2.47
CKR-024,158.8,160.8,0.013,0.25,2.59
CKR-024,160.8,162.8,0.028,0.25,2.52
CKR-024,162.8,164.8,0.016,0.25,2.54
CKR-024,164.8,166.8,0.005,0.25,2.56
CKR-024,166.8,168.8,0.015,0.25,2.53
CKR-024,168.8,170.8,0.016,0.25,2.52
CKR-024,170.8,172.8,0.005,0.25,2.53
CKR-024,172.8,173.4,0.005,0.25,2.41
CKR-025,2.1,4.1,,,2.55
CKR-025,4.1,6.1,0.027,0.25,2.52
CKR-025,6.1,8.1,0.013,0.25,2.54
CKR-025,8.1,10.1,0.026,0.25,2.59
CKR-025,10.1,12.1,0.005,0.25,2.5
CKR-025,12.1,14.1,0.034,0.25,2.55
CKR-025,14.1,16.1,0.024,0.25,2.47
CKR-025,16.1,18.1,0.025,0.25,2.52
CKR-025,18.1,20.1,0.015,0.25,2.52
CKR-025,20.1,22.1,0.014,0.25,2.53
CKR-025,22.1,24.1,0.013,0.25,2.54
CKR-025,24.1,26.1,0.012,0.25,2.56
CKR-025,26.1,28.1,0.027,0.25,2.44
CKR-025,28.1,30.1,0.023,0.25,2.56
CKR-025,30.1,32.1,0.013,0.25,2.56
CKR-025,32.1,34.1,0.012,0.25,2.5
CKR-025,34.1,36.1,0.011,0.25,2.52
CKR-025,36.1,38.1,0.011,0.25,2.48
CKR-025,38.1,40.1,0.014,0.25,2.52
CKR-025,40.1,42.1,0.012,0.25,2.55
CKR-025,42.1,44.1,0.013,0.25,2.56
CKR-025,44.1,46.1,0.029,0.25,2.55
CKR-025,46.1,48.1,0.019,0.25,2.52
CKR-025,48.1,50.1,0.022,0.25,2.49
CKR-025,50.1,52.1,0.016,0.25,2.55
CKR-025,52.1,54.1,0.011,0.25,2.54
CKR-025,54.1,56.1,0.013,0.25,2.52
CKR-025,56.1,58.1,0.011,0.25,2.56
CKR-025,58.1,60.1,0.012,0.25,2.52
CKR-025,60.1,62.1,0.005,0.25,2.51
CKR-025,62.1,64.1,0.017,0.25,2.51
CKR-025,64.1,66.1,0.027,0.25,2.55
CKR-025,66.1,68.1,0.014,0.25,2.6
CKR-025,68.1,70.1,0.01,0.25,2.57
CKR-025,70.1,72.1,0.005,0.25,2.51
CKR-025,72.1,74.1,0.015,0.55,2.52
CKR-025,74.1,76.1,0.015,0.25,2.49
CKR-025,76.1,78.1,0.021,0.25,2.51
CKR-025,78.1,80.1,0.005,0.56,2.56
CKR-025,80.1,82.1,0.023,0.25,2.52
CKR-025,82.1,84.1,0.022,0.25,2.55
CKR-025,84.1,86.1,0.023,0.25,2.55
CKR-025,86.1,88.1,0.012,0.25,2.52
CKR-025,88.1,90.1,0.024,0.25,2.5
CKR-025,90.1,92.1,0.015,0.25,2.53
CKR-025,92.1,94.1,0.013,0.25,2.55
CKR-025,94.1,96.1,0.005,0.25,2.51
CKR-025,96.1,98.1,0.015,0.25,2.54
CKR-025,98.1,100.1,0.012,0.25,2.55
CKR-025,100.1,102.1,0.016,0.25,2.51
CKR-025,102.1,104.1,0.005,0.25,2.52
CKR-025,104.1,106.1,0.005,0.25,2.52
CKR-025,106.1,108.1,0.011,0.25,2.55
CKR-025,108.1,110.1,0.005,0.25,2.54
CKR-025,110.1,112.1,0.005,0.25,2.48
CKR-025,112.1,114.1,0.026,0.25,2.55
CKR-025,114.1,116.1,0.005,0.25,2.53
CKR-025,116.1,118.1,0.016,0.25,2.53
CKR-025,118.1,120.1,0.005,0.25,2.51
CKR-025,120.1,122.1,0.005,0.25,2.55
CKR-025,122.1,124.1,0.016,0.25,2.55
CKR-025,124.1,126.1,0.013,0.25,2.53
CKR-025,126.1,128.1,0.013,0.25,2.48
CKR-025,128.1,130.1,0.018,0.25,2.54
CKR-025,130.1,132.1,0.047,0.25,2.53
CKR-025,132.1,134.1,0.012,0.25,2.51
CKR-025,134.1,136.1,0.042,0.25,2.54
CKR-025,136.1,138.1,0.015,0.25,2.55
CKR-025,138.1,140.1,0.005,0.56,2.53
CKR-025,140.1,142.1,0.017,0.25,2.54
CKR-025,142.1,144.1,0.017,0.25,2.54
CKR-025,144.1,146.1,0.017,0.25,2.5
CKR-025,146.1,148.1,0.005,0.25,2.53
CKR-025,148.1,150.1,0.014,0.25,2.55
CKR-025,150.1,152.1,0.012,0.25,2.55
CKR-025,152.1,154.1,0.014,0.25,2.51
CKR-025,154.1,156.1,0.018,0.25,2.52
CKR-025,156.1,158.1,0.02,0.25,2.49
CKR-025,158.1,160.1,0.022,0.25,2.51
CKR-025,160.1,162.1,0.005,0.25,2.5
CKR-025,162.1,164.1,0.005,0.25,2.54
CKR-025,164.1,166.1,0.005,0.25,2.57
CKR-025,166.1,168.1,0.012,0.25,2.54
CKR-025,168.1,170.1,0.01,0.25,2.52
CKR-025,170.1,172.1,0.024,0.51,2.47
CKR-025,172.1,174.1,0.005,0.25,2.53
CKR-025,174.1,176.1,0.031,0.25,2.52
CKR-025,176.1,178.1,0.017,0.25,2.51
CKR-025,178.1,180.1,0.027,0.25,2.52
CKR-025,180.1,182.1,0.005,0.25,2.51
CKR-025,182.1,183.1,0.017,0.25,2.66
CKR-025,183.1,184.1,0.02,0.25,2.58
CKR-025,184.1,185.1,0.022,0.25,2.45
CKR-025,185.1,186.1,0.046,0.25,2.49
CKR-025,186.1,187.1,0.034,0.25,2.51
CKR-025,187.1,188.1,0.04,0.25,2.59
CKR-025,188.1,189.1,0.05,0.25,2.55
CKR-025,189.1,190.1,0.085,0.8,2.67
CKR-025,190.1,191.1,0.069,0.94,2.61
CKR-025,191.1,192.1,0.09,0.73,2.57
CKR-025,192.1,193.1,0.182,2.0,2.57
CKR-025,193.1,194.1,0.137,1.03,2.6
CKR-025,194.1,195.1,0.544,4.23,2.56
CKR-025,195.1,196.1,0.813,8.36,2.63
CKR-025,196.1,197.1,0.163,1.8,2.55
CKR-025,197.1,198.1,0.41,2.84,2.53
CKR-025,198.1,199.1,0.225,1.8,2.56
CKR-025,199.1,200.1,0.167,1.63,2.54
CKR-025,200.1,201.1,0.09,0.79,2.59
CKR-025,201.1,202.1,0.058,0.65,2.51
CKR-025,202.1,203.1,0.116,1.0,2.5
CKR-025,203.1,204.1,0.015,0.25,2.44
CKR-025,204.1,205.1,0.029,0.25,2.6
CKR-025,205.1,206.1,0.013,0.25,2.54
CKR-025,206.1,207.1,0.005,0.25,2.55
CKR-025,207.1,208.1,0.019,0.25,2.48
CKR-025,208.1,209.1,0.024,0.25,2.53
CKR-025,209.1,211.1,0.018,0.25,2.51
CKR-025,211.1,213.1,0.035,0.25,2.51
CKR-025,213.1,215.1,0.017,0.25,2.52
CKR-025,215.1,217.1,0.016,0.25,2.53
CKR-025,217.1,219.1,0.016,0.25,2.5
CKR-025,219.1,221.1,0.02,0.25,2.48
CKR-025,221.1,223.1,0.005,0.25,2.55
CKR-025,223.1,225.1,0.022,0.25,2.52
CKR-025,225.1,227.1,0.01,0.25,2.51
CKR-025,227.1,229.1,0.022,0.25,2.51
CKR-025,229.1,231.1,0.011,0.25,2.41
CKR-025,231.1,233.1,0.028,0.25,2.49
CKR-025,233.1,235.1,0.024,0.25,2.51
CKR-025,235.1,237.1,0.029,0.25,2.51
CKR-025,237.1,239.1,0.017,0.25,2.46
CKR-025,239.1,241.1,0.017,0.25,2.48
CKR-025,241.1,243.1,0.02,0.25,2.56
CKR-025,243.1,244.5,0.038,0.25,2.54
CKR-026,2.4,3.4,,,2.66
CKR-026,3.4,4.4,0.13,0.82,2.52
CKR-026,4.4,5.4,0.104,1.21,2.58
CKR-026,5.4,6.4,0.091,0.78,2.56
CKR-026,6.4,7.4,0.196,1.61,2.54
CKR-026,7.4,8.4,1.203,7.85,2.67
CKR-026,8.4,9.4,3.506,16.17,2.59
CKR-026,9.4,10.4,1.061,7.71,2.63
CKR-026,10.4,11.4,2.162,11.9,2.64
CKR-026,11.4,12.4,0.583,4.54,2.62
CKR-026,12.4,13.4,1.544,10.63,2.6
CKR-026,13.4,14.4,0.974,5.07,2.61
CKR-026,14.4,15.4,1.202,8.89,2.58
CKR-026,15.4,16.4,1.0,7.34,2.58
CKR-026,16.4,17.4,0.078,0.25,2.48
CKR-026,17.4,18.4,0.097,0.53,2.54
CKR-026,18.4,19.4,0.077,0.25,2.57
CKR-026,19.4,20.4,0.081,0.25,2.56
CKR-026,20.4,21.4,0.053,0.25,2.53
CKR-026,21.4,22.4,0.06,0.25,2.58
CKR-026,22.4,23.4,0.014,0.25,2.54
CKR-026,23.4,24.4,0.034,0.25,2.55
CKR-026,24.4,25.4,0.011,0.25,2.54
CKR-026,25.4,26.4,0.005,1.06,2.57
CKR-026,26.4,27.4,0.018,0.25,2.53
CKR-026,27.4,28.4,0.013,0.25,2.57
CKR-026,28.4,30.4,0.025,0.25,2.49
CKR-026,30.4,32.4,0.012,0.25,2.47
CKR-026,32.4,34.4,0.012,0.25,2.45
CKR-026,34.4,36.4,0.018,0.25,2.51
CKR-026,36.4,38.4,0.023,0.25,2.5
CKR-026,38.4,40.4,0.018,0.25,2.5
CKR-026,40.4,42.4,0.015,0.25,2.53
CKR-026,42.4,44.4,0.021,0.25,2.52
CKR-026,44.4,46.4,0.019,0.25,2.59
CKR-026,46.4,48.4,0.011,0.25,2.52
CKR-026,48.4,50.4,0.019,0.25,2.54
CKR-026,50.4,52.6,0.013,0.25,2.59
CKR-027,3.9,5.9,,,2.52
CKR-027,5.9,7.9,0.02,0.25,2.5
CKR-027,7.9,9.9,0.005,0.25,2.55
CKR-027,9.9,11.9,0.021,0.25,2.49
CKR-027,11.9,13.9,0.025,0.25,2.53
CKR-027,13.9,15.9,0.017,0.25,2.43
CKR-027,15.9,17.9,0.012,0.25,2.51
CKR-027,17.9,19.9,0.022,0.25,2.56
CKR-027,19.9,21.9,0.016,0.25,2.53
CKR-027,21.9,23.9,0.015,0.25,2.52
CKR-027,23.9,25.9,0.012,0.25,2.47
CKR-027,25.9,27.9,0.014,0.25,2.54
CKR-027,27.9,28.9,0.015,0.25,2.52
CKR-027,28.9,29.9,0.021,0.25,2.44
CKR-027,29.9,30.9,0.034,0.25,2.47
CKR-027,30.9,31.9,0.023,0.25,2.52
CKR-027,31.9,32.9,0.005,1.18,2.52
CKR-027,32.9,33.9,0.063,0.77,2.58
CKR-027,33.9,34.9,0.072,0.51,2.52
CKR-027,34.9,35.9,0.088,0.95,2.63
CKR-027,35.9,36.9,0.079,0.74,2.52
CKR-027,36.9,37.9,0.102,0.75,2.58
CKR-027,37.9,38.9,0.149,1.41,2.55
CKR-027,38.9,39.9,0.144,1.35,2.54
CKR-027,39.9,40.9,1.299,7.74,2.51
CKR-027,40.9,41.9,2.796,18.61,2.63
CKR-027,41.9,42.9,0.85,8.21,2.65
CKR-027,42.9,43.9,1.518,10.95,2.6
CKR-027,43.9,44.9,1.974,10.79,2.61
CKR-027,44.9,45.9,1.075,10.71,2.65
CKR-027,45.9,46.9,0.839,5.71,2.63
CKR-027,46.9,47.9,1.957,11.39,2.65
CKR-027,47.9,48.9,2.76,14.37,2.58
CKR-027,48.9,49.9,5.096,53.17,2.66
CKR-027,49.9,50.9,0.439,3.84,2.64
CKR-027,50.9,51.9,0.244,1.65,2.5
CKR-027,51.9,52.9,0.139,1.55,2.6
CKR-027,52.9,53.9,0.083,0.25,2.53
CKR-027,53.9,54.9,0.07,0.61,2.6
CKR-027,54.9,55.9,0.049,0.25,2.58
CKR-027,55.9,56.9,0.067,0.25,2.61
CKR-027,56.9,57.9,0.025,0.25,2.58
CKR-027,57.9,58.9,0.021,0.25,2.45
CKR-027,58.9,59.9,0.03,0.25,2.53
CKR-027,59.9,60.9,0.012,0.25,2.56
CKR-027,60.9,61.9,0.013,0.25,2.45
CKR-027,61.9,62.9,0.005,0.25,2.51
CKR-027,62.9,64.9,0.021,0.25,2.55
CKR-027,64.9,66.9,0.012,0.25,2.54
CKR-027,66.9,68.9,0.015,0.25,2.5
CKR-027,68.9,70.9,0.055,0.25,2.56
CKR-027,70.9,72.9,0.016,0.25,2.47
CKR-027,72.9,74.2,0.005,0.25,2.53
CKR-028,3.3,5.3,,,2.52
CKR-028,5.3,7.3,0.024,0.25,2.54
CKR-028,7.3,9.3,0.015,0.25,2.57
CKR-028,9.3,11.3,0.02,0.25,2.52
CKR-028,11.3,13.3,0.012,0.25,2.53
CKR-028,13.3,15.3,0.005,0.25,2.49
CKR-028,15.3,17.3,0.024,0.25,2.49
CKR-028,17.3,19.3,0.027,0.25,2.5
CKR-028,19.3,21.3,0.043,0.25,2.54
CKR-028,21.3,23.3,0.016,0.25,2.59
CKR-028,23.3,25.3,0.011,0.25,2.54
CKR-028,25.3,27.3,0.048,0.25,2.52
CKR-028,27.3,29.3,0.017,0.25,2.53
CKR-028,29.3,31.3,0.042,0.25,2.53
CKR-028,31.3,33.3,0.018,0.25,2.49
CKR-028,33.3,35.3,0.015,0.25,2.5
CKR-028,35.3,37.3,0.019,0.25,2.52
CKR-028,37.3,39.3,0.01,0.25,2.6
CKR-028,39.3,41.3,0.023,0.25,2.48
CKR-028,41.3,43.3,0.005,0.25,2.53
CKR-028,43.3,45.3,0.021,0.25,2.54
CKR-028,45.3,47.3,0.012,0.25,2.53
CKR-028,47.3,49.3,0.066,0.25,2.48
CKR-028,49.3,51.3,0.024,0.25,2.51
CKR-028,51.3,53.3,0.037,0.25,2.56
CKR-028,53.3,55.3,0.015,0.25,2.49
CKR-028,55.3,57.3,0.022,0.25,2.51
CKR-028,57.3,59.3,0.005,0.25,2.5
CKR-028,59.3,61.3,0.012,0.25,2.52
CKR-028,61.3,63.3,0.019,0.25,2.52
CKR-028,63.3,65.3,0.013,0.25,2.51
CKR-028,65.3,67.3,0.015,0.25,2.5
CKR-028,67.3,69.3,0.01,0.25,2.5
CKR-028,69.3,71.3,0.014,0.25,2.47
CKR-028,71.3,73.3,0.029,0.25,2.47
CKR-028,73.3,74.3,0.013,0.25,2.44
CKR-028,74.3,75.3,0.005,0.53,2.55
CKR-028,75.3,76.3,0.014,0.54,2.49
CKR-028,76.3,77.3,0.005,0.25,2.5
CKR-028,77.3,78.3,0.029,0.25,2.54
CKR-028,78.3,79.3,0.035,0.25,2.61
CKR-028,79.3,80.3,0.111,1.32,2.58
CKR-028,80.3,81.3,0.121,1.09,2.59
CKR-028,81.3,82.3,0.114,0.87,2.59
CKR-028,82.3,83.3,0.157,0.79,2.6
CKR-028,83.3,84.3,0.137,1.21,2.61
CKR-028,84.3,85.3,0.672,4.63,2.64
CKR-028,85.3,86.3,6.133,49.24,2.62
CKR-028,86.3,87.3,1.237,7.36,2.6
CKR-028,87.3,88.3,0.636,3.25,2.62
CKR-028,88.3,89.3,0.26,1.55,2.52
CKR-028,89.3,90.3,0.109,1.16,2.58
CKR-028,90.3,91.3,0.227,1.37,2.55
CKR-028,91.3,92.3,0.072,0.25,2.6
CKR-028,92.3,93.3,0.081,0.53,2.59
CKR-028,93.3,94.3,0.053,0.25,2.58
CKR-028,94.3,95.3,0.033,0.25,2.59
CKR-028,95.3,96.3,0.01,0.25,2.51
CKR-028,96.3,97.3,0.02,0.25,2.48
CKR-028,97.3,98.3,0.03,0.25,2.48
CKR-028,98.3,99.3,0.019,0.25,2.55
CKR-028,99.3,100.3,0.014,0.25,2.57
CKR-028,100.3,101.3,0.005,0.25,2.46
CKR-028,101.3,103.3,0.02,0.25,2.49
CKR-028,103.3,105.3,0.013,0.25,2.5
CKR-028,105.3,107.3,0.034,0.25,2.56
CKR-028,107.3,109.3,0.021,0.58,2.56
CKR-028,109.3,111.3,0.022,0.25,2.6
CKR-028,111.3,113.3,0.011,0.25,2.52
CKR-028,113.3,115.3,0.033,0.25,2.5
CKR-028,115.3,117.3,0.025,0.25,2.55
CKR-028,117.3,119.3,0.041,0.25,2.59
CKR-028,119.3,121.3,0.01,0.25,2.52
CKR-028,121.3,123.3,0.018,0.25,2.49
CKR-028,123.3,125.3,0.014,0.25,2.56
CKR-028,125.3,127.3,0.018,0.25,2.5
CKR-028,127.3,129.3,0.024,0.25,2.51
CKR-029,2.4,4.4,,,2.47
CKR-029,4.4,6.4,0.034,0.51,2.54
CKR-029,6.4,8.4,0.015,0.25,2.52
CKR-029,8.4,10.4,0.016,0.25,2.47
CKR-029,10.4,12.4,0.005,0.25,2.52
CKR-029,12.4,14.4,0.029,0.25,2.49
CKR-029,14.4,16.4,0.018,0.25,2.49
CKR-029,16.4,18.4,0.011,0.25,2.52
CKR-029,18.4,20.4,0.021,0.25,2.51
CKR-029,20.4,22.4,0.016,0.25,2.51
CKR-029,22.4,24.4,0.019,0.25,2.46
CKR-029,24.4,26.4,0.014,0.25,2.48
CKR-029,26.4,28.4,0.005,0.25,2.5
CKR-029,28.4,30.4,0.051,0.25,2.48
CKR-029,30.4,32.4,0.005,0.25,2.52
CKR-029,32.4,34.4,0.04,0.25,2.48
CKR-029,34.4,36.4,0.015,0.25,2.51
CKR-029,36.4,38.4,0.019,0.25,2.49
CKR-029,38.4,40.4,0.057,0.25,2.53
CKR-029,40.4,42.4,0.015,0.25,2.52
CKR-029,42.4,44.4,0.02,0.25,2.51
CKR-029,44.4,46.4,0.015,0.25,2.47
CKR-029,46.4,48.4,0.005,0.25,2.5
CKR-029,48.4,50.4,0.02,0.25,2.54
CKR-029,50.4,52.4,0.019,0.25,2.54
CKR-029,52.4,54.4,0.036,0.25,2.52
CKR-029,54.4,56.4,0.018,0.25,2.51
CKR-029,56.4,58.4,0.012,0.25,2.56
CKR-029,58.4,60.4,0.019,0.25,2.51
CKR-029,60.4,62.4,0.005,0.25,2.61
CKR-029,62.4,64.4,0.021,0.25,2.54
CKR-029,64.4,66.4,0.016,0.25,2.49
CKR-029,66.4,68.4,0.011,0.25,2.57
CKR-029,68.4,70.4,0.024,0.25,2.56
CKR-029,70.4,72.4,0.012,0.25,2.56
CKR-029,72.4,74.4,0.005,0.25,2.48
CKR-029,74.4,76.4,0.005,0.25,2.49
CKR-029,76.4,78.4,0.032,0.25,2.56
CKR-029,78.4,80.4,0.031,0.25,2.52
CKR-029,80.4,82.4,0.005,0.25,2.45
CKR-029,82.4,84.4,0.005,0.25,2.51
CKR-029,84.4,86.4,0.016,0.25,2.53
CKR-029,86.4,88.4,0.015,0.25,2.52
CKR-029,88.4,90.4,0.005,0.25,2.54
CKR-029,90.4,92.4,0.031,0.25,2.55
CKR-029,92.4,94.4,0.028,0.53,2.55
CKR-029,94.4,96.4,0.02,0.25,2.53
CKR-029,96.4,98.4,0.014,0.25,2.55
CKR-029,98.4,100.4,0.02,0.25,2.51
CKR-029,100.4,102.4,0.017,0.25,2.51
CKR-029,102.4,104.4,0.018,0.25,2.5
CKR-029,104.4,106.4,0.019,0.25,2.52
CKR-029,106.4,108.4,0.012,0.25,2.51
CKR-029,108.4,110.4,0.018,0.25,2.5
CKR-029,110.4,112.4,0.029,0.25,2.48
CKR-029,112.4,114.4,0.005,0.25,2.52
CKR-029,114.4,116.4,0.012,0.25,2.48
CKR-029,116.4,118.4,0.014,0.25,2.48
CKR-029,118.4,120.4,0.028,0.25,2.54
CKR-029,120.4,122.4,0.023,0.25,2.53
CKR-029,122.4,124.4,0.005,0.25,2.54
CKR-029,124.4,126.4,0.018,0.25,2.54
CKR-029,126.4,128.4,0.021,0.25,2.57
CKR-029,128.4,130.4,0.017,0.25,2.52
CKR-029,130.4,132.4,0.015,0.25,2.54
CKR-029,132.4,134.4,0.005,0.25,2.53
CKR-029,134.4,136.4,0.037,0.25,2.55
CKR-029,136.4,138.4,0.031,0.25,2.5
CKR-029,138.4,140.4,0.05,0.25,2.51
CKR-029,140.4,142.4,0.021,0.25,2.51
CKR-029,142.4,144.4,0.019,0.25,2.56
CKR-029,144.4,146.4,0.018,0.25,2.55
CKR-029,146.4,148.4,0.015,0.25,2.54
CKR-029,148.4,150.4,0.02,0.25,2.53
CKR-029,150.4,152.4,0.018,0.25,2.55
CKR-029,152.4,154.4,0.013,0.25,2.54
CKR-029,154.4,156.4,0.005,0.25,2.56
CKR-029,156.4,158.4,0.024,0.25,2.51
CKR-029,158.4,160.4,0.016,0.25,2.52
CKR-029,160.4,162.4,0.013,0.25,2.56
CKR-029,162.4,164.4,0.037,0.25,2.49
CKR-029,164.4,166.4,0.044,0.25,2.59
CKR-029,166.4,167.4,0.019,0.75,2.48
CKR-029,167.4,168.4,0.011,0.25,2.46
CKR-029,168.4,169.4,0.02,0.25,2.47
CKR-029,169.4,170.4,0.029,0.25,2.49
CKR-029,170.4,171.4,0.072,0.77,2.64
CKR-029,171.4,172.4,0.264,4.34,2.59
CKR-029,172.4,173.4,0.5,4.85,2.56
CKR-029,173.4,174.4,0.502,8.25,2.56
CKR-029,174.4,175.4,0.383,3.65,2.58
CKR-029,175.4,176.4,0.352,2.82,2.6
CKR-029,176.4,177.4,0.362,5.83,2.51
CKR-029,177.4,178.4,0.19,2.03,2.6
CKR-029,178.4,179.4,0.31,2.72,2.55
CKR-029,179.4,180.4,0.223,2.06,2.59
CKR-029,180.4,181.4,0.088,0.87,2.58
CKR-029,181.4,182.4,0.133,0.88,2.55
CKR-029,182.4,183.4,0.043,0.25,2.59
CKR-029,183.4,184.4,0.015,0.25,2.53
CKR-029,184.4,185.4,0.005,0.25,2.54
CKR-029,185.4,186.4,0.005,0.25,2.55
CKR-029,186.4,187.4,0.016,0.25,2.56
CKR-029,187.4,188.4,0.02,0.25,2.52
CKR-029,188.4,189.4,0.005,0.25,2.49
CKR-029,189.4,191.4,0.028,0.25,2.45
CKR-029,191.4,193.4,0.017,0.25,2.53
CKR-029,193.4,195.4,0.005,0.25,2.5
CKR-029,195.4,197.5,0.014,0.25,2.58
CKR-030,3.2,4.2,,,2.61
CKR-030,4.2,5.2,0.472,3.5,2.57
CKR-030,5.2,6.2,0.213,1.25,2.57
CKR-030,6.2,7.2,0.164,1.39,2.59
CKR-030,7.2,8.2,0.091,0.91,2.54
CKR-030,8.2,9.2,0.107,0.74,2.62
CKR-030,9.2,10.2,0.024,0.25,2.47
CKR-030,10.2,11.2,0.014,0.25,2.6
CKR-030,11.2,12.2,0.017,0.25,2.52
CKR-030,12.2,13.2,0.015,0.25,2.47
CKR-030,13.2,14.2,0.032,0.25,2.5
CKR-030,14.2,15.2,0.005,0.25,2.57
CKR-030,15.2,17.2,0.011,0.25,2.55
CKR-030,17.2,19.2,0.012,0.25,2.51
CKR-030,19.2,21.2,0.02,0.25,2.55
CKR-030,21.2,23.2,0.027,0.25,2.58
CKR-030,23.2,25.2,0.028,0.25,2.46
CKR-030,25.2,27.2,0.005,0.25,2.48
CKR-030,27.2,29.2,0.021,0.25,2.52
CKR-030,29.2,31.2,0.021,0.25,2.55
CKR-030,31.2,33.2,0.022,0.25,2.53
CKR-030,33.2,35.2,0.035,0.25,2.49
CKR-030,35.2,37.2,0.017,0.25,2.45
CKR-030,37.2,39.2,0.015,0.25,2.51
CKR-030,39.2,41.2,0.016,0.25,2.5
CKR-030,41.2,43.2,0.019,0.25,2.53
CKR-030,43.2,45.2,0.018,0.25,2.5
CKR-030,45.2,47.2,0.014,0.25,2.5
CKR-030,47.2,49.2,0.018,0.25,2.57
CKR-030,49.2,51.2,0.005,0.25,2.51
CKR-030,51.2,53.2,0.01,0.25,2.52
CKR-030,53.2,55.2,0.032,0.25,2.54
CKR-030,55.2,57.2,0.015,0.25,2.56
CKR-030,57.2,59.2,0.024,0.25,2.49
CKR-030,59.2,61.2,0.024,0.25,2.49
CKR-030,61.2,62.6,0.013,0.25,2.58
CKR-031,3.0,5.0,,,2.45
CKR-031,5.0,6.0,0.029,0.25,2.52
CKR-031,6.0,7.0,0.018,0.25,2.54
CKR-031,7.0,8.0,0.026,0.25,2.5
CKR-031,8.0,9.0,0.025,0.25,2.52
CKR-031,9.0,10.0,0.023,0.25,2.53
CKR-031,10.0,11.0,0.03,0.25,2.54
CKR-031,11.0,12.0,0.106,0.64,2.52
CKR-031,12.0,13.0,0.155,1.05,2.53
CKR-031,13.0,14.0,0.121,1.02,2.58
CKR-031,14.0,15.0,0.099,0.57,2.59
CKR-031,15.0,16.0,0.275,1.49,2.62
CKR-031,16.0,17.0,1.325,5.77,2.64
CKR-031,17.0,18.0,1.017,5.92,2.66
CKR-031,18.0,19.0,0.466,3.39,2.66
CKR-031,19.0,20.0,0.403,1.98,2.65
CKR-031,20.0,21.0,0.77,3.47,2.61
CKR-031,21.0,22.0,1.039,4.74,2.61
CKR-031,22.0,23.0,0.427,2.41,2.59
CKR-031,23.0,24.0,0.143,0.93,2.58
CKR-031,24.0,25.0,0.1,0.64,2.57
CKR-031,25.0,26.0,0.085,0.25,2.62
CKR-031,26.0,27.0,0.049,0.25,2.61
CKR-031,27.0,28.0,0.012,0.25,2.6
CKR-031,28.0,29.0,0.005,0.25,2.63
CKR-031,29.0,30.0,0.012,0.25,2.48
CKR-031,30.0,31.0,0.014,0.25,2.46
CKR-031,31.0,32.0,0.03,0.78,2.49
CKR-031,32.0,33.0,0.031,0.9,2.55
CKR-031,33.0,35.0,0.054,0.25,2.52
CKR-031,35.0,37.0,0.013,0.25,2.53
CKR-031,37.0,39.0,0.013,0.25,2.47
CKR-031,39.0,41.0,0.005,0.25,2.52
CKR-031,41.0,43.0,0.013,0.25,2.57
CKR-031,43.0,45.0,0.026,0.25,2.55
CKR-031,45.0,47.0,0.012,0.25,2.49
CKR-031,47.0,49.0,0.005,0.25,2.52
CKR-031,49.0,51.0,0.042,0.25,2.49
CKR-031,51.0,53.0,0.049,0.25,2.54
CKR-031,53.0,55.0,0.045,0.25,2.53
CKR-031,55.0,57.0,0.017,0.25,2.59
CKR-031,57.0,59.0,0.026,0.25,2.53
CKR-031,59.0,61.0,0.012,0.25,2.56
CKR-031,61.0,61.6,0.022,0.25,2.57
CKR-032,2.1,4.1,,,2.52
CKR-032,4.1,6.1,0.02,0.25,2.48
CKR-032,6.1,8.1,0.013,0.25,2.52
CKR-032,8.1,10.1,0.005,0.25,2.53
CKR-032,10.1,12.1,0.013,0.25,2.52
CKR-032,12.1,14.1,0.016,0.25,2.51
CKR-032,14.1,16.1,0.02,0.25,2.54
CKR-032,16.1,18.1,0.016,0.25,2.46
CKR-032,18.1,20.1,0.02,0.25,2.53
CKR-032,20.1,22.1,0.011,0.25,2.52
CKR-032,22.1,24.1,0.023,0.25,2.52
CKR-032,24.1,26.1,0.026,0.25,2.53
CKR-032,26.1,28.1,0.011,0.25,2.51
CKR-032,28.1,30.1,0.016,0.25,2.5
CKR-032,30.1,32.1,0.023,0.58,2.54
CKR-032,32.1,34.1,0.014,0.25,2.57
CKR-032,34.1,36.1,0.005,0.25,2.57
CKR-032,36.1,38.1,0.012,0.25,2.47
CKR-032,38.1,40.1,0.025,0.25,2.5
CKR-032,40.1,42.1,0.02,0.25,2.51
CKR-032,42.1,44.1,0.017,0.25,2.5
CKR-032,44.1,46.1,0.023,0.25,2.49
CKR-032,46.1,48.1,0.014,0.25,2.45
CKR-032,48.1,50.1,0.014,0.25,2.52
CKR-032,50.1,52.1,0.016,0.25,2.47
CKR-032,52.1,54.1,0.013,0.51,2.49
CKR-032,54.1,56.1,0.022,0.25,2.5
CKR-032,56.1,58.1,0.016,0.25,2.48
CKR-032,58.1,60.1,0.014,0.25,2.54
CKR-032,60.1,62.1,0.02,0.25,2.51
CKR-032,62.1,63.1,0.032,0.25,2.59
CKR-032,63.1,64.1,0.014,0.25,2.54
CKR-032,64.1,65.1,0.021,0.25,2.52
CKR-032,65.1,66.1,0.005,0.25,2.63
CKR-032,66.1,67.1,0.025,0.25,2.46
CKR-032,67.1,68.1,0.046,0.25,2.55
CKR-032,68.1,69.1,0.1,0.58,2.53
CKR-032,69.1,70.1,0.129,0.88,2.59
CKR-032,70.1,71.1,0.136,0.93,2.55
CKR-032,71.1,72.1,0.108,0.7,2.57
CKR-032,72.1,73.1,0.213,1.25,2.57
CKR-032,73.1,74.1,0.21,1.46,2.54
CKR-032,74.1,75.1,0.244,1.66,2.56
CKR-032,75.1,76.1,3.12,17.19,2.59
CKR-032,76.1,77.1,2.61,11.48,2.62
CKR-032,77.1,78.1,1.231,8.24,2.56
CKR-032,78.1,79.1,3.424,23.83,2.59
CKR-032,79.1,80.1,0.464,4.39,2.53
CKR-032,80.1,81.1,0.379,1.7,2.52
CKR-032,81.1,82.1,0.229,1.25,2.61
CKR-032,82.1,83.1,0.28,1.66,2.56
CKR-032,83.1,84.1,0.168,0.98,2.58
CKR-032,84.1,85.1,0.11,0.53,2.52
CKR-032,85.1,86.1,0.07,0.25,2.55
CKR-032,86.1,87.1,0.05,0.5,2.58
CKR-032,87.1,88.1,0.015,0.25,2.54
CKR-032,88.1,89.1,0.005,0.25,2.5
CKR-032,89.1,90.1,0.015,0.25,2.57
CKR-032,90.1,91.1,0.01,0.25,2.56
CKR-032,91.1,92.1,0.005,0.25,2.54
CKR-032,92.1,93.1,0.092,0.25,2.47
CKR-032,93.1,95.1,0.012,0.25,2.51
CKR-032,95.1,97.1,0.005,0.25,2.5
CKR-032,97.1,99.1,0.02,0.25,2.52
CKR-032,99.1,101.1,0.04,0.25,2.49
CKR-032,101.1,103.1,0.005,0.25,2.56
CKR-032,103.1,105.1,0.028,0.25,2.53
CKR-032,105.1,107.1,0.024,0.25,2.59
CKR-032,107.1,109.1,0.015,0.25,2.55
CKR-032,109.1,111.1,0.016,0.25,2.5
CKR-032,111.1,112.5,0.014,0.25,2.5
CKR-033,4.2,6.2,,,2.57
CKR-033,6.2,8.2,0.014,0.25,2.5
CKR-033,8.2,10.2,0.015,0.25,2.58
CKR-033,10.2,12.2,0.013,0.25,2.52
CKR-033,12.2,14.2,0.031,0.25,2.56
CKR-033,14.2,16.2,0.016,0.25,2.53
CKR-033,16.2,18.2,0.016,0.25,2.5
CKR-033,18.2,20.2,0.013,0.25,2.5
CKR-033,20.2,22.2,0.005,0.25,2.52
CKR-033,22.2,24.2,0.017,0.25,2.49
CKR-033,24.2,26.2,0.011,0.25,2.53
CKR-033,26.2,28.2,0.015,0.25,2.58
CKR-033,28.2,30.2,0.016,0.25,2.5
CKR-033,30.2,32.2,0.022,0.25,2.49
CKR-033,32.2,34.2,0.005,0.25,2.5
CKR-033,34.2,36.2,0.012,0.25,2.47
CKR-033,36.2,38.2,0.047,0.25,2.54
CKR-033,38.2,40.2,0.019,0.25,2.5
CKR-033,40.2,42.2,0.014,0.25,2.49
CKR-033,42.2,44.2,0.021,0.25,2.51
CKR-033,44.2,46.2,0.015,0.25,2.52
CKR-033,46.2,48.2,0.022,0.25,2.52
CKR-033,48.2,50.2,0.018,0.25,2.53
CKR-033,50.2,52.2,0.023,0.25,2.55
CKR-033,52.2,54.2,0.026,0.25,2.53
CKR-033,54.2,56.2,0.019,0.25,2.54
CKR-033,56.2,58.2,0.013,0.25,2.54
CKR-033,58.2,60.2,0.014,0.25,2.53
CKR-033,60.2,62.2,0.018,0.25,2.55
CKR-033,62.2,64.2,0.013,0.25,2.49
CKR-033,64.2,66.2,0.016,0.25,2.5
CKR-033,66.2,68.2,0.005,0.25,2.58
CKR-033,68.2,70.2,0.02,0.25,2.54
CKR-033,70.2,72.2,0.015,0.25,2.52
CKR-033,72.2,74.2,0.005,0.25,2.53
CKR-033,74.2,76.2,0.022,0.25,2.52
CKR-033,76.2,78.2,0.01,0.25,2.55
CKR-033,78.2,80.2,0.02,0.25,2.42
CKR-033,80.2,82.2,0.021,0.25,2.53
CKR-033,82.2,84.2,0.022,0.25,2.54
CKR-033,84.2,86.2,0.012,0.25,2.55
CKR-033,86.2,88.2,0.028,0.25,2.58
CKR-033,88.2,90.2,0.014,0.25,2.49
CKR-033,90.2,92.2,0.005,0.25,2.53
CKR-033,92.2,94.2,0.026,0.25,2.55
CKR-033,94.2,96.2,0.04,0.25,2.58
CKR-033,96.2,98.2,0.023,0.25,2.53
CKR-033,98.2,100.2,0.013,0.25,2.55
CKR-033,100.2,102.2,0.01,0.25,2.54
CKR-033,102.2,104.2,0.014,0.25,2.5
CKR-033,104.2,106.2,0.005,0.25,2.47
CKR-033,106.2,108.2,0.019,0.25,2.51
CKR-033,108.2,110.2,0.033,0.25,2.48
CKR-033,110.2,112.2,0.029,0.25,2.59
CKR-033,112.2,114.2,0.01,0.25,2.51
CKR-033,114.2,116.2,0.005,0.25,2.56
CKR-033,116.2,118.2,0.019,0.25,2.53
CKR-033,118.2,120.2,0.013,0.25,2.53
CKR-033,120.2,122.2,0.016,0.25,2.51
CKR-033,122.2,124.2,0.02,0.25,2.48
CKR-033,124.2,126.2,0.026,0.52,2.5
CKR-033,126.2,128.2,0.015,0.25,2.56
CKR-033,128.2,130.2,0.011,0.25,2.48
CKR-033,130.2,132.2,0.019,0.25,2.5
CKR-033,132.2,134.2,0.012,0.25,2.56
CKR-033,134.2,136.2,0.028,0.25,2.51
CKR-033,136.2,138.2,0.02,0.25,2.53
CKR-033,138.2,140.2,0.026,0.25,2.57
CKR-033,140.2,142.2,0.005,0.25,2.51
CKR-033,142.2,144.2,0.023,0.25,2.5
CKR-033,144.2,146.2,0.005,0.25,2.54
CKR-033,146.2,148.2,0.005,0.25,2.52
CKR-033,148.2,150.2,0.014,0.25,2.5
CKR-033,150.2,152.2,0.013,0.25,2.52
CKR-033,152.2,154.2,0.015,0.25,2.52
CKR-033,154.2,156.2,0.038,0.25,2.52
CKR-033,156.2,158.2,0.021,0.75,2.48
CKR-033,158.2,160.2,0.032,0.25,2.58
CKR-033,160.2,162.2,0.011,0.25,2.5
CKR-033,162.2,164.2,0.015,0.25,2.55
CKR-033,164.2,166.2,0.025,0.25,2.6
CKR-033,166.2,168.2,0.023,0.25,2.47
CKR-033,168.2,170.2,0.013,0.25,2.48
CKR-033,170.2,171.2,0.018,0.25,2.51
CKR-033,171.2,172.2,0.005,0.25,2.54
CKR-033,172.2,173.2,0.022,0.25,2.61
CKR-033,173.2,174.2,0.017,0.64,2.51
CKR-033,174.2,175.2,0.014,0.25,2.55
CKR-033,175.2,176.2,0.2,3.92,2.59
CKR-033,176.2,177.2,0.19,2.63,2.56
CKR-033,177.2,178.2,0.209,3.77,2.58
CKR-033,178.2,179.2,0.412,3.86,2.57
CKR-033,179.2,180.2,0.249,5.82,2.54
CKR-033,180.2,181.2,0.243,1.79,2.55
CKR-033,181.2,182.2,2.305,31.08,2.61
CKR-033,182.2,183.2,1.44,22.55,2.59
CKR-033,183.2,184.2,1.299,18.86,2.62
CKR-033,184.2,185.2,0.723,6.65,2.63
CKR-033,185.2,186.2,0.322,4.85,2.55
CKR-033,186.2,187.2,0.198,2.74,2.56
CKR-033,187.2,188.2,0.14,1.26,2.45
CKR-033,188.2,189.2,0.158,0.96,2.58
CKR-033,189.2,190.2,0.057,0.54,2.51
CKR-033,190.2,191.2,0.064,0.25,2.59
CKR-033,191.2,192.2,0.011,0.25,2.5
CKR-033,192.2,193.2,0.017,0.25,2.56
CKR-033,193.2,194.2,0.011,0.25,2.58
CKR-033,194.2,195.2,0.005,0.67,2.55
CKR-033,195.2,196.2,0.054,0.25,2.48
CKR-033,196.2,197.2,0.005,0.25,2.5
CKR-033,197.2,199.2,0.014,0.25,2.54
CKR-033,199.2,201.2,0.025,0.25,2.46
CKR-033,201.2,203.2,0.013,0.25,2.56
CKR-033,203.2,205.2,0.012,0.25,2.48
CKR-033,205.2,207.2,0.027,0.25,2.54
CKR-033,207.2,209.2,0.022,0.25,2.53
CKR-033,209.2,211.2,0.039,0.25,2.49
CKR-033,211.2,213.2,0.03,0.25,2.55
CKR-033,213.2,215.2,0.028,0.25,2.61
CKR-033,215.2,217.2,0.046,0.25,2.51
CKR-033,217.2,219.2,0.012,0.25,2.51
CKR-033,219.2,221.2,0.012,0.25,2.53
CKR-033,221.2,222.1,0.037,0.25,2.5
CKR-034,3.8,4.8,,,2.52
CKR-034,4.8,5.8,0.061,0.25,2.6
CKR-034,5.8,6.8,0.139,0.25,2.57
CKR-034,6.8,7.8,0.042,0.25,2.55
CKR-034,7.8,8.8,0.036,0.25,2.52
CKR-034,8.8,9.8,0.012,0.25,2.51
CKR-034,9.8,10.8,0.005,0.25,2.51
CKR-034,10.8,11.8,0.014,0.25,2.51
CKR-034,11.8,12.8,0.014,0.25,2.48
CKR-034,12.8,13.8,0.013,0.25,2.56
CKR-034,13.8,15.8,0.014,0.25,2.52
CKR-034,15.8,17.8,0.038,0.25,2.49
CKR-034,17.8,19.8,0.01,0.25,2.48
CKR-034,19.8,21.8,0.039,0.25,2.51
CKR-034,21.8,23.8,0.014,0.25,2.53
CKR-034,23.8,25.8,0.023,0.25,2.52
CKR-034,25.8,27.8,0.014,0.25,2.6
CKR-034,27.8,29.8,0.023,0.25,2.54
CKR-034,29.8,31.8,0.015,0.25,2.51
CKR-034,31.8,33.8,0.015,0.25,2.52
CKR-034,33.8,35.8,0.01,0.25,2.52
CKR-034,35.8,37.8,0.024,0.25,2.51
CKR-034,37.8,39.8,0.029,0.25,2.51
CKR-034,39.8,41.8,0.014,0.25,2.61
CKR-034,41.8,43.8,0.024,0.25,2.57
CKR-034,43.8,45.8,0.021,0.25,2.57
CKR-034,45.8,47.8,0.028,0.25,2.48
CKR-034,47.8,49.8,0.031,0.25,2.59
CKR-034,49.8,51.9,0.013,0.25,2.53
CKR-035,3.9,4.9,,,2.54
CKR-035,4.9,5.9,0.476,6.14,2.58
CKR-035,5.9,6.9,0.765,5.23,2.61
CKR-035,6.9,7.9,0.173,1.25,2.58
CKR-035,7.9,8.9,1.307,15.72,2.58
CKR-035,8.9,9.9,0.315,2.47,2.55
CKR-035,9.9,10.9,0.362,1.38,2.62
CKR-035,10.9,11.9,6.557,49.46,2.68
CKR-035,11.9,12.9,0.656,5.71,2.57
CKR-035,12.9,13.9,0.124,0.75,2.46
CKR-035,13.9,14.9,0.112,1.05,2.6
CKR-035,14.9,15.9,0.065,0.25,2.6
CKR-035,15.9,16.9,0.118,1.05,2.61
CKR-035,16.9,17.9,0.019,0.25,2.49
CKR-035,17.9,18.9,0.005,0.25,2.46
CKR-035,18.9,19.9,0.013,0.25,2.52
CKR-035,19.9,20.9,0.015,0.25,2.5
CKR-035,20.9,21.9,0.024,0.25,2.48
CKR-035,21.9,22.9,0.015,0.25,2.58
CKR-035,22.9,24.9,0.005,0.25,2.52
CKR-035,24.9,26.9,0.026,0.25,2.49
CKR-035,26.9,28.9,0.014,0.25,2.48
CKR-035,28.9,30.9,0.023,0.25,2.56
CKR-035,30.9,32.9,0.005,0.25,2.47
CKR-035,32.9,34.9,0.018,0.25,2.48
CKR-035,34.9,36.9,0.027,0.25,2.55
CKR-035,36.9,38.9,0.024,0.25,2.6
CKR-035,38.9,40.9,0.017,0.25,2.51
CKR-035,40.9,42.9,0.042,0.25,2.57
CKR-035,42.9,44.9,0.011,0.25,2.49
CKR-035,44.9,46.9,0.011,0.25,2.53
CKR-035,46.9,47.4,0.005,0.25,2.53
CKR-036,4.4,6.4,,,2.5
CKR-036,6.4,8.4,0.005,0.25,2.54
CKR-036,8.4,10.4,0.019,0.25,2.49
CKR-036,10.4,12.4,0.005,0.25,2.5
CKR-036,12.4,14.4,0.023,0.25,2.57
CKR-036,14.4,16.4,0.017,0.25,2.52
CKR-036,16.4,18.4,0.012,0.25,2.5
CKR-036,18.4,20.4,0.005,0.25,2.54
CKR-036,20.4,22.4,0.024,0.25,2.54
CKR-036,22.4,24.4,0.015,0.25,2.47
CKR-036,24.4,26.4,0.005,0.25,2.52
CKR-036,26.4,28.4,0.011,0.25,2.53
CKR-036,28.4,30.4,0.017,0.25,2.53
CKR-036,30.4,32.4,0.041,0.25,2.56
CKR-036,32.4,34.4,0.01,0.25,2.52
CKR-036,34.4,36.4,0.021,0.25,2.53
CKR-036,36.4,38.4,0.005,0.25,2.5
CKR-036,38.4,40.4,0.022,0.25,2.52
CKR-036,40.4,42.4,0.013,0.25,2.48
CKR-036,42.4,44.4,0.021,0.25,2.52
CKR-036,44.4,46.4,0.02,0.25,2.45
CKR-036,46.4,48.4,0.013,0.25,2.52
CKR-036,48.4,49.4,0.017,0.25,2.48
CKR-036,49.4,50.4,0.027,0.25,2.56
CKR-036,50.4,51.4,0.005,0.63,2.54
CKR-036,51.4,52.4,0.005,0.25,2.5
CKR-036,52.4,53.4,0.028,0.25,2.52
CKR-036,53.4,54.4,0.055,1.36,2.55
CKR-036,54.4,55.4,0.064,0.97,2.54
CKR-036,55.4,56.4,0.07,1.28,2.52
CKR-036,56.4,57.4,0.088,2.28,2.54
CKR-036,57.4,58.4,0.071,1.46,2.66
CKR-036,58.4,59.4,0.201,4.15,2.64
CKR-036,59.4,60.4,0.28,4.98,2.67
CKR-036,60.4,61.4,0.43,6.59,2.64
CKR-036,61.4,62.4,0.182,5.14,2.64
CKR-036,62.4,63.4,0.84,22.75,2.58
CKR-036,63.4,64.4,0.473,11.72,2.54
CKR-036,64.4,65.4,0.098,2.01,2.58
CKR-036,65.4,66.4,0.097,2.26,2.51
CKR-036,66.4,67.4,0.051,1.49,2.6
CKR-036,67.4,68.4,0.085,2.23,2.57
CKR-036,68.4,69.4,0.048,1.55,2.55
CKR-036,69.4,70.4,0.014,0.25,2.5
CKR-036,70.4,71.4,0.018,0.25,2.45
CKR-036,71.4,72.4,0.005,0.25,2.46
CKR-036,72.4,73.4,0.011,0.25,2.54
CKR-036,73.4,74.4,0.014,0.25,2.54
CKR-036,74.4,75.4,0.04,0.25,2.49
CKR-036,75.4,77.4,0.029,0.25,2.51
CKR-036,77.4,79.4,0.023,0.25,2.54
CKR-036,79.4,81.4,0.025,0.25,2.53
CKR-036,81.4,83.4,0.005,0.25,2.54
CKR-036,83.4,85.4,0.021,0.25,2.53
CKR-036,85.4,87.4,0.005,0.25,2.48
CKR-036,87.4,89.4,0.015,0.25,2.52
CKR-036,89.4,91.4,0.033,0.25,2.51
CKR-036,91.4,93.4,0.01,0.25,2.51
CKR-036,93.4,95.4,0.021,0.25,2.52
CKR-036,95.4,97.4,0.023,0.25,2.44
CKR-036,97.4,99.4,0.018,0.25,2.49
CKR-036,99.4,101.4,0.015,0.25,2.53
CKR-036,101.4,102.6,0.023,0.25,2.59
CKR-037,4.9,6.9,,,2.52
CKR-037,6.9,8.9,0.011,0.25,2.51
CKR-037,8.9,10.9,0.014,0.25,2.55
CKR-037,10.9,12.9,0.024,0.25,2.48
CKR-037,12.9,14.9,0.016,0.25,2.52
CKR-037,14.9,16.9,0.02,0.25,2.48
CKR-037,16.9,18.9,0.012,0.25,2.55
CKR-037,18.9,20.9,0.017,0.25,2.44
CKR-037,20.9,22.9,0.017,0.25,2.54
CKR-037,22.9,24.9,0.024,0.25,2.51
CKR-037,24.9,26.9,0.013,0.25,2.51
CKR-037,26.9,28.9,0.005,0.25,2.48
CKR-037,28.9,30.9,0.06,0.25,2.52
CKR-037,30.9,32.9,0.036,0.25,2.51
CKR-037,32.9,34.9,0.005,0.25,2.48
CKR-037,34.9,36.9,0.011,0.25,2.55
CKR-037,36.9,38.9,0.011,0.25,2.49
CKR-037,38.9,40.9,0.02,0.53,2.5
CKR-037,40.9,42.9,0.014,0.25,2.6
CKR-037,42.9,44.9,0.02,0.25,2.55
CKR-037,44.9,46.9,0.034,0.25,2.53
CKR-037,46.9,48.9,0.047,0.25,2.46
CKR-037,48.9,50.9,0.036,0.25,2.57
CKR-037,50.9,52.9,0.017,0.25,2.58
CKR-037,52.9,54.9,0.024,0.25,2.48
CKR-037,54.9,56.9,0.01,0.25,2.51
CKR-037,56.9,58.9,0.013,0.25,2.5
CKR-037,58.9,60.9,0.016,0.25,2.51
CKR-037,60.9,62.9,0.019,0.25,2.58
CKR-037,62.9,64.9,0.01,0.25,2.52
CKR-037,64.9,66.9,0.005,0.25,2.51
CKR-037,66.9,68.9,0.025,0.25,2.47
CKR-037,68.9,70.9,0.03,0.25,2.52
CKR-037,70.9,72.9,0.025,0.25,2.54
CKR-037,72.9,74.9,0.023,0.25,2.54
CKR-037,74.9,76.9,0.012,0.25,2.52
CKR-037,76.9,78.9,0.02,0.51,2.49
CKR-037,78.9,80.9,0.049,0.25,2.53
CKR-037,80.9,82.9,0.038,0.25,2.47
CKR-037,82.9,84.9,0.022,0.25,2.52
CKR-037,84.9,86.9,0.011,0.25,2.51
CKR-037,86.9,88.9,0.015,0.25,2.45
CKR-037,88.9,90.9,0.005,0.25,2.57
CKR-037,90.9,92.9,0.012,0.25,2.5
CKR-037,92.9,94.9,0.005,0.25,2.54
CKR-037,94.9,96.9,0.02,0.25,2.5
CKR-037,96.9,98.9,0.011,0.25,2.52
CKR-037,98.9,100.9,0.019,0.25,2.56
CKR-037,100.9,102.9,0.023,0.25,2.52
CKR-037,102.9,104.9,0.015,0.25,2.49
CKR-037,104.9,106.9,0.014,0.25,2.54
CKR-037,106.9,108.9,0.005,0.25,2.54
CKR-037,108.9,110.9,0.012,0.25,2.45
CKR-037,110.9,112.9,0.016,0.25,2.53
CKR-037,112.9,114.9,0.021,0.25,2.49
CKR-037,114.9,116.9,0.019,0.25,2.54
CKR-037,116.9,117.9,0.013,0.25,2.47
CKR-037,117.9,118.9,0.019,0.25,2.44
CKR-037,118.9,119.9,0.011,0.25,2.4
CKR-037,119.9,120.9,0.012,0.25,2.54
CKR-037,120.9,121.9,0.038,0.25,2.61
CKR-037,121.9,122.9,0.043,0.25,2.61
CKR-037,122.9,123.9,0.024,0.25,2.61
CKR-037,123.9,124.9,0.07,0.25,2.6
CKR-037,124.9,125.9,0.044,0.25,2.62
CKR-037,125.9,126.9,0.038,0.25,2.55
CKR-037,126.9,127.9,0.087,0.25,2.6
CKR-037,127.9,128.9,0.168,0.96,2.61
CKR-037,128.9,129.9,0.091,0.54,2.62
CKR-037,129.9,130.9,0.343,1.99,2.62
CKR-037,130.9,131.9,0.099,0.76,2.56
CKR-037,131.9,132.9,0.095,0.68,2.56
CKR-037,132.9,133.9,0.124,0.91,2.57
CKR-037,133.9,134.9,0.125,0.98,2.54
CKR-037,134.9,135.9,0.13,0.51,2.62
CKR-037,135.9,136.9,0.073,0.5,2.56
CKR-037,136.9,137.9,0.058,0.25,2.54
CKR-037,137.9,138.9,0.069,0.25,2.49
CKR-037,138.9,139.9,0.026,0.25,2.48
CKR-037,139.9,140.9,0.016,0.25,2.48
CKR-037,140.9,141.9,0.025,0.25,2.55
CKR-037,141.9,142.9,0.027,0.25,2.59
CKR-037,142.9,143.9,0.021,0.25,2.56
CKR-037,143.9,144.9,0.021,0.25,2.48
CKR-037,144.9,146.9,0.005,0.25,2.56
CKR-037,146.9,148.9,0.013,0.25,2.46
CKR-037,148.9,150.9,0.031,0.25,2.56
CKR-037,150.9,152.9,0.005,0.25,2.51
CKR-037,152.9,154.9,0.01,0.25,2.53
CKR-037,154.9,156.9,0.024,0.25,2.55
CKR-037,156.9,158.9,0.005,0.25,2.49
CKR-037,158.9,160.9,0.015,0.25,2.54
CKR-037,160.9,162.9,0.012,0.25,2.56
CKR-037,162.9,164.9,0.018,0.25,2.54
CKR-037,164.9,166.9,0.046,0.25,2.52
CKR-037,166.9,168.5,0.016,0.25,2.49
CKR-038,4.8,5.8,,,2.53
CKR-038,5.8,6.8,0.005,0.25,2.52
CKR-038,6.8,7.8,0.016,0.25,2.51
CKR-038,7.8,8.8,0.021,0.25,2.46
CKR-038,8.8,9.8,0.018,0.25,2.54
CKR-038,9.8,11.8,0.023,0.25,2.52
CKR-038,11.8,13.8,0.032,0.25,2.52
CKR-038,13.8,15.8,0.02,0.25,2.52
CKR-038,15.8,17.8,0.017,0.25,2.53
CKR-038,17.8,19.8,0.06,0.25,2.51
CKR-038,19.8,21.8,0.047,0.5,2.53
CKR-038,21.8,23.8,0.005,0.25,2.57
CKR-038,23.8,25.8,0.019,0.25,2.49
CKR-038,25.8,27.8,0.019,0.25,2.52
CKR-038,27.8,29.8,0.094,0.25,2.52
CKR-038,29.8,31.8,0.018,0.25,2.51
CKR-038,31.8,33.8,0.034,0.25,2.54
CKR-038,33.8,35.8,0.028,0.25,2.5
CKR-038,35.8,37.8,0.017,0.25,2.55
CKR-038,37.8,39.8,0.023,0.25,2.52
CKR-038,39.8,41.8,0.019,0.25,2.54
CKR-038,41.8,43.8,0.018,0.25,2.5
CKR-038,43.8,45.8,0.015,0.25,2.52
CKR-038,45.8,47.8,0.012,0.25,2.5
CKR-038,47.8,49.8,0.029,0.25,2.55
CKR-038,49.8,51.3,0.021,0.25,2.53
CKR-039,2.7,3.7,,,2.55
CKR-039,3.7,4.7,0.005,0.25,2.47
CKR-039,4.7,5.7,0.018,0.25,2.5
CKR-039,5.7,6.7,0.005,0.25,2.44
CKR-039,6.7,7.7,0.012,0.25,2.48
CKR-039,7.7,8.7,0.056,0.66,2.54
CKR-039,8.7,9.7,0.089,0.76,2.6
CKR-039,9.7,10.7,0.146,1.22,2.59
CKR-039,10.7,11.7,0.336,3.27,2.54
CKR-039,11.7,12.7,0.404,3.96,2.48
CKR-039,12.7,13.7,0.327,2.53,2.56
CKR-039,13.7,14.7,2.035,18.14,2.6
CKR-039,14.7,15.7,3.33,25.95,2.64
CKR-039,15.7,16.7,11.249,125.01,2.61
CKR-039,16.7,17.7,8.221,78.63,2.65
CKR-039,17.7,18.7,8.498,88.15,2.57
CKR-039,18.7,19.7,4.089,37.15,2.6
CKR-039,19.7,20.7,9.785,84.18,2.6
CKR-039,20.7,21.7,5.442,50.45,2.6
CKR-039,21.7,22.7,0.418,2.63,2.58
CKR-039,22.7,23.7,0.158,1.17,2.56
CKR-039,23.7,24.7,0.286,2.77,2.57
CKR-039,24.7,25.7,0.104,0.75,2.6
CKR-039,25.7,26.7,0.051,0.25,2.55
CKR-039,26.7,27.7,0.018,0.61,2.51
CKR-039,27.7,28.7,0.016,0.25,2.54
CKR-039,28.7,29.7,0.011,0.25,2.49
CKR-039,29.7,30.7,0.015,0.25,2.49
CKR-039,30.7,31.7,0.005,0.25,2.53
CKR-039,31.7,32.7,0.015,0.25,2.59
CKR-039,32.7,34.7,0.011,0.25,2.5
CKR-039,34.7,36.7,0.011,0.54,2.53
CKR-039,36.7,38.7,0.041,0.25,2.53
CKR-039,38.7,40.7,0.042,0.25,2.54
CKR-039,40.7,42.7,0.033,0.25,2.55
CKR-039,42.7,44.7,0.016,0.25,2.53
CKR-039,44.7,46.7,0.005,0.25,2.49
CKR-039,46.7,48.7,0.013,0.25,2.53
CKR-039,48.7,50.7,0.013,0.25,2.52
CKR-039,50.7,52.7,0.005,0.25,2.55
CKR-039,52.7,54.7,0.03,0.54,2.58
CKR-039,54.7,56.7,0.015,0.25,2.54
CKR-039,56.7,57.1,0.015,0.25,2.59
CKR-040,3.6,5.6,,,2.45
CKR-040,5.6,7.6,0.005,0.25,2.52
CKR-040,7.6,9.6,0.021,0.25,2.56
CKR-040,9.6,11.6,0.032,0.25,2.57
CKR-040,11.6,13.6,0.005,0.25,2.5
CKR-040,13.6,15.6,0.017,0.25,2.58
CKR-040,15.6,17.6,0.013,0.25,2.48
CKR-040,17.6,19.6,0.019,0.25,2.55
CKR-040,19.6,21.6,0.018,0.25,2.52
CKR-040,21.6,23.6,0.005,0.25,2.58
CKR-040,23.6,25.6,0.005,0.25,2.51
CKR-040,25.6,27.6,0.019,0.25,2.54
CKR-040,27.6,29.6,0.011,0.25,2.5
CKR-040,29.6,31.6,0.026,0.25,2.55
CKR-040,31.6,33.6,0.042,0.25,2.58
CKR-040,33.6,35.6,0.017,0.25,2.52
CKR-040,35.6,37.6,0.005,0.25,2.48
CKR-040,37.6,39.6,0.014,0.25,2.47
CKR-040,39.6,41.6,0.005,0.25,2.55
CKR-040,41.6,42.6,0.015,0.25,2.52
CKR-040,42.6,43.6,0.021,0.25,2.45
CKR-040,43.6,44.6,0.011,0.25,2.55
CKR-040,44.6,45.6,0.005,0.25,2.47
CKR-040,45.6,46.6,0.013,0.25,2.51
CKR-040,46.6,47.6,0.026,0.25,2.5
CKR-040,47.6,48.6,0.054,1.02,2.56
CKR-040,48.6,49.6,0.208,2.9,2.56
CKR-040,49.6,50.6,0.162,2.61,2.56
CKR-040,50.6,51.6,0.254,4.23,2.59
CKR-040,51.6,52.6,1.49,22.71,2.64
CKR-040,52.6,53.6,1.475,20.89,2.67
CKR-040,53.6,54.6,1.179,26.28,2.59
CKR-040,54.6,55.6,9.434,129.33,2.55
CKR-040,55.6,56.6,1.162,20.54,2.67
CKR-040,56.6,57.6,3.43,57.94,2.62
CKR-040,57.6,58.6,2.597,33.06,2.62
CKR-040,58.6,59.6,0.191,2.29,2.6
CKR-040,59.6,60.6,0.251,4.1,2.53
CKR-040,60.6,61.6,0.182,3.03,2.56
CKR-040,61.6,62.6,0.094,1.3,2.6
CKR-040,62.6,63.6,0.07,1.86,2.53
CKR-040,63.6,64.6,0.015,0.25,2.49
CKR-040,64.6,65.6,0.053,0.25,2.54
CKR-040,65.6,66.6,0.02,0.25,2.61
CKR-040,66.6,67.6,0.011,0.25,2.46
CKR-040,67.6,68.6,0.011,0.25,2.56
CKR-040,68.6,69.6,0.005,0.25,2.54
CKR-040,69.6,71.6,0.005,0.25,2.5
CKR-040,71.6,73.6,0.005,0.25,2.52
CKR-040,73.6,75.6,0.01,0.25,2.49
CKR-040,75.6,77.6,0.005,0.25,2.55
CKR-040,77.6,79.6,0.013,0.25,2.51
CKR-040,79.6,80.2,0.025,0.25,2.58
CKR-041,4.8,6.8,,,2.53
CKR-041,6.8,8.8,0.021,0.25,2.53
CKR-041,8.8,10.8,0.036,0.25,2.48
CKR-041,10.8,12.8,0.014,0.25,2.53
CKR-041,12.8,14.8,0.012,0.25,2.55
CKR-041,14.8,16.8,0.033,0.25,2.53
CKR-041,16.8,18.8,0.011,0.25,2.53
CKR-041,18.8,20.8,0.01,0.56,2.49
CKR-041,20.8,22.8,0.01,0.25,2.48
CKR-041,22.8,24.8,0.019,0.25,2.53
CKR-041,24.8,26.8,0.027,0.25,2.49
CKR-041,26.8,28.8,0.011,0.25,2.52
CKR-041,28.8,30.8,0.026,0.25,2.51
CKR-041,30.8,32.8,0.015,0.25,2.58
CKR-041,32.8,34.8,0.023,0.25,2.53
CKR-041,34.8,36.8,0.005,0.25,2.56
CKR-041,36.8,38.8,0.013,0.25,2.53
CKR-041,38.8,40.8,0.013,0.25,2.52
CKR-041,40.8,42.8,0.022,0.25,2.48
CKR-041,42.8,44.8,0.024,0.25,2.6
CKR-041,44.8,46.8,0.017,0.25,2.5
CKR-041,46.8,48.8,0.026,0.25,2.59
CKR-041,48.8,50.8,0.014,0.25,2.51
CKR-041,50.8,52.8,0.02,0.25,2.44
CKR-041,52.8,54.8,0.035,0.25,2.56
CKR-041,54.8,56.8,0.013,0.25,2.49
CKR-041,56.8,58.8,0.014,0.25,2.52
CKR-041,58.8,60.8,0.043,0.25,2.56
CKR-041,60.8,62.8,0.005,0.25,2.58
CKR-041,62.8,64.8,0.024,0.25,2.58
CKR-041,64.8,66.8,0.021,0.25,2.5
CKR-041,66.8,68.8,0.022,0.25,2.49
CKR-041,68.8,70.8,0.013,0.25,2.51
CKR-041,70.8,72.8,0.015,0.25,2.57
CKR-041,72.8,74.8,0.026,0.25,2.49
CKR-041,74.8,76.8,0.005,0.25,2.49
CKR-041,76.8,78.8,0.013,0.25,2.5
CKR-041,78.8,80.8,0.018,0.25,2.57
CKR-041,80.8,82.8,0.023,0.25,2.51
CKR-041,82.8,84.8,0.013,0.25,2.52
CKR-041,84.8,86.8,0.017,0.25,2.5
CKR-041,86.8,88.8,0.017,0.25,2.55
CKR-041,88.8,90.8,0.02,0.25,2.51
CKR-041,90.8,92.8,0.017,0.25,2.49
CKR-041,92.8,94.8,0.014,0.25,2.5
CKR-041,94.8,96.8,0.033,0.25,2.49
CKR-041,96.8,98.8,0.019,0.25,2.6
CKR-041,98.8,100.8,0.018,0.25,2.49
CKR-041,100.8,102.8,0.018,0.25,2.51
CKR-041,102.8,104.8,0.012,0.25,2.55
CKR-041,104.8,106.8,0.024,0.25,2.57
CKR-041,106.8,108.8,0.016,0.25,2.52
CKR-041,108.8,110.8,0.026,0.25,2.53
CKR-041,110.8,112.8,0.027,0.25,2.55
CKR-041,112.8,114.8,0.026,0.25,2.48
CKR-041,114.8,116.8,0.025,0.25,2.56
CKR-041,116.8,118.8,0.005,0.25,2.54
CKR-041,118.8,120.8,0.005,0.25,2.56
CKR-041,120.8,122.8,0.005,0.25,2.55
CKR-041,122.8,124.8,0.031,0.25,2.54
CKR-041,124.8,126.8,0.011,0.25,2.49
CKR-041,126.8,128.8,0.016,0.25,2.56
CKR-041,128.8,130.8,0.005,0.25,2.53
CKR-041,130.8,132.8,0.033,0.25,2.55
CKR-041,132.8,134.8,0.013,0.25,2.52
CKR-041,134.8,136.8,0.005,0.25,2.55
CKR-041,136.8,138.8,0.016,0.25,2.54
CKR-041,138.8,140.8,0.013,0.25,2.53
CKR-041,140.8,142.8,0.005,0.25,2.52
CKR-041,142.8,144.8,0.024,0.25,2.51
CKR-041,144.8,146.8,0.031,0.25,2.5
CKR-041,146.8,148.8,0.01,0.25,2.5
CKR-041,148.8,150.8,0.005,0.25,2.54
CKR-041,150.8,152.8,0.012,0.25,2.53
CKR-041,152.8,153.8,0.013,0.25,2.58
CKR-041,153.8,154.8,0.005,0.25,2.55
CKR-041,154.8,155.8,0.005,0.25,2.49
CKR-041,155.8,156.8,0.046,0.25,2.49
CKR-041,156.8,157.8,0.014,0.25,2.56
CKR-041,157.8,158.8,0.08,1.84,2.57
CKR-041,158.8,159.8,0.116,2.33,2.59
CKR-041,159.8,160.8,0.192,3.71,2.54
CKR-041,160.8,161.8,0.163,3.1,2.53
CKR-041,161.8,162.8,1.147,15.37,2.59
CKR-041,162.8,163.8,0.74,13.31,2.61
CKR-041,163.8,164.8,0.235,6.32,2.62
CKR-041,164.8,165.8,1.452,29.74,2.63
CKR-041,165.8,166.8,0.129,2.78,2.57
CKR-041,166.8,167.8,0.086,1.17,2.57
CKR-041,167.8,168.8,0.094,2.91,2.55
CKR-041,168.8,169.8,0.083,1.37,2.61
CKR-041,169.8,170.8,0.036,0.52,2.54
CKR-041,170.8,171.8,0.013,0.25,2.53
CKR-041,171.8,172.8,0.012,0.25,2.6
CKR-041,172.8,173.8,0.018,0.25,2.51
CKR-041,173.8,174.8,0.02,0.25,2.49
CKR-041,174.8,175.8,0.038,0.25,2.6
CKR-041,175.8,176.8,0.014,0.25,2.49
CKR-041,176.8,178.8,0.005,0.25,2.57
CKR-041,178.8,180.8,0.023,0.25,2.49
CKR-041,180.8,182.8,0.019,0.25,2.51
CKR-041,182.8,184.8,0.013,0.25,2.46
CKR-041,184.8,186.8,0.01,0.25,2.57
CKR-041,186.8,188.8,0.017,0.25,2.55
CKR-041,188.8,190.8,0.025,0.25,2.57
CKR-041,190.8,192.8,0.024,0.25,2.49
CKR-041,192.8,194.8,0.021,0.25,2.48
CKR-041,194.8,196.8,0.014,0.25,2.5
CKR-041,196.8,198.8,0.017,0.25,2.56
CKR-041,198.8,200.8,0.036,0.25,2.49
CKR-041,200.8,202.8,0.032,0.25,2.56
CKR-041,202.8,204.8,0.01,0.25,2.52
CKR-041,204.8,206.7,0.015,0.25,2.49
CKR-042,3.9,4.9,,,2.63
CKR-042,4.9,5.9,0.823,7.04,2.58
CKR-042,5.9,6.9,0.141,1.95,2.53
CKR-042,6.9,7.9,0.082,1.13,2.57
CKR-042,7.9,8.9,0.058,0.68,2.56
CKR-042,8.9,9.9,0.067,0.98,2.65
CKR-042,9.9,10.9,0.053,0.25,2.54
CKR-042,10.9,11.9,0.055,0.7,2.53
CKR-042,11.9,12.9,0.04,0.25,2.54
CKR-042,12.9,13.9,0.005,0.25,2.48
CKR-042,13.9,14.9,0.022,0.64,2.47
CKR-042,14.9,15.9,0.005,0.25,2.49
CKR-042,15.9,16.9,0.017,0.25,2.4
CKR-042,16.9,17.9,0.012,0.25,2.54
CKR-042,17.9,18.9,0.028,0.25,2.46
CKR-042,18.9,20.9,0.01,0.25,2.53
CKR-042,20.9,22.9,0.026,0.25,2.48
CKR-042,22.9,24.9,0.021,0.25,2.44
CKR-042,24.9,26.9,0.013,0.25,2.56
CKR-042,26.9,28.9,0.005,0.25,2.53
CKR-042,28.9,30.9,0.017,0.25,2.5
CKR-042,30.9,32.9,0.013,0.25,2.52
CKR-042,32.9,34.9,0.02,0.25,2.5
CKR-042,34.9,36.9,0.005,0.25,2.53
CKR-042,36.9,38.9,0.047,0.25,2.56
CKR-042,38.9,40.9,0.022,0.25,2.52
CKR-042,40.9,42.9,0.012,0.25,2.49
CKR-042,42.9,44.9,0.011,0.51,2.44
CKR-042,44.9,45.4,0.201,4.57,2.52
CKR-043,4.2,5.2,,,2.56
CKR-043,5.2,6.2,0.096,1.4,2.56
CKR-043,6.2,7.2,0.085,1.24,2.57
CKR-043,7.2,8.2,0.071,0.85,2.5
CKR-043,8.2,9.2,0.214,3.45,2.54
CKR-043,9.2,10.2,0.181,3.29,2.55
CKR-043,10.2,11.2,0.159,2.65,2.54
CKR-043,11.2,12.2,2.88,40.0,2.59
CKR-043,12.2,13.2,1.525,23.69,2.64
CKR-043,13.2,14.2,2.139,40.41,2.6
CKR-043,14.2,15.2,7.16,132.48,2.62
CKR-043,15.2,16.2,5.57,76.01,2.58
CKR-043,16.2,17.2,3.239,32.32,2.58
CKR-043,17.2,18.2,4.067,50.57,2.52
CKR-043,18.2,19.2,4.388,47.19,2.59
CKR-043,19.2,20.2,2.286,56.54,2.67
CKR-043,20.2,21.2,1.634,21.88,2.55
CKR-043,21.2,22.2,0.161,2.43,2.59
CKR-043,22.2,23.2,0.142,3.26,2.52
CKR-043,23.2,24.2,0.16,2.41,2.61
CKR-043,24.2,25.2,0.091,1.17,2.6
CKR-043,25.2,26.2,0.078,1.54,2.59
CKR-043,26.2,27.2,0.054,0.74,2.61
CKR-043,27.2,28.2,0.02,0.25,2.57
CKR-043,28.2,29.2,0.005,0.25,2.53
CKR-043,29.2,30.2,0.005,0.25,2.53
CKR-043,30.2,31.2,0.022,0.25,2.53
CKR-043,31.2,32.2,0.005,0.25,2.56
CKR-043,32.2,33.2,0.011,0.25,2.46
CKR-043,33.2,35.2,0.057,0.25,2.5
CKR-043,35.2,37.2,0.018,0.25,2.53
CKR-043,37.2,39.2,0.03,0.25,2.51
CKR-043,39.2,41.2,0.021,0.25,2.48
CKR-043,41.2,43.2,0.021,0.25,2.53
CKR-043,43.2,44.9,0.005,0.25,2.52
CKR-044,5.5,7.5,,,2.53
CKR-044,7.5,9.5,0.005,0.25,2.49
CKR-044,9.5,11.5,0.015,0.25,2.56
CKR-044,11.5,13.5,0.017,0.25,2.48
CKR-044,13.5,15.5,0.033,0.25,2.55
CKR-044,15.5,17.5,0.027,0.25,2.53
CKR-044,17.5,19.5,0.018,0.25,2.53
CKR-044,19.5,21.5,0.039,0.25,2.53
CKR-044,21.5,23.5,0.023,0.25,2.61
CKR-044,23.5,25.5,0.013,0.25,2.48
CKR-044,25.5,27.5,0.012,0.25,2.51
CKR-044,27.5,29.5,0.012,0.25,2.46
CKR-044,29.5,31.5,0.019,0.25,2.5
CKR-044,31.5,33.5,0.022,0.25,2.44
CKR-044,33.5,35.5,0.012,0.25,2.55
CKR-044,35.5,37.5,0.005,0.25,2.55
CKR-044,37.5,39.5,0.013,0.25,2.57
CKR-044,39.5,41.5,0.018,0.25,2.56
CKR-044,41.5,43.5,0.011,0.25,2.52
CKR-044,43.5,45.5,0.017,0.25,2.51
CKR-044,45.5,47.5,0.018,0.25,2.48
CKR-044,47.5,49.5,0.011,0.25,2.48
CKR-044,49.5,51.5,0.011,0.25,2.56
CKR-044,51.5,53.5,0.049,0.25,2.53
CKR-044,53.5,55.5,0.005,0.25,2.49
CKR-044,55.5,56.5,0.012,0.73,2.52
CKR-044,56.5,57.5,0.02,0.25,2.49
CKR-044,57.5,58.5,0.014,0.25,2.58
CKR-044,58.5,59.5,0.01,0.25,2.52
CKR-044,59.5,60.5,0.013,0.25,2.5
CKR-044,60.5,61.5,0.048,0.25,2.52
CKR-044,61.5,62.5,0.154,2.54,2.58
CKR-044,62.5,63.5,0.232,4.94,2.61
CKR-044,63.5,64.5,0.159,2.39,2.65
CKR-044,64.5,65.5,0.365,9.05,2.6
CKR-044,65.5,66.5,0.541,8.28,2.59
CKR-044,66.5,67.5,5.235,99.8,2.64
CKR-044,67.5,68.5,23.087,274.53,2.62
CKR-044,68.5,69.5,2.218,23.82,2.59
CKR-044,69.5,70.5,39.54,365.65,2.62
CKR-044,70.5,71.5,51.749,630.2,2.58
CKR-044,71.5,72.5,15.402,397.04,2.6
CKR-044,72.5,73.5,2.03,37.75,2.6
CKR-044,73.5,74.5,14.455,221.95,2.66
CKR-044,74.5,75.5,3.532,43.4,2.61
CKR-044,75.5,76.5,0.909,9.74,2.6
CKR-044,76.5,77.5,0.214,2.12,2.61
CKR-044,77.5,78.5,0.126,2.56,2.63
CKR-044,78.5,79.5,0.266,2.55,2.62
CKR-044,79.5,80.5,0.166,2.3,2.59
CKR-044,80.5,81.5,0.005,0.25,2.44
CKR-044,81.5,82.5,0.005,0.25,2.51
CKR-044,82.5,83.5,0.005,0.25,2.53
CKR-044,83.5,84.5,0.036,0.25,2.46
CKR-044,84.5,85.5,0.005,0.25,2.4
CKR-044,85.5,86.5,0.005,0.25,2.54
CKR-044,86.5,87.5,0.014,0.25,2.53
CKR-044,87.5,89.5,0.005,0.25,2.51
CKR-044,89.5,91.5,0.005,0.25,2.56
CKR-044,91.5,93.5,0.016,0.25,2.53
CKR-044,93.5,95.5,0.025,0.25,2.48
CKR-044,95.5,97.5,0.005,0.25,2.49
CKR-044,97.5,99.5,0.034,0.25,2.52
CKR-044,99.5,101.5,0.016,0.25,2.49
CKR-044,101.5,103.5,0.011,0.25,2.51
CKR-044,103.5,105.5,0.034,0.25,2.51
CKR-044,105.5,107.5,0.016,0.25,2.52
CKR-044,107.5,109.8,0.022,0.25,2.49
CKR-045,2.6,4.6,,,2.56
CKR-045,4.6,6.6,0.014,0.25,2.58
CKR-045,6.6,8.6,0.018,0.25,2.54
CKR-045,8.6,10.6,0.049,0.25,2.53
CKR-045,10.6,12.6,0.005,0.25,2.48
CKR-045,12.6,14.6,0.016,0.25,2.53
CKR-045,14.6,16.6,0.02,0.25,2.48
CKR-045,16.6,18.6,0.014,0.25,2.58
CKR-045,18.6,20.6,0.012,0.25,2.54
CKR-045,20.6,22.6,0.005,0.25,2.49
CKR-045,22.6,24.6,0.027,0.25,2.49
CKR-045,24.6,26.6,0.019,0.25,2.52
CKR-045,26.6,28.6,0.017,0.51,2.48
CKR-045,28.6,30.6,0.048,0.25,2.53
CKR-045,30.6,32.6,0.028,0.25,2.51
CKR-045,32.6,34.6,0.014,0.25,2.55
CKR-045,34.6,36.6,0.005,0.25,2.58
CKR-045,36.6,38.6,0.035,0.25,2.56
CKR-045,38.6,40.6,0.024,0.25,2.45
CKR-045,40.6,42.6,0.011,0.25,2.56
CKR-045,42.6,44.6,0.034,0.25,2.52
CKR-045,44.6,46.6,0.02,0.25,2.52
CKR-045,46.6,48.6,0.036,0.25,2.53
CKR-045,48.6,50.6,0.023,0.25,2.46
CKR-045,50.6,52.6,0.018,0.25,2.54
CKR-045,52.6,54.6,0.011,0.25,2.53
CKR-045,54.6,56.6,0.018,0.25,2.48
CKR-045,56.6,58.6,0.034,0.25,2.55
CKR-045,58.6,60.6,0.013,0.25,2.57
CKR-045,60.6,62.6,0.015,0.25,2.49
CKR-045,62.6,64.6,0.014,0.25,2.44
CKR-045,64.6,66.6,0.014,0.25,2.42
CKR-045,66.6,68.6,0.023,0.25,2.48
CKR-045,68.6,70.6,0.025,0.25,2.49
CKR-045,70.6,72.6,0.024,0.25,2.49
CKR-045,72.6,74.6,0.043,0.25,2.5
CKR-045,74.6,76.6,0.021,0.25,2.56
CKR-045,76.6,78.6,0.021,0.25,2.49
CKR-045,78.6,80.6,0.033,0.55,2.51
CKR-045,80.6,82.6,0.005,0.25,2.55
CKR-045,82.6,84.6,0.042,0.25,2.54
CKR-045,84.6,86.6,0.012,0.25,2.48
CKR-045,86.6,88.6,0.005,0.25,2.52
CKR-045,88.6,90.6,0.011,0.25,2.51
CKR-045,90.6,92.6,0.005,0.25,2.56
CKR-045,92.6,94.6,0.023,0.25,2.53
CKR-045,94.6,96.6,0.018,0.25,2.58
CKR-045,96.6,98.6,0.016,0.25,2.54
CKR-045,98.6,100.6,0.013,0.25,2.49
CKR-045,100.6,102.6,0.026,0.53,2.56
CKR-045,102.6,104.6,0.016,0.25,2.54
CKR-045,104.6,106.6,0.018,0.25,2.53
CKR-045,106.6,108.6,0.011,0.25,2.55
CKR-045,108.6,110.6,0.017,0.25,2.47
CKR-045,110.6,112.6,0.023,0.25,2.5
CKR-045,112.6,114.6,0.014,0.25,2.49
CKR-045,114.6,116.6,0.016,0.25,2.54
CKR-045,116.6,118.6,0.02,0.25,2.53
CKR-045,118.6,120.6,0.038,0.25,2.48
CKR-045,120.6,122.6,0.048,0.25,2.51
CKR-045,122.6,124.6,0.03,0.25,2.52
CKR-045,124.6,126.6,0.012,0.25,2.52
CKR-045,126.6,128.6,0.025,0.25,2.5
CKR-045,128.6,130.6,0.015,0.25,2.48
CKR-045,130.6,132.6,0.005,0.25,2.5
CKR-045,132.6,134.6,0.017,0.25,2.49
CKR-045,134.6,136.6,0.019,0.25,2.49
CKR-045,136.6,138.6,0.022,0.25,2.48
CKR-045,138.6,140.6,0.015,0.25,2.5
CKR-045,140.6,142.6,0.005,0.25,2.48
CKR-045,142.6,144.6,0.024,0.25,2.5
CKR-045,144.6,146.6,0.026,0.25,2.55
CKR-045,146.6,148.6,0.023,0.25,2.52
CKR-045,148.6,150.6,0.033,0.25,2.51
CKR-045,150.6,152.6,0.011,0.25,2.48
CKR-045,152.6,154.6,0.014,0.25,2.53
CKR-045,154.6,156.6,0.017,0.25,2.54
CKR-045,156.6,158.6,0.005,0.25,2.52
CKR-045,158.6,160.6,0.013,0.25,2.5
CKR-045,160.6,162.6,0.02,0.25,2.52
CKR-045,162.6,164.6,0.005,0.25,2.53
CKR-045,164.6,166.6,0.014,0.25,2.48
CKR-045,166.6,168.6,0.027,0.25,2.54
CKR-045,168.6,170.6,0.018,0.25,2.49
CKR-045,170.6,172.6,0.016,0.25,2.56
CKR-045,172.6,174.6,0.019,0.25,2.49
CKR-045,174.6,176.6,0.027,0.25,2.57
CKR-045,176.6,178.6,0.005,0.25,2.52
CKR-045,178.6,180.6,0.045,0.25,2.47
CKR-045,180.6,181.6,0.021,0.25,2.58
CKR-045,181.6,182.6,0.014,0.25,2.5
CKR-045,182.6,183.6,0.05,0.25,2.48
CKR-045,183.6,184.6,0.016,0.25,2.4
CKR-045,184.6,185.6,0.014,0.25,2.46
CKR-045,185.6,186.6,0.07,0.99,2.55
CKR-045,186.6,187.6,0.411,6.94,2.58
CKR-045,187.6,188.6,0.125,2.69,2.57
CKR-045,188.6,189.6,0.328,6.38,2.55
CKR-045,189.6,190.6,0.603,8.87,2.62
CKR-045,190.6,191.6,2.329,37.77,2.49
CKR-045,191.6,192.6,5.788,111.27,2.56
CKR-045,192.6,193.6,5.509,54.49,2.63
CKR-045,193.6,194.6,3.17,71.65,2.68
CKR-045,194.6,195.6,0.41,9.24,2.61
CKR-045,195.6,196.6,0.337,5.99,2.61
CKR-045,196.6,197.6,0.219,4.81,2.6
CKR-045,197.6,198.6,0.16,4.51,2.59
CKR-045,198.6,199.6,0.13,2.24,2.54
CKR-045,199.6,200.6,0.067,0.96,2.54
CKR-045,200.6,201.6,0.024,0.25,2.51
CKR-045,201.6,202.6,0.024,0.25,2.58
CKR-045,202.6,203.6,0.011,0.64,2.47
CKR-045,203.6,204.6,0.02,0.25,2.57
CKR-045,204.6,205.6,0.005,0.25,2.56
CKR-045,205.6,206.6,0.005,0.25,2.46
CKR-045,206.6,208.6,0.011,0.25,2.49
CKR-045,208.6,210.6,0.038,0.25,2.49
CKR-045,210.6,212.6,0.023,0.25,2.5
CKR-045,212.6,214.6,0.013,0.25,2.51
CKR-045,214.6,216.6,0.018,0.25,2.57
CKR-045,216.6,218.6,0.038,0.25,2.56
CKR-045,218.6,220.6,0.015,0.25,2.51
CKR-045,220.6,222.6,0.025,0.25,2.44
CKR-045,222.6,224.6,0.017,0.25,2.51
CKR-045,224.6,226.6,0.005,0.25,2.52
CKR-045,226.6,228.6,0.024,0.25,2.49
CKR-045,228.6,230.6,0.05,0.25,2.53
CKR-045,230.6,232.6,0.02,0.25,2.53
CKR-045,232.6,234.6,0.018,0.25,2.55
CKR-045,234.6,236.6,0.019,0.25,2.57
CKR-045,236.6,238.6,0.005,0.25,2.61
CKR-045,238.6,240.6,0.015,0.25,2.55
CKR-045,240.6,241.3,0.01,0.25,2.58
CKR-046,2.8,3.8,,,2.56
CKR-046,3.8,4.8,0.134,1.01,2.59
CKR-046,4.8,5.8,0.067,0.25,2.59
CKR-046,5.8,6.8,0.029,0.25,2.52
CKR-046,6.8,7.8,0.04,0.25,2.58
CKR-046,7.8,8.8,0.035,0.25,2.5
CKR-046,8.8,9.8,0.019,0.25,2.56
CKR-046,9.8,10.8,0.005,0.25,2.59
CKR-046,10.8,11.8,0.047,0.25,2.49
CKR-046,11.8,12.8,0.01,0.25,2.53
CKR-046,12.8,13.8,0.018,0.25,2.51
CKR-046,13.8,15.8,0.022,0.25,2.47
CKR-046,15.8,17.8,0.012,0.25,2.54
CKR-046,17.8,19.8,0.005,0.25,2.53
CKR-046,19.8,21.8,0.012,0.25,2.54
CKR-046,21.8,23.8,0.012,0.25,2.55
CKR-046,23.8,25.8,0.017,0.25,2.51
CKR-046,25.8,27.8,0.005,0.25,2.51
CKR-046,27.8,29.8,0.011,0.25,2.55
CKR-046,29.8,31.8,0.03,0.25,2.53
CKR-046,31.8,33.8,0.016,0.25,2.48
CKR-046,33.8,35.8,0.014,0.25,2.51
CKR-046,35.8,37.8,0.056,0.25,2.52
CKR-046,37.8,39.8,0.014,0.25,2.61
CKR-046,39.8,41.8,0.017,0.25,2.51
CKR-046,41.8,43.8,0.014,0.25,2.49
CKR-046,43.8,45.8,0.021,0.25,2.52
CKR-046,45.8,47.8,0.012,0.25,2.51
CKR-046,47.8,49.8,0.038,0.25,2.56
CKR-046,49.8,51.8,0.024,0.25,2.5
CKR-046,51.8,53.8,0.022,0.25,2.5
CKR-047,2.2,4.2,,,2.5
CKR-047,4.2,6.2,0.026,0.25,2.49
CKR-047,6.2,8.2,0.029,0.25,2.55
CKR-047,8.2,10.2,0.012,0.25,2.56
CKR-047,10.2,12.2,0.014,0.25,2.57
CKR-047,12.2,14.2,0.016,0.25,2.51
CKR-047,14.2,16.2,0.025,0.25,2.53
CKR-047,16.2,18.2,0.013,0.25,2.57
CKR-047,18.2,20.2,0.005,0.25,2.57
CKR-047,20.2,22.2,0.029,0.25,2.5
CKR-047,22.2,23.2,0.065,0.25,2.55
CKR-047,23.2,24.2,0.022,0.25,2.56
CKR-047,24.2,25.2,0.005,0.25,2.54
CKR-047,25.2,26.2,0.031,0.25,2.57
CKR-047,26.2,27.2,0.032,0.25,2.55
CKR-047,27.2,28.2,0.057,0.6,2.56
CKR-047,28.2,29.2,0.043,0.25,2.52
CKR-047,29.2,30.2,0.058,0.25,2.61
CKR-047,30.2,31.2,0.085,0.83,2.56
CKR-047,31.2,32.2,0.068,1.07,2.55
CKR-047,32.2,33.2,0.132,0.95,2.61
CKR-047,33.2,34.2,0.066,0.72,2.63
CKR-047,34.2,35.2,0.133,1.38,2.48
CKR-047,35.2,36.2,1.399,13.9,2.65
CKR-047,36.2,37.2,1.942,13.93,2.7
CKR-047,37.2,38.2,8.745,118.4,2.62
CKR-047,38.2,39.2,0.786,7.43,2.57
CKR-047,39.2,40.2,2.984,20.07,2.66
CKR-047,40.2,41.2,0.645,6.11,2.61
CKR-047,41.2,42.2,1.423,15.01,2.61
CKR-047,42.2,43.2,0.784,6.1,2.69
CKR-047,43.2,44.2,1.86,17.59,2.63
CKR-047,44.2,45.2,8.006,46.46,2.55
CKR-047,45.2,46.2,0.728,6.87,2.62
CKR-047,46.2,47.2,1.344,12.17,2.62
CKR-047,47.2,48.2,0.097,0.74,2.55
CKR-047,48.2,49.2,0.121,0.84,2.61
CKR-047,49.2,50.2,0.043,0.25,2.54
CKR-047,50.2,51.2,0.045,0.25,2.61
CKR-047,51.2,52.2,0.046,0.25,2.56
CKR-047,52.2,53.2,0.047,0.68,2.53
CKR-047,53.2,54.2,0.027,0.25,2.61
CKR-047,54.2,55.2,0.005,0.25,2.54
CKR-047,55.2,56.2,0.011,0.25,2.53
CKR-047,56.2,57.2,0.005,0.25,2.53
CKR-047,57.2,58.2,0.013,0.25,2.53
CKR-047,58.2,59.2,0.005,0.25,2.53
CKR-047,59.2,60.2,0.011,0.25,2.5
CKR-047,60.2,62.2,0.03,0.25,2.58
CKR-047,62.2,64.2,0.005,0.25,2.52
CKR-047,64.2,66.2,0.016,0.25,2.49
CKR-047,66.2,68.2,0.005,0.25,2.52
CKR-047,68.2,70.2,0.005,0.25,2.59
CKR-047,70.2,72.2,0.024,0.25,2.46
CKR-047,72.2,74.2,0.01,0.25,2.54
CKR-047,74.2,76.2,0.005,0.25,2.53
CKR-047,76.2,78.2,0.005,0.25,2.53
CKR-047,78.2,80.2,0.028,0.25,2.54
CKR-047,80.2,82.2,0.014,0.25,2.52
CKR-047,82.2,84.2,0.032,0.25,2.5
CKR-047,84.2,85.3,0.005,0.25,2.6
CKR-048,4.8,6.8,,,2.47
CKR-048,6.8,8.8,0.027,0.25,2.52
CKR-048,8.8,10.8,0.024,0.64,2.49
CKR-048,10.8,12.8,0.022,0.25,2.52
CKR-048,12.8,14.8,0.017,0.25,2.61
CKR-048,14.8,16.8,0.037,0.25,2.52
CKR-048,16.8,18.8,0.017,0.25,2.51
CKR-048,18.8,20.8,0.025,0.25,2.58
CKR-048,20.8,22.8,0.017,0.25,2.53
CKR-048,22.8,24.8,0.013,0.25,2.51
CKR-048,24.8,26.8,0.005,0.25,2.52
CKR-048,26.8,28.8,0.019,0.25,2.52
CKR-048,28.8,30.8,0.005,0.25,2.54
CKR-048,30.8,32.8,0.022,0.25,2.47
CKR-048,32.8,34.8,0.014,0.25,2.51
CKR-048,34.8,36.8,0.019,0.25,2.55
CKR-048,36.8,38.8,0.02,0.25,2.56
CKR-048,38.8,40.8,0.019,0.25,2.5
CKR-048,40.8,42.8,0.018,0.25,2.5
CKR-048,42.8,44.8,0.011,0.25,2.52
CKR-048,44.8,46.8,0.014,0.25,2.5
CKR-048,46.8,48.8,0.022,0.25,2.42
CKR-048,48.8,50.8,0.01,0.25,2.53
CKR-048,50.8,51.8,0.005,0.25,2.52
CKR-048,51.8,52.8,0.026,0.25,2.5
CKR-048,52.8,53.8,0.016,0.25,2.52
CKR-048,53.8,54.8,0.056,0.25,2.49
CKR-048,54.8,55.8,0.036,0.25,2.59
CKR-048,55.8,56.8,0.064,0.25,2.57
CKR-048,56.8,57.8,0.063,0.75,2.56
CKR-048,57.8,58.8,0.207,2.75,2.57
CKR-048,58.8,59.8,0.141,1.03,2.57
CKR-048,59.8,60.8,0.243,2.63,2.58
CKR-048,60.8,61.8,4.077,67.21,2.61
CKR-048,61.8,62.8,5.422,81.13,2.6
CKR-048,62.8,63.8,6.759,74.56,2.67
CKR-048,63.8,64.8,11.815,197.32,2.62
CKR-048,64.8,65.8,25.645,309.57,2.68
CKR-048,65.8,66.8,3.415,46.06,2.56
CKR-048,66.8,67.8,15.195,192.74,2.64
CKR-048,67.8,68.8,3.28,53.45,2.59
CKR-048,68.8,69.8,2.848,56.51,2.65
CKR-048,69.8,70.8,3.135,48.17,2.59
CKR-048,70.8,71.8,0.257,5.22,2.61
CKR-048,71.8,72.8,0.292,4.03,2.56
CKR-048,72.8,73.8,0.156,2.97,2.57
CKR-048,73.8,74.8,0.096,1.35,2.65
CKR-048,74.8,75.8,0.076,1.8,2.52
CKR-048,75.8,76.8,0.005,0.25,2.55
CKR-048,76.8,77.8,0.011,0.25,2.5
CKR-048,77.8,78.8,0.024,0.25,2.47
CKR-048,78.8,79.8,0.005,0.25,2.52
CKR-048,79.8,80.8,0.037,0.25,2.49
CKR-048,80.8,81.8,0.013,0.25,2.5
CKR-048,81.8,83.8,0.016,0.25,2.55
CKR-048,83.8,85.8,0.057,0.25,2.45
CKR-048,85.8,87.8,0.046,0.25,2.52
CKR-048,87.8,89.8,0.02,0.25,2.52
CKR-048,89.8,91.8,0.012,0.25,2.52
CKR-048,91.8,93.8,0.01,0.25,2.53
CKR-048,93.8,95.8,0.013,0.25,2.57
CKR-048,95.8,97.0,0.015,0.25,2.48
CKR-049,2.5,4.5,,,2.57
CKR-049,4.5,6.5,0.021,0.25,2.55
CKR-049,6.5,8.5,0.005,0.25,2.46
CKR-049,8.5,10.5,0.012,0.25,2.54
CKR-049,10.5,12.5,0.027,0.25,2.48
CKR-049,12.5,14.5,0.013,0.25,2.51
CKR-049,14.5,16.5,0.015,0.25,2.49
CKR-049,16.5,18.5,0.034,0.25,2.56
CKR-049,18.5,20.5,0.012,0.25,2.54
CKR-049,20.5,22.5,0.019,0.25,2.54
CKR-049,22.5,24.5,0.011,0.25,2.55
CKR-049,24.5,26.5,0.005,0.25,2.53
CKR-049,26.5,28.5,0.021,0.25,2.5
CKR-049,28.5,30.5,0.019,0.25,2.56
CKR-049,30.5,32.5,0.005,0.25,2.54
CKR-049,32.5,34.5,0.024,0.25,2.52
CKR-049,34.5,36.5,0.021,0.25,2.52
CKR-049,36.5,38.5,0.021,0.25,2.47
CKR-049,38.5,40.5,0.012,0.25,2.54
CKR-049,40.5,42.5,0.015,0.25,2.56
CKR-049,42.5,44.5,0.014,0.25,2.5
CKR-049,44.5,46.5,0.01,0.25,2.57
CKR-049,46.5,48.5,0.016,0.25,2.56
CKR-049,48.5,50.5,0.012,0.25,2.48
CKR-049,50.5,52.5,0.024,0.25,2.53
CKR-049,52.5,54.5,0.03,0.25,2.43
CKR-049,54.5,56.5,0.018,0.25,2.52
CKR-049,56.5,58.5,0.027,0.25,2.5
CKR-049,58.5,60.5,0.005,0.25,2.48
CKR-049,60.5,62.5,0.013,0.25,2.52
CKR-049,62.5,64.5,0.02,0.25,2.55
CKR-049,64.5,66.5,0.029,0.25,2.57
CKR-049,66.5,68.5,0.019,0.25,2.51
CKR-049,68.5,70.5,0.015,0.25,2.56
CKR-049,70.5,72.5,0.011,0.25,2.5
CKR-049,72.5,74.5,0.005,0.25,2.49
CKR-049,74.5,76.5,0.023,0.25,2.51
CKR-049,76.5,78.5,0.029,0.25,2.56
CKR-049,78.5,80.5,0.013,0.25,2.53
CKR-049,80.5,82.5,0.016,0.25,2.5
CKR-049,82.5,84.5,0.016,0.25,2.55
CKR-049,84.5,86.5,0.052,0.25,2.43
CKR-049,86.5,88.5,0.015,0.25,2.49
CKR-049,88.5,90.5,0.016,0.25,2.53
CKR-049,90.5,92.5,0.022,0.25,2.54
CKR-049,92.5,94.5,0.02,0.25,2.5
CKR-049,94.5,96.5,0.005,0.25,2.49
CKR-049,96.5,98.5,0.012,0.25,2.51
CKR-049,98.5,100.5,0.005,0.25,2.5
CKR-049,100.5,102.5,0.016,0.25,2.46
CKR-049,102.5,104.5,0.014,0.25,2.52
CKR-049,104.5,106.5,0.02,0.25,2.52
CKR-049,106.5,108.5,0.021,0.53,2.5
CKR-049,108.5,110.5,0.04,0.25,2.47
CKR-049,110.5,112.5,0.017,0.25,2.57
CKR-049,112.5,114.5,0.015,0.25,2.49
CKR-049,114.5,116.5,0.013,0.25,2.53
CKR-049,116.5,118.5,0.026,0.25,2.48
CKR-049,118.5,120.5,0.012,0.25,2.52
CKR-049,120.5,122.5,0.015,0.25,2.5
CKR-049,122.5,124.5,0.018,0.25,2.53
CKR-049,124.5,126.5,0.027,0.25,2.51
CKR-049,126.5,128.5,0.01,0.25,2.52
CKR-049,128.5,130.5,0.02,0.25,2.5
CKR-049,130.5,132.5,0.013,0.25,2.54
CKR-049,132.5,134.5,0.048,0.25,2.44
CKR-049,134.5,136.5,0.011,0.25,2.51
CKR-049,136.5,138.5,0.016,0.25,2.56
CKR-049,138.5,140.5,0.014,0.25,2.53
CKR-049,140.5,142.5,0.016,0.25,2.56
CKR-049,142.5,144.5,0.022,0.69,2.54
CKR-049,144.5,146.5,0.017,0.25,2.52
CKR-049,146.5,148.5,0.005,0.25,2.51
CKR-049,148.5,150.5,0.016,0.25,2.53
CKR-049,150.5,152.5,0.035,0.25,2.52
CKR-049,152.5,153.5,0.017,0.25,2.56
CKR-049,153.5,154.5,0.02,0.25,2.6
CKR-049,154.5,155.5,0.011,0.25,2.55
CKR-049,155.5,156.5,0.005,0.25,2.52
CKR-049,156.5,157.5,0.012,0.25,2.34
CKR-049,157.5,158.5,0.02,0.52,2.54
CKR-049,158.5,159.5,0.385,1.65,2.61
CKR-049,159.5,160.5,0.124,0.55,2.63
CKR-049,160.5,161.5,0.334,1.63,2.56
CKR-049,161.5,162.5,0.669,3.37,2.54
CKR-049,162.5,163.5,0.76,5.93,2.55
CKR-049,163.5,164.5,0.759,5.38,2.54
CKR-049,164.5,165.5,0.539,2.47,2.54
CKR-049,165.5,166.5,32.563,186.19,2.56
CKR-049,166.5,167.5,16.391,104.07,2.52
CKR-049,167.5,168.5,7.799,37.6,2.61
CKR-049,168.5,169.5,1.067,4.73,2.64
CKR-049,169.5,170.5,4.749,24.09,2.68
CKR-049,170.5,171.5,2.287,9.12,2.59
CKR-049,171.5,172.5,2.078,19.48,2.66
CKR-049,172.5,173.5,4.01,13.85,2.63
CKR-049,173.5,174.5,0.285,2.85,2.45
CKR-049,174.5,175.5,0.144,1.4,2.62
CKR-049,175.5,176.5,0.157,0.94,2.68
CKR-049,176.5,177.5,0.111,0.86,2.58
CKR-049,177.5,178.5,0.16,1.67,2.52
CKR-049,178.5,179.5,0.011,0.25,2.57
CKR-049,179.5,180.5,0.012,0.25,2.44
CKR-049,180.5,181.5,0.016,0.25,2.54
CKR-049,181.5,182.5,0.005,0.25,2.49
CKR-049,182.5,183.5,0.026,0.25,2.46
CKR-049,183.5,184.5,0.015,0.25,2.51
CKR-049,184.5,186.5,0.015,0.25,2.6
CKR-049,186.5,188.5,0.005,0.25,2.48
CKR-049,188.5,190.5,0.012,0.25,2.53
CKR-049,190.5,192.5,0.015,0.25,2.5
CKR-049,192.5,194.5,0.015,0.25,2.5
CKR-049,194.5,196.5,0.005,0.25,2.52
CKR-049,196.5,198.5,0.033,0.25,2.54
CKR-049,198.5,200.5,0.015,0.25,2.54
CKR-049,200.5,202.5,0.013,0.56,2.51
CKR-049,202.5,204.5,0.023,0.25,2.5
CKR-049,204.5,206.5,0.023,0.25,2.55
CKR-049,206.5,208.5,0.005,0.25,2.49
CKR-049,208.5,209.6,0.013,0.25,2.51
CKR-050,3.0,4.0,,,2.64
CKR-050,4.0,5.0,1.647,18.92,2.64
CKR-050,5.0,6.0,9.361,87.05,2.61
CKR-050,6.0,7.0,5.952,59.0,2.64
CKR-050,7.0,8.0,8.528,115.54,2.6
CKR-050,8.0,9.0,8.831,115.5,2.6
CKR-050,9.0,10.0,3.661,33.31,2.6
CKR-050,10.0,11.0,5.501,45.49,2.62
CKR-050,11.0,12.0,5.134,41.69,2.61
CKR-050,12.0,13.0,17.717,97.14,2.59
CKR-050,13.0,14.0,9.295,50.27,2.68
CKR-050,14.0,15.0,9.277,56.68,2.66
CKR-050,15.0,16.0,9.313,60.85,2.62
CKR-050,16.0,17.0,14.93,94.0,2.59
CKR-050,17.0,18.0,7.643,38.25,2.57
CKR-050,18.0,19.0,0.297,1.89,2.55
CKR-050,19.0,20.0,0.259,1.54,2.53
CKR-050,20.0,21.0,0.267,2.15,2.52
CKR-050,21.0,22.0,0.195,1.91,2.55
CKR-050,22.0,23.0,0.149,1.04,2.54
CKR-050,23.0,24.0,0.157,0.94,2.55
CKR-050,24.0,25.0,0.06,0.25,2.55
CKR-050,25.0,26.0,0.047,0.25,2.56
CKR-050,26.0,27.0,0.022,0.25,2.55
CKR-050,27.0,28.0,0.012,0.25,2.58
CKR-050,28.0,29.0,0.02,0.25,2.56
CKR-050,29.0,30.0,0.015,0.25,2.5
CKR-050,30.0,31.0,0.014,0.25,2.55
CKR-050,31.0,32.0,0.005,0.25,2.49
CKR-050,32.0,33.0,0.011,0.25,2.52
CKR-050,33.0,35.0,0.019,0.25,2.54
CKR-050,35.0,37.0,0.02,0.25,2.55
CKR-050,37.0,39.0,0.018,0.25,2.57
CKR-050,39.0,41.0,0.037,0.25,2.53
CKR-050,41.0,43.0,0.016,0.25,2.48
CKR-050,43.0,45.0,0.012,0.25,2.51
CKR-050,45.0,46.1,0.015,0.25,2.44
CKR-051,5.6,7.6,,,2.52
CKR-051,7.6,9.6,0.01,0.25,2.55
CKR-051,9.6,11.6,0.014,0.25,2.54
CKR-051,11.6,13.6,0.005,0.25,2.52
CKR-051,13.6,15.6,0.026,0.25,2.55
CKR-051,15.6,17.6,0.033,0.25,2.58
CKR-051,17.6,19.6,0.02,0.25,2.49
CKR-051,19.6,21.6,0.039,0.25,2.49
CKR-051,21.6,23.6,0.019,0.25,2.53
CKR-051,23.6,25.6,0.021,0.25,2.49
CKR-051,25.6,27.6,0.005,0.25,2.54
CKR-051,27.6,29.6,0.014,0.25,2.54
CKR-051,29.6,31.6,0.019,0.25,2.5
CKR-051,31.6,33.6,0.026,0.25,2.58
CKR-051,33.6,35.6,0.012,0.25,2.55
CKR-051,35.6,37.6,0.02,0.25,2.57
CKR-051,37.6,39.6,0.031,0.25,2.4
CKR-051,39.6,41.6,0.013,0.25,2.53
CKR-051,41.6,43.6,0.014,0.25,2.46
CKR-051,43.6,45.6,0.02,0.25,2.46
CKR-051,45.6,47.6,0.018,0.25,2.55
CKR-051,47.6,48.6,0.016,0.25,2.48
CKR-051,48.6,49.6,0.02,0.25,2.56
CKR-051,49.6,50.6,0.032,0.8,2.54
CKR-051,50.6,51.6,0.016,0.25,2.48
CKR-051,51.6,52.6,0.011,0.25,2.54
CKR-051,52.6,53.6,0.065,0.57,2.5
CKR-051,53.6,54.6,0.048,0.57,2.59
CKR-051,54.6,55.6,0.096,0.85,2.5
CKR-051,55.6,56.6,0.147,2.33,2.62
CKR-051,56.6,57.6,0.159,3.23,2.52
CKR-051,57.6,58.6,0.182,1.91,2.57
CKR-051,58.6,59.6,0.208,1.84,2.53
CKR-051,59.6,60.6,0.225,3.57,2.58
CKR-051,60.6,61.6,0.32,3.2,2.55
CKR-051,61.6,62.6,20.918,228.66,2.56
CKR-051,62.6,63.6,19.444,230.76,2.6
CKR-051,63.6,64.6,29.462,215.2,2.59
CKR-051,64.6,65.6,47.774,606.14,2.65
CKR-051,65.6,66.6,57.111,868.93,2.56
CKR-051,66.6,67.6,24.617,245.4,2.61
CKR-051,67.6,68.6,48.938,740.06,2.64
CKR-051,68.6,69.6,10.625,183.46,2.6
CKR-051,69.6,70.6,11.918,138.87,2.59
CKR-051,70.6,71.6,17.762,289.5,2.63
CKR-051,71.6,72.6,10.764,150.18,2.65
CKR-051,72.6,73.6,72.438,636.11,2.61
CKR-051,73.6,74.6,0.211,4.0,2.64
CKR-051,74.6,75.6,0.444,6.65,2.66
CKR-051,75.6,76.6,0.198,3.89,2.63
CKR-051,76.6,77.6,0.316,5.97,2.57
CKR-051,77.6,78.6,0.154,3.35,2.55
CKR-051,78.6,79.6,0.147,2.56,2.59
CKR-051,79.6,80.6,0.11,3.56,2.55
CKR-051,80.6,81.6,0.034,0.94,2.53
CKR-051,81.6,82.6,0.038,0.25,2.55
CKR-051,82.6,83.6,0.022,0.25,2.56
CKR-051,83.6,84.6,0.005,0.25,2.56
CKR-051,84.6,85.6,0.032,0.25,2.53
CKR-051,85.6,86.6,0.015,0.25,2.58
CKR-051,86.6,87.6,0.028,0.25,2.52
CKR-051,87.6,89.6,0.016,0.25,2.51
CKR-051,89.6,91.6,0.025,0.25,2.55
CKR-051,91.6,93.6,0.026,0.25,2.59
CKR-051,93.6,95.6,0.025,0.25,2.45
CKR-051,95.6,97.6,0.021,0.7,2.54
CKR-051,97.6,99.6,0.021,0.25,2.56
CKR-051,99.6,101.6,0.013,0.25,2.5
CKR-051,101.6,103.6,0.012,0.25,2.49
CKR-051,103.6,105.6,0.013,0.25,2.53
CKR-051,105.6,107.5,0.015,0.25,2.6
CKR-052,5.9,7.9,,,2.53
CKR-052,7.9,9.9,0.005,0.25,2.5
CKR-052,9.9,11.9,0.028,0.25,2.47
CKR-052,11.9,13.9,0.023,0.25,2.51
CKR-052,13.9,15.9,0.027,0.25,2.44
CKR-052,15.9,17.9,0.014,0.25,2.58
CKR-052,17.9,19.9,0.005,0.25,2.52
CKR-052,19.9,21.9,0.015,0.25,2.52
CKR-052,21.9,23.9,0.021,0.25,2.49
CKR-052,23.9,25.9,0.019,0.25,2.53
CKR-052,25.9,27.9,0.013,0.25,2.57
CKR-052,27.9,29.9,0.029,0.25,2.52
CKR-052,29.9,31.9,0.039,0.25,2.48
CKR-052,31.9,33.9,0.005,0.25,2.53
CKR-052,33.9,35.9,0.026,0.25,2.43
CKR-052,35.9,37.9,0.005,0.25,2.6
CKR-052,37.9,39.9,0.024,0.25,2.56
CKR-052,39.9,41.9,0.016,0.25,2.5
CKR-052,41.9,43.9,0.025,0.25,2.54
CKR-052,43.9,45.9,0.022,0.25,2.48
CKR-052,45.9,47.9,0.032,0.25,2.52
CKR-052,47.9,49.9,0.02,0.25,2.48
CKR-052,49.9,51.9,0.01,0.25,2.51
CKR-052,51.9,53.9,0.023,0.25,2.52
CKR-052,53.9,55.9,0.011,0.25,2.5
CKR-052,55.9,57.9,0.033,0.25,2.47
CKR-052,57.9,59.9,0.023,0.25,2.48
CKR-052,59.9,61.9,0.025,0.25,2.52
CKR-052,61.9,63.9,0.016,0.25,2.51
CKR-052,63.9,65.9,0.005,0.25,2.55
CKR-052,65.9,67.9,0.018,0.25,2.51
CKR-052,67.9,69.9,0.005,0.25,2.46
CKR-052,69.9,71.9,0.016,0.25,2.6
CKR-052,71.9,73.9,0.012,0.25,2.53
CKR-052,73.9,75.9,0.005,0.25,2.53
CKR-052,75.9,77.9,0.029,0.25,2.5
CKR-052,77.9,79.9,0.037,0.25,2.49
CKR-052,79.9,81.9,0.039,0.25,2.54
CKR-052,81.9,83.9,0.016,0.25,2.54
CKR-052,83.9,85.9,0.005,0.25,2.45
CKR-052,85.9,87.9,0.02,0.25,2.48
CKR-052,87.9,89.9,0.012,0.25,2.51
CKR-052,89.9,91.9,0.014,0.25,2.46
CKR-052,91.9,92.9,0.014,0.25,2.5
CKR-052,92.9,93.9,0.018,0.25,2.46
CKR-052,93.9,94.9,0.005,0.25,2.45
CKR-052,94.9,95.9,0.016,0.25,2.54
CKR-052,95.9,96.9,0.005,0.25,2.55
CKR-052,96.9,97.9,0.072,1.7,2.46
CKR-052,97.9,98.9,0.089,2.36,2.53
CKR-052,98.9,99.9,0.116,1.65,2.6
CKR-052,99.9,100.9,0.326,8.34,2.66
CKR-052,100.9,101.9,0.408,4.95,2.52
CKR-052,101.9,102.9,0.685,13.55,2.59
CKR-052,102.9,103.9,0.26,5.84,2.54
CKR-052,103.9,104.9,0.684,14.53,2.6
CKR-052,104.9,105.9,31.726,632.93,2.62
CKR-052,105.9,106.9,13.427,184.1,2.62
CKR-052,106.9,107.9,56.605,1226.0,2.63
CKR-052,107.9,108.9,23.743,382.83,2.59
CKR-052,108.9,109.9,6.049,118.86,2.57
CKR-052,109.9,110.9,22.631,538.65,2.68
CKR-052,110.9,111.9,24.858,282.43,2.63
CKR-052,111.9,112.9,51.418,813.53,2.64
CKR-052,112.9,113.9,10.384,216.57,2.63
CKR-052,113.9,114.9,11.458,182.73,2.57
CKR-052,114.9,115.9,10.57,204.56,2.59
CKR-052,115.9,116.9,11.692,216.53,2.58
CKR-052,116.9,117.9,0.754,12.71,2.54
CKR-052,117.9,118.9,0.565,8.48,2.62
CKR-052,118.9,119.9,0.323,5.64,2.55
CKR-052,119.9,120.9,0.315,4.18,2.55
CKR-052,120.9,121.9,0.193,2.58,2.54
CKR-052,121.9,122.9,0.262,3.48,2.56
CKR-052,122.9,123.9,0.128,1.58,2.57
CKR-052,123.9,124.9,0.134,1.7,2.53
CKR-052,124.9,125.9,0.019,0.25,2.46
CKR-052,125.9,126.9,0.005,0.25,2.56
CKR-052,126.9,127.9,0.026,0.25,2.52
CKR-052,127.9,128.9,0.005,0.25,2.52
CKR-052,128.9,129.9,0.023,0.25,2.56
CKR-052,129.9,130.9,0.042,0.25,2.49
CKR-052,130.9,132.9,0.023,0.25,2.51
CKR-052,132.9,134.9,0.022,0.25,2.52
CKR-052,134.9,135.6,0.025,0.25,2.49
CKR-053,3.2,5.2,,,2.42
CKR-053,5.2,7.2,0.053,0.25,2.52
CKR-053,7.2,9.2,0.018,0.25,2.47
CKR-053,9.2,11.2,0.027,0.25,2.5
CKR-053,11.2,13.2,0.024,0.25,2.47
CKR-053,13.2,15.2,0.019,0.25,2.51
CKR-053,15.2,17.2,0.02,0.25,2.5
CKR-053,17.2,19.2,0.026,0.25,2.57
CKR-053,19.2,21.2,0.014,0.25,2.52
CKR-053,21.2,23.2,0.005,0.25,2.57
CKR-053,23.2,25.2,0.02,0.25,2.47
CKR-053,25.2,27.2,0.005,0.25,2.5
CKR-053,27.2,29.2,0.049,0.25,2.48
CKR-053,29.2,31.2,0.02,0.25,2.54
CKR-053,31.2,33.2,0.014,0.25,2.52
CKR-053,33.2,35.2,0.022,0.25,2.54
CKR-053,35.2,37.2,0.021,0.25,2.51
CKR-053,37.2,39.2,0.013,0.25,2.54
CKR-053,39.2,41.2,0.01,0.25,2.52
CKR-053,41.2,43.2,0.012,0.25,2.52
CKR-053,43.2,45.2,0.021,0.25,2.5
CKR-053,45.2,47.2,0.034,0.25,2.54
CKR-053,47.2,49.2,0.021,0.25,2.51
CKR-053,49.2,51.2,0.026,0.25,2.54
CKR-053,51.2,53.2,0.005,0.25,2.55
CKR-053,53.2,55.2,0.019,0.25,2.51
CKR-053,55.2,57.2,0.005,0.25,2.49
CKR-053,57.2,59.2,0.061,0.25,2.53
CKR-053,59.2,61.2,0.024,0.25,2.57
CKR-053,61.2,63.2,0.014,0.25,2.54
CKR-053,63.2,65.2,0.02,0.25,2.51
CKR-053,65.2,67.2,0.023,0.25,2.53
CKR-053,67.2,69.2,0.039,0.25,2.49
CKR-053,69.2,71.2,0.014,0.25,2.62
CKR-053,71.2,73.2,0.026,0.25,2.57
CKR-053,73.2,75.2,0.014,0.25,2.55
CKR-053,75.2,77.2,0.014,0.25,2.48
CKR-053,77.2,79.2,0.01,0.25,2.52
CKR-053,79.2,81.2,0.017,0.25,2.5
CKR-053,81.2,83.2,0.019,0.25,2.54
CKR-053,83.2,85.2,0.025,0.25,2.52
CKR-053,85.2,87.2,0.005,0.25,2.52
CKR-053,87.2,89.2,0.034,0.25,2.54
CKR-053,89.2,91.2,0.024,0.25,2.53
CKR-053,91.2,93.2,0.028,0.25,2.47
CKR-053,93.2,95.2,0.023,0.25,2.47
CKR-053,95.2,97.2,0.022,0.25,2.56
CKR-053,97.2,99.2,0.016,0.25,2.56
CKR-053,99.2,101.2,0.005,0.25,2.5
CKR-053,101.2,103.2,0.012,0.25,2.5
CKR-053,103.2,105.2,0.041,0.25,2.54
CKR-053,105.2,107.2,0.015,0.25,2.57
CKR-053,107.2,109.2,0.005,0.25,2.56
CKR-053,109.2,111.2,0.011,0.25,2.51
CKR-053,111.2,113.2,0.013,0.25,2.5
CKR-053,113.2,115.2,0.028,0.25,2.56
CKR-053,115.2,117.2,0.022,0.25,2.52
CKR-053,117.2,119.2,0.019,0.25,2.54
CKR-053,119.2,121.2,0.017,0.25,2.54
CKR-053,121.2,123.2,0.013,0.25,2.57
CKR-053,123.2,125.2,0.017,0.25,2.57
CKR-053,125.2,127.2,0.018,0.25,2.56
CKR-053,127.2,129.2,0.042,0.25,2.52
CKR-053,129.2,131.2,0.02,0.25,2.52
CKR-053,131.2,133.2,0.012,0.25,2.49
CKR-053,133.2,135.2,0.024,0.25,2.52
CKR-053,135.2,137.2,0.013,0.25,2.49
CKR-053,137.2,139.2,0.015,0.25,2.52
CKR-053,139.2,141.2,0.005,0.25,2.46
CKR-053,141.2,143.2,0.017,0.25,2.53
CKR-053,143.2,145.2,0.047,0.25,2.53
CKR-053,145.2,147.2,0.029,0.25,2.59
CKR-053,147.2,149.2,0.024,0.25,2.51
CKR-053,149.2,151.2,0.023,0.25,2.51
CKR-053,151.2,153.2,0.015,0.25,2.52
CKR-053,153.2,155.2,0.011,0.25,2.5
CKR-053,155.2,157.2,0.042,0.25,2.49
CKR-053,157.2,159.2,0.029,0.25,2.55
CKR-053,159.2,161.2,0.016,0.25,2.54
CKR-053,161.2,163.2,0.018,0.25,2.52
CKR-053,163.2,165.2,0.028,0.25,2.51
CKR-053,165.2,167.2,0.033,0.25,2.55
CKR-053,167.2,169.2,0.019,0.25,2.46
CKR-053,169.2,171.2,0.017,0.54,2.61
CKR-053,171.2,173.2,0.026,0.25,2.47
CKR-053,173.2,175.2,0.024,0.25,2.51
CKR-053,175.2,177.2,0.005,0.25,2.52
CKR-053,177.2,179.2,0.005,0.25,2.5
CKR-053,179.2,181.2,0.012,0.25,2.52
CKR-053,181.2,183.2,0.005,0.25,2.47
CKR-053,183.2,185.2,0.041,0.25,2.53
CKR-053,185.2,187.2,0.015,0.25,2.5
CKR-053,187.2,189.2,0.018,0.25,2.5
CKR-053,189.2,191.2,0.02,0.25,2.46
CKR-053,191.2,193.2,0.025,0.25,2.53
CKR-053,193.2,195.2,0.054,0.25,2.55
CKR-053,195.2,197.2,0.021,0.25,2.52
CKR-053,197.2,199.2,0.005,0.25,2.55
CKR-053,199.2,201.2,0.021,0.25,2.53
CKR-053,201.2,203.2,0.021,0.25,2.55
CKR-053,203.2,205.2,0.021,0.25,2.56
CKR-053,205.2,207.2,0.016,0.25,2.5
CKR-053,207.2,209.2,0.011,0.25,2.52
CKR-053,209.2,211.2,0.014,0.25,2.5
CKR-053,211.2,213.2,0.011,0.25,2.52
CKR-053,213.2,215.2,0.026,0.25,2.51
CKR-053,215.2,217.2,0.021,0.25,2.53
CKR-053,217.2,219.2,0.005,0.25,2.55
CKR-053,219.2,220.2,0.005,0.25,2.55
CKR-053,220.2,221.2,0.026,0.25,2.51
CKR-053,221.2,222.2,0.005,0.25,2.52
CKR-053,222.2,223.2,0.073,0.25,2.47
CKR-053,223.2,224.2,0.075,0.25,2.51
CKR-053,224.2,225.2,0.02,0.25,2.52
CKR-053,225.2,226.2,0.05,0.56,2.66
CKR-053,226.2,227.2,0.055,0.62,2.55
CKR-053,227.2,228.2,0.06,0.74,2.55
CKR-053,228.2,229.2,0.118,1.61,2.63
CKR-053,229.2,230.2,0.174,1.61,2.58
CKR-053,230.2,231.2,0.353,5.59,2.55
CKR-053,231.2,232.2,0.148,1.78,2.5
CKR-053,232.2,233.2,0.169,2.03,2.57
CKR-053,233.2,234.2,0.702,8.1,2.59
CKR-053,234.2,235.2,0.928,8.37,2.66
CKR-053,235.2,236.2,0.633,7.18,2.59
CKR-053,236.2,237.2,1.602,17.13,2.65
CKR-053,237.2,238.2,1.97,15.01,2.57
CKR-053,238.2,239.2,0.474,4.75,2.54
CKR-053,239.2,240.2,1.382,10.22,2.64
CKR-053,240.2,241.2,1.263,19.56,2.63
CKR-053,241.2,242.2,0.439,5.7,2.62
CKR-053,242.2,243.2,0.154,1.53,2.47
CKR-053,243.2,244.2,0.137,1.7,2.57
CKR-053,244.2,245.2,0.138,1.4,2.56
CKR-053,245.2,246.2,0.242,2.86,2.55
CKR-053,246.2,247.2,0.085,1.2,2.56
CKR-053,247.2,248.2,0.049,0.25,2.62
CKR-053,248.2,249.2,0.023,0.25,2.5
CKR-053,249.2,250.2,0.033,0.51,2.48
CKR-053,250.2,251.2,0.027,0.68,2.59
CKR-053,251.2,252.2,0.014,0.25,2.59
CKR-053,252.2,253.2,0.005,0.56,2.58
CKR-053,253.2,254.2,0.014,0.25,2.52
CKR-053,254.2,256.2,0.028,0.25,2.53
CKR-053,256.2,258.2,0.025,0.25,2.45
CKR-053,258.2,260.2,0.026,0.25,2.5
CKR-053,260.2,262.2,0.014,0.25,2.49
CKR-053,262.2,264.2,0.037,0.25,2.59
CKR-053,264.2,266.2,0.005,0.25,2.53
CKR-053,266.2,268.2,0.014,0.25,2.53
CKR-053,268.2,270.2,0.017,0.25,2.53
CKR-053,270.2,272.2,0.012,0.25,2.48
CKR-053,272.2,274.2,0.005,0.25,2.51
CKR-053,274.2,276.2,0.022,0.25,2.5
CKR-053,276.2,278.2,0.022,0.25,2.5
CKR-053,278.2,280.2,0.026,0.25,2.54
CKR-053,280.2,281.4,0.021,0.25,2.52
CKR-054,6.0,7.0,,,2.53
CKR-054,7.0,8.0,0.013,0.25,2.5
CKR-054,8.0,9.0,0.005,0.25,2.53
CKR-054,9.0,10.0,0.011,0.25,2.6
CKR-054,10.0,11.0,0.029,0.25,2.57
CKR-054,11.0,12.0,0.066,0.86,2.56
CKR-054,12.0,13.0,0.06,0.99,2.57
CKR-054,13.0,14.0,0.066,1.21,2.6
CKR-054,14.0,15.0,0.076,1.13,2.59
CKR-054,15.0,16.0,0.088,1.24,2.6
CKR-054,16.0,17.0,0.237,2.13,2.57
CKR-054,17.0,18.0,3.353,55.51,2.57
CKR-054,18.0,19.0,4.625,77.86,2.59
CKR-054,19.0,20.0,9.219,97.63,2.62
CKR-054,20.0,21.0,8.268,123.25,2.59
CKR-054,21.0,22.0,7.765,119.14,2.62
CKR-054,22.0,23.0,8.869,124.52,2.6
CKR-054,23.0,24.0,4.697,60.81,2.63
CKR-054,24.0,25.0,12.965,177.79,2.66
CKR-054,25.0,26.0,16.624,188.5,2.66
CKR-054,26.0,27.0,2.587,39.95,2.7
CKR-054,27.0,28.0,4.66,73.6,2.66
CKR-054,28.0,29.0,6.447,77.29,2.67
CKR-054,29.0,30.0,2.152,14.86,2.6
CKR-054,30.0,31.0,0.213,3.15,2.61
CKR-054,31.0,32.0,0.182,1.87,2.58
CKR-054,32.0,33.0,0.134,1.76,2.53
CKR-054,33.0,34.0,0.143,1.76,2.58
CKR-054,34.0,35.0,0.094,1.17,2.58
CKR-054,35.0,36.0,0.065,0.82,2.56
CKR-054,36.0,37.0,0.029,0.25,2.56
CKR-054,37.0,38.0,0.028,0.25,2.58
CKR-054,38.0,39.0,0.02,0.25,2.54
CKR-054,39.0,40.0,0.013,0.25,2.48
CKR-054,40.0,41.0,0.025,0.25,2.59
CKR-054,41.0,42.0,0.032,0.25,2.56
CKR-054,42.0,43.0,0.026,0.25,2.53
CKR-054,43.0,44.0,0.013,0.25,2.48
CKR-054,44.0,45.0,0.018,0.25,2.49
CKR-054,45.0,47.0,0.017,0.25,2.51
CKR-054,47.0,49.0,0.016,0.25,2.53
CKR-054,49.0,51.0,0.012,0.25,2.52
CKR-054,51.0,53.0,0.031,0.25,2.53
CKR-054,53.0,55.0,0.021,0.25,2.48
CKR-054,55.0,57.0,0.017,0.25,2.52
CKR-054,57.0,57.6,0.005,0.25,2.46
CKR-055,3.6,5.6,,,2.53
CKR-055,5.6,7.6,0.019,0.25,2.52
CKR-055,7.6,9.6,0.021,0.25,2.55
CKR-055,9.6,11.6,0.028,0.25,2.47
CKR-055,11.6,13.6,0.02,0.25,2.57
CKR-055,13.6,15.6,0.032,0.58,2.59
CKR-055,15.6,17.6,0.02,0.25,2.55
CKR-055,17.6,19.6,0.015,0.25,2.56
CKR-055,19.6,21.6,0.005,0.25,2.5
CKR-055,21.6,23.6,0.005,0.25,2.51
CKR-055,23.6,25.6,0.01,0.25,2.5
CKR-055,25.6,27.6,0.011,0.25,2.52
CKR-055,27.6,29.6,0.014,0.25,2.57
CKR-055,29.6,31.6,0.005,0.25,2.57
CKR-055,31.6,33.6,0.021,0.25,2.49
CKR-055,33.6,35.6,0.012,0.25,2.51
CKR-055,35.6,37.6,0.022,0.25,2.54
CKR-055,37.6,39.6,0.022,0.25,2.49
CKR-055,39.6,41.6,0.019,0.25,2.53
CKR-055,41.6,43.6,0.016,0.25,2.48
CKR-055,43.6,45.6,0.015,0.25,2.53
CKR-055,45.6,47.6,0.019,0.25,2.54
CKR-055,47.6,49.6,0.017,0.25,2.51
CKR-055,49.6,51.6,0.047,0.25,2.55
CKR-055,51.6,53.6,0.016,0.25,2.58
CKR-055,53.6,54.6,0.013,0.25,2.5
CKR-055,54.6,55.6,0.005,0.25,2.58
CKR-055,55.6,56.6,0.005,0.25,2.45
CKR-055,56.6,57.6,0.025,0.25,2.47
CKR-055,57.6,58.6,0.023,0.25,2.52
CKR-055,58.6,59.6,0.014,0.25,2.6
CKR-055,59.6,60.6,0.015,0.25,2.6
CKR-055,60.6,61.6,0.029,0.25,2.59
CKR-055,61.6,62.6,0.047,0.6,2.6
CKR-055,62.6,63.6,0.055,0.54,2.48
CKR-055,63.6,64.6,0.104,0.91,2.56
CKR-055,64.6,65.6,0.065,0.68,2.6
CKR-055,65.6,66.6,0.131,1.35,2.66
CKR-055,66.6,67.6,0.204,2.39,2.68
CKR-055,67.6,68.6,0.332,4.09,2.56
CKR-055,68.6,69.6,0.234,2.18,2.58
CKR-055,69.6,70.6,17.81,208.36,2.64
CKR-055,70.6,71.6,8.236,88.5,2.61
CKR-055,71.6,72.6,3.18,30.68,2.62
CKR-055,72.6,73.6,27.368,295.65,2.64
CKR-055,73.6,74.6,19.178,199.54,2.61
CKR-055,74.6,75.6,7.033,82.03,2.63
CKR-055,75.6,76.6,17.03,166.03,2.68
CKR-055,76.6,77.6,33.146,224.59,2.7
CKR-055,77.6,78.6,18.432,218.1,2.58
CKR-055,78.6,79.6,6.041,53.3,2.62
CKR-055,79.6,80.6,4.457,38.51,2.63
CKR-055,80.6,81.6,4.484,43.96,2.61
CKR-055,81.6,82.6,10.653,128.99,2.57
CKR-055,82.6,83.6,8.461,88.31,2.66
CKR-055,83.6,84.6,7.14,103.28,2.58
CKR-055,84.6,85.6,2.111,12.46,2.59
CKR-055,85.6,86.6,16.764,152.15,2.67
CKR-055,86.6,87.6,3.392,37.04,2.57
CKR-055,87.6,88.6,0.263,2.28,2.63
CKR-055,88.6,89.6,0.288,3.05,2.53
CKR-055,89.6,90.6,0.221,2.15,2.61
CKR-055,90.6,91.6,0.251,2.62,2.63
CKR-055,91.6,92.6,0.131,2.06,2.57
CKR-055,92.6,93.6,0.087,0.86,2.62
CKR-055,93.6,94.6,0.086,0.87,2.55
CKR-055,94.6,95.6,0.068,0.92,2.56
CKR-055,95.6,96.6,0.062,0.25,2.6
CKR-055,96.6,97.6,0.073,0.93,2.55
CKR-055,97.6,98.6,0.04,0.56,2.56
CKR-055,98.6,99.6,0.026,0.25,2.53
CKR-055,99.6,100.6,0.005,1.15,2.46
CKR-055,100.6,101.6,0.021,0.25,2.46
CKR-055,101.6,102.6,0.025,0.25,2.55
CKR-055,102.6,103.6,0.023,0.25,2.55
CKR-055,103.6,104.6,0.011,0.25,2.53
CKR-055,104.6,106.6,0.026,0.25,2.52
CKR-055,106.6,108.6,0.018,0.25,2.58
CKR-055,108.6,110.6,0.018,0.57,2.5
CKR-055,110.6,112.6,0.014,0.25,2.6
CKR-055,112.6,114.6,0.013,0.25,2.51
CKR-055,114.6,116.6,0.027,0.25,2.54
CKR-055,116.6,118.3,0.012,0.25,2.47
CKR-056,2.3,4.3,,,2.49
CKR-056,4.3,6.3,0.02,0.25,2.49
CKR-056,6.3,8.3,0.019,0.25,2.51
CKR-056,8.3,10.3,0.017,0.25,2.57
CKR-056,10.3,12.3,0.021,0.25,2.55
CKR-056,12.3,14.3,0.016,0.25,2.53
CKR-056,14.3,16.3,0.016,0.25,2.5
CKR-056,16.3,18.3,0.013,0.25,2.55
CKR-056,18.3,20.3,0.014,0.25,2.54
CKR-056,20.3,22.3,0.005,0.25,2.5
CKR-056,22.3,24.3,0.015,0.25,2.52
CKR-056,24.3,26.3,0.016,0.25,2.5
CKR-056,26.3,28.3,0.014,0.25,2.54
CKR-056,28.3,30.3,0.017,0.25,2.52
CKR-056,30.3,32.3,0.022,0.25,2.56
CKR-056,32.3,34.3,0.035,0.25,2.51
CKR-056,34.3,36.3,0.025,0.25,2.5
CKR-056,36.3,38.3,0.01,0.25,2.48
CKR-056,38.3,40.3,0.016,0.25,2.51
CKR-056,40.3,42.3,0.015,0.25,2.58
CKR-056,42.3,44.3,0.028,0.25,2.55
CKR-056,44.3,46.3,0.017,0.25,2.55
CKR-056,46.3,48.3,0.026,0.25,2.51
CKR-056,48.3,50.3,0.029,0.25,2.53
CKR-056,50.3,52.3,0.016,0.25,2.58
CKR-056,52.3,54.3,0.015,0.25,2.51
CKR-056,54.3,56.3,0.005,0.25,2.41
CKR-056,56.3,58.3,0.018,0.25,2.51
CKR-056,58.3,60.3,0.005,0.61,2.51
CKR-056,60.3,62.3,0.024,0.25,2.53
CKR-056,62.3,64.3,0.005,0.25,2.5
CKR-056,64.3,66.3,0.033,0.25,2.49
CKR-056,66.3,68.3,0.005,0.25,2.51
CKR-056,68.3,70.3,0.014,0.25,2.55
CKR-056,70.3,72.3,0.012,0.25,2.59
CKR-056,72.3,74.3,0.013,0.25,2.5
CKR-056,74.3,76.3,0.017,0.25,2.57
CKR-056,76.3,78.3,0.013,0.25,2.49
CKR-056,78.3,80.3,0.019,0.25,2.53
CKR-056,80.3,82.3,0.005,0.25,2.49
CKR-056,82.3,84.3,0.013,0.25,2.5
CKR-056,84.3,86.3,0.015,0.25,2.48
CKR-056,86.3,88.3,0.027,0.25,2.49
CKR-056,88.3,90.3,0.04,0.25,2.51
CKR-056,90.3,92.3,0.028,0.25,2.54
CKR-056,92.3,94.3,0.022,0.25,2.55
CKR-056,94.3,96.3,0.005,0.25,2.5
CKR-056,96.3,98.3,0.042,0.52,2.55
CKR-056,98.3,100.3,0.017,0.25,2.55
CKR-056,100.3,102.3,0.022,0.25,2.5
CKR-056,102.3,104.3,0.011,0.25,2.54
CKR-056,104.3,106.3,0.015,0.25,2.52
CKR-056,106.3,108.3,0.005,0.25,2.48
CKR-056,108.3,110.3,0.011,0.25,2.53
CKR-056,110.3,112.3,0.005,0.25,2.51
CKR-056,112.3,114.3,0.012,0.25,2.5
CKR-056,114.3,116.3,0.019,0.25,2.53
CKR-056,116.3,118.3,0.014,0.25,2.48
CKR-056,118.3,120.3,0.017,0.25,2.5
CKR-056,120.3,122.3,0.017,0.25,2.56
CKR-056,122.3,124.3,0.012,0.25,2.48
CKR-056,124.3,126.3,0.005,0.25,2.52
CKR-056,126.3,128.3,0.014,0.25,2.54
CKR-056,128.3,130.3,0.019,0.25,2.54
CKR-056,130.3,132.3,0.028,0.25,2.52
CKR-056,132.3,134.3,0.028,0.25,2.49
CKR-056,134.3,136.3,0.012,0.25,2.53
CKR-056,136.3,138.3,0.047,0.25,2.56
CKR-056,138.3,140.3,0.013,0.25,2.46
CKR-056,140.3,142.3,0.011,0.25,2.47
CKR-056,142.3,144.3,0.005,0.25,2.5
CKR-056,144.3,145.3,0.031,0.25,2.5
CKR-056,145.3,146.3,0.011,0.25,2.56
CKR-056,146.3,147.3,0.051,0.25,2.55
CKR-056,147.3,148.3,0.005,0.25,2.51
CKR-056,148.3,149.3,0.018,0.25,2.63
CKR-056,149.3,150.3,0.014,0.25,2.61
CKR-056,150.3,151.3,0.017,0.25,2.63
CKR-056,151.3,152.3,0.012,0.25,2.59
CKR-056,152.3,153.3,0.012,0.25,2.5
CKR-056,153.3,154.3,0.014,0.25,2.56
CKR-056,154.3,155.3,0.044,0.96,2.58
CKR-056,155.3,156.3,0.045,1.06,2.67
CKR-056,156.3,157.3,0.049,0.75,2.6
CKR-056,157.3,158.3,0.131,2.6,2.54
CKR-056,158.3,159.3,0.425,6.39,2.62
CKR-056,159.3,160.3,0.364,6.43,2.55
CKR-056,160.3,161.3,0.401,6.44,2.63
CKR-056,161.3,162.3,0.37,5.29,2.58
CKR-056,162.3,163.3,0.518,7.52,2.65
CKR-056,163.3,164.3,2.522,35.0,2.59
CKR-056,164.3,165.3,1.393,16.31,2.6
CKR-056,165.3,166.3,0.482,6.07,2.59
CKR-056,166.3,167.3,5.301,82.98,2.62
CKR-056,167.3,168.3,2.821,40.62,2.59
CKR-056,168.3,169.3,0.952,15.39,2.58
CKR-056,169.3,170.3,0.873,14.58,2.63
CKR-056,170.3,171.3,1.347,17.49,2.72
CKR-056,171.3,172.3,0.946,11.32,2.63
CKR-056,172.3,173.3,0.569,8.02,2.64
CKR-056,173.3,174.3,0.153,1.5,2.52
CKR-056,174.3,175.3,0.119,1.05,2.61
CKR-056,175.3,176.3,0.073,0.89,2.57
CKR-056,176.3,177.3,0.044,0.69,2.65
CKR-056,177.3,178.3,0.056,0.75,2.56
CKR-056,178.3,179.3,0.044,0.62,2.68
CKR-056,179.3,180.3,0.025,0.25,2.61
CKR-056,180.3,181.3,0.028,0.25,2.57
CKR-056,181.3,182.3,0.017,0.25,2.59
CKR-056,182.3,183.3,0.011,0.25,2.6
CKR-056,183.3,184.3,0.016,0.72,2.61
CKR-056,184.3,185.3,0.019,0.25,2.52
CKR-056,185.3,186.3,0.005,0.25,2.56
CKR-056,186.3,187.3,0.027,0.25,2.49
CKR-056,187.3,188.3,0.014,0.25,2.5
CKR-056,188.3,189.3,0.005,0.25,2.51
CKR-056,189.3,190.3,0.015,0.25,2.58
CKR-056,190.3,192.3,0.015,0.25,2.54
CKR-056,192.3,194.3,0.02,0.25,2.49
CKR-056,194.3,196.3,0.032,0.25,2.49
CKR-056,196.3,198.3,0.017,0.25,2.56
CKR-056,198.3,200.3,0.027,0.25,2.5
CKR-056,200.3,202.3,0.014,0.25,2.53
CKR-056,202.3,204.3,0.031,0.25,2.47
CKR-056,204.3,206.3,0.014,0.25,2.44
CKR-056,206.3,208.3,0.014,0.25,2.49
CKR-056,208.3,210.4,0.012,0.25,2.5
CKR-057,3.7,5.7,,,2.55
CKR-057,5.7,7.7,0.022,0.25,2.41
CKR-057,7.7,9.7,0.012,0.25,2.56
CKR-057,9.7,11.7,0.038,0.25,2.48
CKR-057,11.7,13.7,0.029,0.25,2.48
CKR-057,13.7,15.7,0.005,0.25,2.55
CKR-057,15.7,17.7,0.015,0.88,2.48
CKR-057,17.7,19.7,0.032,0.25,2.48
CKR-057,19.7,21.7,0.019,0.25,2.53
CKR-057,21.7,23.7,0.033,0.25,2.49
CKR-057,23.7,25.7,0.012,0.25,2.54
CKR-057,25.7,27.7,0.015,0.25,2.54
CKR-057,27.7,29.7,0.017,0.25,2.57
CKR-057,29.7,31.7,0.01,0.25,2.57
CKR-057,31.7,33.7,0.027,0.25,2.58
CKR-057,33.7,35.7,0.044,0.25,2.53
CKR-057,35.7,37.7,0.013,0.25,2.53
CKR-057,37.7,39.7,0.005,0.25,2.55
CKR-057,39.7,41.7,0.013,0.25,2.52
CKR-057,41.7,43.7,0.019,0.25,2.56
CKR-057,43.7,45.7,0.005,0.25,2.49
CKR-057,45.7,47.7,0.026,0.25,2.55
CKR-057,47.7,49.7,0.017,0.25,2.47
CKR-057,49.7,51.7,0.01,0.25,2.46
CKR-057,51.7,53.7,0.041,0.25,2.54
CKR-057,53.7,55.7,0.02,0.25,2.51
CKR-057,55.7,57.7,0.018,0.25,2.49
CKR-057,57.7,59.7,0.011,0.25,2.57
CKR-057,59.7,61.7,0.013,0.25,2.51
CKR-057,61.7,63.7,0.011,0.25,2.52
CKR-057,63.7,65.7,0.015,0.25,2.52
CKR-057,65.7,67.7,0.013,0.25,2.52
CKR-057,67.7,69.7,0.015,0.25,2.48
CKR-057,69.7,71.7,0.019,0.25,2.48
CKR-057,71.7,73.7,0.014,0.25,2.57
CKR-057,73.7,75.7,0.026,0.25,2.43
CKR-057,75.7,77.7,0.013,0.25,2.45
CKR-057,77.7,79.7,0.015,0.25,2.53
CKR-057,79.7,81.7,0.014,0.61,2.55
CKR-057,81.7,83.7,0.018,0.25,2.51
CKR-057,83.7,85.7,0.025,0.25,2.51
CKR-057,85.7,87.7,0.02,0.25,2.55
CKR-057,87.7,89.7,0.012,0.25,2.52
CKR-057,89.7,91.7,0.029,0.25,2.49
CKR-057,91.7,93.7,0.02,0.25,2.53
CKR-057,93.7,95.7,0.019,0.25,2.51
CKR-057,95.7,97.7,0.027,0.25,2.52
CKR-057,97.7,99.7,0.005,0.25,2.54
CKR-057,99.7,101.7,0.015,0.25,2.53
CKR-057,101.7,103.7,0.024,0.25,2.53
CKR-057,103.7,105.7,0.012,0.25,2.49
CKR-057,105.7,107.7,0.005,0.25,2.5
CKR-057,107.7,109.7,0.046,0.25,2.49
CKR-057,109.7,111.7,0.023,0.25,2.58
CKR-057,111.7,113.7,0.026,0.25,2.46
CKR-057,113.7,115.7,0.015,0.25,2.58
CKR-057,115.7,117.7,0.025,0.25,2.45
CKR-057,117.7,119.7,0.023,0.25,2.55
CKR-057,119.7,121.7,0.014,0.25,2.51
CKR-057,121.7,123.7,0.015,0.25,2.53
CKR-057,123.7,125.7,0.005,0.25,2.56
CKR-057,125.7,127.7,0.039,0.25,2.5
CKR-057,127.7,129.7,0.049,0.25,2.52
CKR-057,129.7,131.7,0.022,0.25,2.55
CKR-057,131.7,133.7,0.025,0.25,2.5
CKR-057,133.7,135.7,0.005,0.25,2.55
CKR-057,135.7,137.7,0.005,0.25,2.54
CKR-057,137.7,139.7,0.026,0.25,2.57
CKR-057,139.7,141.7,0.015,0.25,2.55
CKR-057,141.7,143.7,0.014,0.25,2.46
CKR-057,143.7,145.7,0.028,0.25,2.5
CKR-057,145.7,147.7,0.024,0.25,2.54
CKR-057,147.7,149.7,0.02,0.25,2.5
CKR-057,149.7,151.7,0.014,0.25,2.54
CKR-057,151.7,153.7,0.012,0.25,2.51
CKR-057,153.7,155.7,0.017,0.25,2.54
CKR-057,155.7,157.7,0.021,0.25,2.51
CKR-057,157.7,159.7,0.017,0.25,2.48
CKR-057,159.7,161.7,0.019,0.25,2.5
CKR-057,161.7,163.7,0.014,0.25,2.5
CKR-057,163.7,165.7,0.018,0.25,2.55
CKR-057,165.7,167.7,0.022,0.25,2.55
CKR-057,167.7,169.7,0.016,0.25,2.53
CKR-057,169.7,171.7,0.026,0.25,2.53
CKR-057,171.7,173.7,0.005,0.25,2.46
CKR-057,173.7,175.7,0.025,0.25,2.46
CKR-057,175.7,177.7,0.015,0.25,2.55
CKR-057,177.7,179.7,0.016,0.25,2.53
CKR-057,179.7,181.7,0.026,0.25,2.48
CKR-057,181.7,183.7,0.062,0.25,2.55
CKR-057,183.7,185.7,0.005,0.25,2.52
CKR-057,185.7,187.7,0.019,0.25,2.52
CKR-057,187.7,189.7,0.019,0.25,2.48
CKR-057,189.7,191.7,0.005,0.25,2.49
CKR-057,191.7,193.7,0.011,0.25,2.58
CKR-057,193.7,195.7,0.014,0.25,2.53
CKR-057,195.7,197.7,0.015,0.25,2.46
CKR-057,197.7,199.7,0.024,0.25,2.48
CKR-057,199.7,201.7,0.027,0.25,2.53
CKR-057,201.7,203.7,0.017,0.25,2.55
CKR-057,203.7,205.7,0.023,0.25,2.5
CKR-057,205.7,207.7,0.026,0.25,2.55
CKR-057,207.7,209.7,0.018,0.25,2.54
CKR-057,209.7,211.7,0.022,0.25,2.54
CKR-057,211.7,213.7,0.046,0.25,2.53
CKR-057,213.7,215.7,0.025,0.25,2.55
CKR-057,215.7,217.7,0.011,0.25,2.52
CKR-057,217.7,219.7,0.022,0.25,2.49
CKR-057,219.7,221.7,0.016,0.25,2.55
CKR-057,221.7,223.7,0.027,0.25,2.54
CKR-057,223.7,225.7,0.04,0.25,2.56
CKR-057,225.7,227.7,0.022,0.25,2.55
CKR-057,227.7,229.7,0.022,0.25,2.52
CKR-057,229.7,231.7,0.03,0.25,2.49
CKR-057,231.7,233.7,0.012,0.25,2.42
CKR-057,233.7,235.7,0.024,0.25,2.54
CKR-057,235.7,237.7,0.015,0.25,2.54
CKR-057,237.7,239.7,0.016,0.25,2.52
CKR-057,239.7,241.7,0.02,0.25,2.56
CKR-057,241.7,243.7,0.018,0.25,2.47
CKR-057,243.7,245.7,0.011,0.25,2.55
CKR-057,245.7,247.7,0.013,0.25,2.51
CKR-057,247.7,249.7,0.005,0.25,2.49
CKR-057,249.7,251.7,0.032,0.25,2.51
CKR-057,251.7,253.7,0.017,0.25,2.52
CKR-057,253.7,255.7,0.013,0.25,2.47
CKR-057,255.7,257.7,0.005,0.25,2.54
CKR-057,257.7,259.7,0.028,0.25,2.58
CKR-057,259.7,261.7,0.042,0.25,2.54
CKR-057,261.7,263.7,0.023,0.25,2.49
CKR-057,263.7,265.7,0.012,0.25,2.51
CKR-057,265.7,267.7,0.042,0.25,2.56
CKR-057,267.7,269.7,0.019,0.25,2.5
CKR-057,269.7,271.7,0.034,0.25,2.56
CKR-057,271.7,273.7,0.019,0.25,2.44
CKR-057,273.7,275.7,0.017,0.25,2.51
CKR-057,275.7,277.7,0.023,0.25,2.51
CKR-057,277.7,279.7,0.021,0.25,2.55
CKR-057,279.7,280.7,0.048,0.25,2.58
CKR-057,280.7,281.7,0.026,0.25,2.53
CKR-057,281.7,282.7,0.033,0.25,2.61
CKR-057,282.7,283.7,0.029,0.25,2.55
CKR-057,283.7,284.7,0.061,1.1,2.51
CKR-057,284.7,285.7,0.051,0.68,2.56
CKR-057,285.7,286.7,0.09,0.96,2.55
CKR-057,286.7,287.7,0.075,0.6,2.57
CKR-057,287.7,288.7,0.112,0.99,2.62
CKR-057,288.7,289.7,0.132,1.51,2.49
CKR-057,289.7,290.7,0.172,2.33,2.5
CKR-057,290.7,291.7,0.095,0.94,2.57
CKR-057,291.7,292.7,1.261,15.43,2.55
CKR-057,292.7,293.7,0.688,14.06,2.57
CKR-057,293.7,294.7,0.575,7.09,2.66
CKR-057,294.7,295.7,0.256,2.07,2.58
CKR-057,295.7,296.7,0.264,2.93,2.56
CKR-057,296.7,297.7,2.785,32.77,2.66
CKR-057,297.7,298.7,0.975,11.56,2.59
CKR-057,298.7,299.7,5.217,45.7,2.62
CKR-057,299.7,300.7,0.291,2.47,2.59
CKR-057,300.7,301.7,0.138,1.59,2.63
CKR-057,301.7,302.7,0.221,1.5,2.58
CKR-057,302.7,303.7,0.08,1.16,2.59
CKR-057,303.7,304.7,0.111,1.65,2.59
CKR-057,304.7,305.7,0.016,0.56,2.5
CKR-057,305.7,306.7,0.005,0.25,2.51
CKR-057,306.7,307.7,0.011,0.25,2.48
CKR-057,307.7,308.7,0.018,0.25,2.46
CKR-057,308.7,309.7,0.025,0.25,2.55
CKR-057,309.7,310.7,0.005,0.25,2.53
CKR-057,310.7,312.7,0.02,0.25,2.48
CKR-057,312.7,314.7,0.018,0.25,2.5
CKR-057,314.7,316.7,0.015,0.25,2.51
CKR-057,316.7,318.7,0.022,0.25,2.48
CKR-057,318.7,320.7,0.02,0.25,2.5
CKR-057,320.7,322.7,0.022,0.25,2.47
CKR-057,322.7,324.7,0.018,0.25,2.53
CKR-057,324.7,326.7,0.024,0.25,2.46
CKR-057,326.7,328.7,0.005,0.25,2.54
CKR-057,328.7,330.7,0.031,0.25,2.55
CKR-057,330.7,332.7,0.012,0.25,2.55
CKR-057,332.7,334.7,0.005,0.25,2.52
CKR-057,334.7,336.7,0.031,0.25,2.5
CKR-057,336.7,338.7,0.011,0.25,2.54
CKR-057,338.7,340.7,0.021,0.25,2.51
CKR-057,340.7,342.7,0.011,0.25,2.56
CKR-057,342.7,344.7,0.028,0.25,2.52
CKR-057,344.7,345.0,0.134,0.25,2.55
CKR-058,6.0,8.0,,,2.54
CKR-058,8.0,10.0,0.016,0.25,2.54
CKR-058,10.0,12.0,0.021,0.25,2.56
CKR-058,12.0,14.0,0.017,0.57,2.52
CKR-058,14.0,16.0,0.02,0.25,2.53
CKR-058,16.0,18.0,0.012,0.25,2.55
CKR-058,18.0,20.0,0.035,0.25,2.6
CKR-058,20.0,22.0,0.028,0.25,2.61
CKR-058,22.0,24.0,0.014,0.25,2.54
CKR-058,24.0,26.0,0.017,0.25,2.52
CKR-058,26.0,28.0,0.014,0.25,2.48
CKR-058,28.0,30.0,0.013,0.25,2.55
CKR-058,30.0,32.0,0.031,0.25,2.52
CKR-058,32.0,34.0,0.012,0.25,2.47
CKR-058,34.0,36.0,0.005,0.25,2.54
CKR-058,36.0,37.0,0.01,0.25,2.62
CKR-058,37.0,38.0,0.005,0.25,2.58
CKR-058,38.0,39.0,0.014,0.25,2.55
CKR-058,39.0,40.0,0.013,0.25,2.51
CKR-058,40.0,41.0,0.038,0.25,2.55
CKR-058,41.0,42.0,0.038,0.25,2.61
CKR-058,42.0,43.0,0.038,0.25,2.62
CKR-058,43.0,44.0,0.057,0.25,2.57
CKR-058,44.0,45.0,0.055,0.63,2.54
CKR-058,45.0,46.0,0.053,0.57,2.59
CKR-058,46.0,47.0,0.082,0.85,2.66
CKR-058,47.0,48.0,0.115,1.31,2.62
CKR-058,48.0,49.0,1.262,10.47,2.61
CKR-058,49.0,50.0,8.1,69.36,2.61
CKR-058,50.0,51.0,7.486,71.22,2.61
CKR-058,51.0,52.0,3.228,39.51,2.65
CKR-058,52.0,53.0,2.997,31.19,2.63
CKR-058,53.0,54.0,2.45,27.89,2.62
CKR-058,54.0,55.0,2.951,33.87,2.6
CKR-058,55.0,56.0,3.313,46.73,2.63
CKR-058,56.0,57.0,3.622,38.95,2.6
CKR-058,57.0,58.0,10.264,119.21,2.59
CKR-058,58.0,59.0,6.182,122.56,2.63
CKR-058,59.0,60.0,6.371,107.7,2.58
CKR-058,60.0,61.0,3.934,68.29,2.56
CKR-058,61.0,62.0,5.728,66.03,2.61
CKR-058,62.0,63.0,4.446,59.28,2.63
CKR-058,63.0,64.0,2.547,35.76,2.58
CKR-058,64.0,65.0,0.285,5.23,2.57
CKR-058,65.0,66.0,0.254,5.04,2.6
CKR-058,66.0,67.0,0.103,2.17,2.6
CKR-058,67.0,68.0,0.076,1.16,2.59
CKR-058,68.0,69.0,0.11,2.54,2.56
CKR-058,69.0,70.0,0.121,2.71,2.53
CKR-058,70.0,71.0,0.081,1.57,2.54
CKR-058,71.0,72.0,0.051,1.22,2.58
CKR-058,72.0,73.0,0.054,1.17,2.51
CKR-058,73.0,74.0,0.066,1.63,2.48
CKR-058,74.0,75.0,0.072,1.81,2.57
CKR-058,75.0,76.0,0.033,0.65,2.56
CKR-058,76.0,77.0,0.018,0.25,2.51
CKR-058,77.0,78.0,0.016,0.25,2.51
CKR-058,78.0,79.0,0.015,0.25,2.54
CKR-058,79.0,80.0,0.013,0.25,2.53
CKR-058,80.0,81.0,0.015,0.25,2.49
CKR-058,81.0,82.0,0.029,0.25,2.48
CKR-058,82.0,84.0,0.005,0.25,2.47
CKR-058,84.0,85.9,0.04,0.25,2.49
CKR-059,2.6,4.6,,,2.51
CKR-059,4.6,6.6,0.017,0.25,2.55
CKR-059,6.6,8.6,0.005,0.25,2.56
CKR-059,8.6,10.6,0.018,0.25,2.51
CKR-059,10.6,12.6,0.012,0.25,2.53
CKR-059,12.6,14.6,0.025,0.25,2.58
CKR-059,14.6,16.6,0.012,0.25,2.51
CKR-059,16.6,18.6,0.026,0.25,2.56
CKR-059,18.6,20.6,0.005,0.25,2.55
CKR-059,20.6,22.6,0.022,0.25,2.53
CKR-059,22.6,24.6,0.019,0.25,2.54
CKR-059,24.6,26.6,0.012,0.25,2.56
CKR-059,26.6,28.6,0.031,0.25,2.48
CKR-059,28.6,30.6,0.023,0.56,2.52
CKR-059,30.6,32.6,0.005,0.25,2.5
CKR-059,32.6,34.6,0.024,0.25,2.49
CKR-059,34.6,36.6,0.033,0.25,2.5
CKR-059,36.6,38.6,0.021,0.25,2.47
CKR-059,38.6,40.6,0.031,0.25,2.5
CKR-059,40.6,42.6,0.019,0.25,2.58
CKR-059,42.6,44.6,0.019,0.25,2.54
CKR-059,44.6,46.6,0.021,0.25,2.55
CKR-059,46.6,48.6,0.02,0.25,2.47
CKR-059,48.6,50.6,0.005,0.25,2.53
CKR-059,50.6,52.6,0.011,0.25,2.55
CKR-059,52.6,54.6,0.013,0.25,2.54
CKR-059,54.6,56.6,0.018,0.25,2.55
CKR-059,56.6,58.6,0.033,0.25,2.57
CKR-059,58.6,60.6,0.013,0.25,2.55
CKR-059,60.6,62.6,0.014,0.25,2.47
CKR-059,62.6,64.6,0.045,0.25,2.5
CKR-059,64.6,66.6,0.028,0.25,2.56
CKR-059,66.6,68.6,0.025,0.25,2.55
CKR-059,68.6,70.6,0.038,0.25,2.52
CKR-059,70.6,72.6,0.019,0.25,2.52
CKR-059,72.6,74.6,0.02,0.25,2.5
CKR-059,74.6,76.6,0.027,0.25,2.6
CKR-059,76.6,77.6,0.021,0.25,2.51
CKR-059,77.6,78.6,0.012,0.25,2.53
CKR-059,78.6,79.6,0.022,0.25,2.45
CKR-059,79.6,80.6,0.049,0.25,2.5
CKR-059,80.6,81.6,0.023,0.25,2.53
CKR-059,81.6,82.6,0.005,0.25,2.48
CKR-059,82.6,83.6,0.015,0.25,2.61
CKR-059,83.6,84.6,0.011,0.25,2.56
CKR-059,84.6,85.6,0.016,0.25,2.65
CKR-059,85.6,86.6,0.02,0.25,2.62
CKR-059,86.6,87.6,0.044,0.57,2.61
CKR-059,87.6,88.6,0.027,0.25,2.55
CKR-059,88.6,89.6,0.037,0.25,2.55
CKR-059,89.6,90.6,0.072,1.12,2.56
CKR-059,90.6,91.6,0.131,2.3,2.57
CKR-059,91.6,92.6,0.159,1.48,2.6
CKR-059,92.6,93.6,0.12,1.94,2.55
CKR-059,93.6,94.6,0.257,2.29,2.52
CKR-059,94.6,95.6,2.655,33.83,2.59
CKR-059,95.6,96.6,7.997,75.64,2.59
CKR-059,96.6,97.6,14.878,149.46,2.61
CKR-059,97.6,98.6,19.852,247.27,2.63
CKR-059,98.6,99.6,5.931,44.52,2.63
CKR-059,99.6,100.6,14.858,95.16,2.57
CKR-059,100.6,101.6,9.489,88.54,2.65
CKR-059,101.6,102.6,9.66,108.4,2.62
CKR-059,102.6,103.6,12.354,88.9,2.65
CKR-059,103.6,104.6,19.535,170.04,2.66
CKR-059,104.6,105.6,3.215,23.32,2.56
CKR-059,105.6,106.6,20.079,158.34,2.66
CKR-059,106.6,107.6,31.337,460.04,2.58
CKR-059,107.6,108.6,9.504,78.99,2.57
CKR-059,108.6,109.6,18.355,182.49,2.65
CKR-059,109.6,110.6,74.968,673.81,2.58
CKR-059,110.6,111.6,59.204,635.9,2.66
CKR-059,111.6,112.6,27.725,319.51,2.68
CKR-059,112.6,113.6,45.087,443.63,2.55
CKR-059,113.6,114.6,59.364,926.75,2.58
CKR-059,114.6,115.6,0.862,9.93,2.58
CKR-059,115.6,116.6,0.703,5.29,2.66
CKR-059,116.6,117.6,0.493,5.76,2.56
CKR-059,117.6,118.6,0.575,5.46,2.6
CKR-059,118.6,119.6,0.394,3.07,2.62
CKR-059,119.6,120.6,0.344,2.62,2.57
CKR-059,120.6,121.6,0.224,3.11,2.64
CKR-059,121.6,122.6,0.191,2.73,2.54
CKR-059,122.6,123.6,0.084,1.0,2.56
CKR-059,123.6,124.6,0.061,0.89,2.59
CKR-059,124.6,125.6,0.091,1.25,2.59
CKR-059,125.6,126.6,0.069,1.11,2.63
CKR-059,126.6,127.6,0.051,0.7,2.54
CKR-059,127.6,128.6,0.043,0.82,2.53
CKR-059,128.6,129.6,0.025,0.25,2.58
CKR-059,129.6,130.6,0.005,0.25,2.53
CKR-059,130.6,131.6,0.037,0.25,2.48
CKR-059,131.6,132.6,0.022,0.25,2.47
CKR-059,132.6,133.6,0.021,0.25,2.44
CKR-059,133.6,134.6,0.012,0.25,2.5
CKR-059,134.6,135.6,0.016,0.25,2.5
CKR-060,5.9,7.9,,,2.56
CKR-060,7.9,9.9,0.012,0.25,2.53
CKR-060,9.9,11.9,0.015,0.25,2.55
CKR-060,11.9,13.9,0.049,0.25,2.53
CKR-060,13.9,15.9,0.012,0.25,2.57
CKR-060,15.9,17.9,0.018,0.25,2.5
CKR-060,17.9,19.9,0.01,0.25,2.54
CKR-060,19.9,21.9,0.016,0.25,2.53
CKR-060,21.9,23.9,0.012,0.25,2.54
CKR-060,23.9,25.9,0.024,0.25,2.48
CKR-060,25.9,27.9,0.013,0.25,2.52
CKR-060,27.9,29.9,0.039,0.25,2.54
CKR-060,29.9,31.9,0.051,0.25,2.51
CKR-060,31.9,33.9,0.011,0.25,2.51
CKR-060,33.9,35.9,0.031,0.25,2.46
CKR-060,35.9,37.9,0.012,0.25,2.49
CKR-060,37.9,39.9,0.038,0.25,2.46
CKR-060,39.9,41.9,0.005,0.25,2.55
CKR-060,41.9,43.9,0.028,0.25,2.54
CKR-060,43.9,45.9,0.005,0.25,2.45
CKR-060,45.9,47.9,0.025,0.25,2.45
CKR-060,47.9,49.9,0.032,0.25,2.53
CKR-060,49.9,51.9,0.01,0.25,2.52
CKR-060,51.9,53.9,0.005,0.25,2.5
CKR-060,53.9,55.9,0.015,0.25,2.57
CKR-060,55.9,57.9,0.005,0.25,2.52
CKR-060,57.9,59.9,0.026,0.25,2.51
CKR-060,59.9,61.9,0.015,0.25,2.55
CKR-060,61.9,63.9,0.022,0.25,2.49
CKR-060,63.9,65.9,0.016,0.25,2.51
CKR-060,65.9,67.9,0.017,0.25,2.54
CKR-060,67.9,69.9,0.016,0.25,2.56
CKR-060,69.9,71.9,0.018,0.25,2.49
CKR-060,71.9,73.9,0.017,0.25,2.52
CKR-060,73.9,75.9,0.01,0.61,2.53
CKR-060,75.9,77.9,0.013,0.25,2.54
CKR-060,77.9,79.9,0.011,0.25,2.52
CKR-060,79.9,81.9,0.019,0.25,2.54
CKR-060,81.9,83.9,0.025,0.25,2.52
CKR-060,83.9,85.9,0.005,0.25,2.52
CKR-060,85.9,87.9,0.023,0.25,2.57
CKR-060,87.9,89.9,0.027,0.25,2.51
CKR-060,89.9,91.9,0.005,0.25,2.52
CKR-060,91.9,93.9,0.017,0.25,2.48
CKR-060,93.9,95.9,0.043,1.52,2.49
CKR-060,95.9,97.9,0.011,0.25,2.5
CKR-060,97.9,99.9,0.033,0.25,2.54
CKR-060,99.9,101.9,0.025,0.25,2.54
CKR-060,101.9,103.9,0.005,0.25,2.5
CKR-060,103.9,105.9,0.018,0.25,2.52
CKR-060,105.9,107.9,0.02,0.25,2.5
CKR-060,107.9,109.9,0.014,0.25,2.52
CKR-060,109.9,111.9,0.005,0.25,2.53
CKR-060,111.9,113.9,0.016,0.25,2.53
CKR-060,113.9,115.9,0.017,0.25,2.49
CKR-060,115.9,117.9,0.013,0.25,2.52
CKR-060,117.9,119.9,0.026,0.25,2.51
CKR-060,119.9,121.9,0.022,0.25,2.58
CKR-060,121.9,123.9,0.029,0.25,2.53
CKR-060,123.9,125.9,0.005,0.25,2.53
CKR-060,125.9,127.9,0.02,0.25,2.46
CKR-060,127.9,129.9,0.015,0.25,2.58
CKR-060,129.9,131.9,0.036,0.25,2.51
CKR-060,131.9,133.9,0.005,0.25,2.57
CKR-060,133.9,135.9,0.013,0.25,2.57
CKR-060,135.9,137.9,0.044,0.25,2.47
CKR-060,137.9,139.9,0.026,0.25,2.55
CKR-060,139.9,141.9,0.017,0.25,2.56
CKR-060,141.9,143.9,0.021,0.25,2.53
CKR-060,143.9,145.9,0.044,0.25,2.52
CKR-060,145.9,147.9,0.014,0.57,2.48
CKR-060,147.9,148.9,0.005,0.25,2.46
CKR-060,148.9,149.9,0.005,0.25,2.53
CKR-060,149.9,150.9,0.016,0.25,2.5
CKR-060,150.9,151.9,0.013,0.25,2.51
CKR-060,151.9,152.9,0.017,0.25,2.57
CKR-060,152.9,153.9,0.017,0.25,2.61
CKR-060,153.9,154.9,0.017,0.25,2.64
CKR-060,154.9,155.9,0.02,0.25,2.51
CKR-060,155.9,156.9,0.038,0.72,2.6
CKR-060,156.9,157.9,0.047,1.22,2.61
CKR-060,157.9,158.9,0.072,1.92,2.55
CKR-060,158.9,159.9,0.139,2.97,2.55
CKR-060,159.9,160.9,0.15,4.76,2.59
CKR-060,160.9,161.9,0.227,4.18,2.58
CKR-060,161.9,162.9,0.08,1.56,2.56
CKR-060,162.9,163.9,0.22,3.11,2.63
CKR-060,163.9,164.9,0.67,31.56,2.64
CKR-060,164.9,165.9,4.295,109.51,2.7
CKR-060,165.9,166.9,12.873,261.57,2.6
CKR-060,166.9,167.9,6.482,211.65,2.65
CKR-060,167.9,168.9,8.95,218.88,2.63
CKR-060,168.9,169.9,6.718,150.85,2.64
CKR-060,169.9,170.9,2.713,78.76,2.61
CKR-060,170.9,171.9,7.5,154.21,2.73
CKR-060,171.9,172.9,6.098,177.0,2.61
CKR-060,172.9,173.9,1.766,44.33,2.62
CKR-060,173.9,174.9,9.07,240.64,2.61
CKR-060,174.9,175.9,4.6,77.49,2.64
CKR-060,175.9,176.9,4.713,122.05,2.64
CKR-060,176.9,177.9,6.44,101.4,2.62
CKR-060,177.9,178.9,13.858,395.17,2.61
CKR-060,178.9,179.9,20.481,478.0,2.6
CKR-060,179.9,180.9,0.497,9.66,2.59
CKR-060,180.9,181.9,0.293,6.38,2.59
CKR-060,181.9,182.9,0.158,2.78,2.57
CKR-060,182.9,183.9,0.2,4.14,2.56
CKR-060,183.9,184.9,0.126,2.02,2.57
CKR-060,184.9,185.9,0.145,2.8,2.56
CKR-060,185.9,186.9,0.039,0.91,2.6
CKR-060,186.9,187.9,0.045,0.76,2.54
CKR-060,187.9,188.9,0.02,0.25,2.57
CKR-060,188.9,189.9,0.071,0.7,2.58
CKR-060,189.9,190.9,0.034,0.58,2.5
CKR-060,190.9,191.9,0.013,0.25,2.51
CKR-060,191.9,192.9,0.021,0.25,2.46
CKR-060,192.9,193.9,0.011,0.25,2.53
CKR-060,193.9,194.9,0.013,0.25,2.59
CKR-060,194.9,195.9,0.018,0.25,2.56
CKR-060,195.9,196.9,0.021,0.25,2.57
CKR-060,196.9,198.9,0.013,0.25,2.52
CKR-060,198.9,200.9,0.02,0.25,2.51
CKR-060,200.9,202.0,0.005,0.25,2.45
CKR-061,5.3,7.3,,,2.54
CKR-061,7.3,9.3,0.027,0.25,2.54
CKR-061,9.3,11.3,0.018,0.25,2.58
CKR-061,11.3,13.3,0.014,0.25,2.49
CKR-061,13.3,15.3,0.016,0.25,2.52
CKR-061,15.3,17.3,0.005,0.25,2.49
CKR-061,17.3,19.3,0.013,0.25,2.45
CKR-061,19.3,21.3,0.005,0.25,2.55
CKR-061,21.3,23.3,0.005,0.25,2.48
CKR-061,23.3,25.3,0.024,0.25,2.52
CKR-061,25.3,27.3,0.025,0.25,2.55
CKR-061,27.3,29.3,0.005,0.25,2.47
CKR-061,29.3,31.3,0.026,0.25,2.5
CKR-061,31.3,33.3,0.02,0.25,2.53
CKR-061,33.3,35.3,0.018,0.25,2.53
CKR-061,35.3,37.3,0.028,0.25,2.53
CKR-061,37.3,39.3,0.015,0.25,2.52
CKR-061,39.3,41.3,0.022,0.25,2.47
CKR-061,41.3,43.3,0.018,0.25,2.5
CKR-061,43.3,45.3,0.005,0.25,2.5
CKR-061,45.3,47.3,0.022,0.25,2.53
CKR-061,47.3,49.3,0.018,0.64,2.52
CKR-061,49.3,51.3,0.005,0.25,2.56
CKR-061,51.3,53.3,0.024,0.25,2.49
CKR-061,53.3,55.3,0.022,0.25,2.52
CKR-061,55.3,57.3,0.005,0.25,2.57
CKR-061,57.3,59.3,0.017,0.25,2.49
CKR-061,59.3,61.3,0.017,0.25,2.5
CKR-061,61.3,63.3,0.005,0.25,2.54
CKR-061,63.3,65.3,0.032,0.25,2.52
CKR-061,65.3,67.3,0.013,0.25,2.47
CKR-061,67.3,69.3,0.032,0.25,2.52
CKR-061,69.3,71.3,0.022,0.25,2.49
CKR-061,71.3,73.3,0.01,0.25,2.51
CKR-061,73.3,75.3,0.015,0.25,2.53
CKR-061,75.3,77.3,0.016,0.25,2.55
CKR-061,77.3,79.3,0.014,0.25,2.55
CKR-061,79.3,81.3,0.023,0.25,2.49
CKR-061,81.3,83.3,0.026,0.25,2.54
CKR-061,83.3,85.3,0.012,0.25,2.51
CKR-061,85.3,87.3,0.024,0.25,2.54
CKR-061,87.3,89.3,0.031,0.25,2.53
CKR-061,89.3,91.3,0.014,0.25,2.5
CKR-061,91.3,93.3,0.02,0.25,2.6
CKR-061,93.3,95.3,0.015,0.25,2.53
CKR-061,95.3,97.3,0.005,0.25,2.55
CKR-061,97.3,99.3,0.029,0.25,2.55
CKR-061,99.3,101.3,0.013,0.25,2.51
CKR-061,101.3,103.3,0.017,0.25,2.49
CKR-061,103.3,105.3,0.059,0.25,2.46
CKR-061,105.3,107.3,0.017,0.25,2.53
CKR-061,107.3,109.3,0.019,0.25,2.54
CKR-061,109.3,111.3,0.029,0.25,2.52
CKR-061,111.3,113.3,0.019,0.25,2.48
CKR-061,113.3,115.3,0.024,0.25,2.51
CKR-061,115.3,117.3,0.014,0.25,2.48
CKR-061,117.3,119.3,0.012,0.25,2.48
CKR-061,119.3,121.3,0.005,0.25,2.49
CKR-061,121.3,123.3,0.012,0.25,2.47
CKR-061,123.3,125.3,0.021,0.25,2.57
CKR-061,125.3,127.3,0.013,0.25,2.55
CKR-061,127.3,129.3,0.022,0.25,2.47
CKR-061,129.3,131.3,0.062,0.25,2.51
CKR-061,131.3,133.3,0.014,0.25,2.48
CKR-061,133.3,135.3,0.021,0.25,2.52
CKR-061,135.3,137.3,0.014,0.25,2.52
CKR-061,137.3,139.3,0.011,0.25,2.47
CKR-061,139.3,141.3,0.014,0.69,2.54
CKR-061,141.3,143.3,0.011,0.25,2.51
CKR-061,143.3,145.3,0.033,0.25,2.51
CKR-061,145.3,147.3,0.02,0.25,2.52
CKR-061,147.3,149.3,0.005,0.25,2.57
CKR-061,149.3,151.3,0.011,0.25,2.51
CKR-061,151.3,153.3,0.031,0.25,2.58
CKR-061,153.3,155.3,0.013,0.25,2.51
CKR-061,155.3,157.3,0.011,0.25,2.54
CKR-061,157.3,159.3,0.016,0.25,2.57
CKR-061,159.3,161.3,0.005,0.25,2.52
CKR-061,161.3,163.3,0.005,0.25,2.55
CKR-061,163.3,165.3,0.022,0.25,2.5
CKR-061,165.3,167.3,0.02,0.25,2.48
CKR-061,167.3,169.3,0.041,0.25,2.55
CKR-061,169.3,171.3,0.021,0.25,2.54
CKR-061,171.3,173.3,0.025,0.53,2.54
CKR-061,173.3,175.3,0.027,0.25,2.5
CKR-061,175.3,177.3,0.063,0.25,2.53
CKR-061,177.3,179.3,0.005,0.25,2.51
CKR-061,179.3,181.3,0.025,0.25,2.45
CKR-061,181.3,183.3,0.02,0.25,2.54
CKR-061,183.3,185.3,0.017,0.25,2.55
CKR-061,185.3,187.3,0.013,0.25,2.49
CKR-061,187.3,189.3,0.005,0.25,2.5
CKR-061,189.3,191.3,0.023,0.25,2.47
CKR-061,191.3,193.3,0.024,0.25,2.48
CKR-061,193.3,195.3,0.005,0.25,2.49
CKR-061,195.3,197.3,0.005,0.53,2.54
CKR-061,197.3,199.3,0.025,0.25,2.44
CKR-061,199.3,201.3,0.023,0.25,2.52
CKR-061,201.3,203.3,0.017,0.25,2.55
CKR-061,203.3,205.3,0.023,0.25,2.55
CKR-061,205.3,207.3,0.012,0.25,2.55
CKR-061,207.3,209.3,0.013,0.25,2.54
CKR-061,209.3,211.3,0.018,0.25,2.49
CKR-061,211.3,213.3,0.013,0.25,2.56
CKR-061,213.3,215.3,0.037,0.25,2.53
CKR-061,215.3,217.3,0.019,0.25,2.52
CKR-061,217.3,219.3,0.031,0.25,2.51
CKR-061,219.3,221.3,0.059,0.25,2.53
CKR-061,221.3,223.3,0.005,0.25,2.49
CKR-061,223.3,225.3,0.033,0.25,2.52
CKR-061,225.3,227.3,0.02,0.25,2.53
CKR-061,227.3,229.3,0.018,0.25,2.52
CKR-061,229.3,231.3,0.029,0.25,2.56
CKR-061,231.3,233.3,0.014,0.25,2.52
CKR-061,233.3,235.3,0.019,0.25,2.51
CKR-061,235.3,237.3,0.015,0.25,2.56
CKR-061,237.3,239.3,0.053,0.25,2.58
CKR-061,239.3,241.3,0.025,0.25,2.48
CKR-061,241.3,243.3,0.025,0.25,2.54
CKR-061,243.3,245.3,0.011,0.25,2.46
CKR-061,245.3,247.3,0.005,0.25,2.49
CKR-061,247.3,249.3,0.025,0.25,2.55
CKR-061,249.3,251.3,0.02,0.25,2.54
CKR-061,251.3,253.3,0.018,0.25,2.57
CKR-061,253.3,255.3,0.02,0.25,2.56
CKR-061,255.3,257.3,0.01,0.25,2.47
CKR-061,257.3,259.3,0.015,0.25,2.5
CKR-061,259.3,261.3,0.011,0.25,2.55
CKR-061,261.3,263.3,0.019,0.25,2.52
CKR-061,263.3,265.3,0.017,0.25,2.51
CKR-061,265.3,267.3,0.023,0.25,2.54
CKR-061,267.3,269.3,0.022,0.25,2.51
CKR-061,269.3,271.3,0.01,0.25,2.51
CKR-061,271.3,273.3,0.03,0.25,2.5
CKR-061,273.3,275.3,0.014,0.25,2.52
CKR-061,275.3,277.3,0.005,0.25,2.56
CKR-061,277.3,279.3,0.013,0.25,2.52
CKR-061,279.3,281.3,0.011,0.25,2.49
CKR-061,281.3,283.3,0.015,0.25,2.54
CKR-061,283.3,285.3,0.037,0.25,2.53
CKR-061,285.3,287.3,0.033,0.25,2.51
CKR-061,287.3,289.3,0.015,0.25,2.53
CKR-061,289.3,291.3,0.04,0.25,2.51
CKR-061,291.3,293.3,0.021,0.25,2.51
CKR-061,293.3,294.3,0.012,0.25,2.47
CKR-061,294.3,295.3,0.015,0.53,2.49
CKR-061,295.3,296.3,0.005,0.25,2.54
CKR-061,296.3,297.3,0.025,0.25,2.62
CKR-061,297.3,298.3,0.014,0.25,2.49
CKR-061,298.3,299.3,0.09,0.6,2.58
CKR-061,299.3,300.3,0.033,0.25,2.6
CKR-061,300.3,301.3,0.078,0.87,2.6
CKR-061,301.3,302.3,0.056,0.25,2.53
CKR-061,302.3,303.3,0.111,0.9,2.54
CKR-061,303.3,304.3,0.104,1.11,2.58
CKR-061,304.3,305.3,0.133,0.83,2.55
CKR-061,305.3,306.3,0.273,3.08,2.53
CKR-061,306.3,307.3,0.311,2.51,2.56
CKR-061,307.3,308.3,4.946,68.86,2.56
CKR-061,308.3,309.3,0.831,8.56,2.58
CKR-061,309.3,310.3,0.981,8.36,2.61
CKR-061,310.3,311.3,1.849,22.48,2.63
CKR-061,311.3,312.3,0.591,9.8,2.62
CKR-061,312.3,313.3,0.618,5.8,2.62
CKR-061,313.3,314.3,1.404,21.74,2.65
CKR-061,314.3,315.3,1.957,19.78,2.62
CKR-061,315.3,316.3,0.982,12.96,2.69
CKR-061,316.3,317.3,0.423,5.1,2.6
CKR-061,317.3,318.3,0.92,9.97,2.63
CKR-061,318.3,319.3,0.202,3.15,2.6
CKR-061,319.3,320.3,0.09,1.25,2.51
CKR-061,320.3,321.3,0.128,1.19,2.58
CKR-061,321.3,322.3,0.101,1.14,2.61
CKR-061,322.3,323.3,0.049,0.78,2.67
CKR-061,323.3,324.3,0.034,0.25,2.57
CKR-061,324.3,325.3,0.036,0.25,2.61
CKR-061,325.3,326.3,0.019,0.25,2.52
CKR-061,326.3,327.3,0.016,0.25,2.61
CKR-061,327.3,328.3,0.014,0.25,2.51
CKR-061,328.3,329.3,0.017,0.25,2.51
CKR-061,329.3,330.3,0.005,0.25,2.48
CKR-061,330.3,331.3,0.029,0.25,2.47
CKR-061,331.3,332.3,0.034,0.25,2.56
CKR-061,332.3,333.3,0.012,0.54,2.55
CKR-061,333.3,334.3,0.021,0.25,2.5
CKR-061,334.3,336.3,0.027,0.25,2.51
CKR-061,336.3,338.3,0.025,0.25,2.51
CKR-061,338.3,340.3,0.02,0.25,2.5
CKR-061,340.3,342.3,0.038,0.25,2.5
CKR-061,342.3,344.3,0.014,0.25,2.41
CKR-061,344.3,346.3,0.015,0.25,2.57
CKR-061,346.3,348.3,0.005,0.25,2.51
CKR-061,348.3,350.3,0.025,0.25,2.58
CKR-061,350.3,352.3,0.03,0.25,2.55
CKR-061,352.3,354.4,0.01,0.25,2.5
CKR-062,4.9,6.9,,,2.58
CKR-062,6.9,8.9,0.012,0.75,2.49
CKR-062,8.9,10.9,0.013,0.25,2.48
CKR-062,10.9,12.9,0.011,0.25,2.48
CKR-062,12.9,14.9,0.012,0.25,2.5
CKR-062,14.9,16.9,0.022,0.25,2.54
CKR-062,16.9,18.9,0.017,0.25,2.55
CKR-062,18.9,20.9,0.011,0.25,2.51
CKR-062,20.9,22.9,0.015,0.25,2.49
CKR-062,22.9,24.9,0.024,0.25,2.55
CKR-062,24.9,26.9,0.018,0.25,2.55
CKR-062,26.9,28.9,0.019,0.25,2.53
CKR-062,28.9,30.9,0.005,0.25,2.47
CKR-062,30.9,32.9,0.018,0.25,2.5
CKR-062,32.9,34.9,0.005,0.25,2.5
CKR-062,34.9,36.9,0.014,0.25,2.54
CKR-062,36.9,38.9,0.016,0.25,2.5
CKR-062,38.9,40.9,0.031,0.25,2.53
CKR-062,40.9,42.9,0.042,0.25,2.54
CKR-062,42.9,44.9,0.022,0.25,2.54
CKR-062,44.9,46.9,0.015,0.25,2.51
CKR-062,46.9,48.9,0.032,0.25,2.58
CKR-062,48.9,50.9,0.015,0.25,2.55
CKR-062,50.9,52.9,0.013,0.25,2.53
CKR-062,52.9,54.9,0.02,0.25,2.48
CKR-062,54.9,56.9,0.028,0.25,2.5
CKR-062,56.9,58.9,0.043,0.99,2.55
CKR-062,58.9,60.9,0.027,0.25,2.48
CKR-062,60.9,62.9,0.013,0.25,2.56
CKR-062,62.9,64.9,0.005,0.25,2.47
CKR-062,64.9,66.9,0.02,0.25,2.53
CKR-062,66.9,68.9,0.013,0.52,2.51
CKR-062,68.9,70.9,0.018,0.25,2.53
CKR-062,70.9,72.9,0.039,0.25,2.52
CKR-062,72.9,74.9,0.02,0.25,2.55
CKR-062,74.9,75.9,0.011,0.25,2.56
CKR-062,75.9,76.9,0.021,0.25,2.48
CKR-062,76.9,77.9,0.023,0.25,2.57
CKR-062,77.9,78.9,0.005,0.25,2.5
CKR-062,78.9,79.9,0.005,0.25,2.57
CKR-062,79.9,80.9,0.125,1.57,2.56
CKR-062,80.9,81.9,0.365,4.81,2.55
CKR-062,81.9,82.9,0.21,1.67,2.66
CKR-062,82.9,83.9,0.256,2.0,2.66
CKR-062,83.9,84.9,0.33,4.05,2.62
CKR-062,84.9,85.9,0.318,4.75,2.62
CKR-062,85.9,86.9,0.399,3.03,2.65
CKR-062,86.9,87.9,2.051,16.3,2.64
CKR-062,87.9,88.9,7.618,97.33,2.61
CKR-062,88.9,89.9,5.587,36.41,2.62
CKR-062,89.9,90.9,5.52,56.24,2.62
CKR-062,90.9,91.9,3.098,27.13,2.66
CKR-062,91.9,92.9,5.754,49.19,2.57
CKR-062,92.9,93.9,4.961,36.91,2.65
CKR-062,93.9,94.9,4.351,32.23,2.58
CKR-062,94.9,95.9,4.755,61.48,2.56
CKR-062,95.9,96.9,3.627,29.03,2.59
CKR-062,96.9,97.9,2.662,25.47,2.63
CKR-062,97.9,98.9,0.869,6.32,2.61
CKR-062,98.9,99.9,0.214,1.41,2.57
CKR-062,99.9,100.9,0.136,1.41,2.57
CKR-062,100.9,101.9,0.146,0.92,2.56
CKR-062,101.9,102.9,0.077,0.75,2.59
CKR-062,102.9,103.9,0.135,0.71,2.6
CKR-062,103.9,104.9,0.039,0.25,2.54
CKR-062,104.9,105.9,0.075,0.58,2.59
CKR-062,105.9,106.9,0.053,0.59,2.52
CKR-062,106.9,107.9,0.027,0.25,2.6
CKR-062,107.9,108.9,0.052,0.25,2.56
CKR-062,108.9,109.9,0.035,0.25,2.51
CKR-062,109.9,110.9,0.024,0.25,2.6
CKR-062,110.9,111.9,0.013,0.25,2.57
CKR-062,111.9,112.9,0.018,0.25,2.49
CKR-062,112.9,113.9,0.01,0.25,2.56
CKR-062,113.9,114.9,0.017,0.25,2.52
CKR-062,114.9,116.9,0.032,0.25,2.55
CKR-062,116.9,118.9,0.017,0.25,2.54
CKR-062,118.9,120.9,0.018,0.25,2.52
CKR-062,120.9,122.9,0.027,0.25,2.52
CKR-062,122.9,124.9,0.011,0.25,2.55
CKR-062,124.9,126.9,0.033,0.25,2.53
CKR-062,126.9,128.9,0.014,0.25,2.54
CKR-062,128.9,130.9,0.021,0.25,2.46
CKR-062,130.9,132.9,0.015,0.25,2.58
CKR-062,132.9,134.9,0.025,0.5,2.54
CKR-062,134.9,136.2,0.027,0.25,2.58
CKR-063,4.3,6.3,,,2.51
CKR-063,6.3,8.3,0.022,0.25,2.56
CKR-063,8.3,10.3,0.005,0.25,2.44
CKR-063,10.3,12.3,0.013,0.25,2.53
CKR-063,12.3,14.3,0.015,0.25,2.5
CKR-063,14.3,16.3,0.025,0.25,2.51
CKR-063,16.3,18.3,0.015,0.25,2.49
CKR-063,18.3,20.3,0.034,0.25,2.53
CKR-063,20.3,22.3,0.005,0.25,2.54
CKR-063,22.3,24.3,0.021,0.25,2.53
CKR-063,24.3,26.3,0.016,0.25,2.54
CKR-063,26.3,28.3,0.02,0.25,2.51
CKR-063,28.3,30.3,0.017,0.25,2.53
CKR-063,30.3,32.3,0.005,0.25,2.51
CKR-063,32.3,34.3,0.017,0.25,2.51
CKR-063,34.3,36.3,0.019,0.25,2.5
CKR-063,36.3,38.3,0.005,0.25,2.48
CKR-063,38.3,40.3,0.045,0.25,2.58
CKR-063,40.3,42.3,0.005,0.25,2.48
CKR-063,42.3,44.3,0.037,0.25,2.53
CKR-063,44.3,46.3,0.011,0.25,2.46
CKR-063,46.3,48.3,0.037,0.25,2.51
CKR-063,48.3,50.3,0.014,0.25,2.55
CKR-063,50.3,52.3,0.01,0.25,2.57
CKR-063,52.3,54.3,0.018,0.25,2.5
CKR-063,54.3,56.3,0.026,0.25,2.52
CKR-063,56.3,58.3,0.023,0.25,2.53
CKR-063,58.3,60.3,0.02,0.25,2.54
CKR-063,60.3,62.3,0.019,0.25,2.59
CKR-063,62.3,64.3,0.005,0.25,2.49
CKR-063,64.3,66.3,0.016,0.25,2.51
CKR-063,66.3,68.3,0.016,0.25,2.52
CKR-063,68.3,70.3,0.015,0.25,2.48
CKR-063,70.3,72.3,0.019,0.25,2.53
CKR-063,72.3,74.3,0.005,0.25,2.54
CKR-063,74.3,76.3,0.005,0.25,2.52
CKR-063,76.3,78.3,0.018,0.25,2.51
CKR-063,78.3,80.3,0.016,0.25,2.5
CKR-063,80.3,82.3,0.021,0.25,2.52
CKR-063,82.3,84.3,0.016,0.25,2.54
CKR-063,84.3,86.3,0.022,0.25,2.52
CKR-063,86.3,88.3,0.024,0.25,2.49
CKR-063,88.3,90.3,0.019,0.25,2.58
CKR-063,90.3,92.3,0.005,0.25,2.56
CKR-063,92.3,94.3,0.026,0.25,2.55
CKR-063,94.3,96.3,0.005,0.25,2.56
CKR-063,96.3,98.3,0.005,0.25,2.49
CKR-063,98.3,100.3,0.058,0.25,2.5
CKR-063,100.3,102.3,0.018,0.25,2.56
CKR-063,102.3,104.3,0.011,0.25,2.56
CKR-063,104.3,106.3,0.023,0.25,2.55
CKR-063,106.3,108.3,0.027,0.25,2.59
CKR-063,108.3,110.3,0.015,0.25,2.5
CKR-063,110.3,112.3,0.005,0.25,2.48
CKR-063,112.3,114.3,0.005,0.25,2.51
CKR-063,114.3,116.3,0.025,0.25,2.53
CKR-063,116.3,118.3,0.005,0.25,2.54
CKR-063,118.3,120.3,0.033,0.25,2.48
CKR-063,120.3,122.3,0.005,0.25,2.51
CKR-063,122.3,124.3,0.005,0.77,2.53
CKR-063,124.3,126.3,0.049,0.5,2.51
CKR-063,126.3,128.3,0.023,0.25,2.55
CKR-063,128.3,130.3,0.011,0.25,2.53
CKR-063,130.3,132.3,0.015,0.25,2.49
CKR-063,132.3,134.3,0.023,0.25,2.53
CKR-063,134.3,136.3,0.026,0.25,2.58
CKR-063,136.3,138.3,0.014,0.25,2.51
CKR-063,138.3,140.3,0.011,0.25,2.52
CKR-063,140.3,142.3,0.005,0.25,2.53
CKR-063,142.3,144.3,0.027,0.25,2.54
CKR-063,144.3,146.3,0.018,0.25,2.53
CKR-063,146.3,148.3,0.014,0.25,2.5
CKR-063,148.3,150.3,0.019,0.25,2.51
CKR-063,150.3,152.3,0.019,0.25,2.52
CKR-063,152.3,154.3,0.028,0.25,2.57
CKR-063,154.3,156.3,0.014,0.68,2.52
CKR-063,156.3,157.3,0.01,0.25,2.52
CKR-063,157.3,158.3,0.005,0.25,2.49
CKR-063,158.3,159.3,0.059,0.25,2.43
CKR-063,159.3,160.3,0.016,0.25,2.56
CKR-063,160.3,161.3,0.005,0.25,2.6
CKR-063,161.3,162.3,0.005,0.25,2.53
CKR-063,162.3,163.3,0.005,0.25,2.57
CKR-063,163.3,164.3,0.005,0.25,2.66
CKR-063,164.3,165.3,0.012,0.25,2.54
CKR-063,165.3,166.3,0.015,0.25,2.58
CKR-063,166.3,167.3,0.033,0.25,2.54
CKR-063,167.3,168.3,0.061,0.93,2.58
CKR-063,168.3,169.3,0.033,0.25,2.55
CKR-063,169.3,170.3,0.522,9.33,2.59
CKR-063,170.3,171.3,0.196,3.05,2.64
CKR-063,171.3,172.3,0.395,4.68,2.63
CKR-063,172.3,173.3,0.541,8.51,2.61
CKR-063,173.3,174.3,0.377,6.09,2.65
CKR-063,174.3,175.3,0.259,2.65,2.67
CKR-063,175.3,176.3,0.942,8.49,2.57
CKR-063,176.3,177.3,2.431,35.81,2.7
CKR-063,177.3,178.3,4.84,53.97,2.59
CKR-063,178.3,179.3,1.712,18.87,2.58
CKR-063,179.3,180.3,3.455,46.67,2.61
CKR-063,180.3,181.3,1.797,35.03,2.59
CKR-063,181.3,182.3,7.052,132.54,2.66
CKR-063,182.3,183.3,1.525,26.58,2.59
CKR-063,183.3,184.3,0.244,4.3,2.56
CKR-063,184.3,185.3,0.17,3.47,2.53
CKR-063,185.3,186.3,0.14,2.36,2.53
CKR-063,186.3,187.3,0.087,1.15,2.55
CKR-063,187.3,188.3,0.1,1.9,2.61
CKR-063,188.3,189.3,0.064,1.1,2.61
CKR-063,189.3,190.3,0.036,0.56,2.61
CKR-063,190.3,191.3,0.027,0.25,2.51
CKR-063,191.3,192.3,0.018,0.25,2.49
CKR-063,192.3,193.3,0.005,0.25,2.51
CKR-063,193.3,194.3,0.005,0.25,2.51
CKR-063,194.3,195.3,0.032,0.25,2.52
CKR-063,195.3,196.3,0.017,0.25,2.57
CKR-063,196.3,197.3,0.031,0.25,2.56
CKR-063,197.3,198.3,0.019,0.25,2.57
CKR-063,198.3,200.3,0.031,0.25,2.43
CKR-063,200.3,202.4,0.005,0.25,2.51
CKR-064,2.2,4.2,,,2.53
CKR-064,4.2,6.2,0.015,0.25,2.48
CKR-064,6.2,8.2,0.016,0.25,2.53
CKR-064,8.2,10.2,0.03,0.25,2.45
CKR-064,10.2,12.2,0.011,0.25,2.46
CKR-064,12.2,14.2,0.005,0.25,2.54
CKR-064,14.2,16.2,0.011,0.25,2.51
CKR-064,16.2,18.2,0.02,0.25,2.56
CKR-064,18.2,20.2,0.01,0.25,2.58
CKR-064,20.2,22.2,0.022,0.25,2.45
CKR-064,22.2,24.2,0.005,0.25,2.55
CKR-064,24.2,26.2,0.01,0.25,2.49
CKR-064,26.2,28.2,0.017,0.25,2.49
CKR-064,28.2,30.2,0.029,0.25,2.55
CKR-064,30.2,32.2,0.023,0.25,2.47
CKR-064,32.2,34.2,0.028,0.25,2.57
CKR-064,34.2,36.2,0.027,0.25,2.5
CKR-064,36.2,38.2,0.022,0.25,2.52
CKR-064,38.2,40.2,0.035,0.25,2.56
CKR-064,40.2,42.2,0.011,0.25,2.53
CKR-064,42.2,44.2,0.023,0.25,2.55
CKR-064,44.2,46.2,0.027,0.25,2.48
CKR-064,46.2,48.2,0.017,0.25,2.5
CKR-064,48.2,50.2,0.005,0.25,2.56
CKR-064,50.2,52.2,0.019,0.25,2.53
CKR-064,52.2,54.2,0.043,0.25,2.4
CKR-064,54.2,56.2,0.027,0.25,2.49
CKR-064,56.2,58.2,0.023,0.25,2.6
CKR-064,58.2,60.2,0.01,0.25,2.47
CKR-064,60.2,62.2,0.01,0.25,2.61
CKR-064,62.2,64.2,0.028,0.25,2.54
CKR-064,64.2,66.2,0.025,0.25,2.49
CKR-064,66.2,68.2,0.071,0.25,2.55
CKR-064,68.2,70.2,0.023,0.25,2.48
CKR-064,70.2,72.2,0.023,0.25,2.52
CKR-064,72.2,74.2,0.025,0.25,2.52
CKR-064,74.2,76.2,0.036,0.25,2.56
CKR-064,76.2,78.2,0.036,0.25,2.48
CKR-064,78.2,80.2,0.022,0.25,2.51
CKR-064,80.2,82.2,0.031,0.25,2.51
CKR-064,82.2,84.2,0.005,0.25,2.55
CKR-064,84.2,86.2,0.038,0.25,2.55
CKR-064,86.2,88.2,0.023,0.25,2.49
CKR-064,88.2,90.2,0.005,0.25,2.44
CKR-064,90.2,92.2,0.025,0.25,2.54
CKR-064,92.2,94.2,0.015,0.25,2.56
CKR-064,94.2,96.2,0.015,0.25,2.5
CKR-064,96.2,98.2,0.026,0.25,2.49
CKR-064,98.2,100.2,0.012,0.25,2.5
CKR-064,100.2,102.2,0.01,0.25,2.49
CKR-064,102.2,104.2,0.036,0.25,2.51
CKR-064,104.2,106.2,0.034,0.25,2.49
CKR-064,106.2,108.2,0.03,0.25,2.58
CKR-064,108.2,110.2,0.005,0.25,2.52
CKR-064,110.2,112.2,0.005,0.25,2.49
CKR-064,112.2,114.2,0.014,0.25,2.55
CKR-064,114.2,116.2,0.011,0.25,2.57
CKR-064,116.2,118.2,0.019,0.25,2.51
CKR-064,118.2,120.2,0.023,0.25,2.53
CKR-064,120.2,122.2,0.033,0.25,2.53
CKR-064,122.2,124.2,0.036,0.25,2.48
CKR-064,124.2,126.2,0.015,0.25,2.53
CKR-064,126.2,128.2,0.02,0.25,2.51
CKR-064,128.2,130.2,0.005,0.25,2.6
CKR-064,130.2,132.2,0.013,0.25,2.52
CKR-064,132.2,134.2,0.019,0.25,2.49
CKR-064,134.2,136.2,0.014,0.25,2.52
CKR-064,136.2,138.2,0.005,0.25,2.56
CKR-064,138.2,140.2,0.038,0.25,2.51
CKR-064,140.2,142.2,0.005,0.25,2.54
CKR-064,142.2,144.2,0.01,0.25,2.54
CKR-064,144.2,146.2,0.012,0.25,2.5
CKR-064,146.2,148.2,0.01,0.25,2.53
CKR-064,148.2,150.2,0.02,0.25,2.55
CKR-064,150.2,152.2,0.014,0.25,2.54
CKR-064,152.2,154.2,0.016,0.25,2.48
CKR-064,154.2,156.2,0.013,0.25,2.52
CKR-064,156.2,158.2,0.011,0.25,2.59
CKR-064,158.2,160.2,0.026,0.25,2.53
CKR-064,160.2,162.2,0.005,0.62,2.51
CKR-064,162.2,164.2,0.03,0.25,2.53
CKR-064,164.2,166.2,0.013,0.25,2.51
CKR-064,166.2,168.2,0.034,0.25,2.52
CKR-064,168.2,170.2,0.005,0.25,2.5
CKR-064,170.2,172.2,0.017,0.25,2.53
CKR-064,172.2,174.2,0.011,0.25,2.56
CKR-064,174.2,176.2,0.016,0.25,2.53
CKR-064,176.2,178.2,0.046,0.25,2.56
CKR-064,178.2,180.2,0.019,0.25,2.56
CKR-064,180.2,182.2,0.017,0.25,2.51
CKR-064,182.2,184.2,0.021,0.25,2.51
CKR-064,184.2,186.2,0.018,0.25,2.49
CKR-064,186.2,188.2,0.018,0.25,2.51
CKR-064,188.2,190.2,0.017,0.25,2.47
CKR-064,190.2,192.2,0.016,0.25,2.45
CKR-064,192.2,194.2,0.012,0.25,2.52
CKR-064,194.2,196.2,0.01,0.25,2.53
CKR-064,196.2,198.2,0.013,0.25,2.55
CKR-064,198.2,199.2,0.005,0.25,2.46
CKR-064,199.2,200.2,0.005,0.25,2.4
CKR-064,200.2,201.2,0.029,0.25,2.48
CKR-064,201.2,202.2,0.012,0.25,2.53
CKR-064,202.2,203.2,0.005,0.25,2.58
CKR-064,203.2,204.2,0.022,0.25,2.59
CKR-064,204.2,205.2,0.035,0.56,2.63
CKR-064,205.2,206.2,0.025,0.25,2.54
CKR-064,206.2,207.2,0.081,1.86,2.56
CKR-064,207.2,208.2,0.058,0.6,2.54
CKR-064,208.2,209.2,0.039,0.65,2.61
CKR-064,209.2,210.2,0.142,2.98,2.69
CKR-064,210.2,211.2,0.131,2.08,2.62
CKR-064,211.2,212.2,0.159,3.44,2.55
CKR-064,212.2,213.2,0.422,8.05,2.54
CKR-064,213.2,214.2,0.986,18.05,2.55
CKR-064,214.2,215.2,4.603,79.74,2.59
CKR-064,215.2,216.2,2.232,40.08,2.55
CKR-064,216.2,217.2,2.996,40.87,2.54
CKR-064,217.2,218.2,3.201,38.3,2.64
CKR-064,218.2,219.2,4.646,61.95,2.69
CKR-064,219.2,220.2,5.207,52.81,2.66
CKR-064,220.2,221.2,3.998,40.33,2.66
CKR-064,221.2,222.2,5.626,61.4,2.62
CKR-064,222.2,223.2,5.519,87.01,2.66
CKR-064,223.2,224.2,30.333,312.02,2.67
CKR-064,224.2,225.2,1.802,31.73,2.61
CKR-064,225.2,226.2,3.8,49.34,2.61
CKR-064,226.2,227.2,7.162,81.44,2.64
CKR-064,227.2,228.2,0.42,8.13,2.59
CKR-064,228.2,229.2,0.159,2.17,2.52
CKR-064,229.2,230.2,0.26,3.36,2.62
CKR-064,230.2,231.2,0.254,3.36,2.62
CKR-064,231.2,232.2,0.143,2.17,2.63
CKR-064,232.2,233.2,0.148,1.32,2.57
CKR-064,233.2,234.2,0.109,1.4,2.54
CKR-064,234.2,235.2,0.215,2.49,2.6
CKR-064,235.2,236.2,0.188,3.09,2.56
CKR-064,236.2,237.2,0.045,0.25,2.43
CKR-064,237.2,238.2,0.02,0.25,2.52
CKR-064,238.2,239.2,0.036,0.25,2.6
CKR-064,239.2,240.2,0.035,0.25,2.54
CKR-064,240.2,241.2,0.023,0.25,2.51
CKR-064,241.2,242.2,0.005,0.25,2.52
CKR-064,242.2,244.2,0.015,0.25,2.56
CKR-064,244.2,246.2,0.02,0.25,2.52
CKR-064,246.2,248.2,0.005,0.25,2.58
CKR-064,248.2,250.2,0.018,0.25,2.54
CKR-064,250.2,252.2,0.025,0.25,2.56
CKR-064,252.2,253.1,0.044,0.25,2.56
CKR-065,5.1,7.1,,,2.49
CKR-065,7.1,9.1,0.012,0.25,2.55
CKR-065,9.1,11.1,0.005,0.25,2.52
CKR-065,11.1,13.1,0.038,0.25,2.49
CKR-065,13.1,15.1,0.021,0.25,2.46
CKR-065,15.1,17.1,0.026,0.25,2.48
CKR-065,17.1,19.1,0.015,0.25,2.5
CKR-065,19.1,21.1,0.015,0.25,2.54
CKR-065,21.1,23.1,0.005,0.25,2.54
CKR-065,23.1,25.1,0.015,0.25,2.56
CKR-065,25.1,27.1,0.005,0.25,2.51
CKR-065,27.1,29.1,0.014,0.25,2.49
CKR-065,29.1,31.1,0.011,0.25,2.51
CKR-065,31.1,33.1,0.026,0.25,2.51
CKR-065,33.1,35.1,0.026,0.25,2.52
CKR-065,35.1,37.1,0.016,0.25,2.59
CKR-065,37.1,39.1,0.014,0.25,2.55
CKR-065,39.1,41.1,0.018,0.73,2.46
CKR-065,41.1,43.1,0.005,0.25,2.49
CKR-065,43.1,45.1,0.005,0.25,2.57
CKR-065,45.1,47.1,0.026,0.25,2.52
CKR-065,47.1,49.1,0.02,0.25,2.51
CKR-065,49.1,51.1,0.012,0.25,2.53
CKR-065,51.1,53.1,0.005,0.25,2.49
CKR-065,53.1,55.1,0.017,0.25,2.59
CKR-065,55.1,57.1,0.012,0.61,2.47
CKR-065,57.1,59.1,0.016,0.25,2.52
CKR-065,59.1,61.1,0.021,0.25,2.59
CKR-065,61.1,63.1,0.019,0.25,2.5
CKR-065,63.1,65.1,0.017,0.25,2.52
CKR-065,65.1,67.1,0.014,0.25,2.55
CKR-065,67.1,69.1,0.011,0.25,2.53
CKR-065,69.1,71.1,0.025,0.25,2.57
CKR-065,71.1,73.1,0.035,0.25,2.5
CKR-065,73.1,75.1,0.017,0.25,2.61
CKR-065,75.1,77.1,0.023,0.25,2.5
CKR-065,77.1,79.1,0.017,0.25,2.5
CKR-065,79.1,81.1,0.013,0.25,2.55
CKR-065,81.1,83.1,0.023,0.25,2.53
CKR-065,83.1,85.1,0.028,0.25,2.55
CKR-065,85.1,87.1,0.024,0.25,2.51
CKR-065,87.1,89.1,0.037,0.25,2.57
CKR-065,89.1,91.1,0.005,0.25,2.5
CKR-065,91.1,93.1,0.04,0.25,2.48
CKR-065,93.1,95.1,0.012,0.25,2.53
CKR-065,95.1,97.1,0.013,0.25,2.47
CKR-065,97.1,99.1,0.037,0.25,2.5
CKR-065,99.1,101.1,0.013,0.83,2.53
CKR-065,101.1,103.1,0.022,0.25,2.53
CKR-065,103.1,105.1,0.012,0.25,2.51
CKR-065,105.1,107.1,0.026,0.25,2.53
CKR-065,107.1,109.1,0.012,0.25,2.5
CKR-065,109.1,111.1,0.005,0.25,2.53
CKR-065,111.1,113.1,0.014,0.25,2.56
CKR-065,113.1,115.1,0.043,0.25,2.5
CKR-065,115.1,117.1,0.012,0.25,2.49
CKR-065,117.1,119.1,0.028,0.25,2.52
CKR-065,119.1,121.1,0.005,0.25,2.56
CKR-065,121.1,123.1,0.015,0.25,2.53
CKR-065,123.1,125.1,0.026,0.25,2.54
CKR-065,125.1,127.1,0.058,0.25,2.51
CKR-065,127.1,129.1,0.005,0.25,2.51
CKR-065,129.1,131.1,0.005,0.25,2.58
CKR-065,131.1,133.1,0.049,0.25,2.46
CKR-065,133.1,135.1,0.017,0.25,2.52
CKR-065,135.1,137.1,0.011,0.25,2.53
CKR-065,137.1,139.1,0.011,0.25,2.53
CKR-065,139.1,141.1,0.019,0.25,2.57
CKR-065,141.1,143.1,0.025,0.25,2.49
CKR-065,143.1,145.1,0.039,0.25,2.6
CKR-065,145.1,147.1,0.018,0.25,2.54
CKR-065,147.1,149.1,0.028,0.25,2.56
CKR-065,149.1,151.1,0.016,0.25,2.46
CKR-065,151.1,153.1,0.011,0.25,2.51
CKR-065,153.1,155.1,0.011,0.25,2.47
CKR-065,155.1,157.1,0.033,0.25,2.54
CKR-065,157.1,159.1,0.005,0.25,2.52
CKR-065,159.1,161.1,0.02,0.25,2.47
CKR-065,161.1,163.1,0.03,0.25,2.54
CKR-065,163.1,165.1,0.038,0.25,2.55
CKR-065,165.1,167.1,0.011,0.25,2.57
CKR-065,167.1,169.1,0.02,0.25,2.52
CKR-065,169.1,171.1,0.013,0.25,2.5
CKR-065,171.1,173.1,0.005,0.25,2.6
CKR-065,173.1,175.1,0.02,0.25,2.47
CKR-065,175.1,177.1,0.005,0.25,2.52
CKR-065,177.1,179.1,0.012,0.25,2.45
CKR-065,179.1,181.1,0.054,0.25,2.48
CKR-065,181.1,183.1,0.005,0.25,2.52
CKR-065,183.1,185.1,0.019,0.25,2.5
CKR-065,185.1,187.1,0.033,0.25,2.52
CKR-065,187.1,189.1,0.021,0.25,2.54
CKR-065,189.1,191.1,0.025,0.25,2.47
CKR-065,191.1,193.1,0.026,0.25,2.5
CKR-065,193.1,195.1,0.005,0.25,2.53
CKR-065,195.1,197.1,0.019,0.25,2.51
CKR-065,197.1,199.1,0.019,0.25,2.51
CKR-065,199.1,201.1,0.014,0.25,2.55
CKR-065,201.1,203.1,0.02,0.25,2.47
CKR-065,203.1,205.1,0.012,0.25,2.61
CKR-065,205.1,207.1,0.017,0.25,2.52
CKR-065,207.1,209.1,0.022,0.25,2.5
CKR-065,209.1,211.1,0.02,0.25,2.5
CKR-065,211.1,213.1,0.033,0.25,2.52
CKR-065,213.1,215.1,0.018,0.25,2.5
CKR-065,215.1,217.1,0.005,0.25,2.56
CKR-065,217.1,219.1,0.015,0.25,2.47
CKR-065,219.1,221.1,0.014,0.25,2.49
CKR-065,221.1,223.1,0.005,0.25,2.52
CKR-065,223.1,225.1,0.024,0.25,2.5
CKR-065,225.1,227.1,0.025,0.25,2.52
CKR-065,227.1,229.1,0.026,0.25,2.49
CKR-065,229.1,231.1,0.03,0.25,2.55
CKR-065,231.1,233.1,0.024,0.25,2.51
CKR-065,233.1,235.1,0.034,0.25,2.51
CKR-065,235.1,237.1,0.017,0.25,2.55
CKR-065,237.1,239.1,0.005,0.25,2.54
CKR-065,239.1,241.1,0.05,0.25,2.49
CKR-065,241.1,243.1,0.034,0.25,2.51
CKR-065,243.1,245.1,0.016,0.25,2.53
CKR-065,245.1,247.1,0.042,0.25,2.54
CKR-065,247.1,249.1,0.024,0.25,2.5
CKR-065,249.1,251.1,0.036,0.25,2.55
CKR-065,251.1,253.1,0.031,0.25,2.51
CKR-065,253.1,255.1,0.018,0.25,2.51
CKR-065,255.1,257.1,0.017,0.25,2.56
CKR-065,257.1,259.1,0.012,0.25,2.53
CKR-065,259.1,261.1,0.022,0.25,2.52
CKR-065,261.1,263.1,0.017,0.25,2.61
CKR-065,263.1,265.1,0.014,0.25,2.53
CKR-065,265.1,267.1,0.015,0.25,2.48
CKR-065,267.1,269.1,0.015,0.25,2.57
CKR-065,269.1,271.1,0.031,0.25,2.49
CKR-065,271.1,273.1,0.016,0.25,2.53
CKR-065,273.1,275.1,0.012,0.25,2.51
CKR-065,275.1,277.1,0.005,0.25,2.54
CKR-065,277.1,279.1,0.018,0.25,2.53
CKR-065,279.1,281.1,0.02,0.25,2.53
CKR-065,281.1,283.1,0.016,0.25,2.54
CKR-065,283.1,285.1,0.016,0.25,2.55
CKR-065,285.1,287.1,0.029,0.25,2.58
CKR-065,287.1,289.1,0.021,0.25,2.63
CKR-065,289.1,291.1,0.014,0.25,2.48
CKR-065,291.1,293.1,0.021,0.25,2.53
CKR-065,293.1,295.1,0.032,0.25,2.54
CKR-065,295.1,297.1,0.012,0.25,2.55
CKR-065,297.1,299.1,0.021,0.25,2.53
CKR-065,299.1,301.1,0.017,0.25,2.54
CKR-065,301.1,303.1,0.005,0.25,2.55
CKR-065,303.1,305.1,0.041,0.25,2.5
CKR-065,305.1,307.1,0.023,0.25,2.53
CKR-065,307.1,309.1,0.013,0.25,2.56
CKR-065,309.1,311.1,0.05,0.25,2.49
CKR-065,311.1,312.1,0.023,0.25,2.49
CKR-065,312.1,313.1,0.021,0.25,2.5
CKR-065,313.1,314.1,0.016,0.25,2.49
CKR-065,314.1,315.1,0.027,0.25,2.52
CKR-065,315.1,316.1,0.021,0.25,2.44
CKR-065,316.1,317.1,0.023,0.25,2.54
CKR-065,317.1,318.1,0.05,0.25,2.61
CKR-065,318.1,319.1,0.059,0.51,2.55
CKR-065,319.1,320.1,0.067,0.25,2.64
CKR-065,320.1,321.1,0.12,0.68,2.53
CKR-065,321.1,322.1,0.135,0.94,2.51
CKR-065,322.1,323.1,0.22,1.71,2.6
CKR-065,323.1,324.1,0.099,0.76,2.56
CKR-065,324.1,325.1,0.109,0.71,2.52
CKR-065,325.1,326.1,0.19,1.36,2.64
CKR-065,326.1,327.1,1.699,10.58,2.63
CKR-065,327.1,328.1,0.4,4.23,2.55
CKR-065,328.1,329.1,0.452,3.05,2.65
CKR-065,329.1,330.1,1.434,10.33,2.61
CKR-065,330.1,331.1,0.607,5.41,2.63
CKR-065,331.1,332.1,0.805,6.93,2.63
CKR-065,332.1,333.1,4.208,41.37,2.59
CKR-065,333.1,334.1,1.238,11.29,2.59
CKR-065,334.1,335.1,1.37,9.55,2.57
CKR-065,335.1,336.1,1.0,13.03,2.63
CKR-065,336.1,337.1,0.542,5.0,2.65
CKR-065,337.1,338.1,0.131,0.88,2.62
CKR-065,338.1,339.1,0.168,2.11,2.6
CKR-065,339.1,340.1,0.073,1.01,2.57
CKR-065,340.1,341.1,0.094,1.42,2.6
CKR-065,341.1,342.1,0.042,0.56,2.58
CKR-065,342.1,343.1,0.03,0.25,2.57
CKR-065,343.1,344.1,0.034,0.25,2.6
CKR-065,344.1,345.1,0.017,0.25,2.63
CKR-065,345.1,346.1,0.005,0.25,2.57
CKR-065,346.1,347.1,0.012,0.25,2.56
CKR-065,347.1,348.1,0.021,0.64,2.48
CKR-065,348.1,349.1,0.005,0.25,2.51
CKR-065,349.1,350.1,0.017,0.25,2.59
CKR-065,350.1,351.1,0.02,0.25,2.57
CKR-065,351.1,352.1,0.041,0.25,2.49
CKR-065,352.1,354.1,0.005,0.25,2.54
CKR-065,354.1,356.1,0.014,0.25,2.53
CKR-065,356.1,358.1,0.016,0.25,2.5
CKR-065,358.1,360.1,0.014,0.25,2.56
CKR-065,360.1,362.1,0.028,0.25,2.56
CKR-065,362.1,364.1,0.016,0.25,2.49
CKR-065,364.1,366.1,0.012,0.25,2.52
CKR-065,366.1,368.1,0.019,0.25,2.57
CKR-065,368.1,370.1,0.005,0.62,2.54
CKR-065,370.1,372.1,0.014,0.25,2.57
CKR-065,372.1,373.6,0.016,0.25,2.52
CKR-066,5.1,7.1,,,2.59
CKR-066,7.1,9.1,0.013,0.25,2.48
CKR-066,9.1,11.1,0.03,0.25,2.54
CKR-066,11.1,13.1,0.019,0.25,2.5
CKR-066,13.1,15.1,0.023,0.51,2.53
CKR-066,15.1,17.1,0.018,0.25,2.53
CKR-066,17.1,19.1,0.011,0.25,2.48
CKR-066,19.1,21.1,0.016,0.25,2.48
CKR-066,21.1,23.1,0.016,0.25,2.52
CKR-066,23.1,25.1,0.016,0.25,2.47
CKR-066,25.1,27.1,0.005,0.54,2.55
CKR-066,27.1,29.1,0.012,0.25,2.54
CKR-066,29.1,31.1,0.023,0.25,2.58
CKR-066,31.1,33.1,0.026,0.25,2.54
CKR-066,33.1,35.1,0.027,0.25,2.53
CKR-066,35.1,37.1,0.005,0.25,2.48
CKR-066,37.1,39.1,0.014,0.25,2.54
CKR-066,39.1,41.1,0.037,0.25,2.56
CKR-066,41.1,43.1,0.031,0.25,2.45
CKR-066,43.1,45.1,0.02,0.25,2.52
CKR-066,45.1,47.1,0.039,0.25,2.5
CKR-066,47.1,49.1,0.021,0.25,2.48
CKR-066,49.1,51.1,0.005,0.25,2.55
CKR-066,51.1,53.1,0.017,0.25,2.52
CKR-066,53.1,55.1,0.021,0.25,2.49
CKR-066,55.1,57.1,0.017,0.25,2.52
CKR-066,57.1,59.1,0.041,0.25,2.47
CKR-066,59.1,61.1,0.013,0.25,2.49
CKR-066,61.1,63.1,0.017,0.25,2.58
CKR-066,63.1,65.1,0.005,0.25,2.51
CKR-066,65.1,67.1,0.023,0.25,2.46
CKR-066,67.1,69.1,0.035,0.25,2.5
CKR-066,69.1,71.1,0.016,0.25,2.52
CKR-066,71.1,73.1,0.02,0.25,2.55
CKR-066,73.1,75.1,0.005,0.25,2.53
CKR-066,75.1,77.1,0.005,0.25,2.56
CKR-066,77.1,79.1,0.021,0.25,2.53
CKR-066,79.1,81.1,0.017,0.25,2.52
CKR-066,81.1,83.1,0.022,0.25,2.56
CKR-066,83.1,85.1,0.005,0.25,2.53
CKR-066,85.1,87.1,0.023,0.25,2.54
CKR-066,87.1,89.1,0.005,0.25,2.53
CKR-066,89.1,91.1,0.018,0.25,2.52
CKR-066,91.1,93.1,0.005,0.25,2.52
CKR-066,93.1,95.1,0.012,0.25,2.52
CKR-066,95.1,97.1,0.036,0.25,2.56
CKR-066,97.1,99.1,0.012,0.54,2.5
CKR-066,99.1,101.1,0.005,0.25,2.52
CKR-066,101.1,103.1,0.015,0.25,2.58
CKR-066,103.1,105.1,0.013,0.25,2.58
CKR-066,105.1,107.1,0.012,0.25,2.54
CKR-066,107.1,108.1,0.026,0.25,2.44
CKR-066,108.1,109.1,0.012,0.25,2.49
CKR-066,109.1,110.1,0.014,0.25,2.5
CKR-066,110.1,111.1,0.005,0.25,2.59
CKR-066,111.1,112.1,0.034,0.25,2.63
CKR-066,112.1,113.1,0.065,0.5,2.58
CKR-066,113.1,114.1,0.066,0.61,2.55
CKR-066,114.1,115.1,0.088,0.73,2.49
CKR-066,115.1,116.1,0.13,0.85,2.65
CKR-066,116.1,117.1,0.161,1.51,2.56
CKR-066,117.1,118.1,0.179,1.8,2.5
CKR-066,118.1,119.1,0.289,2.98,2.53
CKR-066,119.1,120.1,0.683,7.7,2.59
CKR-066,120.1,121.1,4.42,43.6,2.66
CKR-066,121.1,122.1,4.854,74.16,2.68
CKR-066,122.1,123.1,2.065,24.2,2.6
CKR-066,123.1,124.1,3.385,35.49,2.6
CKR-066,124.1,125.1,7.651,108.33,2.56
CKR-066,125.1,126.1,7.215,71.76,2.6
CKR-066,126.1,127.1,4.79,61.02,2.63
CKR-066,127.1,128.1,3.277,46.35,2.63
CKR-066,128.1,129.1,2.417,28.58,2.61
CKR-066,129.1,130.1,7.381,97.5,2.64
CKR-066,130.1,131.1,1.691,21.48,2.57
CKR-066,131.1,132.1,1.611,18.55,2.6
CKR-066,132.1,133.1,1.91,32.15,2.65
CKR-066,133.1,134.1,2.192,39.41,2.64
CKR-066,134.1,135.1,3.859,41.03,2.57
CKR-066,135.1,136.1,0.293,5.14,2.54
CKR-066,136.1,137.1,0.2,3.91,2.51
CKR-066,137.1,138.1,0.118,2.19,2.64
CKR-066,138.1,139.1,0.063,1.28,2.49
CKR-066,139.1,140.1,0.113,2.8,2.58
CKR-066,140.1,141.1,0.028,0.51,2.54
CKR-066,141.1,142.1,0.065,1.04,2.51
CKR-066,142.1,143.1,0.052,0.91,2.55
CKR-066,143.1,144.1,0.024,0.25,2.56
CKR-066,144.1,145.1,0.015,0.25,2.48
CKR-066,145.1,146.1,0.012,0.56,2.46
CKR-066,146.1,147.1,0.015,0.25,2.54
CKR-066,147.1,148.1,0.011,0.25,2.55
CKR-066,148.1,149.1,0.018,0.25,2.52
CKR-066,149.1,151.1,0.005,0.25,2.49
CKR-066,151.1,152.6,0.031,0.25,2.52
CKR-067,5.6,7.6,,,2.56
CKR-067,7.6,9.6,0.01,0.25,2.54
CKR-067,9.6,11.6,0.021,0.25,2.57
CKR-067,11.6,13.6,0.005,0.25,2.5
CKR-067,13.6,15.6,0.005,0.25,2.52
CKR-067,15.6,17.6,0.005,0.25,2.59
CKR-067,17.6,19.6,0.005,0.25,2.55
CKR-067,19.6,21.6,0.016,0.25,2.53
CKR-067,21.6,23.6,0.028,0.25,2.49
CKR-067,23.6,25.6,0.038,0.25,2.52
CKR-067,25.6,27.6,0.023,0.25,2.56
CKR-067,27.6,29.6,0.005,0.25,2.51
CKR-067,29.6,31.6,0.016,0.25,2.56
CKR-067,31.6,33.6,0.021,0.53,2.46
CKR-067,33.6,35.6,0.01,0.25,2.52
CKR-067,35.6,37.6,0.032,0.25,2.47
CKR-067,37.6,39.6,0.005,0.25,2.56
CKR-067,39.6,41.6,0.014,0.25,2.46
CKR-067,41.6,43.6,0.021,0.25,2.49
CKR-067,43.6,45.6,0.018,0.25,2.56
CKR-067,45.6,47.6,0.032,0.25,2.52
CKR-067,47.6,49.6,0.038,0.25,2.51
CKR-067,49.6,51.6,0.037,0.25,2.59
CKR-067,51.6,53.6,0.022,0.25,2.52
CKR-067,53.6,55.6,0.015,0.25,2.43
CKR-067,55.6,57.6,0.015,0.25,2.49
CKR-067,57.6,59.6,0.02,0.25,2.55
CKR-067,59.6,61.6,0.02,0.25,2.5
CKR-067,61.6,63.6,0.011,0.25,2.52
CKR-067,63.6,65.6,0.017,0.25,2.52
CKR-067,65.6,67.6,0.025,0.25,2.46
CKR-067,67.6,69.6,0.039,0.25,2.56
CKR-067,69.6,71.6,0.022,0.25,2.56
CKR-067,71.6,73.6,0.037,0.25,2.56
CKR-067,73.6,75.6,0.005,0.25,2.5
CKR-067,75.6,77.6,0.015,0.25,2.58
CKR-067,77.6,79.6,0.013,0.25,2.55
CKR-067,79.6,81.6,0.018,0.25,2.51
CKR-067,81.6,83.6,0.031,0.25,2.52
CKR-067,83.6,85.6,0.018,0.25,2.51
CKR-067,85.6,87.6,0.018,0.5,2.56
CKR-067,87.6,89.6,0.032,0.25,2.47
CKR-067,89.6,91.6,0.018,0.25,2.47
CKR-067,91.6,93.6,0.017,0.25,2.51
CKR-067,93.6,95.6,0.033,0.25,2.55
CKR-067,95.6,97.6,0.005,0.51,2.53
CKR-067,97.6,99.6,0.021,0.25,2.49
CKR-067,99.6,101.6,0.01,0.25,2.51
CKR-067,101.6,103.6,0.023,0.25,2.49
CKR-067,103.6,105.6,0.012,0.25,2.54
CKR-067,105.6,107.6,0.005,0.25,2.56
CKR-067,107.6,109.6,0.03,0.25,2.46
CKR-067,109.6,111.6,0.023,0.25,2.49
CKR-067,111.6,113.6,0.015,0.25,2.49
CKR-067,113.6,115.6,0.014,0.25,2.53
CKR-067,115.6,117.6,0.013,0.25,2.51
CKR-067,117.6,119.6,0.005,0.25,2.48
CKR-067,119.6,121.6,0.005,0.25,2.52
CKR-067,121.6,123.6,0.025,0.25,2.47
CKR-067,123.6,125.6,0.014,0.25,2.52
CKR-067,125.6,127.6,0.011,0.25,2.46
CKR-067,127.6,129.6,0.029,0.25,2.53
CKR-067,129.6,131.6,0.027,0.25,2.52
CKR-067,131.6,133.6,0.019,0.25,2.52
CKR-067,133.6,134.6,0.018,0.25,2.56
CKR-067,134.6,135.6,0.005,0.25,2.5
CKR-067,135.6,136.6,0.021,0.25,2.51
CKR-067,136.6,137.6,0.025,0.25,2.53
CKR-067,137.6,138.6,0.014,0.25,2.6
CKR-067,138.6,139.6,0.031,0.25,2.56
CKR-067,139.6,140.6,0.031,0.25,2.49
CKR-067,140.6,141.6,0.016,0.25,2.54
CKR-067,141.6,142.6,0.05,0.88,2.56
CKR-067,142.6,143.6,0.058,0.87,2.56
CKR-067,143.6,144.6,0.098,1.2,2.55
CKR-067,144.6,145.6,0.069,1.52,2.6
CKR-067,145.6,146.6,0.072,1.03,2.57
CKR-067,146.6,147.6,0.059,0.84,2.53
CKR-067,147.6,148.6,0.076,0.86,2.6
CKR-067,148.6,149.6,0.981,15.6,2.58
CKR-067,149.6,150.6,0.269,3.25,2.69
CKR-067,150.6,151.6,0.299,3.3,2.7
CKR-067,151.6,152.6,0.383,5.31,2.62
CKR-067,152.6,153.6,0.238,2.01,2.56
CKR-067,153.6,154.6,0.077,0.76,2.6
CKR-067,154.6,155.6,0.186,1.68,2.61
CKR-067,155.6,156.6,0.129,0.77,2.58
CKR-067,156.6,157.6,0.167,1.31,2.62
CKR-067,157.6,158.6,0.184,1.42,2.63
CKR-067,158.6,159.6,0.626,3.78,2.64
CKR-067,159.6,160.6,0.53,7.14,2.56
CKR-067,160.6,161.6,0.191,2.41,2.55
CKR-067,161.6,162.6,0.077,0.73,2.6
CKR-067,162.6,163.6,0.031,0.25,2.54
CKR-067,163.6,164.6,0.042,0.25,2.55
CKR-067,164.6,165.6,0.026,0.25,2.54
CKR-067,165.6,166.6,0.058,0.65,2.6
CKR-067,166.6,167.6,0.028,0.25,2.64
CKR-067,167.6,168.6,0.023,0.25,2.48
CKR-067,168.6,169.6,0.014,0.25,2.54
CKR-067,169.6,170.6,0.015,0.25,2.55
CKR-067,170.6,171.6,0.015,0.25,2.51
CKR-067,171.6,172.6,0.029,0.25,2.56
CKR-067,172.6,173.6,0.022,0.25,2.46
CKR-067,173.6,174.6,0.034,0.25,2.5
CKR-067,174.6,175.6,0.032,0.25,2.46
CKR-067,175.6,176.6,0.019,0.25,2.54
CKR-067,176.6,178.6,0.03,0.25,2.58
CKR-067,178.6,180.6,0.005,0.25,2.51
CKR-067,180.6,182.6,0.014,0.25,2.56
CKR-067,182.6,184.6,0.03,0.25,2.56
CKR-067,184.6,186.6,0.014,0.25,2.46
CKR-067,186.6,188.6,0.005,0.25,2.5
CKR-067,188.6,189.1,0.014,0.25,2.46
CKR-068,3.7,5.7,,,2.57
CKR-068,5.7,7.7,0.023,0.25,2.46
CKR-068,7.7,9.7,0.014,0.25,2.55
CKR-068,9.7,11.7,0.012,0.25,2.51
CKR-068,11.7,13.7,0.038,0.25,2.58
CKR-068,13.7,15.7,0.011,0.25,2.52
CKR-068,15.7,17.7,0.02,0.25,2.6
CKR-068,17.7,19.7,0.005,0.25,2.51
CKR-068,19.7,21.7,0.012,0.25,2.48
CKR-068,21.7,23.7,0.015,0.25,2.53
CKR-068,23.7,25.7,0.012,0.25,2.53
CKR-068,25.7,27.7,0.021,0.25,2.51
CKR-068,27.7,29.7,0.015,0.25,2.64
CKR-068,29.7,31.7,0.005,0.25,2.52
CKR-068,31.7,33.7,0.033,0.25,2.51
CKR-068,33.7,35.7,0.016,0.25,2.52
CKR-068,35.7,37.7,0.016,0.25,2.5
CKR-068,37.7,39.7,0.014,0.25,2.47
CKR-068,39.7,41.7,0.014,0.25,2.52
CKR-068,41.7,43.7,0.005,0.25,2.53
CKR-068,43.7,45.7,0.017,0.25,2.55
CKR-068,45.7,47.7,0.014,0.25,2.58
CKR-068,47.7,49.7,0.013,0.25,2.56
CKR-068,49.7,51.7,0.019,0.25,2.5
CKR-068,51.7,53.7,0.017,0.25,2.52
CKR-068,53.7,55.7,0.022,0.25,2.57
CKR-068,55.7,57.7,0.005,0.25,2.48
CKR-068,57.7,59.7,0.026,0.25,2.51
CKR-068,59.7,61.7,0.005,0.25,2.5
CKR-068,61.7,63.7,0.019,0.25,2.56
CKR-068,63.7,65.7,0.024,0.25,2.57
CKR-068,65.7,67.7,0.021,0.25,2.49
CKR-068,67.7,69.7,0.027,0.25,2.51
CKR-068,69.7,71.7,0.025,0.25,2.48
CKR-068,71.7,73.7,0.023,0.25,2.53
CKR-068,73.7,75.7,0.025,0.25,2.57
CKR-068,75.7,77.7,0.022,0.25,2.51
CKR-068,77.7,79.7,0.005,0.25,2.48
CKR-068,79.7,81.7,0.014,0.25,2.56
CKR-068,81.7,83.7,0.024,0.25,2.49
CKR-068,83.7,85.7,0.011,0.25,2.49
CKR-068,85.7,87.7,0.012,0.25,2.48
CKR-068,87.7,89.7,0.028,0.25,2.52
CKR-068,89.7,91.7,0.005,0.25,2.5
CKR-068,91.7,93.7,0.02,0.25,2.51
CKR-068,93.7,95.7,0.015,0.25,2.49
CKR-068,95.7,97.7,0.014,0.25,2.46
CKR-068,97.7,99.7,0.017,0.25,2.52
CKR-068,99.7,101.7,0.017,0.25,2.51
CKR-068,101.7,103.7,0.019,0.25,2.52
CKR-068,103.7,105.7,0.011,0.25,2.49
CKR-068,105.7,107.7,0.019,0.25,2.52
CKR-068,107.7,109.7,0.005,0.25,2.53
CKR-068,109.7,111.7,0.028,0.25,2.56
CKR-068,111.7,113.7,0.043,0.25,2.54
CKR-068,113.7,115.7,0.005,0.25,2.48
CKR-068,115.7,117.7,0.015,0.25,2.49
CKR-068,117.7,119.7,0.024,0.25,2.54
CKR-068,119.7,121.7,0.024,0.64,2.51
CKR-068,121.7,123.7,0.025,0.25,2.55
CKR-068,123.7,125.7,0.014,0.25,2.59
CKR-068,125.7,127.7,0.017,0.25,2.48
CKR-068,127.7,129.7,0.028,0.25,2.52
CKR-068,129.7,131.7,0.018,0.25,2.53
CKR-068,131.7,133.7,0.034,0.25,2.56
CKR-068,133.7,135.7,0.026,0.25,2.51
CKR-068,135.7,137.7,0.005,0.25,2.47
CKR-068,137.7,139.7,0.012,0.25,2.48
CKR-068,139.7,141.7,0.032,0.25,2.49
CKR-068,141.7,143.7,0.016,0.25,2.49
CKR-068,143.7,145.7,0.005,0.25,2.46
CKR-068,145.7,147.7,0.005,0.25,2.51
CKR-068,147.7,149.7,0.013,0.25,2.52
CKR-068,149.7,151.7,0.037,0.77,2.54
CKR-068,151.7,153.7,0.022,0.25,2.58
CKR-068,153.7,155.7,0.023,0.25,2.59
CKR-068,155.7,157.7,0.022,0.25,2.56
CKR-068,157.7,159.7,0.02,0.25,2.54
CKR-068,159.7,161.7,0.017,0.25,2.51
CKR-068,161.7,163.7,0.015,0.25,2.49
CKR-068,163.7,165.7,0.02,0.25,2.53
CKR-068,165.7,167.7,0.027,0.25,2.52
CKR-068,167.7,169.7,0.017,0.25,2.47
CKR-068,169.7,171.7,0.014,0.25,2.49
CKR-068,171.7,173.7,0.014,0.25,2.49
CKR-068,173.7,175.7,0.017,0.25,2.55
CKR-068,175.7,177.7,0.013,0.25,2.53
CKR-068,177.7,179.7,0.022,0.25,2.52
CKR-068,179.7,181.7,0.011,0.25,2.56
CKR-068,181.7,183.7,0.029,0.25,2.5
CKR-068,183.7,185.7,0.005,0.25,2.55
CKR-068,185.7,187.7,0.018,0.25,2.55
CKR-068,187.7,189.7,0.024,0.25,2.49
CKR-068,189.7,191.7,0.005,0.25,2.49
CKR-068,191.7,193.7,0.005,0.25,2.5
CKR-068,193.7,195.7,0.005,0.25,2.53
CKR-068,195.7,197.7,0.005,0.25,2.55
CKR-068,197.7,199.7,0.022,0.25,2.49
CKR-068,199.7,201.7,0.005,0.25,2.53
CKR-068,201.7,203.7,0.021,0.25,2.44
CKR-068,203.7,205.7,0.022,0.25,2.48
CKR-068,205.7,207.7,0.039,0.25,2.51
CKR-068,207.7,209.7,0.005,0.25,2.55
CKR-068,209.7,211.7,0.014,0.25,2.59
CKR-068,211.7,213.7,0.016,0.25,2.52
CKR-068,213.7,215.7,0.024,0.25,2.59
CKR-068,215.7,217.7,0.018,0.25,2.44
CKR-068,217.7,219.7,0.043,0.25,2.48
CKR-068,219.7,221.7,0.005,0.25,2.49
CKR-068,221.7,222.7,0.005,0.25,2.57
CKR-068,222.7,223.7,0.051,0.25,2.58
CKR-068,223.7,224.7,0.016,0.25,2.54
CKR-068,224.7,225.7,0.015,0.25,2.5
CKR-068,225.7,226.7,0.032,0.25,2.51
CKR-068,226.7,227.7,0.03,0.25,2.59
CKR-068,227.7,228.7,0.089,1.14,2.55
CKR-068,228.7,229.7,0.153,1.22,2.54
CKR-068,229.7,230.7,0.13,1.75,2.57
CKR-068,230.7,231.7,0.142,1.54,2.59
CKR-068,231.7,232.7,0.093,1.56,2.59
CKR-068,232.7,233.7,0.23,5.07,2.6
CKR-068,233.7,234.7,0.206,2.83,2.58
CKR-068,234.7,235.7,1.103,12.58,2.54
CKR-068,235.7,236.7,4.757,48.11,2.69
CKR-068,236.7,237.7,1.577,23.28,2.66
CKR-068,237.7,238.7,2.339,40.2,2.64
CKR-068,238.7,239.7,3.999,39.08,2.59
CKR-068,239.7,240.7,1.944,39.02,2.59
CKR-068,240.7,241.7,1.127,13.41,2.57
CKR-068,241.7,242.7,1.723,18.73,2.64
CKR-068,242.7,243.7,8.582,124.89,2.6
CKR-068,243.7,244.7,0.972,15.69,2.62
CKR-068,244.7,245.7,3.705,38.66,2.6
CKR-068,245.7,246.7,1.783,46.06,2.61
CKR-068,246.7,247.7,0.164,3.13,2.58
CKR-068,247.7,248.7,0.125,2.17,2.55
CKR-068,248.7,249.7,0.064,1.18,2.55
CKR-068,249.7,250.7,0.105,1.61,2.53
CKR-068,250.7,251.7,0.07,1.0,2.56
CKR-068,251.7,252.7,0.075,1.37,2.57
CKR-068,252.7,253.7,0.033,0.25,2.63
CKR-068,253.7,254.7,0.005,0.25,2.46
CKR-068,254.7,255.7,0.052,0.25,2.58
CKR-068,255.7,256.7,0.013,0.25,2.57
CKR-068,256.7,257.7,0.014,0.25,2.51
CKR-068,257.7,258.7,0.005,0.25,2.54
CKR-068,258.7,259.7,0.029,0.25,2.57
CKR-068,259.7,261.7,0.033,0.25,2.51
CKR-068,261.7,263.7,0.005,0.25,2.49
CKR-068,263.7,265.7,0.022,0.25,2.54
CKR-068,265.7,267.7,0.011,0.25,2.53
CKR-068,267.7,269.7,0.013,0.25,2.55
CKR-068,269.7,271.7,0.018,0.25,2.5
CKR-068,271.7,273.7,0.011,0.25,2.54
CKR-068,273.7,274.7,0.088,0.25,2.55
CKR-069,5.0,7.0,,,2.5
CKR-069,7.0,9.0,0.013,0.25,2.51
CKR-069,9.0,11.0,0.005,0.25,2.55
CKR-069,11.0,13.0,0.01,0.25,2.5
CKR-069,13.0,15.0,0.025,0.25,2.54
CKR-069,15.0,17.0,0.011,0.25,2.54
CKR-069,17.0,19.0,0.02,0.25,2.48
CKR-069,19.0,21.0,0.033,0.25,2.53
CKR-069,21.0,23.0,0.024,0.25,2.53
CKR-069,23.0,25.0,0.04,0.25,2.5
CKR-069,25.0,27.0,0.03,0.25,2.54
CKR-069,27.0,29.0,0.021,0.25,2.49
CKR-069,29.0,31.0,0.02,0.25,2.47
CKR-069,31.0,33.0,0.014,0.25,2.52
CKR-069,33.0,35.0,0.033,0.25,2.54
CKR-069,35.0,37.0,0.026,0.25,2.48
CKR-069,37.0,39.0,0.018,0.25,2.51
CKR-069,39.0,41.0,0.041,0.25,2.45
CKR-069,41.0,43.0,0.017,0.5,2.52
CKR-069,43.0,45.0,0.043,0.25,2.5
CKR-069,45.0,47.0,0.021,0.25,2.53
CKR-069,47.0,49.0,0.024,0.25,2.57
CKR-069,49.0,51.0,0.016,0.25,2.54
CKR-069,51.0,53.0,0.023,0.25,2.6
CKR-069,53.0,55.0,0.02,0.25,2.53
CKR-069,55.0,57.0,0.005,0.25,2.51
CKR-069,57.0,59.0,0.005,0.25,2.48
CKR-069,59.0,61.0,0.02,0.25,2.45
CKR-069,61.0,63.0,0.011,0.25,2.52
CKR-069,63.0,65.0,0.021,0.25,2.55
CKR-069,65.0,67.0,0.012,0.25,2.48
CKR-069,67.0,69.0,0.021,0.25,2.5
CKR-069,69.0,71.0,0.005,0.25,2.51
CKR-069,71.0,73.0,0.02,0.25,2.54
CKR-069,73.0,75.0,0.015,0.25,2.53
CKR-069,75.0,77.0,0.023,0.25,2.56
CKR-069,77.0,79.0,0.005,0.25,2.49
CKR-069,79.0,81.0,0.029,0.25,2.51
CKR-069,81.0,83.0,0.011,0.25,2.5
CKR-069,83.0,85.0,0.013,0.25,2.51
CKR-069,85.0,87.0,0.013,0.25,2.53
CKR-069,87.0,89.0,0.017,0.25,2.53
CKR-069,89.0,91.0,0.038,0.25,2.47
CKR-069,91.0,93.0,0.02,0.25,2.55
CKR-069,93.0,95.0,0.02,0.25,2.51
CKR-069,95.0,97.0,0.005,0.25,2.53
CKR-069,97.0,99.0,0.019,0.25,2.47
CKR-069,99.0,101.0,0.015,0.25,2.48
CKR-069,101.0,103.0,0.016,0.25,2.51
CKR-069,103.0,105.0,0.024,0.25,2.53
CKR-069,105.0,107.0,0.018,0.25,2.51
CKR-069,107.0,109.0,0.033,0.25,2.53
CKR-069,109.0,111.0,0.023,0.25,2.53
CKR-069,111.0,113.0,0.005,0.25,2.5
CKR-069,113.0,115.0,0.014,0.25,2.51
CKR-069,115.0,117.0,0.011,0.25,2.53
CKR-069,117.0,119.0,0.012,0.69,2.57
CKR-069,119.0,121.0,0.017,0.25,2.53
CKR-069,121.0,123.0,0.012,0.25,2.53
CKR-069,123.0,125.0,0.014,0.25,2.54
CKR-069,125.0,127.0,0.017,0.25,2.49
CKR-069,127.0,129.0,0.005,0.25,2.52
CKR-069,129.0,131.0,0.063,0.25,2.58
CKR-069,131.0,133.0,0.017,0.25,2.55
CKR-069,133.0,135.0,0.019,0.25,2.56
CKR-069,135.0,137.0,0.018,0.25,2.49
CKR-069,137.0,139.0,0.015,0.25,2.57
CKR-069,139.0,141.0,0.027,0.25,2.58
CKR-069,141.0,143.0,0.015,0.25,2.53
CKR-069,143.0,145.0,0.027,0.25,2.51
CKR-069,145.0,147.0,0.044,0.25,2.56
CKR-069,147.0,149.0,0.005,0.25,2.54
CKR-069,149.0,151.0,0.014,0.25,2.56
CKR-069,151.0,153.0,0.022,0.25,2.49
CKR-069,153.0,155.0,0.018,0.25,2.59
CKR-069,155.0,157.0,0.017,0.25,2.5
CKR-069,157.0,159.0,0.02,0.5,2.61
CKR-069,159.0,161.0,0.022,0.25,2.55
CKR-069,161.0,163.0,0.016,0.25,2.55
CKR-069,163.0,165.0,0.019,0.25,2.51
CKR-069,165.0,167.0,0.03,0.25,2.54
CKR-069,167.0,169.0,0.018,0.25,2.53
CKR-069,169.0,171.0,0.011,0.25,2.49
CKR-069,171.0,173.0,0.03,0.25,2.55
CKR-069,173.0,175.0,0.016,0.25,2.53
CKR-069,175.0,177.0,0.005,0.25,2.5
CKR-069,177.0,179.0,0.005,0.25,2.48
CKR-069,179.0,181.0,0.012,0.25,2.47
CKR-069,181.0,183.0,0.02,0.25,2.5
CKR-069,183.0,185.0,0.015,0.25,2.61
CKR-069,185.0,187.0,0.029,0.25,2.44
CKR-069,187.0,189.0,0.018,0.25,2.47
CKR-069,189.0,191.0,0.014,0.25,2.57
CKR-069,191.0,193.0,0.024,0.25,2.56
CKR-069,193.0,195.0,0.011,0.25,2.48
CKR-069,195.0,197.0,0.012,0.25,2.45
CKR-069,197.0,199.0,0.021,0.25,2.53
CKR-069,199.0,201.0,0.019,0.25,2.53
CKR-069,201.0,203.0,0.021,0.25,2.54
CKR-069,203.0,205.0,0.013,0.25,2.5
CKR-069,205.0,207.0,0.015,0.25,2.55
CKR-069,207.0,209.0,0.014,0.25,2.51
CKR-069,209.0,211.0,0.012,0.25,2.52
CKR-069,211.0,213.0,0.02,0.25,2.49
CKR-069,213.0,215.0,0.029,0.25,2.59
CKR-069,215.0,217.0,0.022,0.25,2.57
CKR-069,217.0,219.0,0.011,0.25,2.52
CKR-069,219.0,221.0,0.017,0.25,2.51
CKR-069,221.0,223.0,0.017,0.25,2.54
CKR-069,223.0,225.0,0.016,0.25,2.53
CKR-069,225.0,227.0,0.017,0.25,2.53
CKR-069,227.0,229.0,0.023,0.25,2.49
CKR-069,229.0,231.0,0.011,0.25,2.61
CKR-069,231.0,233.0,0.016,0.25,2.53
CKR-069,233.0,235.0,0.017,0.25,2.53
CKR-069,235.0,237.0,0.019,0.25,2.55
CKR-069,237.0,239.0,0.027,0.25,2.54
CKR-069,239.0,241.0,0.011,0.25,2.55
CKR-069,241.0,243.0,0.022,0.25,2.51
CKR-069,243.0,245.0,0.005,0.25,2.5
CKR-069,245.0,247.0,0.015,0.25,2.5
CKR-069,247.0,249.0,0.015,0.25,2.49
CKR-069,249.0,251.0,0.02,0.25,2.44
CKR-069,251.0,253.0,0.017,0.25,2.51
CKR-069,253.0,255.0,0.026,0.25,2.55
CKR-069,255.0,257.0,0.017,0.25,2.47
CKR-069,257.0,259.0,0.033,0.25,2.54
CKR-069,259.0,261.0,0.034,0.25,2.5
CKR-069,261.0,263.0,0.005,0.25,2.47
CKR-069,263.0,265.0,0.012,0.25,2.53
CKR-069,265.0,267.0,0.013,0.25,2.54
CKR-069,267.0,269.0,0.037,0.25,2.54
CKR-069,269.0,271.0,0.011,0.25,2.46
CKR-069,271.0,273.0,0.015,0.25,2.53
CKR-069,273.0,275.0,0.031,0.25,2.5
CKR-069,275.0,277.0,0.019,0.25,2.55
CKR-069,277.0,279.0,0.019,0.25,2.46
CKR-069,279.0,281.0,0.012,0.25,2.51
CKR-069,281.0,283.0,0.01,0.25,2.48
CKR-069,283.0,285.0,0.013,0.25,2.59
CKR-069,285.0,287.0,0.013,0.25,2.55
CKR-069,287.0,289.0,0.011,0.25,2.51
CKR-069,289.0,291.0,0.005,0.25,2.58
CKR-069,291.0,293.0,0.047,0.25,2.56
CKR-069,293.0,295.0,0.035,0.25,2.52
CKR-069,295.0,297.0,0.013,0.25,2.51
CKR-069,297.0,299.0,0.029,0.25,2.53
CKR-069,299.0,301.0,0.015,0.25,2.59
CKR-069,301.0,303.0,0.017,0.25,2.54
CKR-069,303.0,305.0,0.011,0.25,2.51
CKR-069,305.0,307.0,0.011,0.25,2.45
CKR-069,307.0,309.0,0.029,0.25,2.53
CKR-069,309.0,311.0,0.017,0.25,2.52
CKR-069,311.0,313.0,0.011,0.25,2.46
CKR-069,313.0,315.0,0.029,0.25,2.53
CKR-069,315.0,317.0,0.013,0.25,2.48
CKR-069,317.0,319.0,0.015,0.25,2.53
CKR-069,319.0,321.0,0.017,0.25,2.5
CKR-069,321.0,323.0,0.014,0.25,2.55
CKR-069,323.0,325.0,0.014,0.25,2.5
CKR-069,325.0,327.0,0.005,0.25,2.55
CKR-069,327.0,329.0,0.027,0.25,2.56
CKR-069,329.0,331.0,0.005,0.25,2.59
CKR-069,331.0,333.0,0.005,0.25,2.57
CKR-069,333.0,334.0,0.036,0.25,2.46
CKR-069,334.0,335.0,0.019,0.25,2.46
CKR-069,335.0,336.0,0.018,0.25,2.45
CKR-069,336.0,337.0,0.017,0.25,2.51
CKR-069,337.0,338.0,0.017,0.25,2.56
CKR-069,338.0,339.0,0.034,0.56,2.55
CKR-069,339.0,340.0,0.067,1.28,2.58
CKR-069,340.0,341.0,0.085,1.56,2.58
CKR-069,341.0,342.0,0.096,1.35,2.57
CKR-069,342.0,343.0,0.17,3.3,2.55
CKR-069,343.0,344.0,0.178,3.85,2.58
CKR-069,344.0,345.0,0.89,18.23,2.64
CKR-069,345.0,346.0,1.402,20.76,2.66
CKR-069,346.0,347.0,1.055,14.78,2.61
CKR-069,347.0,348.0,1.881,32.08,2.62
CKR-069,348.0,349.0,1.131,10.16,2.66
CKR-069,349.0,350.0,1.537,16.29,2.61
CKR-069,350.0,351.0,1.015,10.8,2.58
CKR-069,351.0,352.0,0.091,1.04,2.59
CKR-069,352.0,353.0,0.117,1.4,2.55
CKR-069,353.0,354.0,0.115,1.67,2.57
CKR-069,354.0,355.0,0.082,0.97,2.61
CKR-069,355.0,356.0,0.054,0.25,2.63
CKR-069,356.0,357.0,0.027,0.25,2.63
CKR-069,357.0,358.0,0.015,0.25,2.52
CKR-069,358.0,359.0,0.042,0.25,2.53
CKR-069,359.0,360.0,0.033,0.25,2.55
CKR-069,360.0,361.0,0.017,0.25,2.5
CKR-069,361.0,362.0,0.022,0.25,2.52
CKR-069,362.0,363.0,0.02,0.25,2.53
CKR-069,363.0,365.0,0.012,0.25,2.48
CKR-069,365.0,367.0,0.018,0.25,2.55
CKR-069,367.0,369.0,0.055,0.25,2.62
CKR-069,369.0,371.0,0.029,0.25,2.5
CKR-069,371.0,373.0,0.021,0.25,2.49
CKR-069,373.0,375.0,0.017,0.25,2.54
CKR-069,375.0,377.0,0.016,0.8,2.51
CKR-069,377.0,379.0,0.005,0.25,2.54
CKR-069,379.0,381.0,0.026,0.25,2.56
CKR-069,381.0,383.0,0.022,0.25,2.54
CKR-069,383.0,385.0,0.018,0.25,2.54
CKR-069,385.0,387.0,0.012,0.25,2.51
CKR-069,387.0,389.0,0.021,0.25,2.54
CKR-069,389.0,391.0,0.024,0.25,2.51
CKR-069,391.0,393.0,0.015,0.25,2.57
CKR-069,393.0,395.0,0.03,0.25,2.5
CKR-069,395.0,397.0,0.018,0.25,2.56
CKR-069,397.0,397.5,0.013,0.25,2.57
CKR-070,4.2,6.2,,,2.55
CKR-070,6.2,8.2,0.02,0.25,2.52
CKR-070,8.2,10.2,0.015,0.25,2.52
CKR-070,10.2,12.2,0.01,0.25,2.53
CKR-070,12.2,14.2,0.017,0.25,2.54
CKR-070,14.2,16.2,0.023,0.25,2.48
CKR-070,16.2,18.2,0.005,0.25,2.56
CKR-070,18.2,20.2,0.005,0.25,2.55
CKR-070,20.2,22.2,0.022,0.25,2.49
CKR-070,22.2,24.2,0.011,0.25,2.55
CKR-070,24.2,26.2,0.015,0.25,2.55
CKR-070,26.2,28.2,0.021,0.25,2.55
CKR-070,28.2,30.2,0.015,0.25,2.47
CKR-070,30.2,32.2,0.02,0.25,2.51
CKR-070,32.2,34.2,0.011,0.25,2.55
CKR-070,34.2,36.2,0.021,0.25,2.52
CKR-070,36.2,38.2,0.039,0.25,2.53
CKR-070,38.2,40.2,0.057,0.55,2.56
CKR-070,40.2,42.2,0.019,0.25,2.52
CKR-070,42.2,44.2,0.016,0.25,2.5
CKR-070,44.2,46.2,0.032,0.25,2.52
CKR-070,46.2,48.2,0.024,0.25,2.5
CKR-070,48.2,50.2,0.011,0.25,2.55
CKR-070,50.2,52.2,0.024,0.25,2.49
CKR-070,52.2,54.2,0.012,0.25,2.52
CKR-070,54.2,56.2,0.016,0.25,2.55
CKR-070,56.2,58.2,0.014,0.25,2.51
CKR-070,58.2,60.2,0.037,0.25,2.55
CKR-070,60.2,62.2,0.016,0.25,2.48
CKR-070,62.2,64.2,0.019,0.25,2.59
CKR-070,64.2,66.2,0.019,0.25,2.53
CKR-070,66.2,68.2,0.078,0.25,2.52
CKR-070,68.2,70.2,0.021,0.25,2.48
CKR-070,70.2,72.2,0.016,0.25,2.53
CKR-070,72.2,74.2,0.015,0.25,2.55
CKR-070,74.2,76.2,0.02,0.25,2.51
CKR-070,76.2,78.2,0.016,0.25,2.55
CKR-070,78.2,80.2,0.021,0.25,2.56
CKR-070,80.2,82.2,0.013,0.25,2.52
CKR-070,82.2,84.2,0.017,0.25,2.58
CKR-070,84.2,86.2,0.017,0.25,2.5
CKR-070,86.2,88.2,0.024,0.25,2.52
CKR-070,88.2,90.2,0.011,0.25,2.57
CKR-070,90.2,92.2,0.031,0.25,2.51
CKR-070,92.2,94.2,0.036,0.25,2.54
CKR-070,94.2,96.2,0.026,0.25,2.51
CKR-070,96.2,98.2,0.022,0.25,2.53
CKR-070,98.2,100.2,0.035,0.25,2.54
CKR-070,100.2,102.2,0.023,0.25,2.51
CKR-070,102.2,104.2,0.005,0.25,2.52
CKR-070,104.2,106.2,0.016,0.25,2.5
CKR-070,106.2,108.2,0.005,0.25,2.5
CKR-070,108.2,110.2,0.016,0.25,2.52
CKR-070,110.2,112.2,0.024,0.25,2.49
CKR-070,112.2,114.2,0.03,0.25,2.52
CKR-070,114.2,116.2,0.02,0.25,2.54
CKR-070,116.2,118.2,0.005,0.25,2.52
CKR-070,118.2,120.2,0.005,0.25,2.52
CKR-070,120.2,122.2,0.014,0.56,2.47
CKR-070,122.2,124.2,0.005,0.25,2.51
CKR-070,124.2,126.2,0.02,0.25,2.58
CKR-070,126.2,128.2,0.052,0.25,2.55
CKR-070,128.2,130.2,0.015,0.25,2.5
CKR-070,130.2,132.2,0.027,0.25,2.52
CKR-070,132.2,134.2,0.02,0.25,2.53
CKR-070,134.2,136.2,0.015,0.25,2.54
CKR-070,136.2,138.2,0.005,0.25,2.5
CKR-070,138.2,140.2,0.03,0.25,2.46
CKR-070,140.2,142.2,0.016,0.25,2.5
CKR-070,142.2,144.2,0.032,0.25,2.51
CKR-070,144.2,146.2,0.013,0.25,2.5
CKR-070,146.2,148.2,0.029,0.25,2.48
CKR-070,148.2,150.2,0.005,0.25,2.5
CKR-070,150.2,152.2,0.025,0.62,2.48
CKR-070,152.2,153.2,0.005,0.25,2.52
CKR-070,153.2,154.2,0.019,0.25,2.45
CKR-070,154.2,155.2,0.005,0.25,2.49
CKR-070,155.2,156.2,0.005,0.25,2.54
CKR-070,156.2,157.2,0.024,0.25,2.5
CKR-070,157.2,158.2,0.02,0.25,2.59
CKR-070,158.2,159.2,0.027,0.57,2.58
CKR-070,159.2,160.2,0.04,1.39,2.61
CKR-070,160.2,161.2,0.058,1.45,2.54
CKR-070,161.2,162.2,0.05,1.22,2.58
CKR-070,162.2,163.2,0.056,1.43,2.56
CKR-070,163.2,164.2,0.076,2.06,2.59
CKR-070,164.2,165.2,0.104,2.59,2.56
CKR-070,165.2,166.2,0.178,4.42,2.57
CKR-070,166.2,167.2,0.388,11.6,2.62
CKR-070,167.2,168.2,1.436,39.4,2.7
CKR-070,168.2,169.2,0.468,16.23,2.55
CKR-070,169.2,170.2,0.671,15.11,2.58
CKR-070,170.2,171.2,0.192,7.23,2.64
CKR-070,171.2,172.2,1.029,32.31,2.61
CKR-070,172.2,173.2,1.008,36.63,2.63
CKR-070,173.2,174.2,0.119,2.66,2.59
CKR-070,174.2,175.2,0.756,23.93,2.66
CKR-070,175.2,176.2,0.835,22.53,2.64
CKR-070,176.2,177.2,2.809,78.26,2.63
CKR-070,177.2,178.2,1.335,24.22,2.53
CKR-070,178.2,179.2,0.164,3.96,2.62
CKR-070,179.2,180.2,0.107,2.59,2.54
CKR-070,180.2,181.2,0.057,0.95,2.61
CKR-070,181.2,182.2,0.06,1.18,2.59
CKR-070,182.2,183.2,0.051,0.84,2.59
CKR-070,183.2,184.2,0.115,1.38,2.58
CKR-070,184.2,185.2,0.058,0.58,2.52
CKR-070,185.2,186.2,0.021,0.25,2.45
CKR-070,186.2,187.2,0.013,0.25,2.56
CKR-070,187.2,188.2,0.012,0.25,2.51
CKR-070,188.2,189.2,0.018,0.25,2.44
CKR-070,189.2,190.2,0.025,0.25,2.52
CKR-070,190.2,191.2,0.015,0.25,2.52
CKR-070,191.2,193.2,0.016,0.25,2.53
CKR-070,193.2,195.2,0.005,0.25,2.56
CKR-070,195.2,197.2,0.005,0.25,2.52
CKR-070,197.2,199.2,0.015,0.25,2.5
CKR-070,199.2,201.2,0.014,0.25,2.47
CKR-070,201.2,203.2,0.018,0.25,2.52
CKR-070,203.2,205.2,0.015,0.25,2.52
CKR-070,205.2,207.2,0.005,0.25,2.51
CKR-070,207.2,209.2,0.012,0.25,2.5
CKR-070,209.2,211.2,0.005,0.25,2.47
CKR-070,211.2,213.2,0.025,0.25,2.52
CKR-070,213.2,214.6,0.013,0.25,2.47
CKR-071,4.9,6.9,,,2.48
CKR-071,6.9,8.9,0.033,0.25,2.55
CKR-071,8.9,10.9,0.005,0.25,2.57
CKR-071,10.9,12.9,0.037,0.25,2.5
CKR-071,12.9,14.9,0.012,0.25,2.58
CKR-071,14.9,16.9,0.025,0.25,2.55
CKR-071,16.9,18.9,0.026,0.56,2.49
CKR-071,18.9,20.9,0.031,0.25,2.55
CKR-071,20.9,22.9,0.026,0.25,2.58
CKR-071,22.9,24.9,0.005,0.25,2.47
CKR-071,24.9,26.9,0.018,0.25,2.55
CKR-071,26.9,28.9,0.022,0.63,2.5
CKR-071,28.9,30.9,0.023,0.25,2.53
CKR-071,30.9,32.9,0.005,0.25,2.53
CKR-071,32.9,34.9,0.028,0.25,2.5
CKR-071,34.9,36.9,0.02,0.25,2.52
CKR-071,36.9,38.9,0.031,0.25,2.53
CKR-071,38.9,40.9,0.005,0.25,2.54
CKR-071,40.9,42.9,0.018,0.25,2.56
CKR-071,42.9,44.9,0.031,0.25,2.53
CKR-071,44.9,46.9,0.021,0.25,2.54
CKR-071,46.9,48.9,0.022,0.25,2.54
CKR-071,48.9,50.9,0.025,0.25,2.48
CKR-071,50.9,52.9,0.038,0.25,2.52
CKR-071,52.9,54.9,0.023,0.25,2.51
CKR-071,54.9,56.9,0.023,0.25,2.6
CKR-071,56.9,58.9,0.023,0.25,2.5
CKR-071,58.9,60.9,0.027,0.25,2.45
CKR-071,60.9,62.9,0.016,0.25,2.61
CKR-071,62.9,64.9,0.032,0.25,2.54
CKR-071,64.9,66.9,0.005,0.25,2.46
CKR-071,66.9,68.9,0.024,0.25,2.51
CKR-071,68.9,70.9,0.025,0.25,2.5
CKR-071,70.9,72.9,0.01,0.25,2.53
CKR-071,72.9,74.9,0.039,0.25,2.53
CKR-071,74.9,76.9,0.021,0.25,2.53
CKR-071,76.9,78.9,0.032,0.25,2.52
CKR-071,78.9,80.9,0.005,0.25,2.55
CKR-071,80.9,82.9,0.034,0.25,2.49
CKR-071,82.9,84.9,0.005,0.53,2.5
CKR-071,84.9,86.9,0.011,0.25,2.5
CKR-071,86.9,88.9,0.013,0.25,2.48
CKR-071,88.9,90.9,0.005,0.25,2.46
CKR-071,90.9,92.9,0.023,0.52,2.42
CKR-071,92.9,94.9,0.005,0.25,2.59
CKR-071,94.9,96.9,0.022,0.25,2.46
CKR-071,96.9,98.9,0.014,0.25,2.48
CKR-071,98.9,100.9,0.01,0.25,2.54
CKR-071,100.9,102.9,0.018,0.25,2.6
CKR-071,102.9,104.9,0.015,0.25,2.54
CKR-071,104.9,106.9,0.005,0.25,2.5
CKR-071,106.9,108.9,0.016,0.25,2.5
CKR-071,108.9,110.9,0.005,0.25,2.56
CKR-071,110.9,112.9,0.013,0.25,2.48
CKR-071,112.9,114.9,0.032,0.25,2.56
CKR-071,114.9,116.9,0.005,0.25,2.52
CKR-071,116.9,118.9,0.012,0.25,2.58
CKR-071,118.9,120.9,0.02,0.25,2.53
CKR-071,120.9,122.9,0.005,0.25,2.59
CKR-071,122.9,124.9,0.026,0.25,2.52
CKR-071,124.9,126.9,0.018,0.25,2.49
CKR-071,126.9,128.9,0.011,0.25,2.49
CKR-071,128.9,130.9,0.005,0.25,2.48
CKR-071,130.9,132.9,0.015,0.25,2.55
CKR-071,132.9,134.9,0.016,0.25,2.55
CKR-071,134.9,136.9,0.026,0.25,2.49
CKR-071,136.9,138.9,0.005,0.25,2.54
CKR-071,138.9,140.9,0.028,0.25,2.48
CKR-071,140.9,142.9,0.026,0.25,2.53
CKR-071,142.9,144.9,0.018,0.25,2.52
CKR-071,144.9,146.9,0.053,0.25,2.48
CKR-071,146.9,148.9,0.014,0.25,2.56
CKR-071,148.9,150.9,0.013,0.25,2.62
CKR-071,150.9,152.9,0.01,0.25,2.45
CKR-071,152.9,154.9,0.005,0.25,2.57
CKR-071,154.9,156.9,0.005,0.25,2.5
CKR-071,156.9,158.9,0.016,0.25,2.53
CKR-071,158.9,160.9,0.005,0.25,2.57
CKR-071,160.9,162.9,0.013,0.25,2.54
CKR-071,162.9,164.9,0.015,0.25,2.51
CKR-071,164.9,166.9,0.005,0.25,2.5
CKR-071,166.9,168.9,0.021,0.25,2.5
CKR-071,168.9,170.9,0.015,0.25,2.53
CKR-071,170.9,172.9,0.03,0.25,2.52
CKR-071,172.9,174.9,0.016,0.25,2.59
CKR-071,174.9,176.9,0.013,0.25,2.47
CKR-071,176.9,177.9,0.022,0.25,2.56
CKR-071,177.9,178.9,0.025,0.25,2.58
CKR-071,178.9,179.9,0.019,0.25,2.52
CKR-071,179.9,180.9,0.012,0.25,2.55
CKR-071,180.9,181.9,0.022,0.25,2.55
CKR-071,181.9,182.9,0.037,0.55,2.55
CKR-071,182.9,183.9,0.093,0.75,2.56
CKR-071,183.9,184.9,0.088,1.32,2.58
CKR-071,184.9,185.9,0.136,1.4,2.58
CKR-071,185.9,186.9,0.113,1.54,2.56
CKR-071,186.9,187.9,0.098,1.65,2.55
CKR-071,187.9,188.9,0.121,2.07,2.57
CKR-071,188.9,189.9,3.913,39.41,2.52
CKR-071,189.9,190.9,3.276,51.56,2.65
CKR-071,190.9,191.9,7.174,104.62,2.6
CKR-071,191.9,192.9,3.887,77.49,2.6
CKR-071,192.9,193.9,5.461,71.06,2.58
CKR-071,193.9,194.9,3.923,48.65,2.61
CKR-071,194.9,195.9,2.737,34.28,2.63
CKR-071,195.9,196.9,5.087,52.98,2.61
CKR-071,196.9,197.9,2.375,36.96,2.52
CKR-071,197.9,198.9,4.334,40.83,2.62
CKR-071,198.9,199.9,1.785,11.6,2.57
CKR-071,199.9,200.9,6.65,92.93,2.62
CKR-071,200.9,201.9,0.385,1.99,2.56
CKR-071,201.9,202.9,0.166,1.33,2.53
CKR-071,202.9,203.9,0.081,0.84,2.53
CKR-071,203.9,204.9,0.079,0.25,2.64
CKR-071,204.9,205.9,0.082,0.97,2.63
CKR-071,205.9,206.9,0.078,0.57,2.61
CKR-071,206.9,207.9,0.029,0.25,2.57
CKR-071,207.9,208.9,0.019,0.25,2.59
CKR-071,208.9,209.9,0.017,0.25,2.56
CKR-071,209.9,210.9,0.017,0.25,2.44
CKR-071,210.9,211.9,0.013,0.25,2.54
CKR-071,211.9,212.9,0.012,0.25,2.55
CKR-071,212.9,213.9,0.005,0.25,2.5
CKR-071,213.9,215.9,0.016,0.25,2.54
CKR-071,215.9,217.9,0.023,0.25,2.51
CKR-071,217.9,219.9,0.026,0.25,2.43
CKR-071,219.9,221.9,0.019,0.25,2.52
CKR-071,221.9,223.9,0.037,0.25,2.55
CKR-071,223.9,225.2,0.033,0.25,2.53
CKR-072,2.5,4.5,,,2.53
CKR-072,4.5,6.5,0.014,0.25,2.54
CKR-072,6.5,8.5,0.022,0.25,2.51
CKR-072,8.5,10.5,0.005,0.25,2.56
CKR-072,10.5,12.5,0.062,0.25,2.51
CKR-072,12.5,14.5,0.016,0.25,2.58
CKR-072,14.5,16.5,0.005,0.25,2.53
CKR-072,16.5,18.5,0.025,0.25,2.47
CKR-072,18.5,20.5,0.023,0.25,2.59
CKR-072,20.5,22.5,0.031,0.25,2.48
CKR-072,22.5,24.5,0.026,0.25,2.57
CKR-072,24.5,26.5,0.011,0.25,2.51
CKR-072,26.5,28.5,0.022,0.25,2.52
CKR-072,28.5,30.5,0.022,0.25,2.48
CKR-072,30.5,32.5,0.025,0.25,2.48
CKR-072,32.5,34.5,0.022,0.25,2.49
CKR-072,34.5,36.5,0.005,0.25,2.47
CKR-072,36.5,38.5,0.011,0.25,2.54
CKR-072,38.5,40.5,0.017,0.25,2.53
CKR-072,40.5,42.5,0.016,0.58,2.49
CKR-072,42.5,44.5,0.022,0.25,2.5
CKR-072,44.5,46.5,0.012,0.25,2.56
CKR-072,46.5,48.5,0.012,0.25,2.56
CKR-072,48.5,50.5,0.005,0.25,2.51
CKR-072,50.5,52.5,0.014,0.25,2.5
CKR-072,52.5,54.5,0.015,0.25,2.5
CKR-072,54.5,56.5,0.011,0.25,2.46
CKR-072,56.5,58.5,0.016,0.25,2.47
CKR-072,58.5,60.5,0.005,0.25,2.48
CKR-072,60.5,62.5,0.017,0.25,2.56
CKR-072,62.5,64.5,0.026,0.25,2.49
CKR-072,64.5,66.5,0.012,0.25,2.57
CKR-072,66.5,68.5,0.005,0.25,2.53
CKR-072,68.5,70.5,0.012,0.25,2.53
CKR-072,70.5,72.5,0.015,0.25,2.48
CKR-072,72.5,74.5,0.025,0.25,2.57
CKR-072,74.5,76.5,0.016,0.25,2.52
CKR-072,76.5,78.5,0.016,0.25,2.55
CKR-072,78.5,80.5,0.005,0.25,2.56
CKR-072,80.5,82.5,0.016,0.25,2.52
CKR-072,82.5,84.5,0.017,0.25,2.63
CKR-072,84.5,86.5,0.043,0.25,2.54
CKR-072,86.5,88.5,0.041,0.25,2.5
CKR-072,88.5,90.5,0.018,0.25,2.52
CKR-072,90.5,92.5,0.045,0.25,2.49
CKR-072,92.5,94.5,0.019,0.25,2.56
CKR-072,94.5,96.5,0.02,0.25,2.5
CKR-072,96.5,98.5,0.017,0.25,2.51
CKR-072,98.5,100.5,0.021,0.25,2.52
CKR-072,100.5,102.5,0.02,0.25,2.46
CKR-072,102.5,104.5,0.005,0.25,2.49
CKR-072,104.5,106.5,0.023,0.25,2.49
CKR-072,106.5,108.5,0.005,0.25,2.5
CKR-072,108.5,110.5,0.019,0.25,2.59
CKR-072,110.5,112.5,0.017,0.25,2.5
CKR-072,112.5,114.5,0.023,0.25,2.52
CKR-072,114.5,116.5,0.015,0.25,2.46
CKR-072,116.5,118.5,0.029,0.25,2.55
CKR-072,118.5,120.5,0.016,0.25,2.44
CKR-072,120.5,122.5,0.005,0.25,2.49
CKR-072,122.5,124.5,0.016,0.25,2.51
CKR-072,124.5,126.5,0.037,0.25,2.52
CKR-072,126.5,128.5,0.005,0.25,2.56
CKR-072,128.5,130.5,0.005,0.25,2.5
CKR-072,130.5,132.5,0.005,0.25,2.5
CKR-072,132.5,134.5,0.02,0.25,2.5
CKR-072,134.5,136.5,0.024,0.25,2.52
CKR-072,136.5,138.5,0.035,0.25,2.5
CKR-072,138.5,140.5,0.012,0.25,2.5
CKR-072,140.5,142.5,0.021,0.25,2.54
CKR-072,142.5,144.5,0.016,0.25,2.56
CKR-072,144.5,146.5,0.005,0.25,2.57
CKR-072,146.5,148.5,0.005,0.58,2.51
CKR-072,148.5,150.5,0.005,0.25,2.55
CKR-072,150.5,152.5,0.023,0.25,2.48
CKR-072,152.5,154.5,0.032,0.25,2.56
CKR-072,154.5,156.5,0.005,0.25,2.53
CKR-072,156.5,158.5,0.019,0.25,2.55
CKR-072,158.5,160.5,0.061,0.25,2.57
CKR-072,160.5,162.5,0.013,0.25,2.56
CKR-072,162.5,164.5,0.02,0.25,2.56
CKR-072,164.5,166.5,0.019,0.25,2.57
CKR-072,166.5,168.5,0.019,0.25,2.44
CKR-072,168.5,170.5,0.021,0.25,2.46
CKR-072,170.5,172.5,0.005,0.25,2.48
CKR-072,172.5,174.5,0.023,0.25,2.49
CKR-072,174.5,176.5,0.012,0.25,2.5
CKR-072,176.5,178.5,0.022,0.25,2.5
CKR-072,178.5,180.5,0.03,0.25,2.48
CKR-072,180.5,182.5,0.018,0.25,2.51
CKR-072,182.5,184.5,0.012,0.25,2.5
CKR-072,184.5,186.5,0.013,0.87,2.54
CKR-072,186.5,188.5,0.016,0.25,2.55
CKR-072,188.5,190.5,0.029,0.25,2.49
CKR-072,190.5,192.5,0.024,0.25,2.51
CKR-072,192.5,194.5,0.013,0.25,2.57
CKR-072,194.5,196.5,0.012,0.25,2.54
CKR-072,196.5,198.5,0.005,0.25,2.57
CKR-072,198.5,200.5,0.033,0.25,2.52
CKR-072,200.5,202.5,0.03,0.25,2.58
CKR-072,202.5,204.5,0.034,0.25,2.54
CKR-072,204.5,206.5,0.021,0.25,2.53
CKR-072,206.5,208.5,0.047,0.25,2.54
CKR-072,208.5,210.5,0.019,0.25,2.51
CKR-072,210.5,212.5,0.023,0.25,2.5
CKR-072,212.5,214.5,0.016,0.25,2.54
CKR-072,214.5,216.5,0.012,0.25,2.61
CKR-072,216.5,218.5,0.017,0.25,2.56
CKR-072,218.5,220.5,0.013,0.25,2.59
CKR-072,220.5,222.5,0.02,0.25,2.5
CKR-072,222.5,224.5,0.026,0.25,2.55
CKR-072,224.5,226.5,0.032,0.25,2.52
CKR-072,226.5,228.5,0.018,0.25,2.55
CKR-072,228.5,230.5,0.015,0.25,2.5
CKR-072,230.5,231.5,0.022,0.25,2.58
CKR-072,231.5,232.5,0.005,0.25,2.4
CKR-072,232.5,233.5,0.005,0.25,2.54
CKR-072,233.5,234.5,0.005,0.56,2.41
CKR-072,234.5,235.5,0.005,0.25,2.48
CKR-072,235.5,236.5,0.077,0.9,2.6
CKR-072,236.5,237.5,0.084,1.3,2.47
CKR-072,237.5,238.5,0.09,1.99,2.62
CKR-072,238.5,239.5,0.168,3.12,2.54
CKR-072,239.5,240.5,0.257,2.18,2.62
CKR-072,240.5,241.5,0.24,5.36,2.57
CKR-072,241.5,242.5,0.142,3.57,2.47
CKR-072,242.5,243.5,0.439,10.32,2.52
CKR-072,243.5,244.5,1.242,29.97,2.68
CKR-072,244.5,245.5,1.043,15.79,2.65
CKR-072,245.5,246.5,0.854,19.39,2.48
CKR-072,246.5,247.5,15.593,154.3,2.64
CKR-072,247.5,248.5,1.753,22.13,2.61
CKR-072,248.5,249.5,0.671,12.15,2.59
CKR-072,249.5,250.5,2.099,37.97,2.57
CKR-072,250.5,251.5,5.407,54.68,2.59
CKR-072,251.5,252.5,3.204,27.58,2.59
CKR-072,252.5,253.5,2.845,43.09,2.68
CKR-072,253.5,254.5,1.995,36.99,2.61
CKR-072,254.5,255.5,0.454,6.52,2.63
CKR-072,255.5,256.5,0.3,3.49,2.56
CKR-072,256.5,257.5,0.629,13.92,2.57
CKR-072,257.5,258.5,0.171,2.56,2.6
CKR-072,258.5,259.5,0.128,1.9,2.62
CKR-072,259.5,260.5,0.154,5.59,2.54
CKR-072,260.5,261.5,0.042,0.94,2.54
CKR-072,261.5,262.5,0.028,0.25,2.49
CKR-072,262.5,263.5,0.005,0.25,2.63
CKR-072,263.5,264.5,0.015,0.88,2.56
CKR-072,264.5,265.5,0.005,0.25,2.58
CKR-072,265.5,266.5,0.02,0.25,2.54
CKR-072,266.5,267.5,0.032,0.55,2.53
CKR-072,267.5,268.5,0.034,0.25,2.59
CKR-072,268.5,270.5,0.038,0.25,2.51
CKR-072,270.5,272.5,0.014,0.25,2.58
CKR-072,272.5,274.5,0.02,0.25,2.56
CKR-072,274.5,276.5,0.015,0.25,2.51
CKR-072,276.5,278.5,0.023,0.25,2.47
CKR-072,278.5,280.5,0.013,0.25,2.51
CKR-072,280.5,281.1,0.018,0.25,2.55
CKR-073,2.4,4.4,,,2.49
CKR-073,4.4,6.4,0.014,0.25,2.49
CKR-073,6.4,8.4,0.021,0.25,2.52
CKR-073,8.4,10.4,0.012,0.25,2.54
CKR-073,10.4,12.4,0.021,0.25,2.57
CKR-073,12.4,14.4,0.013,0.25,2.51
CKR-073,14.4,16.4,0.01,0.25,2.56
CKR-073,16.4,18.4,0.053,0.25,2.52
CKR-073,18.4,20.4,0.026,0.25,2.58
CKR-073,20.4,22.4,0.005,0.25,2.6
CKR-073,22.4,24.4,0.016,0.25,2.5
CKR-073,24.4,26.4,0.016,0.25,2.5
CKR-073,26.4,28.4,0.015,0.25,2.44
CKR-073,28.4,30.4,0.029,0.25,2.47
CKR-073,30.4,32.4,0.017,0.25,2.5
CKR-073,32.4,34.4,0.019,0.25,2.54
CKR-073,34.4,36.4,0.037,0.25,2.51
CKR-073,36.4,38.4,0.016,0.25,2.61
CKR-073,38.4,40.4,0.015,0.25,2.52
CKR-073,40.4,42.4,0.03,0.25,2.56
CKR-073,42.4,44.4,0.013,0.25,2.5
CKR-073,44.4,46.4,0.023,0.25,2.53
CKR-073,46.4,48.4,0.015,0.25,2.51
CKR-073,48.4,50.4,0.005,0.25,2.53
CKR-073,50.4,52.4,0.014,0.25,2.52
CKR-073,52.4,54.4,0.019,0.25,2.52
CKR-073,54.4,56.4,0.032,0.25,2.45
CKR-073,56.4,58.4,0.01,0.73,2.49
CKR-073,58.4,60.4,0.027,0.25,2.53
CKR-073,60.4,62.4,0.018,0.25,2.57
CKR-073,62.4,64.4,0.018,0.25,2.46
CKR-073,64.4,66.4,0.012,0.25,2.53
CKR-073,66.4,68.4,0.005,0.25,2.47
CKR-073,68.4,70.4,0.005,0.25,2.56
CKR-073,70.4,72.4,0.013,0.25,2.58
CKR-073,72.4,74.4,0.021,0.25,2.5
CKR-073,74.4,76.4,0.015,0.25,2.53
CKR-073,76.4,78.4,0.033,0.25,2.49
CKR-073,78.4,80.4,0.017,0.25,2.54
CKR-073,80.4,82.4,0.018,0.25,2.47
CKR-073,82.4,84.4,0.011,0.25,2.49
CKR-073,84.4,86.4,0.019,0.25,2.55
CKR-073,86.4,88.4,0.017,0.25,2.47
CKR-073,88.4,90.4,0.011,0.25,2.54
CKR-073,90.4,92.4,0.023,0.25,2.5
CKR-073,92.4,94.4,0.026,0.25,2.5
CKR-073,94.4,96.4,0.023,0.25,2.51
CKR-073,96.4,98.4,0.022,0.25,2.48
CKR-073,98.4,100.4,0.01,0.25,2.53
CKR-073,100.4,102.4,0.013,0.25,2.53
CKR-073,102.4,104.4,0.021,0.25,2.47
CKR-073,104.4,106.4,0.016,0.25,2.48
CKR-073,106.4,108.4,0.005,0.25,2.49
CKR-073,108.4,110.4,0.014,0.25,2.54
CKR-073,110.4,112.4,0.026,0.25,2.49
CKR-073,112.4,114.4,0.005,0.25,2.45
CKR-073,114.4,116.4,0.005,0.25,2.49
CKR-073,116.4,118.4,0.015,0.25,2.51
CKR-073,118.4,120.4,0.044,0.25,2.49
CKR-073,120.4,122.4,0.013,0.25,2.52
CKR-073,122.4,124.4,0.005,0.25,2.54
CKR-073,124.4,126.4,0.017,0.25,2.51
CKR-073,126.4,128.4,0.022,0.25,2.56
CKR-073,128.4,130.4,0.036,0.25,2.49
CKR-073,130.4,132.4,0.03,0.25,2.52
CKR-073,132.4,134.4,0.02,0.25,2.52
CKR-073,134.4,136.4,0.018,0.25,2.51
CKR-073,136.4,138.4,0.011,0.25,2.51
CKR-073,138.4,140.4,0.016,0.25,2.48
CKR-073,140.4,142.4,0.021,0.25,2.48
CKR-073,142.4,144.4,0.031,0.25,2.49
CKR-073,144.4,146.4,0.011,0.25,2.56
CKR-073,146.4,148.4,0.016,0.25,2.53
CKR-073,148.4,150.4,0.022,0.25,2.53
CKR-073,150.4,152.4,0.012,0.25,2.51
CKR-073,152.4,154.4,0.025,0.25,2.6
CKR-073,154.4,156.4,0.043,0.25,2.56
CKR-073,156.4,158.4,0.028,0.25,2.55
CKR-073,158.4,160.4,0.019,0.25,2.57
CKR-073,160.4,162.4,0.018,0.25,2.54
CKR-073,162.4,164.4,0.015,0.25,2.52
CKR-073,164.4,166.4,0.016,0.25,2.56
CKR-073,166.4,168.4,0.014,0.25,2.5
CKR-073,168.4,170.4,0.025,0.25,2.55
CKR-073,170.4,172.4,0.019,0.25,2.47
CKR-073,172.4,174.4,0.03,0.25,2.48
CKR-073,174.4,176.4,0.016,0.25,2.45
CKR-073,176.4,178.4,0.005,0.25,2.5
CKR-073,178.4,180.4,0.037,0.25,2.5
CKR-073,180.4,182.4,0.01,0.25,2.5
CKR-073,182.4,184.4,0.005,0.25,2.57
CKR-073,184.4,186.4,0.031,0.25,2.51
CKR-073,186.4,188.4,0.016,0.25,2.47
CKR-073,188.4,190.4,0.005,0.25,2.55
CKR-073,190.4,192.4,0.029,0.25,2.55
CKR-073,192.4,194.4,0.023,0.25,2.55
CKR-073,194.4,196.4,0.015,0.25,2.55
CKR-073,196.4,198.4,0.018,0.86,2.53
CKR-073,198.4,200.4,0.013,0.25,2.53
CKR-073,200.4,202.4,0.005,0.25,2.48
CKR-073,202.4,204.4,0.017,0.25,2.53
CKR-073,204.4,206.4,0.022,0.25,2.5
CKR-073,206.4,208.4,0.021,0.25,2.54
CKR-073,208.4,210.4,0.01,0.25,2.53
CKR-073,210.4,212.4,0.014,0.25,2.54
CKR-073,212.4,214.4,0.028,0.25,2.54
CKR-073,214.4,216.4,0.018,0.25,2.52
CKR-073,216.4,218.4,0.022,0.25,2.47
CKR-073,218.4,220.4,0.018,0.25,2.57
CKR-073,220.4,222.4,0.005,0.25,2.52
CKR-073,222.4,224.4,0.039,0.25,2.54
CKR-073,224.4,226.4,0.017,0.25,2.58
CKR-073,226.4,228.4,0.014,0.25,2.51
CKR-073,228.4,230.4,0.06,0.25,2.45
CKR-073,230.4,232.4,0.023,0.25,2.48
CKR-073,232.4,234.4,0.03,0.25,2.54
CKR-073,234.4,236.4,0.005,0.25,2.52
CKR-073,236.4,238.4,0.02,0.25,2.53
CKR-073,238.4,240.4,0.013,0.25,2.55
CKR-073,240.4,242.4,0.011,0.25,2.46
CKR-073,242.4,244.4,0.016,0.25,2.51
CKR-073,244.4,246.4,0.025,0.25,2.51
CKR-073,246.4,248.4,0.019,0.25,2.58
CKR-073,248.4,250.4,0.021,0.25,2.52
CKR-073,250.4,252.4,0.036,0.25,2.5
CKR-073,252.4,254.4,0.005,0.25,2.5
CKR-073,254.4,256.4,0.031,0.25,2.55
CKR-073,256.4,258.4,0.005,0.25,2.42
CKR-073,258.4,260.4,0.023,0.25,2.54
CKR-073,260.4,262.4,0.022,0.25,2.49
CKR-073,262.4,264.4,0.005,0.25,2.52
CKR-073,264.4,266.4,0.011,0.74,2.53
CKR-073,266.4,268.4,0.011,0.25,2.48
CKR-073,268.4,270.4,0.005,0.25,2.56
CKR-073,270.4,272.4,0.027,0.25,2.5
CKR-073,272.4,274.4,0.015,0.25,2.5
CKR-073,274.4,276.4,0.024,0.25,2.59
CKR-073,276.4,278.4,0.028,0.25,2.51
CKR-073,278.4,280.4,0.013,0.25,2.53
CKR-073,280.4,282.4,0.016,0.25,2.53
CKR-073,282.4,284.4,0.017,0.25,2.54
CKR-073,284.4,286.4,0.034,0.25,2.52
CKR-073,286.4,288.4,0.017,0.25,2.55
CKR-073,288.4,290.4,0.005,0.25,2.51
CKR-073,290.4,292.4,0.023,0.25,2.48
CKR-073,292.4,294.4,0.027,0.25,2.54
CKR-073,294.4,296.4,0.024,0.25,2.53
CKR-073,296.4,298.4,0.012,0.25,2.57
CKR-073,298.4,299.4,0.026,0.25,2.53
CKR-073,299.4,300.4,0.017,0.25,2.5
CKR-073,300.4,301.4,0.031,0.25,2.56
CKR-073,301.4,302.4,0.016,0.25,2.53
CKR-073,302.4,303.4,0.126,0.88,2.57
CKR-073,303.4,304.4,0.114,1.19,2.61
CKR-073,304.4,305.4,0.216,1.86,2.55
CKR-073,305.4,306.4,0.208,1.63,2.65
CKR-073,306.4,307.4,0.315,3.16,2.61
CKR-073,307.4,308.4,8.871,105.6,2.67
CKR-073,308.4,309.4,2.527,30.57,2.68
CKR-073,309.4,310.4,4.199,47.04,2.56
CKR-073,310.4,311.4,3.125,27.01,2.6
CKR-073,311.4,312.4,5.257,64.25,2.61
CKR-073,312.4,313.4,0.294,4.21,2.56
CKR-073,313.4,314.4,0.364,3.71,2.55
CKR-073,314.4,315.4,0.176,2.21,2.56
CKR-073,315.4,316.4,0.15,2.03,2.59
CKR-073,316.4,317.4,0.005,0.25,2.46
CKR-073,317.4,318.4,0.012,0.25,2.48
CKR-073,318.4,319.4,0.005,0.25,2.56
CKR-073,319.4,320.4,0.035,0.25,2.55
CKR-073,320.4,321.4,0.019,0.25,2.49
CKR-073,321.4,322.4,0.093,0.25,2.62
CKR-073,322.4,324.4,0.015,0.25,2.57
CKR-073,324.4,326.4,0.015,0.25,2.52
CKR-073,326.4,328.4,0.023,0.25,2.58
CKR-073,328.4,330.4,0.011,0.25,2.56
CKR-073,330.4,332.4,0.031,0.25,2.51
CKR-073,332.4,334.4,0.005,0.25,2.53
CKR-073,334.4,336.4,0.014,0.25,2.61
CKR-073,336.4,338.4,0.016,0.25,2.49
CKR-073,338.4,340.4,0.01,0.25,2.53
CKR-073,340.4,342.4,0.02,0.25,2.51
CKR-073,342.4,344.4,0.018,0.25,2.51
CKR-073,344.4,346.4,0.017,0.25,2.53
CKR-073,346.4,348.4,0.013,0.25,2.56
CKR-073,348.4,350.4,0.033,0.25,2.48
CKR-073,350.4,352.4,0.023,0.25,2.52
CKR-073,352.4,354.4,0.014,0.25,2.55
CKR-073,354.4,356.4,0.046,0.25,2.49
CKR-073,356.4,358.6,0.051,0.25,2.57
CKR-074,5.9,7.9,,,2.49
CKR-074,7.9,9.9,0.034,0.25,2.56
CKR-074,9.9,11.9,0.027,0.25,2.54
CKR-074,11.9,13.9,0.005,0.25,2.55
CKR-074,13.9,15.9,0.014,0.25,2.5
CKR-074,15.9,17.9,0.012,0.25,2.49
CKR-074,17.9,19.9,0.022,0.25,2.5
CKR-074,19.9,21.9,0.005,0.25,2.46
CKR-074,21.9,23.9,0.012,0.25,2.48
CKR-074,23.9,25.9,0.033,0.25,2.57
CKR-074,25.9,27.9,0.019,0.25,2.53
CKR-074,27.9,29.9,0.018,0.25,2.49
CKR-074,29.9,31.9,0.017,0.25,2.49
CKR-074,31.9,33.9,0.031,0.25,2.56
CKR-074,33.9,35.9,0.03,0.25,2.59
CKR-074,35.9,37.9,0.014,0.25,2.45
CKR-074,37.9,39.9,0.018,0.25,2.56
CKR-074,39.9,41.9,0.035,0.25,2.53
CKR-074,41.9,43.9,0.036,0.25,2.52
CKR-074,43.9,45.9,0.031,0.25,2.49
CKR-074,45.9,47.9,0.005,0.25,2.51
CKR-074,47.9,49.9,0.005,0.25,2.48
CKR-074,49.9,51.9,0.026,0.25,2.49
CKR-074,51.9,53.9,0.031,0.25,2.48
CKR-074,53.9,55.9,0.024,0.25,2.59
CKR-074,55.9,57.9,0.005,0.25,2.54
CKR-074,57.9,59.9,0.021,0.25,2.51
CKR-074,59.9,61.9,0.019,0.25,2.53
CKR-074,61.9,63.9,0.005,0.25,2.45
CKR-074,63.9,65.9,0.037,0.25,2.51
CKR-074,65.9,67.9,0.024,0.25,2.53
CKR-074,67.9,69.9,0.015,0.25,2.52
CKR-074,69.9,71.9,0.013,0.25,2.54
CKR-074,71.9,73.9,0.023,0.25,2.52
CKR-074,73.9,75.9,0.022,0.25,2.57
CKR-074,75.9,77.9,0.005,0.25,2.52
CKR-074,77.9,79.9,0.037,0.25,2.49
CKR-074,79.9,81.9,0.012,0.25,2.48
CKR-074,81.9,83.9,0.015,0.25,2.53
CKR-074,83.9,85.9,0.016,0.25,2.56
CKR-074,85.9,87.9,0.014,0.25,2.49
CKR-074,87.9,89.9,0.017,1.71,2.49
CKR-074,89.9,91.9,0.015,0.25,2.5
CKR-074,91.9,93.9,0.018,0.25,2.55
CKR-074,93.9,95.9,0.037,0.25,2.52
CKR-074,95.9,97.9,0.015,0.25,2.51
CKR-074,97.9,99.9,0.027,0.25,2.52
CKR-074,99.9,101.9,0.028,0.25,2.49
CKR-074,101.9,103.9,0.011,0.25,2.53
CKR-074,103.9,105.9,0.014,0.25,2.58
CKR-074,105.9,107.9,0.026,0.25,2.49
CKR-074,107.9,109.9,0.016,0.25,2.58
CKR-074,109.9,111.9,0.022,0.25,2.47
CKR-074,111.9,113.9,0.012,0.25,2.52
CKR-074,113.9,115.9,0.023,0.25,2.46
CKR-074,115.9,117.9,0.005,0.25,2.51
CKR-074,117.9,119.9,0.021,0.25,2.48
CKR-074,119.9,121.9,0.023,0.25,2.54
CKR-074,121.9,123.9,0.036,0.25,2.52
CKR-074,123.9,125.9,0.024,0.25,2.54
CKR-074,125.9,127.9,0.011,0.25,2.49
CKR-074,127.9,129.9,0.019,0.25,2.51
CKR-074,129.9,131.9,0.028,0.25,2.48
CKR-074,131.9,133.9,0.021,0.25,2.57
CKR-074,133.9,135.9,0.016,0.25,2.53
CKR-074,135.9,137.9,0.035,0.25,2.62
CKR-074,137.9,139.9,0.022,0.25,2.54
CKR-074,139.9,141.9,0.025,0.25,2.46
CKR-074,141.9,142.9,0.05,0.25,2.64
CKR-074,142.9,143.9,0.026,0.25,2.53
CKR-074,143.9,144.9,0.014,0.25,2.61
CKR-074,144.9,145.9,0.011,0.25,2.49
CKR-074,145.9,146.9,0.014,0.25,2.45
CKR-074,146.9,147.9,0.034,0.59,2.61
CKR-074,147.9,148.9,0.043,0.74,2.52
CKR-074,148.9,149.9,0.028,0.25,2.59
CKR-074,149.9,150.9,0.114,1.34,2.56
CKR-074,150.9,151.9,0.036,0.25,2.58
CKR-074,151.9,152.9,0.072,1.5,2.57
CKR-074,152.9,153.9,0.156,1.82,2.5
CKR-074,153.9,154.9,0.083,1.31,2.58
CKR-074,154.9,155.9,0.16,2.07,2.58
CKR-074,155.9,156.9,0.531,10.94,2.65
CKR-074,156.9,157.9,1.69,18.99,2.6
CKR-074,157.9,158.9,1.792,25.09,2.62
CKR-074,158.9,159.9,1.849,42.26,2.55
CKR-074,159.9,160.9,1.083,21.17,2.61
CKR-074,160.9,161.9,0.614,15.16,2.61
CKR-074,161.9,162.9,0.75,11.91,2.61
CKR-074,162.9,163.9,1.502,21.1,2.56
CKR-074,163.9,164.9,0.777,13.36,2.65
CKR-074,164.9,165.9,0.156,2.9,2.69
CKR-074,165.9,166.9,0.703,12.25,2.6
CKR-074,166.9,167.9,0.539,8.76,2.58
CKR-074,167.9,168.9,0.318,6.96,2.61
CKR-074,168.9,169.9,0.123,3.08,2.56
CKR-074,169.9,170.9,0.043,0.59,2.59
CKR-074,170.9,171.9,0.043,0.94,2.58
CKR-074,171.9,172.9,0.047,0.9,2.65
CKR-074,172.9,173.9,0.028,0.64,2.62
CKR-074,173.9,174.9,0.044,0.7,2.63
CKR-074,174.9,175.9,0.03,0.64,2.57
CKR-074,175.9,176.9,0.029,0.55,2.62
CKR-074,176.9,177.9,0.025,0.25,2.46
CKR-074,177.9,178.9,0.081,0.25,2.49
CKR-074,178.9,179.9,0.005,0.25,2.49
CKR-074,179.9,180.9,0.084,0.25,2.49
CKR-074,180.9,181.9,0.014,0.86,2.51
CKR-074,181.9,182.9,0.012,0.25,2.53
CKR-074,182.9,183.9,0.022,0.25,2.5
CKR-074,183.9,185.9,0.012,0.25,2.56
CKR-074,185.9,187.9,0.011,0.25,2.49
CKR-074,187.9,189.9,0.023,0.25,2.52
CKR-074,189.9,191.8,0.02,0.25,2.49
CKR-075,5.5,7.5,,,2.56
CKR-075,7.5,9.5,0.025,0.25,2.52
CKR-075,9.5,11.5,0.053,0.25,2.59
CKR-075,11.5,13.5,0.028,0.25,2.54
CKR-075,13.5,15.5,0.012,0.25,2.54
CKR-075,15.5,17.5,0.014,0.25,2.52
CKR-075,17.5,19.5,0.01,0.25,2.5
CKR-075,19.5,21.5,0.021,0.25,2.49
CKR-075,21.5,23.5,0.014,0.25,2.51
CKR-075,23.5,25.5,0.019,0.25,2.51
CKR-075,25.5,27.5,0.034,0.25,2.53
CKR-075,27.5,29.5,0.02,0.25,2.51
CKR-075,29.5,31.5,0.034,0.25,2.51
CKR-075,31.5,33.5,0.013,0.25,2.51
CKR-075,33.5,35.5,0.022,0.25,2.51
CKR-075,35.5,37.5,0.022,0.25,2.52
CKR-075,37.5,39.5,0.022,0.25,2.55
CKR-075,39.5,41.5,0.026,0.25,2.53
CKR-075,41.5,43.5,0.035,0.25,2.55
CKR-075,43.5,45.5,0.018,0.25,2.46
CKR-075,45.5,47.5,0.005,0.25,2.49
CKR-075,47.5,49.5,0.028,0.25,2.53
CKR-075,49.5,51.5,0.012,0.25,2.52
CKR-075,51.5,53.5,0.032,0.25,2.52
CKR-075,53.5,55.5,0.016,0.25,2.51
CKR-075,55.5,57.5,0.026,0.25,2.49
CKR-075,57.5,59.5,0.026,0.25,2.62
CKR-075,59.5,61.5,0.02,0.25,2.56
CKR-075,61.5,63.5,0.023,0.25,2.51
CKR-075,63.5,65.5,0.011,0.25,2.52
CKR-075,65.5,67.5,0.015,0.25,2.5
CKR-075,67.5,69.5,0.014,0.25,2.56
CKR-075,69.5,71.5,0.036,0.25,2.47
CKR-075,71.5,73.5,0.017,0.25,2.49
CKR-075,73.5,75.5,0.026,0.25,2.52
CKR-075,75.5,77.5,0.036,0.25,2.55
CKR-075,77.5,79.5,0.01,0.25,2.49
CKR-075,79.5,81.5,0.01,0.25,2.48
CKR-075,81.5,83.5,0.01,0.25,2.53
CKR-075,83.5,85.5,0.02,0.25,2.44
CKR-075,85.5,87.5,0.013,0.25,2.5
CKR-075,87.5,89.5,0.014,0.25,2.55
CKR-075,89.5,91.5,0.015,0.25,2.58
CKR-075,91.5,93.5,0.015,0.25,2.57
CKR-075,93.5,95.5,0.03,0.25,2.52
CKR-075,95.5,97.5,0.005,0.25,2.49
CKR-075,97.5,99.5,0.012,0.25,2.49
CKR-075,99.5,101.5,0.023,0.25,2.42
CKR-075,101.5,103.5,0.005,0.25,2.52
CKR-075,103.5,105.5,0.017,0.25,2.52
CKR-075,105.5,107.5,0.005,0.25,2.47
CKR-075,107.5,109.5,0.019,0.25,2.49
CKR-075,109.5,111.5,0.026,0.25,2.54
CKR-075,111.5,113.5,0.005,0.25,2.51
CKR-075,113.5,115.5,0.005,0.25,2.54
CKR-075,115.5,117.5,0.023,0.25,2.52
CKR-075,117.5,119.5,0.017,0.25,2.54
CKR-075,119.5,121.5,0.027,0.25,2.55
CKR-075,121.5,123.5,0.015,0.25,2.51
CKR-075,123.5,125.5,0.022,0.25,2.51
CKR-075,125.5,127.5,0.014,0.25,2.54
CKR-075,127.5,129.5,0.078,0.25,2.56
CKR-075,129.5,131.5,0.014,0.25,2.51
CKR-075,131.5,133.5,0.019,0.25,2.56
CKR-075,133.5,135.5,0.021,0.25,2.52
CKR-075,135.5,137.5,0.015,0.25,2.48
CKR-075,137.5,139.5,0.011,0.25,2.54
CKR-075,139.5,141.5,0.015,0.25,2.47
CKR-075,141.5,143.5,0.022,0.25,2.55
CKR-075,143.5,145.5,0.005,0.25,2.49
CKR-075,145.5,147.5,0.014,0.25,2.54
CKR-075,147.5,149.5,0.014,0.62,2.54
CKR-075,149.5,151.5,0.012,0.25,2.49
CKR-075,151.5,153.5,0.021,0.25,2.57
CKR-075,153.5,155.5,0.019,0.25,2.51
CKR-075,155.5,157.5,0.014,0.25,2.48
CKR-075,157.5,159.5,0.018,0.25,2.48
CKR-075,159.5,161.5,0.012,0.25,2.53
CKR-075,161.5,163.5,0.01,0.25,2.54
CKR-075,163.5,165.5,0.025,0.25,2.56
CKR-075,165.5,167.5,0.014,0.25,2.5
CKR-075,167.5,169.5,0.023,0.25,2.52
CKR-075,169.5,171.5,0.013,0.25,2.54
CKR-075,171.5,173.5,0.011,0.25,2.53
CKR-075,173.5,175.5,0.015,0.25,2.54
CKR-075,175.5,176.5,0.005,0.25,2.52
CKR-075,176.5,177.5,0.017,0.25,2.5
CKR-075,177.5,178.5,0.021,0.25,2.5
CKR-075,178.5,179.5,0.005,0.25,2.44
CKR-075,179.5,180.5,0.019,0.25,2.51
CKR-075,180.5,181.5,0.005,0.25,2.63
CKR-075,181.5,182.5,0.005,0.25,2.66
CKR-075,182.5,183.5,0.024,0.25,2.56
CKR-075,183.5,184.5,0.03,0.25,2.54
CKR-075,184.5,185.5,0.02,0.25,2.58
CKR-075,185.5,186.5,0.052,0.67,2.59
CKR-075,186.5,187.5,0.027,0.25,2.51
CKR-075,187.5,188.5,0.156,1.89,2.55
CKR-075,188.5,189.5,0.074,1.23,2.57
CKR-075,189.5,190.5,0.055,0.74,2.54
CKR-075,190.5,191.5,0.084,0.76,2.57
CKR-075,191.5,192.5,0.761,10.38,2.65
CKR-075,192.5,193.5,0.14,1.91,2.63
CKR-075,193.5,194.5,0.301,3.37,2.58
CKR-075,194.5,195.5,0.601,8.25,2.56
CKR-075,195.5,196.5,0.078,0.83,2.74
CKR-075,196.5,197.5,0.066,0.72,2.51
CKR-075,197.5,198.5,0.392,4.22,2.6
CKR-075,198.5,199.5,0.312,5.15,2.5
CKR-075,199.5,200.5,0.171,1.79,2.62
CKR-075,200.5,201.5,1.119,13.64,2.62
CKR-075,201.5,202.5,0.943,14.76,2.67
CKR-075,202.5,203.5,0.411,6.09,2.59
CKR-075,203.5,204.5,0.112,2.02,2.48
CKR-075,204.5,205.5,0.174,1.92,2.6
CKR-075,205.5,206.5,0.164,1.56,2.58
CKR-075,206.5,207.5,0.11,0.99,2.64
CKR-075,207.5,208.5,0.137,2.38,2.54
CKR-075,208.5,209.5,0.166,1.46,2.66
CKR-075,209.5,210.5,0.109,0.74,2.56
CKR-075,210.5,211.5,0.112,1.56,2.55
CKR-075,211.5,212.5,0.016,0.25,2.52
CKR-075,212.5,213.5,0.005,0.25,2.52
CKR-075,213.5,214.5,0.005,0.25,2.57
CKR-075,214.5,215.5,0.017,0.25,2.47
CKR-075,215.5,216.5,0.016,0.25,2.42
CKR-075,216.5,217.5,0.005,0.25,2.61
CKR-075,217.5,219.5,0.025,0.25,2.48
CKR-075,219.5,221.5,0.021,0.57,2.58
CKR-075,221.5,223.5,0.014,0.25,2.47
CKR-075,223.5,225.5,0.005,0.25,2.48
CKR-075,225.5,227.5,0.02,0.25,2.51
CKR-075,227.5,229.5,0.011,0.62,2.51
CKR-075,229.5,231.5,0.041,0.25,2.48
CKR-075,231.5,233.5,0.012,0.25,2.54
CKR-075,233.5,235.5,0.024,0.25,2.52
CKR-075,235.5,237.5,0.015,0.25,2.56
CKR-075,237.5,239.5,0.016,0.25,2.48
CKR-075,239.5,241.5,0.02,0.25,2.49
CKR-075,241.5,243.3,0.005,0.67,2.51
CKR-076,4.4,6.4,,,2.55
CKR-076,6.4,8.4,0.015,0.25,2.52
CKR-076,8.4,10.4,0.011,0.25,2.55
CKR-076,10.4,12.4,0.014,0.25,2.52
CKR-076,12.4,14.4,0.023,0.25,2.54
CKR-076,14.4,16.4,0.005,0.25,2.53
CKR-076,16.4,18.4,0.02,0.25,2.56
CKR-076,18.4,20.4,0.015,0.25,2.51
CKR-076,20.4,22.4,0.022,0.25,2.52
CKR-076,22.4,24.4,0.025,0.25,2.51
CKR-076,24.4,26.4,0.021,0.25,2.56
CKR-076,26.4,28.4,0.027,0.25,2.51
CKR-076,28.4,30.4,0.015,0.25,2.56
CKR-076,30.4,32.4,0.019,0.25,2.55
CKR-076,32.4,34.4,0.023,0.25,2.52
CKR-076,34.4,36.4,0.019,0.25,2.48
CKR-076,36.4,38.4,0.014,0.25,2.47
CKR-076,38.4,40.4,0.012,0.25,2.52
CKR-076,40.4,42.4,0.005,0.25,2.48
CKR-076,42.4,44.4,0.024,0.25,2.51
CKR-076,44.4,46.4,0.005,0.25,2.52
CKR-076,46.4,48.4,0.033,0.25,2.56
CKR-076,48.4,50.4,0.021,0.25,2.47
CKR-076,50.4,52.4,0.011,0.25,2.5
CKR-076,52.4,54.4,0.005,0.25,2.5
CKR-076,54.4,56.4,0.021,0.25,2.49
CKR-076,56.4,58.4,0.005,0.25,2.52
CKR-076,58.4,60.4,0.013,0.25,2.52
CKR-076,60.4,62.4,0.013,0.25,2.55
CKR-076,62.4,64.4,0.018,0.25,2.52
CKR-076,64.4,66.4,0.026,0.25,2.5
CKR-076,66.4,68.4,0.016,0.25,2.57
CKR-076,68.4,70.4,0.026,0.25,2.56
CKR-076,70.4,72.4,0.015,0.25,2.56
CKR-076,72.4,74.4,0.005,0.25,2.52
CKR-076,74.4,76.4,0.031,0.25,2.59
CKR-076,76.4,78.4,0.013,0.25,2.54
CKR-076,78.4,80.4,0.014,0.25,2.51
CKR-076,80.4,82.4,0.011,0.25,2.54
CKR-076,82.4,84.4,0.005,0.25,2.55
CKR-076,84.4,86.4,0.017,0.25,2.6
CKR-076,86.4,88.4,0.02,0.25,2.49
CKR-076,88.4,90.4,0.017,0.25,2.55
CKR-076,90.4,92.4,0.021,0.25,2.58
CKR-076,92.4,94.4,0.014,0.25,2.51
CKR-076,94.4,96.4,0.005,0.25,2.6
CKR-076,96.4,98.4,0.01,0.25,2.54
CKR-076,98.4,100.4,0.005,0.25,2.53
CKR-076,100.4,102.4,0.005,0.25,2.55
CKR-076,102.4,104.4,0.015,0.25,2.47
CKR-076,104.4,106.4,0.03,0.25,2.48
CKR-076,106.4,108.4,0.016,0.52,2.58
CKR-076,108.4,110.4,0.005,0.25,2.57
CKR-076,110.4,112.4,0.005,0.25,2.57
CKR-076,112.4,114.4,0.016,0.25,2.5
CKR-076,114.4,116.4,0.018,0.25,2.47
CKR-076,116.4,118.4,0.013,0.25,2.52
CKR-076,118.4,120.4,0.015,0.25,2.5
CKR-076,120.4,122.4,0.015,0.25,2.52
CKR-076,122.4,124.4,0.014,0.25,2.51
CKR-076,124.4,126.4,0.021,0.25,2.48
CKR-076,126.4,128.4,0.011,0.25,2.47
CKR-076,128.4,130.4,0.02,0.25,2.49
CKR-076,130.4,132.4,0.018,0.25,2.45
CKR-076,132.4,134.4,0.048,0.25,2.55
CKR-076,134.4,136.4,0.031,0.25,2.51
CKR-076,136.4,138.4,0.02,0.25,2.49
CKR-076,138.4,140.4,0.012,0.25,2.55
CKR-076,140.4,142.4,0.015,0.25,2.52
CKR-076,142.4,144.4,0.039,0.25,2.57
CKR-076,144.4,146.4,0.03,0.25,2.52
CKR-076,146.4,148.4,0.005,0.25,2.57
CKR-076,148.4,150.4,0.019,0.25,2.51
CKR-076,150.4,152.4,0.015,0.25,2.55
CKR-076,152.4,154.4,0.026,0.25,2.55
CKR-076,154.4,156.4,0.031,0.25,2.54
CKR-076,156.4,158.4,0.025,0.25,2.55
CKR-076,158.4,160.4,0.014,0.25,2.52
CKR-076,160.4,162.4,0.025,0.25,2.55
CKR-076,162.4,164.4,0.016,0.25,2.52
CKR-076,164.4,166.4,0.019,0.85,2.51
CKR-076,166.4,168.4,0.026,0.25,2.51
CKR-076,168.4,170.4,0.03,0.25,2.52
CKR-076,170.4,172.4,0.014,0.25,2.55
CKR-076,172.4,174.4,0.005,0.25,2.51
CKR-076,174.4,176.4,0.011,0.25,2.51
CKR-076,176.4,178.4,0.02,0.25,2.54
CKR-076,178.4,180.4,0.025,0.25,2.49
CKR-076,180.4,182.4,0.026,0.25,2.57
CKR-076,182.4,184.4,0.005,0.25,2.55
CKR-076,184.4,186.4,0.027,0.25,2.52
CKR-076,186.4,188.4,0.005,0.25,2.52
CKR-076,188.4,190.4,0.015,0.25,2.45
CKR-076,190.4,192.4,0.005,0.25,2.53
CKR-076,192.4,194.4,0.041,0.25,2.51
CKR-076,194.4,196.4,0.03,0.25,2.48
CKR-076,196.4,198.4,0.011,0.25,2.51
CKR-076,198.4,200.4,0.011,0.25,2.56
CKR-076,200.4,202.4,0.014,0.25,2.5
CKR-076,202.4,204.4,0.005,0.25,2.56
CKR-076,204.4,206.4,0.028,0.25,2.58
CKR-076,206.4,208.4,0.015,0.25,2.54
CKR-076,208.4,210.4,0.012,0.25,2.59
CKR-076,210.4,212.4,0.018,0.25,2.55
CKR-076,212.4,214.4,0.005,0.25,2.52
CKR-076,214.4,216.4,0.034,0.25,2.52
CKR-076,216.4,218.4,0.017,0.25,2.51
CKR-076,218.4,220.4,0.022,0.25,2.57
CKR-076,220.4,222.4,0.022,0.25,2.5
CKR-076,222.4,224.4,0.005,0.25,2.51
CKR-076,224.4,226.4,0.005,0.25,2.62
CKR-076,226.4,228.4,0.018,0.25,2.5
CKR-076,228.4,230.4,0.015,0.25,2.59
CKR-076,230.4,232.4,0.022,0.25,2.44
CKR-076,232.4,234.4,0.015,0.25,2.52
CKR-076,234.4,236.4,0.028,0.25,2.54
CKR-076,236.4,238.4,0.024,0.25,2.44
CKR-076,238.4,240.4,0.021,0.25,2.47
CKR-076,240.4,242.4,0.021,0.25,2.49
CKR-076,242.4,243.4,0.01,0.66,2.49
CKR-076,243.4,244.4,0.005,0.25,2.4
CKR-076,244.4,245.4,0.005,0.25,2.54
CKR-076,245.4,246.4,0.036,0.25,2.52
CKR-076,246.4,247.4,0.038,0.25,2.55
CKR-076,247.4,248.4,0.13,1.48,2.6
CKR-076,248.4,249.4,0.054,0.7,2.52
CKR-076,249.4,250.4,0.096,1.41,2.53
CKR-076,250.4,251.4,0.385,3.38,2.63
CKR-076,251.4,252.4,0.319,3.31,2.62
CKR-076,252.4,253.4,0.359,5.74,2.54
CKR-076,253.4,254.4,1.765,26.0,2.61
CKR-076,254.4,255.4,4.972,70.98,2.56
CKR-076,255.4,256.4,3.014,61.94,2.65
CKR-076,256.4,257.4,3.03,40.48,2.61
CKR-076,257.4,258.4,3.896,53.88,2.58
CKR-076,258.4,259.4,3.916,61.54,2.61
CKR-076,259.4,260.4,3.702,61.34,2.59
CKR-076,260.4,261.4,2.927,42.76,2.63
CKR-076,261.4,262.4,1.544,31.58,2.63
CKR-076,262.4,263.4,1.678,18.09,2.6
CKR-076,263.4,264.4,1.103,22.8,2.55
CKR-076,264.4,265.4,0.28,6.02,2.6
CKR-076,265.4,266.4,0.362,3.37,2.55
CKR-076,266.4,267.4,0.386,9.03,2.63
CKR-076,267.4,268.4,0.122,1.98,2.63
CKR-076,268.4,269.4,0.138,1.75,2.54
CKR-076,269.4,270.4,0.058,0.78,2.61
CKR-076,270.4,271.4,0.005,0.25,2.59
CKR-076,271.4,272.4,0.023,0.25,2.55
CKR-076,272.4,273.4,0.005,0.25,2.52
CKR-076,273.4,274.4,0.011,0.25,2.47
CKR-076,274.4,275.4,0.015,0.25,2.49
CKR-076,275.4,276.4,0.017,0.25,2.58
CKR-076,276.4,278.4,0.014,0.25,2.55
CKR-076,278.4,280.4,0.011,0.25,2.55
CKR-076,280.4,282.4,0.029,0.88,2.5
CKR-076,282.4,284.4,0.011,0.25,2.57
CKR-076,284.4,285.6,0.011,0.25,2.46
CKR-077,2.5,4.5,,,2.48
CKR-077,4.5,6.5,0.01,0.25,2.59
CKR-077,6.5,8.5,0.011,0.25,2.49
CKR-077,8.5,10.5,0.013,0.25,2.51
CKR-077,10.5,12.5,0.014,0.25,2.52
CKR-077,12.5,14.5,0.005,0.25,2.55
CKR-077,14.5,16.5,0.015,0.25,2.52
CKR-077,16.5,18.5,0.027,0.25,2.56
CKR-077,18.5,20.5,0.021,0.25,2.55
CKR-077,20.5,22.5,0.019,0.25,2.56
CKR-077,22.5,24.5,0.017,0.25,2.45
CKR-077,24.5,26.5,0.013,0.25,2.53
CKR-077,26.5,28.5,0.033,0.25,2.46
CKR-077,28.5,30.5,0.013,0.25,2.5
CKR-077,30.5,32.5,0.018,0.25,2.46
CKR-077,32.5,34.5,0.016,0.25,2.58
CKR-077,34.5,36.5,0.052,0.25,2.5
CKR-077,36.5,38.5,0.033,0.25,2.46
CKR-077,38.5,40.5,0.011,0.25,2.52
CKR-077,40.5,42.5,0.017,0.25,2.56
CKR-077,42.5,44.5,0.022,0.25,2.48
CKR-077,44.5,46.5,0.012,0.25,2.43
CKR-077,46.5,48.5,0.019,0.25,2.55
CKR-077,48.5,50.5,0.038,0.25,2.57
CKR-077,50.5,52.5,0.03,0.25,2.55
CKR-077,52.5,54.5,0.015,0.25,2.47
CKR-077,54.5,56.5,0.024,0.25,2.47
CKR-077,56.5,58.5,0.017,0.25,2.51
CKR-077,58.5,60.5,0.005,0.25,2.54
CKR-077,60.5,62.5,0.02,0.25,2.48
CKR-077,62.5,64.5,0.014,0.25,2.49
CKR-077,64.5,66.5,0.011,0.25,2.45
CKR-077,66.5,68.5,0.036,0.25,2.55
CKR-077,68.5,70.5,0.025,0.25,2.49
CKR-077,70.5,72.5,0.015,0.25,2.5
CKR-077,72.5,74.5,0.024,0.25,2.6
CKR-077,74.5,76.5,0.023,0.25,2.52
CKR-077,76.5,78.5,0.038,0.25,2.55
CKR-077,78.5,80.5,0.024,0.25,2.56
CKR-077,80.5,82.5,0.038,0.25,2.48
CKR-077,82.5,84.5,0.012,0.25,2.51
CKR-077,84.5,86.5,0.014,0.25,2.54
CKR-077,86.5,88.5,0.015,0.25,2.54
CKR-077,88.5,90.5,0.037,0.25,2.56
CKR-077,90.5,92.5,0.018,0.25,2.55
CKR-077,92.5,94.5,0.013,0.25,2.46
CKR-077,94.5,96.5,0.014,0.25,2.55
CKR-077,96.5,98.5,0.015,0.25,2.5
CKR-077,98.5,100.5,0.017,0.25,2.45
CKR-077,100.5,102.5,0.026,0.25,2.52
CKR-077,102.5,104.5,0.028,0.25,2.54
CKR-077,104.5,106.5,0.026,0.25,2.54
CKR-077,106.5,108.5,0.024,0.25,2.51
CKR-077,108.5,110.5,0.018,0.25,2.54
CKR-077,110.5,112.5,0.01,0.25,2.5
CKR-077,112.5,114.5,0.017,0.25,2.58
CKR-077,114.5,116.5,0.019,0.25,2.53
CKR-077,116.5,118.5,0.011,0.25,2.46
CKR-077,118.5,120.5,0.026,0.25,2.49
CKR-077,120.5,122.5,0.013,0.25,2.56
CKR-077,122.5,124.5,0.02,0.25,2.57
CKR-077,124.5,126.5,0.005,0.25,2.51
CKR-077,126.5,128.5,0.019,0.25,2.6
CKR-077,128.5,130.5,0.015,0.25,2.53
CKR-077,130.5,132.5,0.016,0.25,2.49
CKR-077,132.5,134.5,0.051,0.25,2.43
CKR-077,134.5,136.5,0.016,0.25,2.55
CKR-077,136.5,138.5,0.02,0.25,2.52
CKR-077,138.5,140.5,0.014,0.25,2.55
CKR-077,140.5,142.5,0.015,0.25,2.53
CKR-077,142.5,144.5,0.018,0.25,2.56
CKR-077,144.5,146.5,0.005,0.25,2.56
CKR-077,146.5,148.5,0.025,0.25,2.54
CKR-077,148.5,150.5,0.034,0.25,2.45
CKR-077,150.5,152.5,0.032,0.25,2.53
CKR-077,152.5,154.5,0.016,0.25,2.56
CKR-077,154.5,156.5,0.015,0.25,2.55
CKR-077,156.5,158.5,0.011,0.25,2.54
CKR-077,158.5,160.5,0.016,0.25,2.57
CKR-077,160.5,162.5,0.005,0.25,2.55
CKR-077,162.5,164.5,0.005,0.25,2.49
CKR-077,164.5,166.5,0.021,0.25,2.51
CKR-077,166.5,168.5,0.017,0.25,2.49
CKR-077,168.5,170.5,0.026,0.25,2.56
CKR-077,170.5,172.5,0.026,0.25,2.55
CKR-077,172.5,174.5,0.013,0.25,2.53
CKR-077,174.5,176.5,0.005,0.25,2.45
CKR-077,176.5,178.5,0.016,0.25,2.55
CKR-077,178.5,180.5,0.005,0.25,2.48
CKR-077,180.5,182.5,0.005,0.25,2.52
CKR-077,182.5,184.5,0.024,0.25,2.5
CKR-077,184.5,186.5,0.014,0.25,2.52
CKR-077,186.5,188.5,0.011,0.25,2.55
CKR-077,188.5,190.5,0.023,0.25,2.5
CKR-077,190.5,192.5,0.026,0.25,2.47
CKR-077,192.5,194.5,0.018,0.25,2.54
CKR-077,194.5,196.5,0.01,0.25,2.52
CKR-077,196.5,198.5,0.029,0.25,2.53
CKR-077,198.5,200.5,0.005,0.25,2.47
CKR-077,200.5,202.5,0.014,0.25,2.5
CKR-077,202.5,204.5,0.021,0.25,2.48
CKR-077,204.5,206.5,0.005,0.25,2.46
CKR-077,206.5,208.5,0.019,0.25,2.5
CKR-077,208.5,210.5,0.01,0.25,2.44
CKR-077,210.5,212.5,0.026,0.25,2.51
CKR-077,212.5,214.5,0.028,0.25,2.5
CKR-077,214.5,216.5,0.016,0.25,2.54
CKR-077,216.5,218.5,0.014,0.25,2.51
CKR-077,218.5,220.5,0.028,0.25,2.49
CKR-077,220.5,222.5,0.005,0.84,2.53
CKR-077,222.5,224.5,0.016,0.25,2.58
CKR-077,224.5,226.5,0.02,0.25,2.57
CKR-077,226.5,228.5,0.011,0.25,2.57
CKR-077,228.5,230.5,0.015,0.25,2.48
CKR-077,230.5,232.5,0.016,0.25,2.48
CKR-077,232.5,234.5,0.012,0.25,2.53
CKR-077,234.5,236.5,0.07,0.25,2.53
CKR-077,236.5,238.5,0.005,0.25,2.5
CKR-077,238.5,240.5,0.01,0.25,2.46
CKR-077,240.5,242.5,0.024,0.25,2.56
CKR-077,242.5,244.5,0.013,0.55,2.51
CKR-077,244.5,246.5,0.013,0.25,2.48
CKR-077,246.5,248.5,0.025,0.25,2.49
CKR-077,248.5,250.5,0.013,0.25,2.51
CKR-077,250.5,252.5,0.011,0.25,2.46
CKR-077,252.5,254.5,0.005,0.25,2.52
CKR-077,254.5,256.5,0.022,0.25,2.61
CKR-077,256.5,258.5,0.021,0.25,2.48
CKR-077,258.5,260.5,0.05,0.25,2.52
CKR-077,260.5,262.5,0.023,0.25,2.49
CKR-077,262.5,264.5,0.01,0.25,2.54
CKR-077,264.5,266.5,0.016,0.25,2.56
CKR-077,266.5,268.5,0.035,0.25,2.55
CKR-077,268.5,270.5,0.037,0.25,2.5
CKR-077,270.5,272.5,0.068,0.25,2.55
CKR-077,272.5,274.5,0.019,0.25,2.52
CKR-077,274.5,276.5,0.036,0.25,2.51
CKR-077,276.5,278.5,0.02,0.25,2.5
CKR-077,278.5,280.5,0.02,0.25,2.53
CKR-077,280.5,282.5,0.018,0.25,2.52
CKR-077,282.5,284.5,0.014,0.25,2.52
CKR-077,284.5,286.5,0.052,0.51,2.49
CKR-077,286.5,288.5,0.021,0.25,2.53
CKR-077,288.5,290.5,0.005,0.25,2.47
CKR-077,290.5,292.5,0.005,0.25,2.53
CKR-077,292.5,294.5,0.024,0.25,2.52
CKR-077,294.5,296.5,0.019,0.25,2.6
CKR-077,296.5,298.5,0.013,0.25,2.59
CKR-077,298.5,300.5,0.013,0.25,2.55
CKR-077,300.5,302.5,0.019,0.25,2.49
CKR-077,302.5,304.5,0.025,0.25,2.56
CKR-077,304.5,306.5,0.016,0.25,2.51
CKR-077,306.5,308.5,0.031,0.25,2.48
CKR-077,308.5,310.5,0.024,0.25,2.54
CKR-077,310.5,312.5,0.02,0.25,2.54
CKR-077,312.5,314.5,0.005,0.25,2.51
CKR-077,314.5,316.5,0.025,0.25,2.58
CKR-077,316.5,318.5,0.005,0.25,2.5
CKR-077,318.5,320.5,0.02,0.25,2.54
CKR-077,320.5,322.5,0.016,0.25,2.49
CKR-077,322.5,324.5,0.019,0.25,2.51
CKR-077,324.5,325.5,0.02,0.25,2.53
CKR-077,325.5,326.5,0.064,0.25,2.58
CKR-077,326.5,327.5,0.016,0.25,2.47
CKR-077,327.5,328.5,0.049,0.25,2.49
CKR-077,328.5,329.5,0.235,2.33,2.54
CKR-077,329.5,330.5,0.163,3.09,2.57
CKR-077,330.5,331.5,0.368,3.95,2.64
CKR-077,331.5,332.5,0.215,2.15,2.53
CKR-077,332.5,333.5,2.057,26.46,2.59
CKR-077,333.5,334.5,2.493,36.12,2.6
CKR-077,334.5,335.5,10.505,142.29,2.64
CKR-077,335.5,336.5,2.141,46.34,2.64
CKR-077,336.5,337.5,3.612,75.3,2.76
CKR-077,337.5,338.5,0.456,7.84,2.53
CKR-077,338.5,339.5,0.168,5.08,2.62
CKR-077,339.5,340.5,0.224,4.11,2.56
CKR-077,340.5,341.5,0.144,3.2,2.56
CKR-077,341.5,342.5,0.02,0.25,2.48
CKR-077,342.5,343.5,0.023,0.25,2.5
CKR-077,343.5,344.5,0.011,0.25,2.56
CKR-077,344.5,345.5,0.024,0.25,2.54
CKR-077,345.5,346.5,0.011,0.25,2.47
CKR-077,346.5,347.5,0.011,0.25,2.6
CKR-077,347.5,348.5,0.065,0.25,2.55
CKR-077,348.5,350.5,0.005,0.25,2.5
CKR-077,350.5,352.5,0.016,0.25,2.41
CKR-077,352.5,354.5,0.034,0.25,2.51
CKR-077,354.5,356.5,0.024,0.25,2.45
CKR-077,356.5,358.5,0.005,0.25,2.51
CKR-077,358.5,360.5,0.025,0.25,2.45
CKR-077,360.5,362.5,0.016,0.25,2.47
CKR-077,362.5,364.5,0.018,0.25,2.57
CKR-077,364.5,366.5,0.005,0.25,2.53
CKR-077,366.5,368.5,0.021,0.25,2.55
CKR-077,368.5,370.5,0.029,0.25,2.49
CKR-077,370.5,372.5,0.005,0.25,2.55
CKR-077,372.5,374.5,0.021,0.25,2.51
CKR-077,374.5,376.5,0.005,0.25,2.55
CKR-077,376.5,378.5,0.014,0.25,2.49
CKR-077,378.5,380.5,0.019,0.25,2.47
CKR-077,380.5,382.5,0.019,0.25,2.5
CKR-077,382.5,384.5,0.005,0.25,2.54
CKR-077,384.5,386.5,0.025,0.25,2.48
CKR-077,386.5,388.5,0.013,0.25,2.56
CKR-077,388.5,390.5,0.012,0.25,2.57
CKR-077,390.5,392.5,0.014,0.25,2.57
CKR-077,392.5,393.7,0.049,0.25,2.53
CKR-078,4.1,6.1,,,2.56
CKR-078,6.1,8.1,0.022,0.25,2.44
CKR-078,8.1,10.1,0.019,0.25,2.48
CKR-078,10.1,12.1,0.021,0.25,2.55
CKR-078,12.1,14.1,0.013,0.25,2.53
CKR-078,14.1,16.1,0.028,0.25,2.5
CKR-078,16.1,18.1,0.014,0.25,2.52
CKR-078,18.1,20.1,0.019,0.25,2.5
CKR-078,20.1,22.1,0.005,0.25,2.52
CKR-078,22.1,24.1,0.016,0.25,2.61
CKR-078,24.1,26.1,0.016,0.25,2.52
CKR-078,26.1,28.1,0.022,0.25,2.52
CKR-078,28.1,30.1,0.005,0.25,2.57
CKR-078,30.1,32.1,0.011,0.25,2.52
CKR-078,32.1,34.1,0.014,0.25,2.44
CKR-078,34.1,36.1,0.015,0.25,2.52
CKR-078,36.1,38.1,0.014,0.25,2.51
CKR-078,38.1,40.1,0.019,0.25,2.57
CKR-078,40.1,42.1,0.019,0.25,2.49
CKR-078,42.1,44.1,0.014,0.25,2.55
CKR-078,44.1,46.1,0.036,0.25,2.53
CKR-078,46.1,48.1,0.012,0.25,2.55
CKR-078,48.1,50.1,0.021,0.25,2.48
CKR-078,50.1,52.1,0.021,0.25,2.52
CKR-078,52.1,54.1,0.032,0.25,2.53
CKR-078,54.1,56.1,0.016,0.25,2.57
CKR-078,56.1,58.1,0.02,0.25,2.58
CKR-078,58.1,60.1,0.014,0.25,2.56
CKR-078,60.1,62.1,0.016,0.25,2.49
CKR-078,62.1,64.1,0.017,0.25,2.58
CKR-078,64.1,66.1,0.014,0.25,2.43
CKR-078,66.1,68.1,0.047,0.25,2.51
CKR-078,68.1,70.1,0.012,0.25,2.48
CKR-078,70.1,72.1,0.024,0.25,2.54
CKR-078,72.1,74.1,0.011,0.25,2.54
CKR-078,74.1,76.1,0.021,0.25,2.58
CKR-078,76.1,78.1,0.015,0.25,2.48
CKR-078,78.1,80.1,0.005,0.25,2.46
CKR-078,80.1,82.1,0.01,0.25,2.52
CKR-078,82.1,84.1,0.01,0.25,2.49
CKR-078,84.1,86.1,0.015,0.25,2.54
CKR-078,86.1,88.1,0.005,0.25,2.54
CKR-078,88.1,90.1,0.005,0.25,2.49
CKR-078,90.1,92.1,0.016,0.25,2.52
CKR-078,92.1,94.1,0.017,0.25,2.51
CKR-078,94.1,96.1,0.005,0.25,2.44
CKR-078,96.1,98.1,0.02,0.51,2.49
CKR-078,98.1,100.1,0.025,0.25,2.45
CKR-078,100.1,102.1,0.005,0.25,2.46
CKR-078,102.1,104.1,0.027,0.25,2.49
CKR-078,104.1,106.1,0.005,0.25,2.59
CKR-078,106.1,108.1,0.016,0.25,2.53
CKR-078,108.1,110.1,0.017,0.25,2.48
CKR-078,110.1,112.1,0.016,0.25,2.51
CKR-078,112.1,114.1,0.023,0.25,2.54
CKR-078,114.1,116.1,0.022,0.25,2.53
CKR-078,116.1,118.1,0.012,0.25,2.47
CKR-078,118.1,120.1,0.02,0.25,2.49
CKR-078,120.1,122.1,0.049,0.25,2.54
CKR-078,122.1,123.1,0.016,0.25,2.52
CKR-078,123.1,124.1,0.013,0.25,2.54
CKR-078,124.1,125.1,0.005,0.25,2.53
CKR-078,125.1,126.1,0.005,0.25,2.48
CKR-078,126.1,127.1,0.015,0.25,2.6
CKR-078,127.1,128.1,0.015,0.25,2.53
CKR-078,128.1,129.1,0.02,0.25,2.57
CKR-078,129.1,130.1,0.029,0.25,2.58
CKR-078,130.1,131.1,0.05,0.67,2.52
CKR-078,131.1,132.1,0.035,0.25,2.61
CKR-078,132.1,133.1,0.068,0.91,2.55
CKR-078,133.1,134.1,0.084,1.27,2.53
CKR-078,134.1,135.1,0.11,1.71,2.55
CKR-078,135.1,136.1,0.087,1.02,2.48
CKR-078,136.1,137.1,0.1,0.71,2.58
CKR-078,137.1,138.1,0.312,3.41,2.56
CKR-078,138.1,139.1,0.122,1.72,2.53
CKR-078,139.1,140.1,0.271,3.16,2.55
CKR-078,140.1,141.1,7.695,119.31,2.58
CKR-078,141.1,142.1,8.234,146.27,2.56
CKR-078,142.1,143.1,8.636,127.6,2.58
CKR-078,143.1,144.1,3.725,34.24,2.62
CKR-078,144.1,145.1,6.41,83.6,2.59
CKR-078,145.1,146.1,7.059,88.83,2.62
CKR-078,146.1,147.1,2.566,36.8,2.59
CKR-078,147.1,148.1,3.933,42.43,2.71
CKR-078,148.1,149.1,4.277,76.52,2.67
CKR-078,149.1,150.1,5.487,43.17,2.62
CKR-078,150.1,151.1,2.285,23.1,2.65
CKR-078,151.1,152.1,4.675,49.34,2.62
CKR-078,152.1,153.1,3.456,43.44,2.71
CKR-078,153.1,154.1,7.588,99.37,2.57
CKR-078,154.1,155.1,1.354,15.22,2.68
CKR-078,155.1,156.1,5.25,77.75,2.65
CKR-078,156.1,157.1,2.405,32.67,2.64
CKR-078,157.1,158.1,5.638,84.99,2.55
CKR-078,158.1,159.1,0.296,2.89,2.52
CKR-078,159.1,160.1,0.272,3.07,2.61
CKR-078,160.1,161.1,0.174,2.9,2.64
CKR-078,161.1,162.1,0.075,0.94,2.54
CKR-078,162.1,163.1,0.049,0.7,2.56
CKR-078,163.1,164.1,0.082,0.59,2.57
CKR-078,164.1,165.1,0.051,0.82,2.56
CKR-078,165.1,166.1,0.091,1.1,2.58
CKR-078,166.1,167.1,0.032,0.25,2.6
CKR-078,167.1,168.1,0.013,0.25,2.61
CKR-078,168.1,169.1,0.011,0.25,2.64
CKR-078,169.1,170.1,0.019,0.25,2.5
CKR-078,170.1,171.1,0.014,0.25,2.51
CKR-078,171.1,172.1,0.011,0.25,2.53
CKR-078,172.1,173.1,0.005,0.25,2.55
CKR-078,173.1,174.1,0.021,0.25,2.44
CKR-078,174.1,175.1,0.02,0.25,2.57
CKR-078,175.1,177.1,0.013,0.25,2.54
CKR-078,177.1,179.1,0.022,0.25,2.43
CKR-078,179.1,181.1,0.031,0.25,2.48
CKR-078,181.1,181.7,0.038,0.25,2.45
CKR-079,2.7,4.7,,,2.54
CKR-079,4.7,6.7,0.041,0.25,2.47
CKR-079,6.7,8.7,0.017,0.25,2.51
CKR-079,8.7,10.7,0.011,0.25,2.54
CKR-079,10.7,12.7,0.024,0.25,2.47
CKR-079,12.7,14.7,0.022,0.25,2.57
CKR-079,14.7,16.7,0.018,0.25,2.51
CKR-079,16.7,18.7,0.005,0.25,2.43
CKR-079,18.7,20.7,0.015,0.25,2.54
CKR-079,20.7,22.7,0.021,0.25,2.5
CKR-079,22.7,24.7,0.016,0.25,2.5
CKR-079,24.7,26.7,0.019,0.25,2.47
CKR-079,26.7,28.7,0.013,0.25,2.53
CKR-079,28.7,30.7,0.034,0.25,2.52
CKR-079,30.7,32.7,0.059,0.25,2.58
CKR-079,32.7,34.7,0.018,0.25,2.46
CKR-079,34.7,36.7,0.029,0.25,2.52
CKR-079,36.7,38.7,0.024,0.25,2.48
CKR-079,38.7,40.7,0.005,0.25,2.51
CKR-079,40.7,42.7,0.015,0.55,2.52
CKR-079,42.7,44.7,0.043,0.25,2.52
CKR-079,44.7,46.7,0.018,0.25,2.54
CKR-079,46.7,48.7,0.005,0.25,2.57
CKR-079,48.7,50.7,0.019,0.25,2.63
CKR-079,50.7,52.7,0.024,0.25,2.53
CKR-079,52.7,54.7,0.013,0.25,2.51
CKR-079,54.7,56.7,0.028,0.25,2.53
CKR-079,56.7,58.7,0.019,0.25,2.61
CKR-079,58.7,60.7,0.011,0.25,2.48
CKR-079,60.7,62.7,0.01,0.25,2.5
CKR-079,62.7,64.7,0.015,0.25,2.5
CKR-079,64.7,66.7,0.005,0.25,2.51
CKR-079,66.7,68.7,0.031,0.25,2.51
CKR-079,68.7,70.7,0.016,0.25,2.49
CKR-079,70.7,72.7,0.014,0.25,2.54
CKR-079,72.7,74.7,0.005,0.25,2.51
CKR-079,74.7,76.7,0.018,0.25,2.48
CKR-079,76.7,78.7,0.03,0.25,2.55
CKR-079,78.7,80.7,0.024,0.25,2.46
CKR-079,80.7,82.7,0.019,0.25,2.54
CKR-079,82.7,84.7,0.018,0.25,2.55
CKR-079,84.7,86.7,0.015,0.25,2.56
CKR-079,86.7,88.7,0.012,0.25,2.5
CKR-079,88.7,90.7,0.016,0.25,2.55
CKR-079,90.7,92.7,0.034,0.25,2.46
CKR-079,92.7,94.7,0.013,0.25,2.55
CKR-079,94.7,96.7,0.005,0.25,2.56
CKR-079,96.7,98.7,0.017,0.25,2.52
CKR-079,98.7,100.7,0.005,0.25,2.49
CKR-079,100.7,102.7,0.024,0.25,2.54
CKR-079,102.7,104.7,0.024,0.25,2.48
CKR-079,104.7,106.7,0.013,0.25,2.5
CKR-079,106.7,108.7,0.005,0.25,2.51
CKR-079,108.7,110.7,0.013,0.25,2.51
CKR-079,110.7,112.7,0.023,0.25,2.49
CKR-079,112.7,114.7,0.023,0.25,2.49
CKR-079,114.7,116.7,0.011,0.25,2.6
CKR-079,116.7,118.7,0.019,0.25,2.54
CKR-079,118.7,120.7,0.019,0.25,2.51
CKR-079,120.7,122.7,0.01,0.25,2.53
CKR-079,122.7,124.7,0.005,0.25,2.54
CKR-079,124.7,126.7,0.028,0.25,2.57
CKR-079,126.7,128.7,0.038,0.25,2.52
CKR-079,128.7,130.7,0.016,0.25,2.43
CKR-079,130.7,132.7,0.019,0.25,2.51
CKR-079,132.7,134.7,0.015,0.25,2.6
CKR-079,134.7,136.7,0.015,0.25,2.56
CKR-079,136.7,138.7,0.04,0.25,2.56
CKR-079,138.7,140.7,0.005,0.25,2.51
CKR-079,140.7,142.7,0.027,0.25,2.48
CKR-079,142.7,144.7,0.019,0.25,2.54
CKR-079,144.7,146.7,0.018,0.25,2.55
CKR-079,146.7,148.7,0.024,0.25,2.55
CKR-079,148.7,150.7,0.041,0.25,2.53
CKR-079,150.7,152.7,0.014,0.25,2.49
CKR-079,152.7,154.7,0.016,0.66,2.56
CKR-079,154.7,156.7,0.019,0.25,2.5
CKR-079,156.7,158.7,0.012,0.25,2.53
CKR-079,158.7,160.7,0.014,0.25,2.49
CKR-079,160.7,162.7,0.005,0.25,2.49
CKR-079,162.7,164.7,0.017,0.25,2.5
CKR-079,164.7,166.7,0.021,0.25,2.57
CKR-079,166.7,168.7,0.018,0.25,2.53
CKR-079,168.7,170.7,0.017,0.25,2.49
CKR-079,170.7,172.7,0.01,0.25,2.5
CKR-079,172.7,174.7,0.025,0.25,2.57
CKR-079,174.7,176.7,0.005,0.25,2.5
CKR-079,176.7,178.7,0.005,0.25,2.52
CKR-079,178.7,180.7,0.02,0.25,2.53
CKR-079,180.7,182.7,0.011,0.25,2.49
CKR-079,182.7,184.7,0.036,0.25,2.5
CKR-079,184.7,186.7,0.013,0.25,2.55
CKR-079,186.7,188.7,0.013,0.25,2.53
CKR-079,188.7,190.7,0.005,0.25,2.46
CKR-079,190.7,192.7,0.005,0.25,2.53
CKR-079,192.7,194.7,0.016,0.25,2.53
CKR-079,194.7,196.7,0.005,0.25,2.51
CKR-079,196.7,198.7,0.025,0.25,2.5
CKR-079,198.7,200.7,0.048,0.25,2.52
CKR-079,200.7,202.7,0.028,0.25,2.52
CKR-079,202.7,204.7,0.038,0.25,2.53
CKR-079,204.7,206.7,0.02,0.25,2.51
CKR-079,206.7,207.7,0.032,0.25,2.56
CKR-079,207.7,208.7,0.018,0.59,2.49
CKR-079,208.7,209.7,0.018,0.25,2.45
CKR-079,209.7,210.7,0.005,0.25,2.57
CKR-079,210.7,211.7,0.023,0.57,2.54
CKR-079,211.7,212.7,0.072,1.07,2.6
CKR-079,212.7,213.7,0.027,0.25,2.58
CKR-079,213.7,214.7,0.032,0.62,2.59
CKR-079,214.7,215.7,0.04,0.5,2.49
CKR-079,215.7,216.7,0.053,0.84,2.54
CKR-079,216.7,217.7,0.119,1.37,2.57
CKR-079,217.7,218.7,0.081,1.25,2.58
CKR-079,218.7,219.7,0.128,2.09,2.48
CKR-079,219.7,220.7,0.872,17.8,2.63
CKR-079,220.7,221.7,2.032,27.81,2.6
CKR-079,221.7,222.7,1.423,25.24,2.64
CKR-079,222.7,223.7,1.192,10.86,2.67
CKR-079,223.7,224.7,0.797,15.37,2.66
CKR-079,224.7,225.7,1.477,24.03,2.62
CKR-079,225.7,226.7,0.974,15.93,2.57
CKR-079,226.7,227.7,0.917,9.53,2.66
CKR-079,227.7,228.7,0.384,4.83,2.62
CKR-079,228.7,229.7,1.074,13.65,2.59
CKR-079,229.7,230.7,0.412,4.53,2.64
CKR-079,230.7,231.7,1.239,16.01,2.63
CKR-079,231.7,232.7,0.12,1.62,2.51
CKR-079,232.7,233.7,0.092,1.01,2.56
CKR-079,233.7,234.7,0.061,0.82,2.56
CKR-079,234.7,235.7,0.142,1.88,2.63
CKR-079,235.7,236.7,0.086,0.77,2.61
CKR-079,236.7,237.7,0.052,0.58,2.6
CKR-079,237.7,238.7,0.041,0.25,2.59
CKR-079,238.7,239.7,0.013,0.25,2.56
CKR-079,239.7,240.7,0.02,0.25,2.59
CKR-079,240.7,241.7,0.033,0.25,2.58
CKR-079,241.7,242.7,0.014,0.25,2.44
CKR-079,242.7,243.7,0.019,0.25,2.57
CKR-079,243.7,244.7,0.024,0.25,2.54
CKR-079,244.7,246.7,0.025,0.25,2.53
CKR-079,246.7,248.7,0.024,0.25,2.51
CKR-079,248.7,250.7,0.005,0.25,2.49
CKR-079,250.7,252.7,0.016,0.25,2.5
CKR-079,252.7,254.7,0.027,0.25,2.51
CKR-079,254.7,256.7,0.028,0.25,2.5
CKR-079,256.7,258.7,0.012,0.25,2.61
CKR-079,258.7,260.7,0.005,0.25,2.45
CKR-079,260.7,262.7,0.014,0.25,2.51
CKR-079,262.7,264.7,0.013,0.25,2.55
CKR-079,264.7,266.7,0.011,0.25,2.56
CKR-079,266.7,268.7,0.017,0.25,2.52
CKR-079,268.7,270.7,0.005,0.25,2.46
CKR-079,270.7,272.7,0.013,0.25,2.56
CKR-079,272.7,274.7,0.012,0.25,2.52
CKR-079,274.7,275.7,0.024,0.25,2.52
CKR-080,2.9,4.9,,,2.59
CKR-080,4.9,6.9,0.005,0.25,2.52
CKR-080,6.9,8.9,0.016,0.25,2.55
CKR-080,8.9,10.9,0.019,0.25,2.5
CKR-080,10.9,12.9,0.005,0.25,2.53
CKR-080,12.9,14.9,0.011,0.25,2.49
CKR-080,14.9,16.9,0.013,0.25,2.5
CKR-080,16.9,18.9,0.016,0.25,2.5
CKR-080,18.9,20.9,0.012,0.25,2.48
CKR-080,20.9,22.9,0.021,0.25,2.51
CKR-080,22.9,24.9,0.014,0.25,2.53
CKR-080,24.9,26.9,0.005,0.25,2.47
CKR-080,26.9,28.9,0.02,0.25,2.47
CKR-080,28.9,30.9,0.013,0.25,2.54
CKR-080,30.9,32.9,0.013,0.25,2.55
CKR-080,32.9,34.9,0.02,0.25,2.53
CKR-080,34.9,36.9,0.015,0.25,2.48
CKR-080,36.9,38.9,0.015,0.25,2.46
CKR-080,38.9,40.9,0.017,0.25,2.47
CKR-080,40.9,42.9,0.068,0.25,2.5
CKR-080,42.9,44.9,0.025,0.25,2.53
CKR-080,44.9,46.9,0.02,0.25,2.51
CKR-080,46.9,48.9,0.013,0.25,2.54
CKR-080,48.9,50.9,0.024,0.25,2.54
CKR-080,50.9,52.9,0.022,0.25,2.47
CKR-080,52.9,54.9,0.014,0.25,2.53
CKR-080,54.9,56.9,0.019,0.25,2.52
CKR-080,56.9,58.9,0.013,0.25,2.51
CKR-080,58.9,60.9,0.018,0.25,2.46
CKR-080,60.9,62.9,0.005,0.25,2.49
CKR-080,62.9,64.9,0.058,0.25,2.5
CKR-080,64.9,66.9,0.029,0.25,2.52
CKR-080,66.9,68.9,0.005,0.25,2.55
CKR-080,68.9,70.9,0.013,0.25,2.5
CKR-080,70.9,72.9,0.028,0.62,2.61
CKR-080,72.9,74.9,0.01,0.25,2.48
CKR-080,74.9,76.9,0.017,0.25,2.52
CKR-080,76.9,78.9,0.034,0.25,2.5
CKR-080,78.9,80.9,0.005,0.25,2.52
CKR-080,80.9,82.9,0.021,0.25,2.54
CKR-080,82.9,84.9,0.032,0.25,2.49
CKR-080,84.9,86.9,0.012,0.25,2.57
CKR-080,86.9,88.9,0.015,0.25,2.45
CKR-080,88.9,90.9,0.043,0.25,2.51
CKR-080,90.9,92.9,0.026,0.25,2.54
CKR-080,92.9,94.9,0.019,0.25,2.42
CKR-080,94.9,96.9,0.016,0.25,2.53
CKR-080,96.9,98.9,0.014,0.25,2.54
CKR-080,98.9,100.9,0.02,0.25,2.51
CKR-080,100.9,102.9,0.027,0.25,2.52
CKR-080,102.9,104.9,0.016,0.25,2.52
CKR-080,104.9,106.9,0.014,0.25,2.5
CKR-080,106.9,108.9,0.022,0.25,2.59
CKR-080,108.9,110.9,0.005,0.25,2.52
CKR-080,110.9,112.9,0.024,0.25,2.56
CKR-080,112.9,114.9,0.011,0.25,2.51
CKR-080,114.9,116.9,0.019,0.25,2.55
CKR-080,116.9,118.9,0.018,0.25,2.54
CKR-080,118.9,120.9,0.024,0.25,2.53
CKR-080,120.9,122.9,0.016,0.25,2.52
CKR-080,122.9,124.9,0.02,0.25,2.53
CKR-080,124.9,126.9,0.011,0.25,2.51
CKR-080,126.9,128.9,0.014,0.25,2.52
CKR-080,128.9,130.9,0.017,0.25,2.53
CKR-080,130.9,132.9,0.005,0.25,2.51
CKR-080,132.9,134.9,0.011,0.25,2.52
CKR-080,134.9,136.9,0.021,0.25,2.5
CKR-080,136.9,138.9,0.014,0.25,2.54
CKR-080,138.9,140.9,0.013,0.25,2.54
CKR-080,140.9,142.9,0.016,0.25,2.49
CKR-080,142.9,144.9,0.018,0.25,2.62
CKR-080,144.9,146.9,0.032,0.25,2.49
CKR-080,146.9,148.9,0.04,0.25,2.62
CKR-080,148.9,150.9,0.014,0.25,2.48
CKR-080,150.9,152.9,0.005,0.25,2.53
CKR-080,152.9,154.9,0.019,0.25,2.58
CKR-080,154.9,156.9,0.04,0.25,2.53
CKR-080,156.9,158.9,0.005,0.25,2.53
CKR-080,158.9,160.9,0.031,0.25,2.52
CKR-080,160.9,162.9,0.073,0.25,2.54
CKR-080,162.9,164.9,0.022,0.25,2.52
CKR-080,164.9,166.9,0.014,0.25,2.53
CKR-080,166.9,168.9,0.01,0.25,2.5
CKR-080,168.9,170.9,0.019,0.25,2.53
CKR-080,170.9,172.9,0.03,0.25,2.46
CKR-080,172.9,174.9,0.012,0.25,2.51
CKR-080,174.9,176.9,0.013,0.25,2.49
CKR-080,176.9,178.9,0.023,0.25,2.5
CKR-080,178.9,180.9,0.027,0.25,2.46
CKR-080,180.9,182.9,0.014,0.25,2.52
CKR-080,182.9,184.9,0.012,0.25,2.55
CKR-080,184.9,186.9,0.018,0.25,2.55
CKR-080,186.9,188.9,0.019,0.25,2.45
CKR-080,188.9,190.9,0.017,0.25,2.54
CKR-080,190.9,192.9,0.018,0.25,2.55
CKR-080,192.9,194.9,0.012,0.25,2.58
CKR-080,194.9,196.9,0.005,0.25,2.52
CKR-080,196.9,198.9,0.013,0.25,2.55
CKR-080,198.9,200.9,0.017,0.25,2.52
CKR-080,200.9,202.9,0.015,0.25,2.55
CKR-080,202.9,204.9,0.015,0.25,2.53
CKR-080,204.9,206.9,0.021,0.25,2.52
CKR-080,206.9,208.9,0.017,0.25,2.53
CKR-080,208.9,210.9,0.021,0.25,2.5
CKR-080,210.9,212.9,0.034,0.6,2.55
CKR-080,212.9,214.9,0.017,0.25,2.44
CKR-080,214.9,216.9,0.013,0.25,2.57
CKR-080,216.9,218.9,0.036,0.25,2.47
CKR-080,218.9,220.9,0.005,0.25,2.48
CKR-080,220.9,222.9,0.005,0.25,2.55
CKR-080,222.9,224.9,0.017,0.25,2.52
CKR-080,224.9,226.9,0.005,0.25,2.53
CKR-080,226.9,228.9,0.021,0.25,2.48
CKR-080,228.9,230.9,0.028,0.25,2.52
CKR-080,230.9,232.9,0.014,0.25,2.48
CKR-080,232.9,234.9,0.033,0.25,2.52
CKR-080,234.9,236.9,0.034,0.25,2.51
CKR-080,236.9,238.9,0.016,0.25,2.52
CKR-080,238.9,240.9,0.014,0.25,2.59
CKR-080,240.9,242.9,0.016,0.25,2.48
CKR-080,242.9,244.9,0.017,0.25,2.46
CKR-080,244.9,246.9,0.025,0.25,2.49
CKR-080,246.9,248.9,0.021,0.25,2.54
CKR-080,248.9,250.9,0.013,0.25,2.56
CKR-080,250.9,252.9,0.012,0.25,2.49
CKR-080,252.9,254.9,0.018,0.25,2.5
CKR-080,254.9,256.9,0.015,0.25,2.6
CKR-080,256.9,258.9,0.026,0.25,2.49
CKR-080,258.9,260.9,0.012,0.25,2.52
CKR-080,260.9,262.9,0.032,0.25,2.5
CKR-080,262.9,264.9,0.022,0.25,2.51
CKR-080,264.9,266.9,0.014,0.25,2.6
CKR-080,266.9,268.9,0.033,0.25,2.57
CKR-080,268.9,270.9,0.005,0.25,2.48
CKR-080,270.9,272.9,0.075,0.25,2.49
CKR-080,272.9,274.9,0.021,0.25,2.48
CKR-080,274.9,276.9,0.015,0.25,2.54
CKR-080,276.9,278.9,0.026,0.25,2.49
CKR-080,278.9,280.9,0.014,0.25,2.49
CKR-080,280.9,282.9,0.018,0.25,2.51
CKR-080,282.9,284.9,0.039,0.25,2.54
CKR-080,284.9,286.9,0.02,0.25,2.5
CKR-080,286.9,288.9,0.029,0.25,2.52
CKR-080,288.9,290.9,0.017,0.25,2.47
CKR-080,290.9,291.9,0.01,0.25,2.46
CKR-080,291.9,292.9,0.066,0.25,2.53
CKR-080,292.9,293.9,0.018,0.25,2.51
CKR-080,293.9,294.9,0.013,0.25,2.51
CKR-080,294.9,295.9,0.095,0.25,2.56
CKR-080,295.9,296.9,0.07,0.61,2.52
CKR-080,296.9,297.9,0.086,0.25,2.56
CKR-080,297.9,298.9,0.236,1.43,2.49
CKR-080,298.9,299.9,0.144,1.19,2.55
CKR-080,299.9,300.9,0.537,3.79,2.62
CKR-080,300.9,301.9,1.308,5.65,2.63
CKR-080,301.9,302.9,0.766,4.4,2.64
CKR-080,302.9,303.9,2.523,12.39,2.65
CKR-080,303.9,304.9,4.23,37.34,2.66
CKR-080,304.9,305.9,1.086,4.39,2.59
CKR-080,305.9,306.9,0.831,3.87,2.65
CKR-080,306.9,307.9,0.142,0.67,2.6
CKR-080,307.9,308.9,0.121,0.73,2.53
CKR-080,308.9,309.9,0.111,0.78,2.59
CKR-080,309.9,310.9,0.068,0.25,2.58
CKR-080,310.9,311.9,0.012,0.25,2.45
CKR-080,311.9,312.9,0.014,0.25,2.53
CKR-080,312.9,313.9,0.035,0.25,2.5
CKR-080,313.9,314.9,0.011,0.25,2.41
CKR-080,314.9,315.9,0.018,0.25,2.5
CKR-080,315.9,316.9,0.005,0.25,2.53
CKR-080,316.9,318.9,0.011,0.25,2.53
CKR-080,318.9,320.9,0.015,0.25,2.47
CKR-080,320.9,322.9,0.019,0.25,2.51
CKR-080,322.9,324.9,0.023,0.25,2.55
CKR-080,324.9,326.9,0.015,0.25,2.55
CKR-080,326.9,328.9,0.012,0.25,2.52
CKR-080,328.9,330.9,0.018,0.25,2.46
CKR-080,330.9,332.9,0.015,0.25,2.53
CKR-080,332.9,334.9,0.019,0.25,2.55
CKR-080,334.9,335.9,0.018,0.25,2.54
CKR-081,4.2,6.2,,,2.56
CKR-081,6.2,8.2,0.005,0.25,2.53
CKR-081,8.2,10.2,0.019,0.25,2.54
CKR-081,10.2,12.2,0.005,0.25,2.55
CKR-081,12.2,14.2,0.025,0.25,2.55
CKR-081,14.2,16.2,0.012,0.25,2.57
CKR-081,16.2,18.2,0.016,0.25,2.52
CKR-081,18.2,20.2,0.011,0.25,2.57
CKR-081,20.2,22.2,0.005,0.25,2.48
CKR-081,22.2,24.2,0.005,0.25,2.52
CKR-081,24.2,26.2,0.018,0.25,2.48
CKR-081,26.2,28.2,0.005,0.25,2.55
CKR-081,28.2,30.2,0.013,0.25,2.57
CKR-081,30.2,32.2,0.023,0.25,2.57
CKR-081,32.2,34.2,0.005,0.25,2.49
CKR-081,34.2,36.2,0.015,0.25,2.52
CKR-081,36.2,38.2,0.027,0.25,2.52
CKR-081,38.2,40.2,0.005,0.25,2.52
CKR-081,40.2,42.2,0.027,0.25,2.47
CKR-081,42.2,44.2,0.024,0.25,2.53
CKR-081,44.2,46.2,0.005,0.25,2.48
CKR-081,46.2,48.2,0.005,0.25,2.52
CKR-081,48.2,50.2,0.026,0.25,2.55
CKR-081,50.2,52.2,0.017,0.25,2.5
CKR-081,52.2,54.2,0.025,0.25,2.5
CKR-081,54.2,56.2,0.02,0.25,2.54
CKR-081,56.2,58.2,0.005,0.25,2.54
CKR-081,58.2,60.2,0.019,0.25,2.45
CKR-081,60.2,62.2,0.015,0.25,2.47
CKR-081,62.2,64.2,0.012,0.25,2.47
CKR-081,64.2,66.2,0.011,0.6,2.54
CKR-081,66.2,68.2,0.011,0.25,2.49
CKR-081,68.2,70.2,0.021,0.25,2.59
CKR-081,70.2,72.2,0.016,0.25,2.46
CKR-081,72.2,74.2,0.059,0.25,2.5
CKR-081,74.2,76.2,0.018,0.25,2.45
CKR-081,76.2,78.2,0.024,0.25,2.47
CKR-081,78.2,80.2,0.041,0.25,2.49
CKR-081,80.2,82.2,0.013,0.25,2.52
CKR-081,82.2,84.2,0.02,0.25,2.5
CKR-081,84.2,86.2,0.025,0.25,2.46
CKR-081,86.2,88.2,0.014,0.25,2.48
CKR-081,88.2,90.2,0.026,0.25,2.54
CKR-081,90.2,92.2,0.03,0.25,2.57
CKR-081,92.2,94.2,0.015,0.25,2.57
CKR-081,94.2,96.2,0.013,0.25,2.57
CKR-081,96.2,98.2,0.005,0.25,2.48
CKR-081,98.2,100.2,0.018,0.25,2.51
CKR-081,100.2,102.2,0.005,0.56,2.49
CKR-081,102.2,104.2,0.022,0.25,2.52
CKR-081,104.2,106.2,0.014,0.25,2.46
CKR-081,106.2,108.2,0.005,0.25,2.5
CKR-081,108.2,110.2,0.005,0.25,2.47
CKR-081,110.2,112.2,0.018,0.25,2.45
CKR-081,112.2,114.2,0.005,0.25,2.49
CKR-081,114.2,116.2,0.005,0.25,2.54
CKR-081,116.2,118.2,0.019,0.25,2.48
CKR-081,118.2,120.2,0.02,0.25,2.52
CKR-081,120.2,122.2,0.02,0.25,2.52
CKR-081,122.2,124.2,0.011,0.25,2.49
CKR-081,124.2,126.2,0.043,0.25,2.54
CKR-081,126.2,128.2,0.024,0.25,2.52
CKR-081,128.2,130.2,0.028,0.25,2.51
CKR-081,130.2,132.2,0.005,0.25,2.53
CKR-081,132.2,134.2,0.024,0.25,2.52
CKR-081,134.2,136.2,0.005,0.25,2.49
CKR-081,136.2,138.2,0.005,0.25,2.52
CKR-081,138.2,140.2,0.025,0.25,2.5
CKR-081,140.2,142.2,0.019,0.25,2.5
CKR-081,142.2,144.2,0.005,0.25,2.51
CKR-081,144.2,146.2,0.028,0.25,2.55
CKR-081,146.2,148.2,0.005,0.25,2.56
CKR-081,148.2,150.2,0.019,0.25,2.5
CKR-081,150.2,152.2,0.005,0.25,2.61
CKR-081,152.2,154.2,0.012,0.25,2.52
CKR-081,154.2,156.2,0.005,0.25,2.48
CKR-081,156.2,158.2,0.032,0.25,2.55
CKR-081,158.2,160.2,0.005,0.25,2.52
CKR-081,160.2,162.2,0.014,0.25,2.5
CKR-081,162.2,164.2,0.023,0.25,2.53
CKR-081,164.2,166.2,0.034,0.25,2.53
CKR-081,166.2,168.2,0.005,0.25,2.53
CKR-081,168.2,170.2,0.018,0.25,2.56
CKR-081,170.2,172.2,0.019,0.25,2.5
CKR-081,172.2,174.2,0.019,0.25,2.55
CKR-081,174.2,176.2,0.022,0.25,2.55
CKR-081,176.2,178.2,0.039,0.25,2.49
CKR-081,178.2,180.2,0.019,0.25,2.5
CKR-081,180.2,182.2,0.029,0.25,2.52
CKR-081,182.2,184.2,0.034,0.25,2.46
CKR-081,184.2,186.2,0.034,0.25,2.51
CKR-081,186.2,188.2,0.013,0.25,2.49
CKR-081,188.2,190.2,0.012,0.25,2.49
CKR-081,190.2,192.2,0.019,0.25,2.62
CKR-081,192.2,194.2,0.026,0.25,2.49
CKR-081,194.2,196.2,0.005,0.25,2.54
CKR-081,196.2,198.2,0.069,0.25,2.5
CKR-081,198.2,200.2,0.02,0.25,2.49
CKR-081,200.2,202.2,0.01,0.25,2.48
CKR-081,202.2,204.2,0.005,0.25,2.52
CKR-081,204.2,206.2,0.051,0.25,2.46
CKR-081,206.2,208.2,0.015,0.25,2.5
CKR-081,208.2,210.2,0.021,0.25,2.5
CKR-081,210.2,212.2,0.005,0.25,2.55
CKR-081,212.2,214.2,0.023,0.25,2.51
CKR-081,214.2,216.2,0.016,0.25,2.54
CKR-081,216.2,218.2,0.019,0.25,2.5
CKR-081,218.2,220.2,0.005,0.25,2.48
CKR-081,220.2,222.2,0.03,0.25,2.58
CKR-081,222.2,224.2,0.02,0.25,2.47
CKR-081,224.2,226.2,0.005,0.25,2.52
CKR-081,226.2,228.2,0.014,0.25,2.51
CKR-081,228.2,230.2,0.014,0.25,2.49
CKR-081,230.2,232.2,0.013,0.25,2.5
CKR-081,232.2,234.2,0.01,0.25,2.58
CKR-081,234.2,236.2,0.017,0.25,2.52
CKR-081,236.2,238.2,0.005,0.25,2.46
CKR-081,238.2,240.2,0.029,0.25,2.54
CKR-081,240.2,242.2,0.012,0.25,2.57
CKR-081,242.2,244.2,0.005,0.25,2.5
CKR-081,244.2,246.2,0.017,0.25,2.48
CKR-081,246.2,248.2,0.005,0.25,2.48
CKR-081,248.2,250.2,0.033,0.25,2.53
CKR-081,250.2,252.2,0.019,0.25,2.4
CKR-081,252.2,254.2,0.03,0.25,2.53
CKR-081,254.2,256.2,0.013,0.25,2.53
CKR-081,256.2,258.2,0.014,0.25,2.52
CKR-081,258.2,260.2,0.026,0.25,2.53
CKR-081,260.2,262.2,0.013,0.25,2.56
CKR-081,262.2,264.2,0.022,0.25,2.61
CKR-081,264.2,266.2,0.02,0.25,2.59
CKR-081,266.2,268.2,0.028,0.25,2.52
CKR-081,268.2,270.2,0.018,0.25,2.49
CKR-081,270.2,272.2,0.025,0.25,2.45
CKR-081,272.2,274.2,0.02,0.25,2.51
CKR-081,274.2,276.2,0.005,0.25,2.54
CKR-081,276.2,278.2,0.011,0.25,2.54
CKR-081,278.2,280.2,0.016,0.25,2.5
CKR-081,280.2,282.2,0.026,0.25,2.53
CKR-081,282.2,284.2,0.017,0.25,2.51
CKR-081,284.2,286.2,0.012,0.25,2.58
CKR-081,286.2,288.2,0.023,0.25,2.52
CKR-081,288.2,290.2,0.029,0.25,2.52
CKR-081,290.2,292.2,0.014,0.25,2.49
CKR-081,292.2,294.2,0.01,0.25,2.51
CKR-081,294.2,296.2,0.027,0.25,2.54
CKR-081,296.2,298.2,0.005,0.25,2.55
CKR-081,298.2,300.2,0.013,0.25,2.49
CKR-081,300.2,302.2,0.022,0.25,2.5
CKR-081,302.2,304.2,0.011,0.25,2.55
CKR-081,304.2,306.2,0.016,0.25,2.42
CKR-081,306.2,308.2,0.03,0.25,2.54
CKR-081,308.2,310.2,0.03,0.25,2.5
CKR-081,310.2,312.2,0.023,0.25,2.48
CKR-081,312.2,314.2,0.021,0.25,2.49
CKR-081,314.2,316.2,0.021,0.25,2.52
CKR-081,316.2,318.2,0.016,0.25,2.53
CKR-081,318.2,320.2,0.005,0.25,2.49
CKR-081,320.2,322.2,0.018,0.25,2.57
CKR-081,322.2,324.2,0.019,0.25,2.52
CKR-081,324.2,326.2,0.043,0.25,2.52
CKR-081,326.2,328.2,0.012,0.25,2.5
CKR-081,328.2,330.2,0.012,0.25,2.57
CKR-081,330.2,332.2,0.033,0.25,2.55
CKR-081,332.2,334.2,0.016,0.25,2.48
CKR-081,334.2,336.2,0.032,0.25,2.5
CKR-081,336.2,337.2,0.018,0.25,2.47
CKR-081,337.2,338.2,0.021,0.25,2.44
CKR-081,338.2,339.2,0.016,0.25,2.59
CKR-081,339.2,340.2,0.005,0.25,2.6
CKR-081,340.2,341.2,0.041,0.25,2.48
CKR-081,341.2,342.2,0.184,1.93,2.57
CKR-081,342.2,343.2,0.073,0.81,2.51
CKR-081,343.2,344.2,0.215,4.21,2.57
CKR-081,344.2,345.2,0.242,2.86,2.51
CKR-081,345.2,346.2,11.839,192.75,2.6
CKR-081,346.2,347.2,1.261,12.59,2.54
CKR-081,347.2,348.2,2.739,29.04,2.72
CKR-081,348.2,349.2,5.264,74.53,2.59
CKR-081,349.2,350.2,10.287,115.2,2.62
CKR-081,350.2,351.2,2.721,44.79,2.62
CKR-081,351.2,352.2,0.432,3.43,2.61
CKR-081,352.2,353.2,0.17,3.05,2.54
CKR-081,353.2,354.2,0.115,1.71,2.62
CKR-081,354.2,355.2,0.106,1.51,2.61
CKR-081,355.2,356.2,0.13,1.73,2.53
CKR-081,356.2,357.2,0.069,1.11,2.56
CKR-081,357.2,358.2,0.005,0.25,2.56
CKR-081,358.2,359.2,0.017,0.25,2.5
CKR-081,359.2,360.2,0.018,0.25,2.48
CKR-081,360.2,361.2,0.014,0.25,2.52
CKR-081,361.2,362.2,0.005,0.25,2.5
CKR-081,362.2,363.2,0.011,0.25,2.56
CKR-081,363.2,365.2,0.005,0.25,2.48
CKR-081,365.2,367.2,0.023,0.25,2.54
CKR-081,367.2,369.2,0.005,0.25,2.51
CKR-081,369.2,371.2,0.027,0.25,2.56
CKR-081,371.2,373.2,0.023,0.25,2.52
CKR-081,373.2,375.2,0.012,0.25,2.49
CKR-081,375.2,377.2,0.018,0.25,2.58
CKR-081,377.2,379.2,0.041,0.25,2.57
CKR-081,379.2,381.2,0.015,0.25,2.48
CKR-081,381.2,383.0,0.019,0.25,2.55
CKR-082,5.2,7.2,,,2.53
CKR-082,7.2,9.2,0.005,0.25,2.49
CKR-082,9.2,11.2,0.012,0.25,2.51
CKR-082,11.2,13.2,0.026,0.25,2.55
CKR-082,13.2,15.2,0.018,0.25,2.54
CKR-082,15.2,17.2,0.032,0.25,2.56
CKR-082,17.2,19.2,0.048,0.25,2.51
CKR-082,19.2,21.2,0.018,0.25,2.48
CKR-082,21.2,23.2,0.032,0.25,2.47
CKR-082,23.2,25.2,0.02,0.25,2.5
CKR-082,25.2,27.2,0.016,0.25,2.47
CKR-082,27.2,29.2,0.017,0.25,2.48
CKR-082,29.2,31.2,0.026,0.25,2.51
CKR-082,31.2,33.2,0.02,0.25,2.52
CKR-082,33.2,35.2,0.018,0.25,2.56
CKR-082,35.2,37.2,0.016,0.25,2.5
CKR-082,37.2,39.2,0.025,0.25,2.56
CKR-082,39.2,41.2,0.024,0.25,2.54
CKR-082,41.2,43.2,0.015,0.25,2.53
CKR-082,43.2,45.2,0.026,0.25,2.54
CKR-082,45.2,47.2,0.025,0.25,2.53
CKR-082,47.2,49.2,0.02,0.25,2.53
CKR-082,49.2,51.2,0.027,0.25,2.48
CKR-082,51.2,53.2,0.024,0.25,2.46
CKR-082,53.2,55.2,0.005,0.55,2.51
CKR-082,55.2,57.2,0.017,0.25,2.5
CKR-082,57.2,59.2,0.02,0.25,2.55
CKR-082,59.2,61.2,0.023,0.25,2.55
CKR-082,61.2,63.2,0.041,0.25,2.55
CKR-082,63.2,65.2,0.017,0.25,2.51
CKR-082,65.2,67.2,0.023,0.25,2.55
CKR-082,67.2,69.2,0.014,0.25,2.46
CKR-082,69.2,71.2,0.026,0.25,2.53
CKR-082,71.2,73.2,0.015,0.25,2.53
CKR-082,73.2,75.2,0.011,0.25,2.51
CKR-082,75.2,77.2,0.032,0.25,2.53
CKR-082,77.2,79.2,0.005,0.25,2.52
CKR-082,79.2,81.2,0.015,0.25,2.53
CKR-082,81.2,83.2,0.005,0.25,2.53
CKR-082,83.2,85.2,0.029,0.25,2.56
CKR-082,85.2,87.2,0.016,0.25,2.57
CKR-082,87.2,89.2,0.029,0.25,2.54
CKR-082,89.2,91.2,0.046,0.25,2.52
CKR-082,91.2,93.2,0.014,0.25,2.53
CKR-082,93.2,95.2,0.015,0.25,2.49
CKR-082,95.2,97.2,0.039,0.25,2.52
CKR-082,97.2,99.2,0.011,0.25,2.53
CKR-082,99.2,101.2,0.02,0.25,2.48
CKR-082,101.2,103.2,0.011,0.25,2.5
CKR-082,103.2,105.2,0.005,0.25,2.5
CKR-082,105.2,107.2,0.013,0.25,2.51
CKR-082,107.2,109.2,0.005,0.25,2.54
CKR-082,109.2,111.2,0.01,0.25,2.51
CKR-082,111.2,113.2,0.012,0.25,2.5
CKR-082,113.2,115.2,0.02,0.25,2.51
CKR-082,115.2,117.2,0.03,0.25,2.5
CKR-082,117.2,119.2,0.025,0.25,2.5
CKR-082,119.2,121.2,0.011,0.25,2.5
CKR-082,121.2,123.2,0.024,0.25,2.53
CKR-082,123.2,125.2,0.016,0.25,2.52
CKR-082,125.2,127.2,0.018,0.25,2.51
CKR-082,127.2,129.2,0.012,0.25,2.6
CKR-082,129.2,131.2,0.028,0.25,2.5
CKR-082,131.2,132.2,0.049,0.25,2.51
CKR-082,132.2,133.2,0.032,0.25,2.51
CKR-082,133.2,134.2,0.013,0.25,2.58
CKR-082,134.2,135.2,0.013,0.25,2.58
CKR-082,135.2,136.2,0.021,0.25,2.54
CKR-082,136.2,137.2,0.033,0.25,2.6
CKR-082,137.2,138.2,0.058,0.25,2.59
CKR-082,138.2,139.2,0.064,0.63,2.57
CKR-082,139.2,140.2,0.077,0.56,2.55
CKR-082,140.2,141.2,0.093,0.64,2.6
CKR-082,141.2,142.2,0.1,0.56,2.61
CKR-082,142.2,143.2,0.181,1.42,2.54
CKR-082,143.2,144.2,0.133,0.88,2.57
CKR-082,144.2,145.2,0.267,2.24,2.56
CKR-082,145.2,146.2,2.144,28.84,2.57
CKR-082,146.2,147.2,4.273,33.85,2.58
CKR-082,147.2,148.2,14.093,67.41,2.59
CKR-082,148.2,149.2,5.776,31.2,2.63
CKR-082,149.2,150.2,6.261,42.65,2.64
CKR-082,150.2,151.2,7.065,39.36,2.59
CKR-082,151.2,152.2,5.942,75.65,2.63
CKR-082,152.2,153.2,8.963,75.07,2.62
CKR-082,153.2,154.2,3.549,24.88,2.65
CKR-082,154.2,155.2,9.839,49.71,2.6
CKR-082,155.2,156.2,9.904,78.76,2.57
CKR-082,156.2,157.2,8.808,37.45,2.66
CKR-082,157.2,158.2,18.17,82.83,2.6
CKR-082,158.2,159.2,4.019,26.64,2.6
CKR-082,159.2,160.2,0.533,3.93,2.63
CKR-082,160.2,161.2,0.429,2.63,2.6
CKR-082,161.2,162.2,0.401,2.27,2.59
CKR-082,162.2,163.2,0.26,1.47,2.49
CKR-082,163.2,164.2,0.178,0.66,2.51
CKR-082,164.2,165.2,0.136,0.81,2.49
CKR-082,165.2,166.2,0.054,0.25,2.64
CKR-082,166.2,167.2,0.143,0.73,2.57
CKR-082,167.2,168.2,0.005,0.25,2.47
CKR-082,168.2,169.2,0.023,0.25,2.61
CKR-082,169.2,170.2,0.005,0.25,2.5
CKR-082,170.2,171.2,0.021,0.25,2.51
CKR-082,171.2,172.2,0.013,0.25,2.43
CKR-082,172.2,173.2,0.013,0.25,2.52
CKR-082,173.2,175.2,0.018,0.25,2.5
CKR-082,175.2,177.2,0.018,0.25,2.52
CKR-082,177.2,179.2,0.03,0.25,2.48
CKR-082,179.2,181.2,0.017,0.68,2.56
CKR-082,181.2,183.2,0.019,0.25,2.57
CKR-082,183.2,185.2,0.014,0.25,2.53
CKR-082,185.2,187.2,0.023,0.25,2.53
CKR-082,187.2,189.2,0.024,0.25,2.5
CKR-082,189.2,191.2,0.023,0.25,2.53
CKR-082,191.2,191.6,0.034,0.25,2.44
CKR-083,4.7,6.7,,,2.51
CKR-083,6.7,8.7,0.012,0.25,2.52
CKR-083,8.7,10.7,0.017,0.25,2.54
CKR-083,10.7,12.7,0.025,0.25,2.48
CKR-083,12.7,14.7,0.005,0.25,2.51
CKR-083,14.7,16.7,0.031,0.25,2.55
CKR-083,16.7,18.7,0.013,0.25,2.52
CKR-083,18.7,20.7,0.005,0.25,2.5
CKR-083,20.7,22.7,0.015,0.25,2.53
CKR-083,22.7,24.7,0.021,0.25,2.53
CKR-083,24.7,26.7,0.017,0.25,2.53
CKR-083,26.7,28.7,0.016,0.25,2.51
CKR-083,28.7,30.7,0.015,0.25,2.59
CKR-083,30.7,32.7,0.01,0.25,2.5
CKR-083,32.7,34.7,0.005,0.25,2.51
CKR-083,34.7,36.7,0.021,0.25,2.49
CKR-083,36.7,38.7,0.015,0.25,2.51
CKR-083,38.7,40.7,0.046,0.25,2.56
CKR-083,40.7,42.7,0.014,0.55,2.5
CKR-083,42.7,44.7,0.01,0.25,2.54
CKR-083,44.7,46.7,0.016,0.25,2.49
CKR-083,46.7,48.7,0.005,0.25,2.57
CKR-083,48.7,50.7,0.024,0.25,2.52
CKR-083,50.7,52.7,0.011,0.25,2.51
CKR-083,52.7,54.7,0.005,0.25,2.52
CKR-083,54.7,56.7,0.026,0.25,2.49
CKR-083,56.7,58.7,0.023,0.25,2.56
CKR-083,58.7,60.7,0.013,0.25,2.47
CKR-083,60.7,62.7,0.014,0.25,2.46
CKR-083,62.7,64.7,0.02,0.25,2.46
CKR-083,64.7,66.7,0.016,0.25,2.47
CKR-083,66.7,68.7,0.017,0.25,2.53
CKR-083,68.7,70.7,0.02,0.52,2.52
CKR-083,70.7,72.7,0.013,0.25,2.55
CKR-083,72.7,74.7,0.018,0.25,2.54
CKR-083,74.7,76.7,0.024,0.85,2.5
CKR-083,76.7,78.7,0.005,0.25,2.5
CKR-083,78.7,80.7,0.012,0.62,2.54
CKR-083,80.7,82.7,0.017,0.25,2.52
CKR-083,82.7,84.7,0.005,0.25,2.47
CKR-083,84.7,86.7,0.02,0.25,2.51
CKR-083,86.7,88.7,0.017,0.25,2.5
CKR-083,88.7,90.7,0.016,0.25,2.52
CKR-083,90.7,92.7,0.013,0.25,2.53
CKR-083,92.7,94.7,0.005,0.25,2.52
CKR-083,94.7,96.7,0.011,0.25,2.55
CKR-083,96.7,98.7,0.011,0.25,2.57
CKR-083,98.7,100.7,0.016,0.25,2.47
CKR-083,100.7,102.7,0.014,0.25,2.53
CKR-083,102.7,104.7,0.005,0.25,2.58
CKR-083,104.7,106.7,0.013,0.25,2.5
CKR-083,106.7,108.7,0.035,0.25,2.51
CKR-083,108.7,110.7,0.013,0.25,2.51
CKR-083,110.7,112.7,0.034,0.25,2.48
CKR-083,112.7,114.7,0.022,0.25,2.53
CKR-083,114.7,116.7,0.031,0.25,2.57
CKR-083,116.7,118.7,0.013,0.25,2.53
CKR-083,118.7,120.7,0.02,0.25,2.52
CKR-083,120.7,122.7,0.026,0.25,2.47
CKR-083,122.7,124.7,0.005,0.25,2.56
CKR-083,124.7,126.7,0.005,0.25,2.5
CKR-083,126.7,128.7,0.005,0.25,2.48
CKR-083,128.7,130.7,0.026,0.25,2.58
CKR-083,130.7,132.7,0.031,0.25,2.49
CKR-083,132.7,134.7,0.015,0.25,2.5
CKR-083,134.7,136.7,0.017,0.25,2.5
CKR-083,136.7,138.7,0.005,0.25,2.49
CKR-083,138.7,140.7,0.022,0.54,2.5
CKR-083,140.7,142.7,0.017,0.25,2.48
CKR-083,142.7,144.7,0.014,0.25,2.5
CKR-083,144.7,146.7,0.021,0.25,2.53
CKR-083,146.7,148.7,0.056,0.25,2.53
CKR-083,148.7,150.7,0.028,0.25,2.49
CKR-083,150.7,152.7,0.015,0.25,2.61
CKR-083,152.7,154.7,0.023,0.25,2.54
CKR-083,154.7,156.7,0.016,0.25,2.45
CKR-083,156.7,158.7,0.054,0.25,2.56
CKR-083,158.7,160.7,0.012,0.25,2.52
CKR-083,160.7,162.7,0.029,0.25,2.56
CKR-083,162.7,164.7,0.005,0.25,2.52
CKR-083,164.7,166.7,0.01,0.25,2.52
CKR-083,166.7,168.7,0.018,0.25,2.43
CKR-083,168.7,170.7,0.005,0.25,2.53
CKR-083,170.7,172.7,0.011,0.25,2.5
CKR-083,172.7,174.7,0.013,0.25,2.56
CKR-083,174.7,176.7,0.025,0.25,2.46
CKR-083,176.7,178.7,0.025,0.25,2.56
CKR-083,178.7,180.7,0.011,0.25,2.56
CKR-083,180.7,182.7,0.005,0.25,2.58
CKR-083,182.7,184.7,0.021,0.25,2.54
CKR-083,184.7,186.7,0.022,0.25,2.53
CKR-083,186.7,188.7,0.014,0.25,2.52
CKR-083,188.7,190.7,0.005,0.25,2.55
CKR-083,190.7,192.7,0.017,0.25,2.53
CKR-083,192.7,194.7,0.02,0.25,2.54
CKR-083,194.7,196.7,0.017,0.25,2.49
CKR-083,196.7,198.7,0.023,0.25,2.54
CKR-083,198.7,200.7,0.031,0.25,2.54
CKR-083,200.7,202.7,0.005,0.25,2.43
CKR-083,202.7,204.7,0.015,0.25,2.55
CKR-083,204.7,206.7,0.016,0.25,2.52
CKR-083,206.7,207.7,0.04,0.25,2.5
CKR-083,207.7,208.7,0.017,0.25,2.51
CKR-083,208.7,209.7,0.05,0.25,2.53
CKR-083,209.7,210.7,0.038,0.25,2.52
CKR-083,210.7,211.7,0.005,0.57,2.57
CKR-083,211.7,212.7,0.032,0.25,2.5
CKR-083,212.7,213.7,0.066,0.83,2.52
CKR-083,213.7,214.7,0.086,1.06,2.56
CKR-083,214.7,215.7,0.121,1.13,2.59
CKR-083,215.7,216.7,0.094,0.93,2.58
CKR-083,216.7,217.7,0.114,1.39,2.58
CKR-083,217.7,218.7,0.658,11.18,2.56
CKR-083,218.7,219.7,1.071,11.11,2.61
CKR-083,219.7,220.7,1.301,17.56,2.57
CKR-083,220.7,221.7,1.163,14.13,2.67
CKR-083,221.7,222.7,0.164,2.33,2.62
CKR-083,222.7,223.7,1.048,11.96,2.62
CKR-083,223.7,224.7,2.437,24.44,2.56
CKR-083,224.7,225.7,1.65,18.91,2.64
CKR-083,225.7,226.7,5.335,65.96,2.58
CKR-083,226.7,227.7,1.461,21.5,2.61
CKR-083,227.7,228.7,2.606,40.3,2.56
CKR-083,228.7,229.7,0.115,1.11,2.55
CKR-083,229.7,230.7,0.079,1.25,2.63
CKR-083,230.7,231.7,0.048,0.25,2.49
CKR-083,231.7,232.7,0.093,1.53,2.59
CKR-083,232.7,233.7,0.055,0.89,2.64
CKR-083,233.7,234.7,0.017,0.25,2.49
CKR-083,234.7,235.7,0.034,0.25,2.47
CKR-083,235.7,236.7,0.017,0.25,2.51
CKR-083,236.7,237.7,0.023,0.25,2.55
CKR-083,237.7,238.7,0.005,0.25,2.53
CKR-083,238.7,239.7,0.027,0.25,2.5
CKR-083,239.7,241.7,0.02,0.25,2.51
CKR-083,241.7,243.7,0.021,0.25,2.47
CKR-083,243.7,245.7,0.014,0.25,2.53
CKR-083,245.7,247.7,0.017,0.25,2.54
CKR-083,247.7,249.7,0.033,0.25,2.56
CKR-083,249.7,251.7,0.021,0.25,2.52
CKR-083,251.7,253.7,0.017,0.25,2.54
CKR-083,253.7,255.7,0.017,0.25,2.52
CKR-083,255.7,257.7,0.005,0.25,2.55
CKR-083,257.7,258.4,0.005,0.25,2.43
CKR-084,5.4,7.4,,,2.55
CKR-084,7.4,9.4,0.015,0.25,2.56
CKR-084,9.4,11.4,0.021,0.25,2.58
CKR-084,11.4,13.4,0.024,0.25,2.5
CKR-084,13.4,15.4,0.034,0.25,2.49
CKR-084,15.4,17.4,0.011,0.25,2.48
CKR-084,17.4,19.4,0.019,0.25,2.49
CKR-084,19.4,21.4,0.018,0.25,2.52
CKR-084,21.4,23.4,0.016,0.25,2.54
CKR-084,23.4,25.4,0.054,0.25,2.55
CKR-084,25.4,27.4,0.013,0.25,2.55
CKR-084,27.4,29.4,0.019,0.25,2.51
CKR-084,29.4,31.4,0.042,0.25,2.51
CKR-084,31.4,33.4,0.013,0.25,2.53
CKR-084,33.4,35.4,0.023,0.25,2.58
CKR-084,35.4,37.4,0.015,0.25,2.47
CKR-084,37.4,39.4,0.017,0.25,2.54
CKR-084,39.4,41.4,0.012,0.25,2.49
CKR-084,41.4,43.4,0.012,0.25,2.49
CKR-084,43.4,45.4,0.017,0.25,2.57
CKR-084,45.4,47.4,0.017,0.25,2.53
CKR-084,47.4,49.4,0.022,0.25,2.53
CKR-084,49.4,51.4,0.024,0.25,2.53
CKR-084,51.4,53.4,0.022,0.25,2.59
CKR-084,53.4,55.4,0.036,0.25,2.54
CKR-084,55.4,57.4,0.011,0.25,2.49
CKR-084,57.4,59.4,0.013,0.25,2.56
CKR-084,59.4,61.4,0.024,0.25,2.57
CKR-084,61.4,63.4,0.012,0.25,2.52
CKR-084,63.4,65.4,0.021,0.25,2.49
CKR-084,65.4,67.4,0.021,0.25,2.53
CKR-084,67.4,69.4,0.011,0.25,2.5
CKR-084,69.4,71.4,0.034,0.25,2.45
CKR-084,71.4,73.4,0.019,0.25,2.47
CKR-084,73.4,75.4,0.011,0.25,2.51
CKR-084,75.4,77.4,0.014,0.25,2.51
CKR-084,77.4,79.4,0.016,0.25,2.52
CKR-084,79.4,81.4,0.013,0.25,2.46
CKR-084,81.4,83.4,0.011,0.25,2.56
CKR-084,83.4,85.4,0.014,0.25,2.49
CKR-084,85.4,87.4,0.035,0.25,2.55
CKR-084,87.4,89.4,0.014,0.25,2.53
CKR-084,89.4,91.4,0.023,0.25,2.51
CKR-084,91.4,93.4,0.019,0.25,2.49
CKR-084,93.4,95.4,0.015,0.25,2.42
CKR-084,95.4,97.4,0.024,0.25,2.52
CKR-084,97.4,99.4,0.024,0.25,2.51
CKR-084,99.4,101.4,0.016,0.25,2.5
CKR-084,101.4,103.4,0.047,0.25,2.49
CKR-084,103.4,105.4,0.017,0.25,2.48
CKR-084,105.4,107.4,0.018,0.25,2.58
CKR-084,107.4,109.4,0.025,0.25,2.53
CKR-084,109.4,111.4,0.024,0.25,2.5
CKR-084,111.4,113.4,0.016,0.25,2.51
CKR-084,113.4,115.4,0.017,0.25,2.53
CKR-084,115.4,117.4,0.005,0.25,2.47
CKR-084,117.4,119.4,0.016,0.25,2.5
CKR-084,119.4,121.4,0.013,0.25,2.51
CKR-084,121.4,123.4,0.012,0.25,2.54
CKR-084,123.4,125.4,0.02,0.25,2.52
CKR-084,125.4,127.4,0.018,0.25,2.39
CKR-084,127.4,129.4,0.019,0.25,2.52
CKR-084,129.4,131.4,0.021,0.25,2.54
CKR-084,131.4,133.4,0.005,0.25,2.52
CKR-084,133.4,135.4,0.005,0.25,2.56
CKR-084,135.4,137.4,0.02,0.25,2.55
CKR-084,137.4,139.4,0.046,0.25,2.53
CKR-084,139.4,141.4,0.048,0.25,2.56
CKR-084,141.4,143.4,0.014,0.25,2.54
CKR-084,143.4,145.4,0.017,0.25,2.53
CKR-084,145.4,147.4,0.028,0.25,2.58
CKR-084,147.4,149.4,0.02,0.25,2.53
CKR-084,149.4,151.4,0.017,0.25,2.58
CKR-084,151.4,153.4,0.016,0.25,2.54
CKR-084,153.4,155.4,0.027,0.25,2.49
CKR-084,155.4,157.4,0.02,0.25,2.55
CKR-084,157.4,159.4,0.005,0.25,2.55
CKR-084,159.4,161.4,0.028,0.25,2.55
CKR-084,161.4,163.4,0.019,0.25,2.57
CKR-084,163.4,165.4,0.017,0.25,2.55
CKR-084,165.4,167.4,0.019,0.25,2.47
CKR-084,167.4,169.4,0.013,0.25,2.53
CKR-084,169.4,171.4,0.005,0.25,2.53
CKR-084,171.4,173.4,0.005,0.25,2.59
CKR-084,173.4,175.4,0.019,0.25,2.47
CKR-084,175.4,177.4,0.018,0.25,2.54
CKR-084,177.4,179.4,0.046,0.25,2.52
CKR-084,179.4,181.4,0.023,0.25,2.53
CKR-084,181.4,183.4,0.019,0.25,2.51
CKR-084,183.4,185.4,0.012,0.25,2.55
CKR-084,185.4,187.4,0.026,0.25,2.54
CKR-084,187.4,189.4,0.013,0.25,2.51
CKR-084,189.4,191.4,0.048,0.25,2.53
CKR-084,191.4,193.4,0.028,0.25,2.49
CKR-084,193.4,195.4,0.005,0.25,2.48
CKR-084,195.4,197.4,0.024,0.25,2.57
CKR-084,197.4,199.4,0.011,0.25,2.54
CKR-084,199.4,201.4,0.021,0.25,2.53
CKR-084,201.4,203.4,0.023,0.25,2.47
CKR-084,203.4,205.4,0.005,0.25,2.53
CKR-084,205.4,207.4,0.015,0.25,2.53
CKR-084,207.4,209.4,0.035,0.25,2.52
CKR-084,209.4,211.4,0.017,0.25,2.51
CKR-084,211.4,213.4,0.028,0.53,2.56
CKR-084,213.4,215.4,0.022,0.25,2.52
CKR-084,215.4,217.4,0.015,0.25,2.48
CKR-084,217.4,219.4,0.018,0.25,2.5
CKR-084,219.4,221.4,0.005,0.55,2.51
CKR-084,221.4,223.4,0.011,0.25,2.47
CKR-084,223.4,225.4,0.013,0.25,2.52
CKR-084,225.4,227.4,0.027,0.25,2.54
CKR-084,227.4,229.4,0.02,0.25,2.54
CKR-084,229.4,231.4,0.017,0.25,2.52
CKR-084,231.4,233.4,0.005,0.25,2.56
CKR-084,233.4,235.4,0.019,0.25,2.57
CKR-084,235.4,237.4,0.03,0.25,2.58
CKR-084,237.4,239.4,0.013,0.25,2.56
CKR-084,239.4,241.4,0.013,0.25,2.48
CKR-084,241.4,243.4,0.018,0.25,2.53
CKR-084,243.4,245.4,0.02,0.25,2.51
CKR-084,245.4,247.4,0.037,0.25,2.54
CKR-084,247.4,249.4,0.037,0.25,2.55
CKR-084,249.4,251.4,0.047,0.25,2.58
CKR-084,251.4,253.4,0.014,0.25,2.54
CKR-084,253.4,255.4,0.012,0.25,2.49
CKR-084,255.4,257.4,0.026,0.25,2.54
CKR-084,257.4,259.4,0.027,0.25,2.52
CKR-084,259.4,261.4,0.025,0.25,2.52
CKR-084,261.4,263.4,0.01,0.25,2.5
CKR-084,263.4,265.4,0.045,0.25,2.48
CKR-084,265.4,267.4,0.015,0.25,2.46
CKR-084,267.4,268.4,0.005,0.25,2.6
CKR-084,268.4,269.4,0.012,0.25,2.55
CKR-084,269.4,270.4,0.038,0.25,2.52
CKR-084,270.4,271.4,0.005,0.25,2.48
CKR-084,271.4,272.4,0.031,0.25,2.56
CKR-084,272.4,273.4,0.038,0.25,2.49
CKR-084,273.4,274.4,0.052,0.66,2.59
CKR-084,274.4,275.4,0.121,1.4,2.6
CKR-084,275.4,276.4,0.116,2.63,2.59
CKR-084,276.4,277.4,0.097,1.02,2.54
CKR-084,277.4,278.4,0.13,1.8,2.55
CKR-084,278.4,279.4,0.203,2.46,2.59
CKR-084,279.4,280.4,0.089,1.28,2.6
CKR-084,280.4,281.4,0.737,12.45,2.65
CKR-084,281.4,282.4,2.545,36.34,2.62
CKR-084,282.4,283.4,0.493,5.25,2.59
CKR-084,283.4,284.4,0.769,9.32,2.66
CKR-084,284.4,285.4,0.376,4.33,2.63
CKR-084,285.4,286.4,0.751,10.41,2.61
CKR-084,286.4,287.4,1.472,23.9,2.56
CKR-084,287.4,288.4,0.876,13.34,2.65
CKR-084,288.4,289.4,0.161,2.87,2.63
CKR-084,289.4,290.4,0.098,1.91,2.53
CKR-084,290.4,291.4,0.048,0.7,2.52
CKR-084,291.4,292.4,0.065,1.46,2.64
CKR-084,292.4,293.4,0.069,1.69,2.57
CKR-084,293.4,294.4,0.039,0.6,2.59
CKR-084,294.4,295.4,0.013,0.25,2.54
CKR-084,295.4,296.4,0.03,0.25,2.51
CKR-084,296.4,297.4,0.016,0.25,2.48
CKR-084,297.4,298.4,0.026,0.25,2.54
CKR-084,298.4,299.4,0.005,0.25,2.54
CKR-084,299.4,300.4,0.013,0.25,2.56
CKR-084,300.4,302.4,0.005,0.25,2.5
CKR-084,302.4,304.4,0.019,0.25,2.52
CKR-084,304.4,306.4,0.005,0.25,2.52
CKR-084,306.4,308.4,0.024,0.25,2.51
CKR-084,308.4,310.4,0.005,0.25,2.48
CKR-084,310.4,312.4,0.011,0.25,2.57
CKR-084,312.4,314.4,0.014,0.25,2.48
CKR-084,314.4,316.4,0.036,0.25,2.54
CKR-084,316.4,318.4,0.012,0.25,2.45
CKR-084,318.4,320.4,0.032,0.25,2.48
CKR-084,320.4,322.4,0.015,0.25,2.53
CKR-084,322.4,323.2,0.02,0.25,2.49
CKR-085,3.0,5.0,,,2.58
CKR-085,5.0,7.0,0.005,0.25,2.48
CKR-085,7.0,9.0,0.038,0.25,2.51
CKR-085,9.0,11.0,0.018,0.25,2.56
CKR-085,11.0,13.0,0.029,0.25,2.59
CKR-085,13.0,15.0,0.014,0.25,2.52
CKR-085,15.0,17.0,0.037,0.25,2.54
CKR-085,17.0,19.0,0.023,0.25,2.46
CKR-085,19.0,21.0,0.021,0.25,2.5
CKR-085,21.0,23.0,0.012,0.25,2.51
CKR-085,23.0,25.0,0.012,0.25,2.47
CKR-085,25.0,27.0,0.022,0.25,2.53
CKR-085,27.0,29.0,0.005,0.25,2.51
CKR-085,29.0,31.0,0.023,0.25,2.52
CKR-085,31.0,33.0,0.016,0.25,2.48
CKR-085,33.0,35.0,0.005,0.25,2.6
CKR-085,35.0,37.0,0.021,0.25,2.55
CKR-085,37.0,39.0,0.048,0.25,2.46
CKR-085,39.0,41.0,0.016,0.25,2.48
CKR-085,41.0,43.0,0.019,0.25,2.54
CKR-085,43.0,45.0,0.019,0.25,2.44
CKR-085,45.0,47.0,0.027,0.25,2.5
CKR-085,47.0,49.0,0.016,0.25,2.55
CKR-085,49.0,51.0,0.026,0.25,2.5
CKR-085,51.0,53.0,0.034,0.25,2.56
CKR-085,53.0,55.0,0.032,0.25,2.55
CKR-085,55.0,57.0,0.021,0.52,2.5
CKR-085,57.0,59.0,0.005,0.25,2.52
CKR-085,59.0,61.0,0.023,0.25,2.56
CKR-085,61.0,63.0,0.021,0.25,2.46
CKR-085,63.0,65.0,0.012,0.25,2.5
CKR-085,65.0,67.0,0.005,0.25,2.44
CKR-085,67.0,69.0,0.027,0.25,2.54
CKR-085,69.0,71.0,0.023,0.25,2.58
CKR-085,71.0,73.0,0.016,0.25,2.52
CKR-085,73.0,75.0,0.014,0.25,2.51
CKR-085,75.0,77.0,0.014,0.25,2.52
CKR-085,77.0,79.0,0.011,0.25,2.52
CKR-085,79.0,81.0,0.01,0.25,2.49
CKR-085,81.0,83.0,0.031,0.25,2.52
CKR-085,83.0,85.0,0.012,0.25,2.57
CKR-085,85.0,87.0,0.02,0.25,2.52
CKR-085,87.0,89.0,0.012,0.25,2.58
CKR-085,89.0,91.0,0.024,0.25,2.48
CKR-085,91.0,93.0,0.027,0.25,2.57
CKR-085,93.0,95.0,0.018,0.25,2.49
CKR-085,95.0,97.0,0.021,0.25,2.56
CKR-085,97.0,99.0,0.005,0.25,2.5
CKR-085,99.0,101.0,0.012,0.25,2.51
CKR-085,101.0,103.0,0.017,0.25,2.49
CKR-085,103.0,105.0,0.031,0.25,2.55
CKR-085,105.0,107.0,0.015,0.25,2.5
CKR-085,107.0,109.0,0.014,0.25,2.51
CKR-085,109.0,111.0,0.039,0.25,2.53
CKR-085,111.0,113.0,0.017,0.25,2.55
CKR-085,113.0,115.0,0.034,0.25,2.5
CKR-085,115.0,117.0,0.013,0.25,2.51
CKR-085,117.0,119.0,0.012,0.25,2.59
CKR-085,119.0,121.0,0.005,0.25,2.53
CKR-085,121.0,123.0,0.005,0.25,2.52
CKR-085,123.0,125.0,0.015,0.25,2.52
CKR-085,125.0,127.0,0.017,0.25,2.55
CKR-085,127.0,129.0,0.015,0.25,2.52
CKR-085,129.0,131.0,0.042,0.25,2.47
CKR-085,131.0,133.0,0.015,0.25,2.49
CKR-085,133.0,135.0,0.011,0.25,2.48
CKR-085,135.0,137.0,0.049,0.25,2.55
CKR-085,137.0,139.0,0.017,0.25,2.53
CKR-085,139.0,141.0,0.01,0.25,2.4
CKR-085,141.0,143.0,0.01,0.25,2.49
CKR-085,143.0,145.0,0.016,0.25,2.5
CKR-085,145.0,147.0,0.018,0.25,2.61
CKR-085,147.0,149.0,0.02,0.25,2.54
CKR-085,149.0,151.0,0.014,0.25,2.45
CKR-085,151.0,153.0,0.012,0.25,2.54
CKR-085,153.0,155.0,0.011,0.25,2.51
CKR-085,155.0,157.0,0.017,0.25,2.56
CKR-085,157.0,159.0,0.017,0.25,2.52
CKR-085,159.0,161.0,0.028,0.25,2.58
CKR-085,161.0,163.0,0.029,0.25,2.53
CKR-085,163.0,165.0,0.021,0.51,2.54
CKR-085,165.0,167.0,0.03,0.25,2.58
CKR-085,167.0,169.0,0.014,0.25,2.58
CKR-085,169.0,171.0,0.014,0.25,2.57
CKR-085,171.0,173.0,0.034,0.25,2.51
CKR-085,173.0,175.0,0.037,0.25,2.48
CKR-085,175.0,177.0,0.025,0.25,2.51
CKR-085,177.0,179.0,0.023,0.25,2.52
CKR-085,179.0,181.0,0.035,0.25,2.54
CKR-085,181.0,183.0,0.015,0.25,2.54
CKR-085,183.0,185.0,0.051,0.25,2.55
CKR-085,185.0,187.0,0.01,0.25,2.5
CKR-085,187.0,189.0,0.019,0.25,2.57
CKR-085,189.0,191.0,0.012,0.25,2.46
CKR-085,191.0,193.0,0.013,0.25,2.56
CKR-085,193.0,195.0,0.016,0.25,2.54
CKR-085,195.0,197.0,0.024,0.25,2.5
CKR-085,197.0,199.0,0.018,0.25,2.5
CKR-085,199.0,201.0,0.04,0.25,2.58
CKR-085,201.0,203.0,0.014,0.25,2.57
CKR-085,203.0,205.0,0.005,0.25,2.56
CKR-085,205.0,207.0,0.019,0.25,2.55
CKR-085,207.0,209.0,0.023,0.25,2.53
CKR-085,209.0,211.0,0.014,0.25,2.51
CKR-085,211.0,213.0,0.012,0.25,2.49
CKR-085,213.0,215.0,0.016,0.25,2.53
CKR-085,215.0,217.0,0.011,0.25,2.47
CKR-085,217.0,219.0,0.03,0.25,2.56
CKR-085,219.0,221.0,0.016,0.25,2.52
CKR-085,221.0,223.0,0.014,0.56,2.56
CKR-085,223.0,225.0,0.005,0.25,2.54
CKR-085,225.0,227.0,0.019,0.25,2.51
CKR-085,227.0,229.0,0.02,0.25,2.5
CKR-085,229.0,231.0,0.018,0.25,2.52
CKR-085,231.0,233.0,0.014,0.25,2.5
CKR-085,233.0,235.0,0.014,0.25,2.48
CKR-085,235.0,237.0,0.013,0.25,2.54
CKR-085,237.0,239.0,0.012,0.25,2.54
CKR-085,239.0,241.0,0.018,0.25,2.49
CKR-085,241.0,243.0,0.02,0.25,2.59
CKR-085,243.0,245.0,0.031,0.25,2.53
CKR-085,245.0,247.0,0.029,0.25,2.53
CKR-085,247.0,249.0,0.012,0.25,2.55
CKR-085,249.0,251.0,0.014,0.25,2.54
CKR-085,251.0,253.0,0.019,0.25,2.5
CKR-085,253.0,255.0,0.005,0.25,2.59
CKR-085,255.0,257.0,0.017,0.25,2.54
CKR-085,257.0,259.0,0.016,0.25,2.52
CKR-085,259.0,261.0,0.016,0.25,2.52
CKR-085,261.0,263.0,0.067,0.25,2.48
CKR-085,263.0,265.0,0.025,0.25,2.56
CKR-085,265.0,267.0,0.013,0.25,2.46
CKR-085,267.0,269.0,0.016,0.25,2.52
CKR-085,269.0,271.0,0.011,0.25,2.55
CKR-085,271.0,273.0,0.014,0.25,2.53
CKR-085,273.0,275.0,0.033,0.25,2.58
CKR-085,275.0,277.0,0.023,0.25,2.49
CKR-085,277.0,279.0,0.017,0.25,2.48
CKR-085,279.0,281.0,0.028,0.25,2.51
CKR-085,281.0,283.0,0.015,0.25,2.48
CKR-085,283.0,285.0,0.015,0.25,2.49
CKR-085,285.0,287.0,0.015,0.25,2.49
CKR-085,287.0,289.0,0.024,0.25,2.6
CKR-085,289.0,291.0,0.025,0.25,2.52
CKR-085,291.0,293.0,0.028,0.25,2.53
CKR-085,293.0,295.0,0.014,0.25,2.56
CKR-085,295.0,297.0,0.011,0.25,2.5
CKR-085,297.0,299.0,0.011,0.25,2.55
CKR-085,299.0,301.0,0.014,0.25,2.54
CKR-085,301.0,303.0,0.016,0.25,2.52
CKR-085,303.0,305.0,0.013,0.25,2.55
CKR-085,305.0,307.0,0.013,0.25,2.54
CKR-085,307.0,309.0,0.011,0.25,2.6
CKR-085,309.0,311.0,0.025,0.25,2.49
CKR-085,311.0,313.0,0.017,0.25,2.51
CKR-085,313.0,315.0,0.031,0.25,2.47
CKR-085,315.0,317.0,0.015,0.25,2.47
CKR-085,317.0,319.0,0.016,0.25,2.51
CKR-085,319.0,321.0,0.024,0.25,2.5
CKR-085,321.0,323.0,0.018,0.74,2.48
CKR-085,323.0,325.0,0.018,0.25,2.51
CKR-085,325.0,327.0,0.005,0.25,2.52
CKR-085,327.0,329.0,0.016,0.25,2.56
CKR-085,329.0,331.0,0.035,0.25,2.52
CKR-085,331.0,333.0,0.028,0.25,2.5
CKR-085,333.0,335.0,0.012,0.25,2.59
CKR-085,335.0,337.0,0.026,0.25,2.53
CKR-085,337.0,339.0,0.013,0.25,2.51
CKR-085,339.0,340.0,0.023,0.25,2.5
CKR-085,340.0,341.0,0.029,0.25,2.49
CKR-085,341.0,342.0,0.012,0.25,2.55
CKR-085,342.0,343.0,0.016,0.25,2.54
CKR-085,343.0,344.0,0.162,2.96,2.57
CKR-085,344.0,345.0,0.252,3.78,2.61
CKR-085,345.0,346.0,0.199,2.25,2.64
CKR-085,346.0,347.0,0.196,4.7,2.56
CKR-085,347.0,348.0,0.474,8.35,2.54
CKR-085,348.0,349.0,4.74,60.63,2.6
CKR-085,349.0,350.0,3.488,41.1,2.59
CKR-085,350.0,351.0,2.184,42.6,2.61
CKR-085,351.0,352.0,5.511,121.05,2.6
CKR-085,352.0,353.0,4.804,89.57,2.62
CKR-085,353.0,354.0,1.267,18.41,2.62
CKR-085,354.0,355.0,0.648,10.17,2.57
CKR-085,355.0,356.0,0.437,7.08,2.57
CKR-085,356.0,357.0,0.273,4.66,2.53
CKR-085,357.0,358.0,0.131,1.62,2.55
CKR-085,358.0,359.0,0.098,1.36,2.53
CKR-085,359.0,360.0,0.037,0.5,2.53
CKR-085,360.0,361.0,0.021,0.25,2.5
CKR-085,361.0,362.0,0.02,0.25,2.56
CKR-085,362.0,363.0,0.017,0.25,2.51
CKR-085,363.0,364.0,0.014,0.25,2.47
CKR-085,364.0,365.0,0.012,0.25,2.46
CKR-085,365.0,366.0,0.005,0.25,2.48
CKR-085,366.0,367.0,0.012,0.25,2.52
CKR-085,367.0,369.0,0.02,0.25,2.53
CKR-085,369.0,371.0,0.017,0.25,2.5
CKR-085,371.0,373.0,0.025,0.25,2.54
CKR-085,373.0,375.0,0.015,0.25,2.51
CKR-085,375.0,377.0,0.017,0.25,2.55
CKR-085,377.0,379.0,0.012,0.25,2.52
CKR-085,379.0,381.0,0.02,0.25,2.53
CKR-085,381.0,383.0,0.03,0.25,2.51
CKR-085,383.0,385.0,0.015,0.25,2.56
CKR-085,385.0,387.0,0.048,0.25,2.46
CKR-085,387.0,389.0,0.029,0.25,2.55
CKR-085,389.0,391.0,0.022,0.25,2.5
CKR-085,391.0,393.0,0.014,0.25,2.49
CKR-085,393.0,395.0,0.023,0.25,2.52
CKR-085,395.0,397.0,0.005,0.25,2.43
CKR-085,397.0,399.0,0.012,0.25,2.48
CKR-085,399.0,401.0,0.012,0.25,2.52
CKR-085,401.0,403.0,0.012,0.25,2.56
CKR-085,403.0,404.5,0.005,0.25,2.59
CKR-086,5.9,7.9,,,2.51
CKR-086,7.9,9.9,0.005,0.25,2.52
CKR-086,9.9,11.9,0.005,0.25,2.5
CKR-086,11.9,13.9,0.022,0.25,2.5
CKR-086,13.9,15.9,0.01,0.25,2.5
CKR-086,15.9,17.9,0.014,0.25,2.48
CKR-086,17.9,19.9,0.015,0.25,2.49
CKR-086,19.9,21.9,0.027,0.25,2.5
CKR-086,21.9,23.9,0.019,0.25,2.52
CKR-086,23.9,25.9,0.005,0.25,2.51
CKR-086,25.9,27.9,0.019,0.25,2.59
CKR-086,27.9,29.9,0.02,0.25,2.5
CKR-086,29.9,31.9,0.011,0.25,2.51
CKR-086,31.9,33.9,0.021,0.25,2.49
CKR-086,33.9,35.9,0.034,0.25,2.51
CKR-086,35.9,37.9,0.012,0.25,2.48
CKR-086,37.9,39.9,0.015,0.25,2.46
CKR-086,39.9,41.9,0.014,0.25,2.52
CKR-086,41.9,43.9,0.014,0.25,2.49
CKR-086,43.9,45.9,0.014,0.25,2.54
CKR-086,45.9,47.9,0.041,0.25,2.47
CKR-086,47.9,49.9,0.028,0.25,2.55
CKR-086,49.9,51.9,0.054,0.25,2.49
CKR-086,51.9,53.9,0.02,0.25,2.5
CKR-086,53.9,55.9,0.034,0.25,2.52
CKR-086,55.9,57.9,0.005,0.25,2.54
CKR-086,57.9,59.9,0.019,0.25,2.52
CKR-086,59.9,61.9,0.005,0.25,2.53
CKR-086,61.9,63.9,0.015,0.25,2.47
CKR-086,63.9,65.9,0.011,0.25,2.52
CKR-086,65.9,67.9,0.019,0.25,2.52
CKR-086,67.9,69.9,0.032,0.25,2.51
CKR-086,69.9,71.9,0.022,0.25,2.51
CKR-086,71.9,73.9,0.016,0.25,2.53
CKR-086,73.9,75.9,0.017,0.25,2.48
CKR-086,75.9,77.9,0.011,0.25,2.48
CKR-086,77.9,79.9,0.019,0.25,2.56
CKR-086,79.9,81.9,0.005,0.25,2.54
CKR-086,81.9,83.9,0.022,0.25,2.47
CKR-086,83.9,85.9,0.014,0.25,2.59
CKR-086,85.9,87.9,0.005,0.25,2.51
CKR-086,87.9,89.9,0.017,0.25,2.5
CKR-086,89.9,91.9,0.019,0.25,2.53
CKR-086,91.9,93.9,0.056,0.25,2.51
CKR-086,93.9,95.9,0.005,0.79,2.53
CKR-086,95.9,97.9,0.018,0.25,2.47
CKR-086,97.9,99.9,0.011,0.25,2.45
CKR-086,99.9,101.9,0.014,0.25,2.54
CKR-086,101.9,103.9,0.014,0.25,2.57
CKR-086,103.9,105.9,0.028,0.25,2.52
CKR-086,105.9,107.9,0.013,0.25,2.51
CKR-086,107.9,109.9,0.021,0.25,2.6
CKR-086,109.9,111.9,0.033,0.25,2.49
CKR-086,111.9,113.9,0.015,0.25,2.56
CKR-086,113.9,115.9,0.023,0.25,2.56
CKR-086,115.9,117.9,0.031,0.25,2.53
CKR-086,117.9,119.9,0.023,0.25,2.53
CKR-086,119.9,121.9,0.046,0.25,2.54
CKR-086,121.9,123.9,0.016,0.25,2.5
CKR-086,123.9,125.9,0.005,0.25,2.52
CKR-086,125.9,127.9,0.032,0.25,2.49
CKR-086,127.9,129.9,0.022,0.25,2.55
CKR-086,129.9,131.9,0.029,0.25,2.56
CKR-086,131.9,133.9,0.014,0.25,2.5
CKR-086,133.9,135.9,0.012,0.25,2.56
CKR-086,135.9,137.9,0.018,0.25,2.52
CKR-086,137.9,139.9,0.005,0.25,2.53
CKR-086,139.9,141.9,0.012,0.25,2.51
CKR-086,141.9,143.9,0.045,0.25,2.47
CKR-086,143.9,145.9,0.012,0.25,2.51
CKR-086,145.9,147.9,0.015,0.25,2.51
CKR-086,147.9,149.9,0.024,0.25,2.52
CKR-086,149.9,151.9,0.027,0.25,2.52
CKR-086,151.9,153.9,0.023,0.25,2.49
CKR-086,153.9,155.9,0.005,0.62,2.57
CKR-086,155.9,157.9,0.005,0.25,2.56
CKR-086,157.9,159.9,0.016,0.25,2.53
CKR-086,159.9,161.9,0.017,0.25,2.54
CKR-086,161.9,163.9,0.015,0.25,2.5
CKR-086,163.9,164.9,0.01,0.25,2.57
CKR-086,164.9,165.9,0.051,0.25,2.45
CKR-086,165.9,166.9,0.029,0.25,2.44
CKR-086,166.9,167.9,0.012,0.25,2.5
CKR-086,167.9,168.9,0.036,0.25,2.56
CKR-086,168.9,169.9,0.081,1.01,2.6
CKR-086,169.9,170.9,0.106,1.33,2.57
CKR-086,170.9,171.9,0.166,1.83,2.58
CKR-086,171.9,172.9,0.14,2.21,2.58
CKR-086,172.9,173.9,0.199,2.95,2.56
CKR-086,173.9,174.9,3.597,46.19,2.61
CKR-086,174.9,175.9,1.748,18.18,2.66
CKR-086,175.9,176.9,1.362,20.19,2.6
CKR-086,176.9,177.9,8.018,84.89,2.61
CKR-086,177.9,178.9,2.271,18.55,2.58
CKR-086,178.9,179.9,2.084,28.65,2.68
CKR-086,179.9,180.9,33.17,546.52,2.59
CKR-086,180.9,181.9,0.919,12.07,2.57
CKR-086,181.9,182.9,0.302,3.75,2.57
CKR-086,182.9,183.9,0.286,2.17,2.58
CKR-086,183.9,184.9,0.127,1.6,2.56
CKR-086,184.9,185.9,0.143,1.7,2.52
CKR-086,185.9,186.9,0.025,0.25,2.44
CKR-086,186.9,187.9,0.02,0.25,2.5
CKR-086,187.9,188.9,0.03,0.25,2.53
CKR-086,188.9,189.9,0.021,0.25,2.55
CKR-086,189.9,190.9,0.038,0.25,2.52
CKR-086,190.9,191.9,0.012,0.25,2.59
CKR-086,191.9,193.9,0.016,0.25,2.52
CKR-086,193.9,195.9,0.028,0.25,2.5
CKR-086,195.9,197.9,0.028,0.25,2.54
CKR-086,197.9,199.9,0.015,0.25,2.55
CKR-086,199.9,201.9,0.016,0.25,2.49
CKR-086,201.9,203.9,0.023,0.25,2.53
CKR-086,203.9,205.9,0.005,0.25,2.53
CKR-086,205.9,207.9,0.027,0.25,2.49
CKR-086,207.9,209.9,0.02,0.25,2.49
CKR-086,209.9,211.9,0.031,0.25,2.53
CKR-086,211.9,213.7,0.028,0.25,2.51
CKR-087,5.2,7.2,,,2.5
CKR-087,7.2,9.2,0.018,0.25,2.5
CKR-087,9.2,11.2,0.019,0.25,2.52
CKR-087,11.2,13.2,0.026,0.25,2.48
CKR-087,13.2,15.2,0.031,0.25,2.54
CKR-087,15.2,17.2,0.01,0.25,2.48
CKR-087,17.2,19.2,0.021,0.25,2.49
CKR-087,19.2,21.2,0.016,0.25,2.48
CKR-087,21.2,23.2,0.012,0.25,2.52
CKR-087,23.2,25.2,0.023,0.25,2.51
CKR-087,25.2,27.2,0.032,0.25,2.5
CKR-087,27.2,29.2,0.02,0.25,2.58
CKR-087,29.2,31.2,0.017,0.25,2.57
CKR-087,31.2,33.2,0.011,0.25,2.5
CKR-087,33.2,35.2,0.011,0.25,2.57
CKR-087,35.2,37.2,0.019,0.25,2.54
CKR-087,37.2,39.2,0.005,0.25,2.56
CKR-087,39.2,41.2,0.018,0.25,2.54
CKR-087,41.2,43.2,0.012,0.25,2.5
CKR-087,43.2,45.2,0.023,0.25,2.44
CKR-087,45.2,47.2,0.019,0.25,2.49
CKR-087,47.2,49.2,0.028,0.25,2.58
CKR-087,49.2,51.2,0.015,0.25,2.54
CKR-087,51.2,53.2,0.015,0.25,2.54
CKR-087,53.2,55.2,0.035,0.25,2.51
CKR-087,55.2,57.2,0.01,0.25,2.46
CKR-087,57.2,59.2,0.005,0.25,2.55
CKR-087,59.2,61.2,0.02,0.25,2.55
CKR-087,61.2,63.2,0.03,0.25,2.5
CKR-087,63.2,65.2,0.017,0.25,2.5
CKR-087,65.2,67.2,0.031,0.25,2.52
CKR-087,67.2,69.2,0.014,0.25,2.43
CKR-087,69.2,71.2,0.01,0.25,2.48
CKR-087,71.2,73.2,0.005,0.25,2.55
CKR-087,73.2,75.2,0.025,0.25,2.57
CKR-087,75.2,77.2,0.012,0.25,2.57
CKR-087,77.2,79.2,0.014,0.25,2.53
CKR-087,79.2,81.2,0.019,0.25,2.48
CKR-087,81.2,83.2,0.015,0.25,2.57
CKR-087,83.2,85.2,0.011,0.55,2.5
CKR-087,85.2,87.2,0.013,0.25,2.49
CKR-087,87.2,89.2,0.018,0.25,2.57
CKR-087,89.2,91.2,0.026,0.25,2.49
CKR-087,91.2,93.2,0.019,0.25,2.51
CKR-087,93.2,95.2,0.025,0.25,2.62
CKR-087,95.2,97.2,0.022,0.25,2.48
CKR-087,97.2,99.2,0.011,0.25,2.5
CKR-087,99.2,101.2,0.015,0.25,2.55
CKR-087,101.2,103.2,0.005,0.25,2.51
CKR-087,103.2,105.2,0.042,0.25,2.52
CKR-087,105.2,107.2,0.022,0.25,2.53
CKR-087,107.2,109.2,0.018,0.25,2.56
CKR-087,109.2,111.2,0.045,0.25,2.47
CKR-087,111.2,113.2,0.012,0.25,2.54
CKR-087,113.2,115.2,0.017,0.25,2.48
CKR-087,115.2,117.2,0.022,0.25,2.49
CKR-087,117.2,119.2,0.014,0.25,2.51
CKR-087,119.2,121.2,0.021,0.25,2.57
CKR-087,121.2,123.2,0.02,0.25,2.54
CKR-087,123.2,125.2,0.02,0.25,2.51
CKR-087,125.2,127.2,0.012,0.25,2.53
CKR-087,127.2,129.2,0.015,0.25,2.54
CKR-087,129.2,131.2,0.036,0.25,2.54
CKR-087,131.2,133.2,0.005,0.78,2.5
CKR-087,133.2,135.2,0.005,0.25,2.5
CKR-087,135.2,137.2,0.015,0.25,2.47
CKR-087,137.2,139.2,0.018,0.25,2.52
CKR-087,139.2,141.2,0.005,0.25,2.5
CKR-087,141.2,143.2,0.017,0.25,2.49
CKR-087,143.2,145.2,0.023,0.25,2.53
CKR-087,145.2,147.2,0.015,0.25,2.55
CKR-087,147.2,149.2,0.005,0.25,2.55
CKR-087,149.2,151.2,0.023,0.25,2.5
CKR-087,151.2,153.2,0.03,0.25,2.5
CKR-087,153.2,155.2,0.023,0.25,2.51
CKR-087,155.2,157.2,0.005,0.25,2.46
CKR-087,157.2,159.2,0.005,0.25,2.51
CKR-087,159.2,161.2,0.015,0.25,2.53
CKR-087,161.2,163.2,0.029,0.25,2.58
CKR-087,163.2,165.2,0.013,0.25,2.53
CKR-087,165.2,167.2,0.016,0.25,2.51
CKR-087,167.2,169.2,0.011,0.25,2.52
CKR-087,169.2,171.2,0.027,0.25,2.51
CKR-087,171.2,173.2,0.02,0.25,2.49
CKR-087,173.2,175.2,0.027,0.25,2.52
CKR-087,175.2,177.2,0.01,0.25,2.52
CKR-087,177.2,179.2,0.013,0.25,2.54
CKR-087,179.2,181.2,0.015,0.63,2.52
CKR-087,181.2,183.2,0.029,0.25,2.54
CKR-087,183.2,185.2,0.017,0.25,2.52
CKR-087,185.2,187.2,0.021,0.25,2.49
CKR-087,187.2,189.2,0.013,0.25,2.52
CKR-087,189.2,191.2,0.022,0.25,2.58
CKR-087,191.2,193.2,0.015,0.25,2.49
CKR-087,193.2,195.2,0.017,0.25,2.52
CKR-087,195.2,197.2,0.035,0.25,2.48
CKR-087,197.2,199.2,0.015,0.25,2.5
CKR-087,199.2,201.2,0.016,0.25,2.51
CKR-087,201.2,203.2,0.021,0.25,2.52
CKR-087,203.2,205.2,0.019,0.25,2.55
CKR-087,205.2,207.2,0.012,0.25,2.53
CKR-087,207.2,209.2,0.005,0.25,2.43
CKR-087,209.2,210.2,0.014,0.25,2.55
CKR-087,210.2,211.2,0.011,0.25,2.48
CKR-087,211.2,212.2,0.021,0.25,2.57
CKR-087,212.2,213.2,0.011,0.25,2.54
CKR-087,213.2,214.2,0.07,0.67,2.6
CKR-087,214.2,215.2,0.077,0.76,2.6
CKR-087,215.2,216.2,0.116,1.47,2.58
CKR-087,216.2,217.2,0.063,0.77,2.57
CKR-087,217.2,218.2,1.593,17.95,2.58
CKR-087,218.2,219.2,0.982,11.19,2.62
CKR-087,219.2,220.2,1.278,12.96,2.63
CKR-087,220.2,221.2,2.634,24.8,2.62
CKR-087,221.2,222.2,0.803,7.1,2.64
CKR-087,222.2,223.2,0.324,3.69,2.63
CKR-087,223.2,224.2,3.02,26.98,2.67
CKR-087,224.2,225.2,1.032,5.46,2.6
CKR-087,225.2,226.2,1.038,7.74,2.63
CKR-087,226.2,227.2,0.135,1.63,2.55
CKR-087,227.2,228.2,0.069,0.25,2.59
CKR-087,228.2,229.2,0.075,0.94,2.56
CKR-087,229.2,230.2,0.074,0.76,2.61
CKR-087,230.2,231.2,0.038,0.6,2.5
CKR-087,231.2,232.2,0.005,0.25,2.51
CKR-087,232.2,233.2,0.012,0.25,2.54
CKR-087,233.2,234.2,0.019,0.25,2.58
CKR-087,234.2,235.2,0.025,0.25,2.5
CKR-087,235.2,236.2,0.021,0.25,2.59
CKR-087,236.2,237.2,0.013,0.25,2.57
CKR-087,237.2,239.2,0.015,0.25,2.55
CKR-087,239.2,241.2,0.01,0.25,2.51
CKR-087,241.2,243.2,0.016,0.57,2.47
CKR-087,243.2,245.2,0.014,0.56,2.47
CKR-087,245.2,247.2,0.051,0.25,2.54
CKR-087,247.2,249.2,0.031,0.25,2.54
CKR-087,249.2,251.2,0.005,0.25,2.52
CKR-087,251.2,253.2,0.005,0.25,2.54
CKR-087,253.2,253.7,0.005,0.25,2.56
CKR-088,3.1,5.1,,,2.43
CKR-088,5.1,7.1,0.032,0.25,2.55
CKR-088,7.1,9.1,0.022,0.25,2.49
CKR-088,9.1,11.1,0.018,0.25,2.55
CKR-088,11.1,13.1,0.017,0.25,2.52
CKR-088,13.1,15.1,0.033,0.25,2.48
CKR-088,15.1,17.1,0.014,0.25,2.52
CKR-088,17.1,19.1,0.024,0.25,2.44
CKR-088,19.1,21.1,0.032,0.25,2.52
CKR-088,21.1,23.1,0.028,0.25,2.5
CKR-088,23.1,25.1,0.02,0.25,2.54
CKR-088,25.1,27.1,0.005,0.25,2.51
CKR-088,27.1,29.1,0.023,0.25,2.51
CKR-088,29.1,31.1,0.026,0.25,2.55
CKR-088,31.1,33.1,0.018,0.25,2.51
CKR-088,33.1,35.1,0.005,0.25,2.56
CKR-088,35.1,37.1,0.031,0.25,2.48
CKR-088,37.1,39.1,0.034,0.25,2.55
CKR-088,39.1,41.1,0.024,0.25,2.52
CKR-088,41.1,43.1,0.013,0.25,2.47
CKR-088,43.1,45.1,0.014,0.25,2.54
CKR-088,45.1,47.1,0.015,0.25,2.54
CKR-088,47.1,49.1,0.028,0.25,2.51
CKR-088,49.1,51.1,0.005,0.25,2.58
CKR-088,51.1,53.1,0.02,0.25,2.5
CKR-088,53.1,55.1,0.005,0.25,2.52
CKR-088,55.1,57.1,0.034,0.25,2.56
CKR-088,57.1,59.1,0.023,0.25,2.56
CKR-088,59.1,61.1,0.022,0.25,2.51
CKR-088,61.1,63.1,0.028,0.25,2.49
CKR-088,63.1,65.1,0.013,0.25,2.47
CKR-088,65.1,67.1,0.015,0.25,2.52
CKR-088,67.1,69.1,0.011,0.25,2.51
CKR-088,69.1,71.1,0.011,0.25,2.55
CKR-088,71.1,73.1,0.015,0.25,2.52
CKR-088,73.1,75.1,0.02,0.25,2.59
CKR-088,75.1,77.1,0.024,0.25,2.53
CKR-088,77.1,79.1,0.014,0.25,2.5
CKR-088,79.1,81.1,0.005,0.25,2.51
CKR-088,81.1,83.1,0.018,0.25,2.53
CKR-088,83.1,85.1,0.012,0.25,2.56
CKR-088,85.1,87.1,0.016,0.25,2.51
CKR-088,87.1,89.1,0.021,0.25,2.5
CKR-088,89.1,91.1,0.017,0.25,2.52
CKR-088,91.1,93.1,0.025,0.25,2.55
CKR-088,93.1,95.1,0.036,0.25,2.55
CKR-088,95.1,97.1,0.018,0.25,2.53
CKR-088,97.1,99.1,0.033,0.25,2.52
CKR-088,99.1,101.1,0.025,0.25,2.52
CKR-088,101.1,103.1,0.025,0.25,2.49
CKR-088,103.1,105.1,0.019,0.25,2.5
CKR-088,105.1,107.1,0.02,0.25,2.53
CKR-088,107.1,109.1,0.04,0.25,2.57
CKR-088,109.1,111.1,0.02,0.25,2.5
CKR-088,111.1,113.1,0.005,0.25,2.5
CKR-088,113.1,115.1,0.034,0.25,2.45
CKR-088,115.1,117.1,0.011,0.25,2.55
CKR-088,117.1,119.1,0.033,0.25,2.49
CKR-088,119.1,121.1,0.022,0.25,2.51
CKR-088,121.1,123.1,0.02,0.25,2.58
CKR-088,123.1,125.1,0.065,0.25,2.58
CKR-088,125.1,127.1,0.045,0.25,2.5
CKR-088,127.1,129.1,0.013,0.25,2.57
CKR-088,129.1,131.1,0.035,0.25,2.56
CKR-088,131.1,133.1,0.005,0.25,2.46
CKR-088,133.1,135.1,0.005,0.25,2.54
CKR-088,135.1,137.1,0.022,0.25,2.54
CKR-088,137.1,139.1,0.005,0.25,2.57
CKR-088,139.1,141.1,0.005,0.25,2.52
CKR-088,141.1,143.1,0.011,0.25,2.52
CKR-088,143.1,145.1,0.014,0.25,2.54
CKR-088,145.1,147.1,0.005,0.25,2.55
CKR-088,147.1,149.1,0.012,0.25,2.5
CKR-088,149.1,151.1,0.005,0.25,2.47
CKR-088,151.1,153.1,0.011,0.25,2.48
CKR-088,153.1,155.1,0.019,0.25,2.59
CKR-088,155.1,157.1,0.019,0.25,2.48
CKR-088,157.1,159.1,0.028,0.25,2.53
CKR-088,159.1,161.1,0.032,0.25,2.49
CKR-088,161.1,163.1,0.014,0.25,2.51
CKR-088,163.1,165.1,0.011,0.25,2.55
CKR-088,165.1,167.1,0.019,0.25,2.59
CKR-088,167.1,169.1,0.015,0.25,2.54
CKR-088,169.1,171.1,0.005,0.25,2.51
CKR-088,171.1,173.1,0.01,0.25,2.54
CKR-088,173.1,175.1,0.014,0.25,2.49
CKR-088,175.1,177.1,0.015,0.25,2.54
CKR-088,177.1,179.1,0.015,0.25,2.48
CKR-088,179.1,181.1,0.01,0.25,2.56
CKR-088,181.1,183.1,0.011,0.25,2.5
CKR-088,183.1,185.1,0.021,0.25,2.54
CKR-088,185.1,187.1,0.012,0.73,2.51
CKR-088,187.1,189.1,0.005,0.25,2.5
CKR-088,189.1,191.1,0.02,0.25,2.54
CKR-088,191.1,193.1,0.021,0.25,2.6
CKR-088,193.1,195.1,0.015,0.25,2.6
CKR-088,195.1,197.1,0.021,0.25,2.56
CKR-088,197.1,199.1,0.011,0.25,2.5
CKR-088,199.1,201.1,0.015,0.25,2.5
CKR-088,201.1,203.1,0.017,0.25,2.49
CKR-088,203.1,205.1,0.043,0.25,2.54
CKR-088,205.1,207.1,0.019,0.25,2.49
CKR-088,207.1,209.1,0.02,0.25,2.54
CKR-088,209.1,211.1,0.024,0.25,2.54
CKR-088,211.1,213.1,0.013,0.25,2.47
CKR-088,213.1,215.1,0.016,0.25,2.57
CKR-088,215.1,217.1,0.005,0.25,2.48
CKR-088,217.1,219.1,0.018,0.25,2.52
CKR-088,219.1,221.1,0.054,0.25,2.54
CKR-088,221.1,223.1,0.018,0.25,2.49
CKR-088,223.1,225.1,0.025,0.25,2.54
CKR-088,225.1,227.1,0.028,0.25,2.53
CKR-088,227.1,229.1,0.015,0.25,2.45
CKR-088,229.1,231.1,0.015,0.25,2.51
CKR-088,231.1,233.1,0.024,0.25,2.61
CKR-088,233.1,235.1,0.021,0.25,2.54
CKR-088,235.1,237.1,0.019,0.25,2.56
CKR-088,237.1,239.1,0.013,0.25,2.57
CKR-088,239.1,241.1,0.016,0.25,2.52
CKR-088,241.1,243.1,0.03,0.25,2.47
CKR-088,243.1,245.1,0.016,0.25,2.52
CKR-088,245.1,247.1,0.024,0.25,2.57
CKR-088,247.1,249.1,0.042,0.25,2.58
CKR-088,249.1,251.1,0.019,0.25,2.62
CKR-088,251.1,252.1,0.013,0.25,2.5
CKR-088,252.1,253.1,0.005,0.25,2.53
CKR-088,253.1,254.1,0.037,0.25,2.52
CKR-088,254.1,255.1,0.005,0.25,2.59
CKR-088,255.1,256.1,0.005,0.25,2.62
CKR-088,256.1,257.1,0.094,1.53,2.57
CKR-088,257.1,258.1,0.079,1.31,2.54
CKR-088,258.1,259.1,0.205,3.23,2.55
CKR-088,259.1,260.1,0.27,5.6,2.54
CKR-088,260.1,261.1,0.37,4.57,2.61
CKR-088,261.1,262.1,0.136,2.63,2.62
CKR-088,262.1,263.1,1.284,16.82,2.62
CKR-088,263.1,264.1,2.006,27.42,2.64
CKR-088,264.1,265.1,3.436,63.98,2.62
CKR-088,265.1,266.1,2.785,57.22,2.62
CKR-088,266.1,267.1,8.614,127.75,2.6
CKR-088,267.1,268.1,2.686,47.05,2.63
CKR-088,268.1,269.1,1.923,37.37,2.64
CKR-088,269.1,270.1,2.597,33.64,2.58
CKR-088,270.1,271.1,2.07,23.43,2.64
CKR-088,271.1,272.1,3.952,68.58,2.64
CKR-088,272.1,273.1,0.175,2.4,2.62
CKR-088,273.1,274.1,0.206,2.47,2.51
CKR-088,274.1,275.1,0.138,1.08,2.46
CKR-088,275.1,276.1,0.146,1.27,2.56
CKR-088,276.1,277.1,0.076,0.89,2.53
CKR-088,277.1,278.1,0.109,1.14,2.55
CKR-088,278.1,279.1,0.027,0.25,2.57
CKR-088,279.1,280.1,0.005,0.25,2.44
CKR-088,280.1,281.1,0.028,0.25,2.6
CKR-088,281.1,282.1,0.013,0.25,2.51
CKR-088,282.1,283.1,0.013,0.25,2.5
CKR-088,283.1,284.1,0.005,0.25,2.52
CKR-088,284.1,286.1,0.022,0.25,2.57
CKR-088,286.1,288.1,0.026,0.25,2.59
CKR-088,288.1,290.1,0.012,0.25,2.47
CKR-088,290.1,292.1,0.019,0.25,2.54
CKR-088,292.1,294.1,0.005,0.25,2.52
CKR-088,294.1,296.1,0.025,0.25,2.54
CKR-088,296.1,298.1,0.016,0.25,2.45
CKR-088,298.1,300.1,0.011,0.25,2.54
CKR-088,300.1,302.1,0.005,0.25,2.47
CKR-088,302.1,304.1,0.049,0.25,2.49
CKR-088,304.1,306.1,0.034,0.25,2.51
CKR-088,306.1,308.1,0.005,0.25,2.51
CKR-088,308.1,309.8,0.015,0.25,2.51
CKR-089,2.3,4.3,,,2.55
CKR-089,4.3,6.3,0.02,0.25,2.51
CKR-089,6.3,8.3,0.02,0.25,2.48
CKR-089,8.3,10.3,0.019,0.25,2.51
CKR-089,10.3,12.3,0.019,0.25,2.52
CKR-089,12.3,14.3,0.01,0.25,2.52
CKR-089,14.3,16.3,0.017,0.25,2.56
CKR-089,16.3,18.3,0.013,0.25,2.48
CKR-089,18.3,20.3,0.01,0.25,2.54
CKR-089,20.3,22.3,0.02,0.25,2.54
CKR-089,22.3,24.3,0.005,0.25,2.51
CKR-089,24.3,26.3,0.025,0.25,2.5
CKR-089,26.3,28.3,0.022,0.25,2.55
CKR-089,28.3,30.3,0.043,0.25,2.57
CKR-089,30.3,32.3,0.012,0.25,2.52
CKR-089,32.3,34.3,0.005,0.25,2.51
CKR-089,34.3,36.3,0.014,0.25,2.46
CKR-089,36.3,38.3,0.017,0.25,2.52
CKR-089,38.3,40.3,0.022,0.25,2.56
CKR-089,40.3,42.3,0.036,0.25,2.56
CKR-089,42.3,44.3,0.014,0.25,2.56
CKR-089,44.3,46.3,0.014,0.25,2.52
CKR-089,46.3,48.3,0.027,0.25,2.59
CKR-089,48.3,50.3,0.019,0.25,2.55
CKR-089,50.3,52.3,0.005,0.25,2.5
CKR-089,52.3,54.3,0.013,0.25,2.55
CKR-089,54.3,56.3,0.019,0.25,2.5
CKR-089,56.3,58.3,0.014,0.25,2.54
CKR-089,58.3,60.3,0.005,0.25,2.46
CKR-089,60.3,62.3,0.019,0.25,2.53
CKR-089,62.3,64.3,0.026,0.25,2.48
CKR-089,64.3,66.3,0.022,0.25,2.52
CKR-089,66.3,68.3,0.013,0.25,2.54
CKR-089,68.3,70.3,0.017,0.25,2.56
CKR-089,70.3,72.3,0.01,0.25,2.56
CKR-089,72.3,74.3,0.01,0.25,2.49
CKR-089,74.3,76.3,0.012,0.25,2.53
CKR-089,76.3,78.3,0.022,0.25,2.52
CKR-089,78.3,80.3,0.005,0.25,2.53
CKR-089,80.3,82.3,0.015,0.25,2.55
CKR-089,82.3,84.3,0.01,0.25,2.52
CKR-089,84.3,86.3,0.016,0.64,2.56
CKR-089,86.3,88.3,0.024,0.25,2.55
CKR-089,88.3,90.3,0.023,0.25,2.53
CKR-089,90.3,92.3,0.02,0.25,2.62
CKR-089,92.3,94.3,0.038,0.25,2.47
CKR-089,94.3,96.3,0.023,0.25,2.51
CKR-089,96.3,98.3,0.039,0.25,2.53
CKR-089,98.3,100.3,0.042,0.25,2.53
CKR-089,100.3,102.3,0.021,0.25,2.48
CKR-089,102.3,104.3,0.019,0.25,2.51
CKR-089,104.3,106.3,0.011,0.25,2.5
CKR-089,106.3,108.3,0.012,0.25,2.54
CKR-089,108.3,110.3,0.021,0.25,2.5
CKR-089,110.3,112.3,0.005,0.25,2.54
CKR-089,112.3,114.3,0.072,0.25,2.53
CKR-089,114.3,116.3,0.016,0.25,2.53
CKR-089,116.3,118.3,0.005,0.25,2.52
CKR-089,118.3,120.3,0.015,0.25,2.53
CKR-089,120.3,122.3,0.005,0.25,2.54
CKR-089,122.3,124.3,0.021,0.25,2.52
CKR-089,124.3,126.3,0.029,0.25,2.49
CKR-089,126.3,128.3,0.044,0.25,2.55
CKR-089,128.3,130.3,0.005,0.25,2.52
CKR-089,130.3,132.3,0.025,0.25,2.5
CKR-089,132.3,134.3,0.016,0.25,2.47
CKR-089,134.3,136.3,0.03,0.25,2.58
CKR-089,136.3,138.3,0.022,0.25,2.5
CKR-089,138.3,140.3,0.005,0.25,2.49
CKR-089,140.3,142.3,0.005,0.25,2.56
CKR-089,142.3,144.3,0.022,0.25,2.46
CKR-089,144.3,146.3,0.017,0.25,2.48
CKR-089,146.3,148.3,0.005,0.25,2.59
CKR-089,148.3,150.3,0.01,0.25,2.47
CKR-089,150.3,152.3,0.019,0.25,2.5
CKR-089,152.3,154.3,0.017,0.25,2.53
CKR-089,154.3,156.3,0.014,0.25,2.57
CKR-089,156.3,158.3,0.015,0.25,2.51
CKR-089,158.3,160.3,0.01,0.25,2.53
CKR-089,160.3,162.3,0.019,0.25,2.54
CKR-089,162.3,164.3,0.016,0.25,2.52
CKR-089,164.3,166.3,0.011,0.25,2.54
CKR-089,166.3,168.3,0.032,0.25,2.56
CKR-089,168.3,170.3,0.016,0.7,2.51
CKR-089,170.3,172.3,0.018,0.25,2.57
CKR-089,172.3,174.3,0.02,0.25,2.56
CKR-089,174.3,176.3,0.025,0.25,2.5
CKR-089,176.3,178.3,0.015,0.25,2.53
CKR-089,178.3,180.3,0.017,0.25,2.53
CKR-089,180.3,182.3,0.024,0.25,2.49
CKR-089,182.3,184.3,0.012,0.25,2.55
CKR-089,184.3,186.3,0.015,0.25,2.49
CKR-089,186.3,188.3,0.017,0.25,2.57
CKR-089,188.3,190.3,0.012,0.25,2.5
CKR-089,190.3,192.3,0.024,0.25,2.55
CKR-089,192.3,194.3,0.076,0.25,2.58
CKR-089,194.3,196.3,0.018,0.25,2.55
CKR-089,196.3,198.3,0.016,0.25,2.53
CKR-089,198.3,200.3,0.005,0.25,2.58
CKR-089,200.3,202.3,0.027,0.25,2.53
CKR-089,202.3,204.3,0.019,0.25,2.52
CKR-089,204.3,206.3,0.016,0.25,2.47
CKR-089,206.3,208.3,0.005,0.25,2.52
CKR-089,208.3,210.3,0.011,0.25,2.47
CKR-089,210.3,212.3,0.016,0.25,2.5
CKR-089,212.3,214.3,0.014,0.25,2.53
CKR-089,214.3,216.3,0.013,0.25,2.47
CKR-089,216.3,218.3,0.036,0.25,2.52
CKR-089,218.3,220.3,0.026,0.25,2.48
CKR-089,220.3,222.3,0.016,0.25,2.52
CKR-089,222.3,224.3,0.022,0.25,2.43
CKR-089,224.3,226.3,0.017,0.25,2.48
CKR-089,226.3,228.3,0.017,0.25,2.58
CKR-089,228.3,230.3,0.005,0.25,2.53
CKR-089,230.3,232.3,0.029,0.25,2.53
CKR-089,232.3,234.3,0.022,0.25,2.52
CKR-089,234.3,236.3,0.005,0.25,2.55
CKR-089,236.3,238.3,0.005,0.25,2.53
CKR-089,238.3,240.3,0.011,0.25,2.52
CKR-089,240.3,242.3,0.029,0.25,2.49
CKR-089,242.3,244.3,0.013,0.25,2.53
CKR-089,244.3,246.3,0.021,0.25,2.52
CKR-089,246.3,248.3,0.011,0.25,2.45
CKR-089,248.3,250.3,0.034,0.25,2.56
CKR-089,250.3,252.3,0.018,0.54,2.53
CKR-089,252.3,254.3,0.027,0.25,2.49
CKR-089,254.3,256.3,0.014,0.25,2.49
CKR-089,256.3,258.3,0.036,0.25,2.53
CKR-089,258.3,260.3,0.023,0.25,2.53
CKR-089,260.3,262.3,0.011,0.25,2.54
CKR-089,262.3,264.3,0.005,0.25,2.57
CKR-089,264.3,266.3,0.011,0.25,2.54
CKR-089,266.3,268.3,0.019,0.25,2.5
CKR-089,268.3,270.3,0.02,0.25,2.54
CKR-089,270.3,272.3,0.016,0.25,2.48
CKR-089,272.3,274.3,0.017,0.25,2.53
CKR-089,274.3,276.3,0.028,0.25,2.48
CKR-089,276.3,278.3,0.017,0.25,2.55
CKR-089,278.3,280.3,0.017,0.25,2.59
CKR-089,280.3,282.3,0.015,0.25,2.51
CKR-089,282.3,284.3,0.01,0.25,2.58
CKR-089,284.3,286.3,0.027,0.25,2.5
CKR-089,286.3,288.3,0.021,0.25,2.47
CKR-089,288.3,290.3,0.017,0.25,2.5
CKR-089,290.3,292.3,0.01,0.25,2.53
CKR-089,292.3,294.3,0.03,0.25,2.46
CKR-089,294.3,296.3,0.026,0.25,2.6
CKR-089,296.3,298.3,0.016,0.25,2.47
CKR-089,298.3,300.3,0.017,0.25,2.5
CKR-089,300.3,302.3,0.013,0.25,2.49
CKR-089,302.3,304.3,0.005,0.25,2.46
CKR-089,304.3,306.3,0.018,0.25,2.5
CKR-089,306.3,308.3,0.023,0.25,2.59
CKR-089,308.3,310.3,0.011,0.25,2.48
CKR-089,310.3,312.3,0.051,0.25,2.58
CKR-089,312.3,314.3,0.026,0.25,2.51
CKR-089,314.3,316.3,0.014,0.25,2.53
CKR-089,316.3,318.3,0.023,0.25,2.54
CKR-089,318.3,320.3,0.021,0.25,2.5
CKR-089,320.3,322.3,0.015,0.25,2.5
CKR-089,322.3,324.3,0.012,0.25,2.54
CKR-089,324.3,326.3,0.016,0.25,2.5
CKR-089,326.3,328.3,0.018,0.25,2.54
CKR-089,328.3,330.3,0.021,0.25,2.53
CKR-089,330.3,332.3,0.013,0.25,2.51
CKR-089,332.3,334.3,0.012,0.94,2.55
CKR-089,334.3,335.3,0.067,0.25,2.51
CKR-089,335.3,336.3,0.013,0.25,2.46
CKR-089,336.3,337.3,0.021,0.25,2.49
CKR-089,337.3,338.3,0.018,0.25,2.51
CKR-089,338.3,339.3,0.107,1.55,2.54
CKR-089,339.3,340.3,0.098,1.71,2.57
CKR-089,340.3,341.3,0.223,1.97,2.55
CKR-089,341.3,342.3,0.156,1.39,2.51
CKR-089,342.3,343.3,0.287,2.74,2.58
CKR-089,343.3,344.3,0.728,9.99,2.63
CKR-089,344.3,345.3,1.502,16.19,2.64
CKR-089,345.3,346.3,1.518,30.87,2.58
CKR-089,346.3,347.3,2.49,18.7,2.66
CKR-089,347.3,348.3,0.672,9.1,2.59
CKR-089,348.3,349.3,2.404,41.88,2.62
CKR-089,349.3,350.3,1.216,16.76,2.68
CKR-089,350.3,351.3,1.19,12.0,2.6
CKR-089,351.3,352.3,0.164,2.58,2.59
CKR-089,352.3,353.3,0.167,1.98,2.55
CKR-089,353.3,354.3,0.114,1.74,2.59
CKR-089,354.3,355.3,0.062,0.85,2.56
CKR-089,355.3,356.3,0.045,0.25,2.6
CKR-089,356.3,357.3,0.034,0.25,2.5
CKR-089,357.3,358.3,0.005,0.25,2.5
CKR-089,358.3,359.3,0.022,0.25,2.57
CKR-089,359.3,360.3,0.014,0.25,2.56
CKR-089,360.3,361.3,0.005,0.25,2.56
CKR-089,361.3,362.3,0.037,0.25,2.46
CKR-089,362.3,363.3,0.005,0.25,2.48
CKR-089,363.3,365.3,0.021,0.25,2.52
CKR-089,365.3,367.3,0.005,0.25,2.53
CKR-089,367.3,369.3,0.015,0.25,2.52
CKR-089,369.3,371.3,0.005,0.25,2.55
CKR-089,371.3,373.3,0.03,0.25,2.52
CKR-089,373.3,375.3,0.03,0.25,2.56
CKR-089,375.3,377.3,0.018,0.25,2.48
CKR-089,377.3,379.3,0.012,0.25,2.5
CKR-089,379.3,381.3,0.02,0.25,2.6
CKR-089,381.3,383.3,0.011,0.25,2.55
CKR-089,383.3,383.6,0.011,0.25,2.53
CKR-090,4.9,6.9,,,2.58
CKR-090,6.9,8.9,0.005,0.25,2.52
CKR-090,8.9,10.9,0.013,0.25,2.53
CKR-090,10.9,12.9,0.016,0.25,2.51
CKR-090,12.9,14.9,0.026,0.25,2.56
CKR-090,14.9,16.9,0.016,0.25,2.58
CKR-090,16.9,18.9,0.013,0.25,2.51
CKR-090,18.9,20.9,0.016,0.25,2.48
CKR-090,20.9,22.9,0.052,0.25,2.51
CKR-090,22.9,24.9,0.02,0.25,2.48
CKR-090,24.9,26.9,0.037,0.25,2.56
CKR-090,26.9,28.9,0.005,0.25,2.56
CKR-090,28.9,30.9,0.005,0.25,2.49
CKR-090,30.9,32.9,0.005,0.25,2.5
CKR-090,32.9,34.9,0.023,0.58,2.5
CKR-090,34.9,36.9,0.035,0.25,2.51
CKR-090,36.9,38.9,0.02,0.25,2.53
CKR-090,38.9,40.9,0.025,0.25,2.5
CKR-090,40.9,42.9,0.015,0.25,2.5
CKR-090,42.9,44.9,0.047,0.25,2.53
CKR-090,44.9,46.9,0.015,0.25,2.52
CKR-090,46.9,48.9,0.005,0.25,2.47
CKR-090,48.9,50.9,0.027,0.25,2.54
CKR-090,50.9,52.9,0.013,0.25,2.54
CKR-090,52.9,54.9,0.017,0.25,2.51
CKR-090,54.9,56.9,0.026,0.25,2.52
CKR-090,56.9,58.9,0.018,0.25,2.5
CKR-090,58.9,60.9,0.024,0.25,2.51
CKR-090,60.9,62.9,0.011,0.25,2.54
CKR-090,62.9,64.9,0.016,0.25,2.49
CKR-090,64.9,66.9,0.02,0.25,2.48
CKR-090,66.9,68.9,0.012,0.25,2.52
CKR-090,68.9,70.9,0.013,0.25,2.47
CKR-090,70.9,72.9,0.012,0.25,2.6
CKR-090,72.9,74.9,0.005,0.25,2.46
CKR-090,74.9,76.9,0.041,0.25,2.52
CKR-090,76.9,78.9,0.028,0.25,2.57
CKR-090,78.9,80.9,0.016,0.25,2.52
CKR-090,80.9,82.9,0.01,0.25,2.55
CKR-090,82.9,84.9,0.02,0.25,2.53
CKR-090,84.9,86.9,0.029,0.25,2.5
CKR-090,86.9,88.9,0.012,0.25,2.53
CKR-090,88.9,90.9,0.027,0.25,2.45
CKR-090,90.9,92.9,0.015,0.25,2.44
CKR-090,92.9,94.9,0.023,0.25,2.51
CKR-090,94.9,96.9,0.028,0.25,2.57
CKR-090,96.9,98.9,0.011,0.25,2.54
CKR-090,98.9,100.9,0.039,0.25,2.46
CKR-090,100.9,102.9,0.025,0.25,2.54
CKR-090,102.9,104.9,0.018,0.25,2.51
CKR-090,104.9,106.9,0.013,0.25,2.58
CKR-090,106.9,108.9,0.015,0.25,2.53
CKR-090,108.9,110.9,0.013,0.25,2.52
CKR-090,110.9,112.9,0.021,0.25,2.52
CKR-090,112.9,114.9,0.014,0.25,2.46
CKR-090,114.9,116.9,0.016,0.25,2.53
CKR-090,116.9,118.9,0.027,0.25,2.56
CKR-090,118.9,120.9,0.016,0.25,2.52
CKR-090,120.9,121.9,0.013,0.25,2.56
CKR-090,121.9,122.9,0.021,0.25,2.48
CKR-090,122.9,123.9,0.012,0.25,2.52
CKR-090,123.9,124.9,0.014,0.25,2.54
CKR-090,124.9,125.9,0.056,0.67,2.54
CKR-090,125.9,126.9,0.078,0.75,2.56
CKR-090,126.9,127.9,0.129,0.89,2.54
CKR-090,127.9,128.9,0.154,1.9,2.56
CKR-090,128.9,129.9,0.175,1.57,2.55
CKR-090,129.9,130.9,0.213,2.97,2.54
CKR-090,130.9,131.9,0.358,3.04,2.51
CKR-090,131.9,132.9,1.589,17.97,2.63
CKR-090,132.9,133.9,2.389,31.26,2.59
CKR-090,133.9,134.9,4.558,75.56,2.63
CKR-090,134.9,135.9,3.273,46.12,2.62
CKR-090,135.9,136.9,2.964,27.33,2.66
CKR-090,136.9,137.9,2.785,40.21,2.61
CKR-090,137.9,138.9,4.048,68.41,2.63
CKR-090,138.9,139.9,1.863,15.51,2.69
CKR-090,139.9,140.9,1.494,18.82,2.7
CKR-090,140.9,141.9,0.444,8.5,2.6
CKR-090,141.9,142.9,0.349,3.57,2.6
CKR-090,142.9,143.9,0.33,5.76,2.56
CKR-090,143.9,144.9,0.289,4.2,2.58
CKR-090,144.9,145.9,0.014,0.25,2.52
CKR-090,145.9,146.9,0.021,0.25,2.6
CKR-090,146.9,147.9,0.017,0.25,2.56
CKR-090,147.9,148.9,0.03,0.25,2.57
CKR-090,148.9,149.9,0.026,0.25,2.52
CKR-090,149.9,150.9,0.023,0.25,2.51
CKR-090,150.9,152.9,0.005,0.25,2.53
CKR-090,152.9,154.9,0.015,0.25,2.49
CKR-090,154.9,156.9,0.032,0.25,2.52
CKR-090,156.9,158.9,0.029,0.25,2.57
CKR-090,158.9,160.9,0.028,0.25,2.54
CKR-090,160.9,162.9,0.026,0.25,2.55
CKR-090,162.9,164.9,0.01,0.25,2.46
CKR-090,164.9,166.9,0.024,0.25,2.5
CKR-090,166.9,168.9,0.005,0.25,2.46
CKR-090,168.9,171.1,0.011,0.54,2.56
CKR-091,2.9,4.9,,,2.5
CKR-091,4.9,6.9,0.011,0.25,2.51
CKR-091,6.9,8.9,0.017,0.25,2.52
CKR-091,8.9,10.9,0.018,0.25,2.46
CKR-091,10.9,12.9,0.023,0.25,2.5
CKR-091,12.9,14.9,0.005,0.25,2.54
CKR-091,14.9,16.9,0.024,0.25,2.53
CKR-091,16.9,18.9,0.025,0.25,2.53
CKR-091,18.9,20.9,0.025,0.25,2.53
CKR-091,20.9,22.9,0.024,0.25,2.57
CKR-091,22.9,24.9,0.021,0.25,2.47
CKR-091,24.9,26.9,0.014,0.25,2.48
CKR-091,26.9,28.9,0.028,0.25,2.57
CKR-091,28.9,30.9,0.014,0.25,2.5
CKR-091,30.9,32.9,0.011,0.25,2.49
CKR-091,32.9,34.9,0.005,0.25,2.51
CKR-091,34.9,36.9,0.025,0.25,2.47
CKR-091,36.9,38.9,0.005,0.25,2.59
CKR-091,38.9,40.9,0.014,0.25,2.52
CKR-091,40.9,42.9,0.012,0.25,2.51
CKR-091,42.9,44.9,0.024,0.25,2.57
CKR-091,44.9,46.9,0.013,0.25,2.51
CKR-091,46.9,48.9,0.005,0.25,2.5
CKR-091,48.9,50.9,0.019,0.25,2.53
CKR-091,50.9,52.9,0.021,0.25,2.48
CKR-091,52.9,54.9,0.011,0.25,2.55
CKR-091,54.9,56.9,0.021,0.25,2.54
CKR-091,56.9,58.9,0.021,0.25,2.54
CKR-091,58.9,60.9,0.013,0.25,2.57
CKR-091,60.9,62.9,0.014,0.25,2.48
CKR-091,62.9,64.9,0.012,0.25,2.58
CKR-091,64.9,66.9,0.019,0.25,2.53
CKR-091,66.9,68.9,0.019,0.25,2.54
CKR-091,68.9,70.9,0.023,0.25,2.55
CKR-091,70.9,72.9,0.021,0.25,2.48
CKR-091,72.9,74.9,0.011,0.25,2.56
CKR-091,74.9,76.9,0.015,0.25,2.59
CKR-091,76.9,78.9,0.032,0.25,2.47
CKR-091,78.9,80.9,0.014,0.25,2.53
CKR-091,80.9,82.9,0.014,0.25,2.53
CKR-091,82.9,84.9,0.005,0.25,2.51
CKR-091,84.9,86.9,0.012,0.25,2.53
CKR-091,86.9,88.9,0.032,0.25,2.61
CKR-091,88.9,90.9,0.032,0.25,2.5
CKR-091,90.9,92.9,0.038,0.25,2.56
CKR-091,92.9,94.9,0.012,0.25,2.47
CKR-091,94.9,96.9,0.013,0.25,2.53
CKR-091,96.9,98.9,0.03,0.25,2.5
CKR-091,98.9,100.9,0.023,0.25,2.51
CKR-091,100.9,102.9,0.024,0.25,2.51
CKR-091,102.9,104.9,0.021,0.25,2.51
CKR-091,104.9,106.9,0.036,0.25,2.56
CKR-091,106.9,108.9,0.023,0.25,2.51
CKR-091,108.9,110.9,0.017,0.25,2.5
CKR-091,110.9,112.9,0.018,0.25,2.53
CKR-091,112.9,114.9,0.015,0.25,2.48
CKR-091,114.9,116.9,0.005,0.25,2.45
CKR-091,116.9,118.9,0.061,0.25,2.51
CKR-091,118.9,120.9,0.01,0.25,2.56
CKR-091,120.9,122.9,0.005,0.25,2.52
CKR-091,122.9,124.9,0.018,0.25,2.48
CKR-091,124.9,126.9,0.016,0.64,2.53
CKR-091,126.9,128.9,0.017,0.25,2.53
CKR-091,128.9,130.9,0.005,0.25,2.53
CKR-091,130.9,132.9,0.017,0.25,2.54
CKR-091,132.9,134.9,0.01,0.25,2.52
CKR-091,134.9,136.9,0.016,0.25,2.49
CKR-091,136.9,138.9,0.01,0.25,2.46
CKR-091,138.9,140.9,0.013,0.25,2.51
CKR-091,140.9,142.9,0.01,0.25,2.52
CKR-091,142.9,144.9,0.021,0.25,2.52
CKR-091,144.9,146.9,0.018,0.25,2.53
CKR-091,146.9,148.9,0.01,0.25,2.55
CKR-091,148.9,150.9,0.015,0.25,2.54
CKR-091,150.9,152.9,0.023,0.25,2.54
CKR-091,152.9,154.9,0.027,0.25,2.49
CKR-091,154.9,156.9,0.016,0.25,2.47
CKR-091,156.9,158.9,0.075,0.25,2.54
CKR-091,158.9,160.9,0.02,0.25,2.52
CKR-091,160.9,162.9,0.026,0.25,2.52
CKR-091,162.9,164.9,0.03,0.25,2.51
CKR-091,164.9,166.9,0.012,0.25,2.51
CKR-091,166.9,168.9,0.014,0.25,2.53
CKR-091,168.9,170.9,0.014,0.25,2.47
CKR-091,170.9,172.9,0.066,0.25,2.6
CKR-091,172.9,174.9,0.011,0.25,2.55
CKR-091,174.9,176.9,0.015,0.25,2.48
CKR-091,176.9,178.9,0.018,0.25,2.47
CKR-091,178.9,180.9,0.011,0.25,2.6
CKR-091,180.9,182.9,0.063,0.25,2.52
CKR-091,182.9,184.9,0.017,0.25,2.56
CKR-091,184.9,186.9,0.01,0.25,2.52
CKR-091,186.9,188.9,0.011,0.25,2.47
CKR-091,188.9,190.9,0.005,0.25,2.52
CKR-091,190.9,192.9,0.005,0.25,2.56
CKR-091,192.9,194.9,0.017,0.25,2.47
CKR-091,194.9,196.9,0.02,0.25,2.56
CKR-091,196.9,198.9,0.012,0.25,2.55
CKR-091,198.9,200.9,0.021,0.25,2.5
CKR-091,200.9,202.9,0.016,0.25,2.52
CKR-091,202.9,204.9,0.018,0.25,2.56
CKR-091,204.9,206.9,0.014,0.25,2.55
CKR-091,206.9,208.9,0.022,0.25,2.52
CKR-091,208.9,210.9,0.013,0.25,2.48
CKR-091,210.9,212.9,0.018,0.51,2.53
CKR-091,212.9,214.9,0.013,0.25,2.6
CKR-091,214.9,216.9,0.014,0.25,2.53
CKR-091,216.9,218.9,0.042,0.25,2.53
CKR-091,218.9,220.9,0.005,0.25,2.45
CKR-091,220.9,222.9,0.033,0.25,2.48
CKR-091,222.9,224.9,0.018,0.25,2.49
CKR-091,224.9,226.9,0.044,0.25,2.48
CKR-091,226.9,227.9,0.026,0.25,2.48
CKR-091,227.9,228.9,0.013,0.25,2.5
CKR-091,228.9,229.9,0.005,0.25,2.54
CKR-091,229.9,230.9,0.019,0.25,2.46
CKR-091,230.9,231.9,0.012,0.25,2.47
CKR-091,231.9,232.9,0.062,0.5,2.58
CKR-091,232.9,233.9,0.112,0.8,2.61
CKR-091,233.9,234.9,0.182,1.97,2.55
CKR-091,234.9,235.9,0.159,1.65,2.53
CKR-091,235.9,236.9,0.705,4.0,2.62
CKR-091,236.9,237.9,2.181,13.87,2.68
CKR-091,237.9,238.9,5.244,54.79,2.63
CKR-091,238.9,239.9,2.362,20.96,2.65
CKR-091,239.9,240.9,4.652,37.36,2.64
CKR-091,240.9,241.9,3.399,20.41,2.65
CKR-091,241.9,242.9,0.553,4.69,2.56
CKR-091,242.9,243.9,0.112,0.83,2.63
CKR-091,243.9,244.9,0.158,1.19,2.51
CKR-091,244.9,245.9,0.101,0.88,2.57
CKR-091,245.9,246.9,0.089,0.88,2.54
CKR-091,246.9,247.9,0.005,0.25,2.5
CKR-091,247.9,248.9,0.015,0.25,2.53
CKR-091,248.9,249.9,0.022,0.25,2.49
CKR-091,249.9,250.9,0.012,0.25,2.52
CKR-091,250.9,251.9,0.013,0.25,2.51
CKR-091,251.9,252.9,0.011,0.25,2.57
CKR-091,252.9,254.9,0.02,0.25,2.51
CKR-091,254.9,256.9,0.026,0.25,2.53
CKR-091,256.9,258.9,0.011,0.25,2.48
CKR-091,258.9,260.9,0.015,0.25,2.55
CKR-091,260.9,262.9,0.029,0.25,2.5
CKR-091,262.9,264.9,0.04,0.25,2.51
CKR-091,264.9,266.9,0.031,0.25,2.58
CKR-091,266.9,268.9,0.021,0.25,2.48
CKR-091,268.9,270.1,0.005,0.25,2.55
CKR-092,3.5,5.5,,,2.48
CKR-092,5.5,7.5,0.039,0.25,2.5
CKR-092,7.5,9.5,0.014,0.25,2.5
CKR-092,9.5,11.5,0.017,0.25,2.5
CKR-092,11.5,13.5,0.01,0.25,2.51
CKR-092,13.5,15.5,0.029,0.25,2.55
CKR-092,15.5,17.5,0.018,0.25,2.6
CKR-092,17.5,19.5,0.012,0.25,2.53
CKR-092,19.5,21.5,0.005,0.25,2.53
CKR-092,21.5,23.5,0.005,0.25,2.5
CKR-092,23.5,25.5,0.024,0.25,2.45
CKR-092,25.5,27.5,0.005,0.25,2.54
CKR-092,27.5,29.5,0.022,0.25,2.55
CKR-092,29.5,31.5,0.019,0.25,2.54
CKR-092,31.5,33.5,0.018,0.25,2.56
CKR-092,33.5,35.5,0.027,0.25,2.45
CKR-092,35.5,37.5,0.014,0.25,2.56
CKR-092,37.5,39.5,0.021,0.25,2.51
CKR-092,39.5,41.5,0.012,0.25,2.49
CKR-092,41.5,43.5,0.016,0.25,2.5
CKR-092,43.5,45.5,0.013,0.25,2.47
CKR-092,45.5,47.5,0.018,0.25,2.56
CKR-092,47.5,49.5,0.012,0.25,2.52
CKR-092,49.5,51.5,0.023,0.25,2.5
CKR-092,51.5,53.5,0.021,0.25,2.52
CKR-092,53.5,55.5,0.013,0.25,2.5
CKR-092,55.5,57.5,0.011,0.25,2.55
CKR-092,57.5,59.5,0.021,0.25,2.51
CKR-092,59.5,61.5,0.015,0.25,2.52
CKR-092,61.5,63.5,0.022,0.25,2.52
CKR-092,63.5,65.5,0.019,0.25,2.48
CKR-092,65.5,67.5,0.005,0.25,2.54
CKR-092,67.5,69.5,0.012,0.25,2.55
CKR-092,69.5,71.5,0.019,0.25,2.5
CKR-092,71.5,73.5,0.016,0.25,2.53
CKR-092,73.5,75.5,0.015,0.25,2.51
CKR-092,75.5,77.5,0.02,0.25,2.56
CKR-092,77.5,79.5,0.018,0.25,2.57
CKR-092,79.5,81.5,0.023,0.25,2.51
CKR-092,81.5,83.5,0.024,0.25,2.48
CKR-092,83.5,85.5,0.019,0.25,2.55
CKR-092,85.5,87.5,0.03,0.25,2.5
CKR-092,87.5,89.5,0.035,0.25,2.58
CKR-092,89.5,91.5,0.023,0.25,2.49
CKR-092,91.5,93.5,0.016,0.25,2.48
CKR-092,93.5,95.5,0.02,0.25,2.52
CKR-092,95.5,97.5,0.025,0.25,2.55
CKR-092,97.5,99.5,0.016,0.25,2.44
CKR-092,99.5,101.5,0.044,0.25,2.5
CKR-092,101.5,103.5,0.011,0.25,2.52
CKR-092,103.5,105.5,0.005,0.25,2.59
CKR-092,105.5,107.5,0.005,0.25,2.51
CKR-092,107.5,109.5,0.02,0.25,2.49
CKR-092,109.5,111.5,0.005,0.25,2.59
CKR-092,111.5,113.5,0.018,0.25,2.48
CKR-092,113.5,115.5,0.02,0.25,2.51
CKR-092,115.5,117.5,0.021,0.25,2.5
CKR-092,117.5,119.5,0.044,0.25,2.53
CKR-092,119.5,121.5,0.015,0.25,2.54
CKR-092,121.5,123.5,0.016,0.25,2.56
CKR-092,123.5,125.5,0.014,0.25,2.55
CKR-092,125.5,127.5,0.015,0.25,2.53
CKR-092,127.5,129.5,0.018,0.25,2.53
CKR-092,129.5,131.5,0.07,0.25,2.52
CKR-092,131.5,133.5,0.017,0.25,2.52
CKR-092,133.5,135.5,0.031,0.25,2.46
CKR-092,135.5,137.5,0.035,0.25,2.5
CKR-092,137.5,139.5,0.013,0.25,2.49
CKR-092,139.5,141.5,0.014,0.25,2.51
CKR-092,141.5,143.5,0.016,0.25,2.5
CKR-092,143.5,145.5,0.033,0.25,2.5
CKR-092,145.5,147.5,0.005,0.25,2.55
CKR-092,147.5,149.5,0.035,0.25,2.56
CKR-092,149.5,151.5,0.005,0.25,2.53
CKR-092,151.5,153.5,0.005,0.25,2.51
CKR-092,153.5,155.5,0.028,0.25,2.56
CKR-092,155.5,157.5,0.01,0.25,2.55
CKR-092,157.5,159.5,0.015,0.25,2.57
CKR-092,159.5,161.5,0.069,0.25,2.52
CKR-092,161.5,163.5,0.005,0.25,2.52
CKR-092,163.5,165.5,0.052,0.25,2.49
CKR-092,165.5,167.5,0.015,0.25,2.52
CKR-092,167.5,169.5,0.016,0.25,2.5
CKR-092,169.5,171.5,0.021,0.25,2.55
CKR-092,171.5,173.5,0.019,0.25,2.5
CKR-092,173.5,175.5,0.025,0.25,2.53
CKR-092,175.5,177.5,0.02,0.51,2.54
CKR-092,177.5,179.5,0.011,0.25,2.49
CKR-092,179.5,181.5,0.005,0.25,2.48
CKR-092,181.5,183.5,0.012,0.25,2.54
CKR-092,183.5,185.5,0.048,0.25,2.52
CKR-092,185.5,187.5,0.03,0.25,2.53
CKR-092,187.5,189.5,0.011,0.25,2.53
CKR-092,189.5,191.5,0.018,0.25,2.54
CKR-092,191.5,193.5,0.016,0.25,2.47
CKR-092,193.5,195.5,0.005,0.25,2.43
CKR-092,195.5,197.5,0.017,0.25,2.49
CKR-092,197.5,199.5,0.029,0.25,2.54
CKR-092,199.5,201.5,0.005,0.25,2.5
CKR-092,201.5,203.5,0.012,0.25,2.53
CKR-092,203.5,205.5,0.015,0.25,2.51
CKR-092,205.5,207.5,0.016,0.25,2.5
CKR-092,207.5,209.5,0.005,0.25,2.51
CKR-092,209.5,211.5,0.018,0.25,2.52
CKR-092,211.5,213.5,0.044,0.25,2.48
CKR-092,213.5,215.5,0.022,0.25,2.53
CKR-092,215.5,217.5,0.011,0.25,2.5
CKR-092,217.5,219.5,0.036,0.25,2.51
CKR-092,219.5,221.5,0.011,0.25,2.54
CKR-092,221.5,223.5,0.019,0.25,2.48
CKR-092,223.5,225.5,0.005,0.25,2.51
CKR-092,225.5,227.5,0.025,0.25,2.5
CKR-092,227.5,229.5,0.027,0.25,2.48
CKR-092,229.5,231.5,0.043,0.25,2.55
CKR-092,231.5,233.5,0.021,0.25,2.55
CKR-092,233.5,235.5,0.032,0.25,2.53
CKR-092,235.5,237.5,0.045,0.25,2.56
CKR-092,237.5,239.5,0.022,0.25,2.5
CKR-092,239.5,241.5,0.011,0.25,2.56
CKR-092,241.5,243.5,0.018,0.25,2.45
CKR-092,243.5,245.5,0.021,0.25,2.52
CKR-092,245.5,247.5,0.023,0.25,2.51
CKR-092,247.5,249.5,0.017,0.25,2.51
CKR-092,249.5,251.5,0.031,0.25,2.53
CKR-092,251.5,253.5,0.027,0.25,2.46
CKR-092,253.5,255.5,0.005,0.25,2.52
CKR-092,255.5,257.5,0.038,0.25,2.51
CKR-092,257.5,259.5,0.025,0.25,2.57
CKR-092,259.5,261.5,0.034,0.25,2.51
CKR-092,261.5,263.5,0.005,0.25,2.48
CKR-092,263.5,265.5,0.085,0.25,2.5
CKR-092,265.5,267.5,0.005,0.25,2.52
CKR-092,267.5,269.5,0.013,0.25,2.51
CKR-092,269.5,271.5,0.016,0.25,2.55
CKR-092,271.5,273.5,0.027,0.25,2.51
CKR-092,273.5,275.5,0.017,0.25,2.52
CKR-092,275.5,277.5,0.012,0.25,2.52
CKR-092,277.5,279.5,0.018,0.25,2.53
CKR-092,279.5,280.5,0.017,0.25,2.47
CKR-092,280.5,281.5,0.081,0.25,2.52
CKR-092,281.5,282.5,0.049,0.25,2.53
CKR-092,282.5,283.5,0.005,0.25,2.52
CKR-092,283.5,284.5,0.005,0.25,2.51
CKR-092,284.5,285.5,0.23,1.09,2.59
CKR-092,285.5,286.5,0.138,0.94,2.61
CKR-092,286.5,287.5,0.149,0.97,2.56
CKR-092,287.5,288.5,0.377,1.69,2.52
CKR-092,288.5,289.5,0.289,0.97,2.6
CKR-092,289.5,290.5,2.337,13.08,2.66
CKR-092,290.5,291.5,8.882,47.43,2.59
CKR-092,291.5,292.5,3.676,17.04,2.55
CKR-092,292.5,293.5,24.311,132.4,2.66
CKR-092,293.5,294.5,2.643,10.38,2.6
CKR-092,294.5,295.5,2.705,10.91,2.56
CKR-092,295.5,296.5,3.709,19.81,2.71
CKR-092,296.5,297.5,4.139,16.62,2.6
CKR-092,297.5,298.5,4.8,35.76,2.5
CKR-092,298.5,299.5,0.372,2.54,2.61
CKR-092,299.5,300.5,0.466,3.18,2.54
CKR-092,300.5,301.5,0.236,1.97,2.55
CKR-092,301.5,302.5,0.142,0.25,2.58
CKR-092,302.5,303.5,0.146,1.19,2.56
CKR-092,303.5,304.5,0.063,0.25,2.67
CKR-092,304.5,305.5,0.043,0.25,2.56
CKR-092,305.5,306.5,0.072,0.25,2.6
CKR-092,306.5,307.5,0.019,0.25,2.54
CKR-092,307.5,308.5,0.005,0.25,2.74
CKR-092,308.5,309.5,0.011,0.25,2.54
CKR-092,309.5,310.5,0.005,0.25,2.5
CKR-092,310.5,311.5,0.01,0.25,2.64
CKR-092,311.5,312.5,0.005,0.52,2.59
CKR-092,312.5,313.5,0.047,0.25,2.51
CKR-092,313.5,315.5,0.017,0.25,2.53
CKR-092,315.5,317.5,0.025,0.25,2.48
CKR-092,317.5,319.5,0.011,0.25,2.54
CKR-092,319.5,321.5,0.013,0.25,2.5
CKR-092,321.5,323.5,0.01,0.25,2.5
CKR-092,323.5,325.5,0.022,0.25,2.52
CKR-092,325.5,327.5,0.057,0.25,2.49
CKR-092,327.5,329.4,0.005,0.25,2.5
CKR-093,3.7,5.7,,,2.55
CKR-093,5.7,7.7,0.024,0.25,2.52
CKR-093,7.7,9.7,0.022,0.25,2.51
CKR-093,9.7,11.7,0.005,0.25,2.58
CKR-093,11.7,13.7,0.005,0.52,2.57
CKR-093,13.7,15.7,0.012,0.25,2.5
CKR-093,15.7,17.7,0.021,0.25,2.49
CKR-093,17.7,19.7,0.015,0.25,2.49
CKR-093,19.7,21.7,0.011,0.25,2.47
CKR-093,21.7,23.7,0.017,0.25,2.5
CKR-093,23.7,25.7,0.016,0.25,2.56
CKR-093,25.7,27.7,0.024,0.25,2.54
CKR-093,27.7,29.7,0.027,0.53,2.53
CKR-093,29.7,31.7,0.025,0.25,2.52
CKR-093,31.7,33.7,0.013,0.25,2.56
CKR-093,33.7,35.7,0.015,0.25,2.55
CKR-093,35.7,37.7,0.018,0.25,2.51
CKR-093,37.7,39.7,0.015,0.25,2.54
CKR-093,39.7,41.7,0.02,0.25,2.55
CKR-093,41.7,43.7,0.024,0.25,2.56
CKR-093,43.7,45.7,0.028,0.25,2.53
CKR-093,45.7,47.7,0.005,0.25,2.54
CKR-093,47.7,49.7,0.005,0.25,2.49
CKR-093,49.7,51.7,0.015,0.25,2.5
CKR-093,51.7,53.7,0.014,0.25,2.51
CKR-093,53.7,55.7,0.005,0.25,2.48
CKR-093,55.7,57.7,0.027,0.25,2.57
CKR-093,57.7,59.7,0.012,0.25,2.48
CKR-093,59.7,61.7,0.01,0.58,2.61
CKR-093,61.7,63.7,0.011,0.25,2.57
CKR-093,63.7,65.7,0.017,0.25,2.59
CKR-093,65.7,67.7,0.03,0.25,2.49
CKR-093,67.7,69.7,0.019,0.25,2.57
CKR-093,69.7,71.7,0.019,0.25,2.51
CKR-093,71.7,73.7,0.028,0.25,2.49
CKR-093,73.7,75.7,0.005,0.25,2.51
CKR-093,75.7,77.7,0.021,0.25,2.52
CKR-093,77.7,79.7,0.013,0.25,2.49
CKR-093,79.7,81.7,0.034,0.25,2.53
CKR-093,81.7,83.7,0.023,0.25,2.54
CKR-093,83.7,85.7,0.005,0.25,2.54
CKR-093,85.7,87.7,0.011,0.25,2.46
CKR-093,87.7,89.7,0.015,0.25,2.52
CKR-093,89.7,91.7,0.011,0.25,2.51
CKR-093,91.7,93.7,0.014,0.25,2.51
CKR-093,93.7,95.7,0.005,0.25,2.52
CKR-093,95.7,97.7,0.035,0.25,2.47
CKR-093,97.7,99.7,0.041,0.25,2.58
CKR-093,99.7,101.7,0.027,0.25,2.48
CKR-093,101.7,103.7,0.024,0.25,2.5
CKR-093,103.7,105.7,0.02,0.25,2.52
CKR-093,105.7,107.7,0.018,0.25,2.49
CKR-093,107.7,109.7,0.011,0.25,2.49
CKR-093,109.7,111.7,0.029,0.25,2.5
CKR-093,111.7,113.7,0.014,0.25,2.56
CKR-093,113.7,115.7,0.005,0.25,2.55
CKR-093,115.7,117.7,0.019,0.25,2.53
CKR-093,117.7,119.7,0.03,0.25,2.51
CKR-093,119.7,121.7,0.017,0.25,2.54
CKR-093,121.7,123.7,0.015,0.25,2.52
CKR-093,123.7,125.7,0.014,0.25,2.55
CKR-093,125.7,127.7,0.014,0.25,2.51
CKR-093,127.7,129.7,0.017,0.25,2.52
CKR-093,129.7,131.7,0.017,0.25,2.5
CKR-093,131.7,133.7,0.02,0.25,2.54
CKR-093,133.7,135.7,0.035,0.25,2.56
CKR-093,135.7,137.7,0.037,0.25,2.53
CKR-093,137.7,139.7,0.015,0.25,2.5
CKR-093,139.7,141.7,0.005,0.25,2.48
CKR-093,141.7,143.7,0.005,0.25,2.54
CKR-093,143.7,145.7,0.017,0.25,2.52
CKR-093,145.7,147.7,0.017,0.25,2.47
CKR-093,147.7,149.7,0.012,0.25,2.59
CKR-093,149.7,151.7,0.025,0.25,2.53
CKR-093,151.7,153.7,0.021,0.25,2.55
CKR-093,153.7,155.7,0.005,0.25,2.49
CKR-093,155.7,157.7,0.022,0.25,2.58
CKR-093,157.7,159.7,0.014,0.25,2.53
CKR-093,159.7,161.7,0.005,0.25,2.56
CKR-093,161.7,163.7,0.017,0.25,2.49
CKR-093,163.7,165.7,0.019,0.25,2.47
CKR-093,165.7,167.7,0.005,0.64,2.46
CKR-093,167.7,169.7,0.014,0.25,2.51
CKR-093,169.7,171.7,0.03,0.25,2.51
CKR-093,171.7,173.7,0.032,0.25,2.51
CKR-093,173.7,175.7,0.014,0.25,2.53
CKR-093,175.7,177.7,0.013,0.25,2.57
CKR-093,177.7,179.7,0.012,0.25,2.46
CKR-093,179.7,181.7,0.005,0.25,2.56
CKR-093,181.7,183.7,0.013,0.25,2.59
CKR-093,183.7,185.7,0.014,0.25,2.55
CKR-093,185.7,187.7,0.018,0.25,2.49
CKR-093,187.7,189.7,0.038,0.25,2.53
CKR-093,189.7,191.7,0.015,0.25,2.56
CKR-093,191.7,193.7,0.012,0.25,2.54
CKR-093,193.7,195.7,0.021,0.25,2.49
CKR-093,195.7,197.7,0.016,0.25,2.52
CKR-093,197.7,199.7,0.032,0.25,2.57
CKR-093,199.7,201.7,0.035,0.25,2.5
CKR-093,201.7,203.7,0.011,0.25,2.54
CKR-093,203.7,205.7,0.02,0.25,2.47
CKR-093,205.7,207.7,0.013,0.25,2.5
CKR-093,207.7,209.7,0.022,0.52,2.55
CKR-093,209.7,211.7,0.005,0.25,2.54
CKR-093,211.7,213.7,0.005,0.25,2.46
CKR-093,213.7,215.7,0.013,0.25,2.57
CKR-093,215.7,217.7,0.028,0.25,2.53
CKR-093,217.7,219.7,0.026,0.25,2.51
CKR-093,219.7,221.7,0.014,0.25,2.49
CKR-093,221.7,223.7,0.019,0.25,2.53
CKR-093,223.7,225.7,0.016,0.25,2.51
CKR-093,225.7,227.7,0.036,0.25,2.52
CKR-093,227.7,229.7,0.019,0.25,2.46
CKR-093,229.7,231.7,0.05,0.25,2.52
CKR-093,231.7,233.7,0.014,0.25,2.51
CKR-093,233.7,235.7,0.005,0.25,2.47
CKR-093,235.7,237.7,0.01,0.25,2.5
CKR-093,237.7,239.7,0.033,0.25,2.52
CKR-093,239.7,241.7,0.014,0.25,2.5
CKR-093,241.7,243.7,0.018,0.25,2.54
CKR-093,243.7,245.7,0.01,0.25,2.55
CKR-093,245.7,247.7,0.011,0.25,2.47
CKR-093,247.7,249.7,0.024,0.25,2.52
CKR-093,249.7,251.7,0.03,0.25,2.52
CKR-093,251.7,253.7,0.014,0.25,2.51
CKR-093,253.7,255.7,0.015,0.25,2.53
CKR-093,255.7,257.7,0.023,0.25,2.57
CKR-093,257.7,259.7,0.012,0.25,2.48
CKR-093,259.7,261.7,0.027,0.25,2.53
CKR-093,261.7,263.7,0.019,0.25,2.55
CKR-093,263.7,265.7,0.038,0.25,2.53
CKR-093,265.7,267.7,0.005,0.25,2.49
CKR-093,267.7,269.7,0.013,0.25,2.45
CKR-093,269.7,271.7,0.038,0.25,2.46
CKR-093,271.7,273.7,0.005,0.25,2.56
CKR-093,273.7,275.7,0.005,0.25,2.51
CKR-093,275.7,277.7,0.024,0.25,2.51
CKR-093,277.7,279.7,0.015,0.25,2.58
CKR-093,279.7,281.7,0.014,0.25,2.51
CKR-093,281.7,283.7,0.015,0.25,2.5
CKR-093,283.7,285.7,0.02,0.25,2.47
CKR-093,285.7,287.7,0.014,0.25,2.49
CKR-093,287.7,289.7,0.014,0.25,2.58
CKR-093,289.7,291.7,0.005,0.25,2.53
CKR-093,291.7,293.7,0.014,0.25,2.51
CKR-093,293.7,295.7,0.01,0.25,2.51
CKR-093,295.7,297.7,0.017,0.25,2.62
CKR-093,297.7,299.7,0.019,0.25,2.52
CKR-093,299.7,301.7,0.023,0.25,2.52
CKR-093,301.7,303.7,0.065,0.25,2.5
CKR-093,303.7,305.7,0.044,0.25,2.54
CKR-093,305.7,307.7,0.02,0.25,2.5
CKR-093,307.7,309.7,0.023,0.25,2.5
CKR-093,309.7,311.7,0.012,0.25,2.52
CKR-093,311.7,313.7,0.016,0.25,2.55
CKR-093,313.7,315.7,0.026,0.25,2.54
CKR-093,315.7,317.7,0.019,0.25,2.49
CKR-093,317.7,319.7,0.018,0.25,2.53
CKR-093,319.7,321.7,0.005,0.25,2.51
CKR-093,321.7,323.7,0.019,0.25,2.56
CKR-093,323.7,325.7,0.011,0.25,2.57
CKR-093,325.7,327.7,0.033,0.25,2.48
CKR-093,327.7,329.7,0.025,0.25,2.54
CKR-093,329.7,331.7,0.005,0.25,2.56
CKR-093,331.7,333.7,0.014,0.25,2.47
CKR-093,333.7,335.7,0.021,0.25,2.51
CKR-093,335.7,337.7,0.017,0.25,2.51
CKR-093,337.7,339.7,0.022,0.25,2.57
CKR-093,339.7,340.7,0.014,0.25,2.49
CKR-093,340.7,341.7,0.005,0.25,2.52
CKR-093,341.7,342.7,0.02,0.25,2.55
CKR-093,342.7,343.7,0.005,0.25,2.51
CKR-093,343.7,344.7,0.024,0.25,2.56
CKR-093,344.7,345.7,0.076,1.03,2.53
CKR-093,345.7,346.7,0.132,1.23,2.48
CKR-093,346.7,347.7,0.18,2.35,2.54
CKR-093,347.7,348.7,0.425,4.47,2.62
CKR-093,348.7,349.7,0.42,4.15,2.59
CKR-093,349.7,350.7,3.231,59.52,2.61
CKR-093,350.7,351.7,12.625,163.94,2.62
CKR-093,351.7,352.7,9.152,98.49,2.65
CKR-093,352.7,353.7,4.513,50.36,2.61
CKR-093,353.7,354.7,6.68,58.27,2.67
CKR-093,354.7,355.7,0.701,7.21,2.58
CKR-093,355.7,356.7,0.268,2.65,2.66
CKR-093,356.7,357.7,0.149,1.06,2.52
CKR-093,357.7,358.7,0.194,2.33,2.56
CKR-093,358.7,359.7,0.108,1.08,2.57
CKR-093,359.7,360.7,0.012,0.25,2.53
CKR-093,360.7,361.7,0.028,0.25,2.51
CKR-093,361.7,362.7,0.014,0.25,2.49
CKR-093,362.7,363.7,0.015,0.25,2.56
CKR-093,363.7,364.7,0.026,0.25,2.55
CKR-093,364.7,365.7,0.029,0.25,2.53
CKR-093,365.7,367.7,0.033,0.25,2.55
CKR-093,367.7,369.7,0.016,0.25,2.47
CKR-093,369.7,371.7,0.037,0.25,2.53
CKR-093,371.7,373.7,0.032,0.25,2.54
CKR-093,373.7,375.7,0.013,0.25,2.49
CKR-093,375.7,377.7,0.014,0.25,2.52
CKR-093,377.7,379.7,0.028,0.25,2.56
CKR-093,379.7,381.7,0.014,0.25,2.54
CKR-093,381.7,383.7,0.013,0.25,2.6
CKR-093,383.7,385.7,0.017,0.25,2.49
CKR-093,385.7,387.7,0.018,0.25,2.52
CKR-093,387.7,389.7,0.028,0.25,2.47
CKR-093,389.7,391.7,0.054,0.25,2.53
CKR-093,391.7,393.7,0.012,0.25,2.56
CKR-093,393.7,395.7,0.014,0.25,2.47
CKR-093,395.7,397.7,0.027,0.25,2.55
CKR-093,397.7,399.7,0.016,0.25,2.53
CKR-093,399.7,401.7,0.021,0.25,2.51
CKR-093,401.7,403.7,0.039,0.25,2.54
CKR-093,403.7,405.7,0.03,0.25,2.43
CKR-093,405.7,407.7,0.019,0.25,2.51
CKR-093,407.7,408.2,0.03,0.25,2.55
CKR-094,4.4,6.4,,,2.54
CKR-094,6.4,8.4,0.036,0.25,2.57
CKR-094,8.4,10.4,0.02,0.25,2.57
CKR-094,10.4,12.4,0.019,0.25,2.51
CKR-094,12.4,14.4,0.024,0.25,2.5
CKR-094,14.4,16.4,0.015,0.25,2.51
CKR-094,16.4,18.4,0.018,0.25,2.59
CKR-094,18.4,20.4,0.018,0.25,2.54
CKR-094,20.4,22.4,0.028,0.25,2.55
CKR-094,22.4,24.4,0.005,0.25,2.55
CKR-094,24.4,26.4,0.017,0.25,2.55
CKR-094,26.4,28.4,0.014,0.25,2.52
CKR-094,28.4,30.4,0.029,0.25,2.5
CKR-094,30.4,32.4,0.021,0.25,2.53
CKR-094,32.4,34.4,0.005,0.25,2.49
CKR-094,34.4,36.4,0.021,0.25,2.51
CKR-094,36.4,38.4,0.019,0.25,2.51
CKR-094,38.4,40.4,0.043,0.25,2.54
CKR-094,40.4,42.4,0.014,0.25,2.52
CKR-094,42.4,44.4,0.019,0.25,2.52
CKR-094,44.4,46.4,0.012,0.25,2.49
CKR-094,46.4,48.4,0.014,0.25,2.5
CKR-094,48.4,50.4,0.024,0.25,2.58
CKR-094,50.4,52.4,0.01,0.25,2.47
CKR-094,52.4,54.4,0.017,0.25,2.48
CKR-094,54.4,56.4,0.023,0.25,2.51
CKR-094,56.4,58.4,0.013,0.25,2.52
CKR-094,58.4,60.4,0.012,0.25,2.55
CKR-094,60.4,62.4,0.041,0.25,2.48
CKR-094,62.4,64.4,0.016,0.25,2.51
CKR-094,64.4,66.4,0.021,0.25,2.58
CKR-094,66.4,68.4,0.012,0.25,2.48
CKR-094,68.4,70.4,0.012,0.25,2.48
CKR-094,70.4,72.4,0.014,0.25,2.56
CKR-094,72.4,74.4,0.031,0.53,2.56
CKR-094,74.4,76.4,0.005,0.25,2.5
CKR-094,76.4,78.4,0.017,0.25,2.5
CKR-094,78.4,80.4,0.017,0.25,2.52
CKR-094,80.4,82.4,0.016,0.25,2.53
CKR-094,82.4,84.4,0.005,0.25,2.5
CKR-094,84.4,86.4,0.022,0.25,2.47
CKR-094,86.4,88.4,0.015,0.25,2.48
CKR-094,88.4,90.4,0.005,0.25,2.53
CKR-094,90.4,92.4,0.022,0.25,2.53
CKR-094,92.4,94.4,0.051,0.25,2.56
CKR-094,94.4,96.4,0.017,0.25,2.49
CKR-094,96.4,98.4,0.01,0.25,2.49
CKR-094,98.4,100.4,0.012,0.25,2.5
CKR-094,100.4,102.4,0.025,0.25,2.46
CKR-094,102.4,104.4,0.043,0.25,2.5
CKR-094,104.4,106.4,0.02,0.25,2.54
CKR-094,106.4,108.4,0.011,0.25,2.51
CKR-094,108.4,110.4,0.018,0.25,2.47
CKR-094,110.4,112.4,0.041,0.25,2.46
CKR-094,112.4,114.4,0.019,0.25,2.47
CKR-094,114.4,116.4,0.015,0.25,2.59
CKR-094,116.4,118.4,0.005,0.25,2.5
CKR-094,118.4,120.4,0.005,0.25,2.53
CKR-094,120.4,122.4,0.022,0.25,2.56
CKR-094,122.4,124.4,0.035,0.25,2.51
CKR-094,124.4,126.4,0.012,0.25,2.47
CKR-094,126.4,128.4,0.019,0.25,2.53
CKR-094,128.4,130.4,0.005,0.25,2.54
CKR-094,130.4,132.4,0.015,0.25,2.49
CKR-094,132.4,134.4,0.019,0.25,2.55
CKR-094,134.4,136.4,0.013,0.25,2.53
CKR-094,136.4,138.4,0.014,0.25,2.53
CKR-094,138.4,140.4,0.023,0.25,2.49
CKR-094,140.4,142.4,0.005,0.25,2.49
CKR-094,142.4,144.4,0.012,0.25,2.52
CKR-094,144.4,145.4,0.044,0.25,2.4
CKR-094,145.4,146.4,0.029,0.86,2.6
CKR-094,146.4,147.4,0.042,0.25,2.52
CKR-094,147.4,148.4,0.03,0.25,2.46
CKR-094,148.4,149.4,0.086,0.58,2.63
CKR-094,149.4,150.4,0.093,0.63,2.56
CKR-094,150.4,151.4,0.185,1.26,2.57
CKR-094,151.4,152.4,0.14,1.28,2.53
CKR-094,152.4,153.4,0.284,2.46,2.53
CKR-094,153.4,154.4,0.539,4.52,2.61
CKR-094,154.4,155.4,0.54,8.25,2.55
CKR-094,155.4,156.4,2.309,17.26,2.61
CKR-094,156.4,157.4,3.534,40.7,2.65
CKR-094,157.4,158.4,0.104,0.87,2.55
CKR-094,158.4,159.4,0.344,4.4,2.5
CKR-094,159.4,160.4,0.187,1.89,2.58
CKR-094,160.4,161.4,0.062,0.81,2.51
CKR-094,161.4,162.4,0.11,1.63,2.56
CKR-094,162.4,163.4,0.079,1.48,2.61
CKR-094,163.4,164.4,0.011,0.67,2.49
CKR-094,164.4,165.4,0.005,0.25,2.55
CKR-094,165.4,166.4,0.005,0.25,2.52
CKR-094,166.4,167.4,0.017,0.25,2.47
CKR-094,167.4,168.4,0.025,0.25,2.48
CKR-094,168.4,169.4,0.02,0.25,2.52
CKR-094,169.4,171.4,0.012,0.25,2.51
CKR-094,171.4,173.4,0.036,0.25,2.45
CKR-094,173.4,175.4,0.077,0.25,2.5
CKR-094,175.4,177.4,0.015,0.25,2.53
CKR-094,177.4,179.4,0.062,0.25,2.47
CKR-094,179.4,181.4,0.027,0.25,2.51
CKR-094,181.4,183.4,0.021,0.25,2.53
CKR-094,183.4,185.4,0.019,0.25,2.53
CKR-094,185.4,187.4,0.025,0.25,2.55
CKR-094,187.4,189.4,0.031,0.25,2.49
CKR-094,189.4,191.4,0.03,0.25,2.52
CKR-094,191.4,193.4,0.038,0.25,2.47
CKR-094,193.4,195.4,0.074,0.25,2.49
CKR-094,195.4,197.4,0.014,0.25,2.48
CKR-094,197.4,198.8,0.063,0.25,2.57
CKR-095,4.2,6.2,,,2.44
CKR-095,6.2,8.2,0.019,0.25,2.56
CKR-095,8.2,10.2,0.024,0.25,2.45
CKR-095,10.2,12.2,0.038,0.25,2.48
CKR-095,12.2,14.2,0.014,0.25,2.52
CKR-095,14.2,16.2,0.043,0.25,2.53
CKR-095,16.2,18.2,0.017,0.25,2.52
CKR-095,18.2,20.2,0.012,0.25,2.49
CKR-095,20.2,22.2,0.02,0.25,2.52
CKR-095,22.2,24.2,0.016,0.25,2.51
CKR-095,24.2,26.2,0.018,0.25,2.56
CKR-095,26.2,28.2,0.074,0.25,2.54
CKR-095,28.2,30.2,0.015,0.25,2.5
CKR-095,30.2,32.2,0.005,0.25,2.5
CKR-095,32.2,34.2,0.014,0.25,2.53
CKR-095,34.2,36.2,0.012,0.25,2.48
CKR-095,36.2,38.2,0.005,0.6,2.51
CKR-095,38.2,40.2,0.013,0.25,2.55
CKR-095,40.2,42.2,0.015,0.25,2.6
CKR-095,42.2,44.2,0.03,0.25,2.52
CKR-095,44.2,46.2,0.005,0.25,2.53
CKR-095,46.2,48.2,0.019,0.25,2.51
CKR-095,48.2,50.2,0.005,0.25,2.46
CKR-095,50.2,52.2,0.005,0.25,2.45
CKR-095,52.2,54.2,0.005,0.25,2.5
CKR-095,54.2,56.2,0.005,0.25,2.53
CKR-095,56.2,58.2,0.012,0.25,2.5
CKR-095,58.2,60.2,0.052,0.25,2.54
CKR-095,60.2,62.2,0.032,0.25,2.48
CKR-095,62.2,64.2,0.017,0.25,2.5
CKR-095,64.2,66.2,0.027,0.25,2.56
CKR-095,66.2,68.2,0.034,0.25,2.54
CKR-095,68.2,70.2,0.005,0.25,2.45
CKR-095,70.2,72.2,0.045,0.25,2.54
CKR-095,72.2,74.2,0.039,0.25,2.48
CKR-095,74.2,76.2,0.015,0.52,2.54
CKR-095,76.2,78.2,0.016,0.25,2.52
CKR-095,78.2,80.2,0.03,0.25,2.5
CKR-095,80.2,82.2,0.022,0.25,2.5
CKR-095,82.2,84.2,0.016,0.25,2.51
CKR-095,84.2,86.2,0.014,0.25,2.49
CKR-095,86.2,88.2,0.026,0.25,2.58
CKR-095,88.2,90.2,0.018,0.25,2.48
CKR-095,90.2,92.2,0.027,0.25,2.51
CKR-095,92.2,94.2,0.045,0.56,2.59
CKR-095,94.2,96.2,0.012,0.25,2.47
CKR-095,96.2,98.2,0.022,0.25,2.56
CKR-095,98.2,100.2,0.038,0.25,2.49
CKR-095,100.2,102.2,0.085,0.25,2.59
CKR-095,102.2,104.2,0.011,0.25,2.54
CKR-095,104.2,106.2,0.016,0.25,2.56
CKR-095,106.2,108.2,0.028,0.25,2.5
CKR-095,108.2,110.2,0.021,0.25,2.5
CKR-095,110.2,112.2,0.028,0.25,2.51
CKR-095,112.2,114.2,0.033,0.25,2.54
CKR-095,114.2,116.2,0.012,0.25,2.48
CKR-095,116.2,118.2,0.024,0.25,2.52
CKR-095,118.2,120.2,0.033,0.25,2.55
CKR-095,120.2,122.2,0.018,0.25,2.49
CKR-095,122.2,124.2,0.005,0.25,2.56
CKR-095,124.2,126.2,0.021,0.25,2.55
CKR-095,126.2,128.2,0.024,0.25,2.56
CKR-095,128.2,130.2,0.028,0.25,2.53
CKR-095,130.2,132.2,0.02,0.25,2.5
CKR-095,132.2,134.2,0.016,0.25,2.53
CKR-095,134.2,136.2,0.015,0.25,2.5
CKR-095,136.2,138.2,0.013,0.25,2.5
CKR-095,138.2,140.2,0.028,0.25,2.54
CKR-095,140.2,142.2,0.031,0.25,2.48
CKR-095,142.2,144.2,0.005,0.25,2.51
CKR-095,144.2,146.2,0.016,0.25,2.47
CKR-095,146.2,148.2,0.015,0.25,2.55
CKR-095,148.2,150.2,0.005,0.76,2.51
CKR-095,150.2,152.2,0.011,0.25,2.53
CKR-095,152.2,154.2,0.038,0.25,2.43
CKR-095,154.2,156.2,0.022,0.25,2.55
CKR-095,156.2,158.2,0.005,0.25,2.49
CKR-095,158.2,160.2,0.024,0.25,2.51
CKR-095,160.2,162.2,0.02,0.25,2.48
CKR-095,162.2,164.2,0.005,0.25,2.5
CKR-095,164.2,166.2,0.031,0.25,2.49
CKR-095,166.2,168.2,0.037,0.25,2.51
CKR-095,168.2,170.2,0.014,0.25,2.5
CKR-095,170.2,172.2,0.012,0.25,2.51
CKR-095,172.2,174.2,0.005,0.25,2.53
CKR-095,174.2,176.2,0.005,0.25,2.53
CKR-095,176.2,178.2,0.011,0.25,2.52
CKR-095,178.2,180.2,0.011,0.25,2.53
CKR-095,180.2,182.2,0.017,0.25,2.52
CKR-095,182.2,184.2,0.015,0.25,2.56
CKR-095,184.2,186.2,0.021,0.25,2.5
CKR-095,186.2,188.2,0.017,0.25,2.52
CKR-095,188.2,190.2,0.015,0.61,2.59
CKR-095,190.2,192.2,0.005,0.25,2.45
CKR-095,192.2,194.2,0.014,0.25,2.53
CKR-095,194.2,196.2,0.016,0.25,2.62
CKR-095,196.2,198.2,0.014,0.25,2.5
CKR-095,198.2,200.2,0.013,0.25,2.5
CKR-095,200.2,202.2,0.024,0.25,2.46
CKR-095,202.2,204.2,0.022,0.25,2.5
CKR-095,204.2,206.2,0.011,0.25,2.54
CKR-095,206.2,208.2,0.005,0.25,2.59
CKR-095,208.2,210.2,0.018,0.25,2.51
CKR-095,210.2,212.2,0.017,0.25,2.5
CKR-095,212.2,214.2,0.013,0.25,2.51
CKR-095,214.2,216.2,0.005,0.25,2.54
CKR-095,216.2,218.2,0.012,0.25,2.53
CKR-095,218.2,220.2,0.015,0.25,2.52
CKR-095,220.2,222.2,0.013,0.25,2.53
CKR-095,222.2,224.2,0.031,0.25,2.47
CKR-095,224.2,226.2,0.005,0.25,2.54
CKR-095,226.2,228.2,0.016,0.25,2.53
CKR-095,228.2,230.2,0.029,0.25,2.58
CKR-095,230.2,232.2,0.026,0.25,2.48
CKR-095,232.2,234.2,0.015,0.25,2.53
CKR-095,234.2,236.2,0.011,0.25,2.58
CKR-095,236.2,237.2,0.005,0.25,2.45
CKR-095,237.2,238.2,0.014,0.25,2.51
CKR-095,238.2,239.2,0.022,0.25,2.46
CKR-095,239.2,240.2,0.017,0.25,2.46
CKR-095,240.2,241.2,0.413,5.2,2.58
CKR-095,241.2,242.2,0.47,8.46,2.57
CKR-095,242.2,243.2,0.586,10.69,2.59
CKR-095,243.2,244.2,1.175,30.46,2.59
CKR-095,244.2,245.2,7.92,135.81,2.55
CKR-095,245.2,246.2,33.083,515.85,2.69
CKR-095,246.2,247.2,34.93,506.96,2.67
CKR-095,247.2,248.2,8.441,141.1,2.57
CKR-095,248.2,249.2,50.185,870.08,2.61
CKR-095,249.2,250.2,12.981,206.76,2.66
CKR-095,250.2,251.2,0.579,11.26,2.6
CKR-095,251.2,252.2,0.346,4.46,2.61
CKR-095,252.2,253.2,0.375,4.27,2.54
CKR-095,253.2,254.2,0.128,3.86,2.59
CKR-095,254.2,255.2,0.027,0.25,2.5
CKR-095,255.2,256.2,0.017,0.25,2.48
CKR-095,256.2,257.2,0.018,0.25,2.49
CKR-095,257.2,258.2,0.02,0.25,2.55
CKR-095,258.2,259.2,0.016,0.25,2.55
CKR-095,259.2,260.2,0.013,0.25,2.52
CKR-095,260.2,262.2,0.005,0.25,2.44
CKR-095,262.2,264.2,0.02,0.25,2.56
CKR-095,264.2,266.2,0.013,0.25,2.52
CKR-095,266.2,268.2,0.024,0.25,2.53
CKR-095,268.2,270.2,0.005,0.25,2.49
CKR-095,270.2,272.2,0.031,0.63,2.54
CKR-095,272.2,274.2,0.014,0.25,2.51
CKR-095,274.2,274.8,0.068,0.25,2.51
CKR-096,3.7,5.7,,,2.51
CKR-096,5.7,7.7,0.019,0.25,2.47
CKR-096,7.7,9.7,0.012,0.25,2.5
CKR-096,9.7,11.7,0.005,0.25,2.46
CKR-096,11.7,13.7,0.005,0.25,2.52
CKR-096,13.7,15.7,0.005,0.25,2.54
CKR-096,15.7,17.7,0.015,0.25,2.52
CKR-096,17.7,19.7,0.02,0.25,2.49
CKR-096,19.7,21.7,0.005,0.25,2.47
CKR-096,21.7,23.7,0.02,0.25,2.5
CKR-096,23.7,25.7,0.026,0.61,2.54
CKR-096,25.7,27.7,0.012,0.25,2.47
CKR-096,27.7,29.7,0.025,0.25,2.51
CKR-096,29.7,31.7,0.012,0.25,2.55
CKR-096,31.7,33.7,0.015,0.25,2.55
CKR-096,33.7,35.7,0.011,0.25,2.47
CKR-096,35.7,37.7,0.005,0.25,2.51
CKR-096,37.7,39.7,0.019,0.25,2.56
CKR-096,39.7,41.7,0.025,0.25,2.58
CKR-096,41.7,43.7,0.021,0.25,2.56
CKR-096,43.7,45.7,0.058,0.25,2.51
CKR-096,45.7,47.7,0.018,0.25,2.57
CKR-096,47.7,49.7,0.011,0.25,2.49
CKR-096,49.7,51.7,0.019,0.25,2.52
CKR-096,51.7,53.7,0.026,0.25,2.49
CKR-096,53.7,55.7,0.027,0.25,2.52
CKR-096,55.7,57.7,0.024,0.25,2.56
CKR-096,57.7,59.7,0.012,0.25,2.5
CKR-096,59.7,61.7,0.013,0.25,2.55
CKR-096,61.7,63.7,0.005,0.25,2.52
CKR-096,63.7,65.7,0.017,0.25,2.48
CKR-096,65.7,67.7,0.036,0.25,2.47
CKR-096,67.7,69.7,0.012,0.25,2.54
CKR-096,69.7,71.7,0.01,0.25,2.47
CKR-096,71.7,73.7,0.057,0.25,2.51
CKR-096,73.7,75.7,0.021,0.25,2.54
CKR-096,75.7,77.7,0.023,0.25,2.53
CKR-096,77.7,79.7,0.015,0.25,2.53
CKR-096,79.7,81.7,0.013,0.25,2.48
CKR-096,81.7,83.7,0.016,0.25,2.52
CKR-096,83.7,85.7,0.005,0.25,2.54
CKR-096,85.7,87.7,0.013,0.25,2.51
CKR-096,87.7,89.7,0.017,0.25,2.51
CKR-096,89.7,91.7,0.018,0.25,2.49
CKR-096,91.7,93.7,0.014,0.25,2.49
CKR-096,93.7,95.7,0.029,0.25,2.43
CKR-096,95.7,97.7,0.04,0.25,2.55
CKR-096,97.7,99.7,0.011,0.25,2.53
CKR-096,99.7,101.7,0.019,0.25,2.54
CKR-096,101.7,103.7,0.015,0.25,2.51
CKR-096,103.7,105.7,0.011,0.25,2.53
CKR-096,105.7,107.7,0.023,0.25,2.5
CKR-096,107.7,109.7,0.023,0.25,2.61
CKR-096,109.7,111.7,0.022,0.25,2.53
CKR-096,111.7,113.7,0.013,0.25,2.5
CKR-096,113.7,115.7,0.018,0.25,2.55
CKR-096,115.7,117.7,0.019,0.25,2.53
CKR-096,117.7,119.7,0.014,0.25,2.56
CKR-096,119.7,121.7,0.014,0.25,2.48
CKR-096,121.7,123.7,0.013,0.25,2.48
CKR-096,123.7,125.7,0.005,0.25,2.57
CKR-096,125.7,127.7,0.028,0.25,2.49
CKR-096,127.7,129.7,0.027,0.25,2.49
CKR-096,129.7,131.7,0.013,0.25,2.51
CKR-096,131.7,133.7,0.018,0.25,2.47
CKR-096,133.7,135.7,0.017,0.25,2.57
CKR-096,135.7,137.7,0.015,0.25,2.5
CKR-096,137.7,139.7,0.005,0.25,2.55
CKR-096,139.7,141.7,0.036,0.25,2.53
CKR-096,141.7,143.7,0.018,0.25,2.55
CKR-096,143.7,145.7,0.018,0.25,2.5
CKR-096,145.7,147.7,0.005,0.25,2.53
CKR-096,147.7,149.7,0.005,0.25,2.56
CKR-096,149.7,151.7,0.019,0.54,2.52
CKR-096,151.7,153.7,0.013,0.25,2.52
CKR-096,153.7,155.7,0.022,0.25,2.52
CKR-096,155.7,157.7,0.012,0.25,2.49
CKR-096,157.7,159.7,0.025,0.25,2.5
CKR-096,159.7,161.7,0.005,0.25,2.51
CKR-096,161.7,163.7,0.065,0.25,2.52
CKR-096,163.7,165.7,0.026,0.25,2.56
CKR-096,165.7,167.7,0.023,0.25,2.56
CKR-096,167.7,169.7,0.026,0.25,2.53
CKR-096,169.7,171.7,0.028,0.25,2.51
CKR-096,171.7,173.7,0.005,0.25,2.54
CKR-096,173.7,175.7,0.025,0.25,2.52
CKR-096,175.7,177.7,0.013,0.25,2.51
CKR-096,177.7,179.7,0.025,0.25,2.6
CKR-096,179.7,181.7,0.005,0.25,2.51
CKR-096,181.7,183.7,0.012,0.25,2.55
CKR-096,183.7,185.7,0.005,0.25,2.56
CKR-096,185.7,187.7,0.023,0.25,2.5
CKR-096,187.7,189.7,0.014,0.25,2.54
CKR-096,189.7,191.7,0.016,0.25,2.54
CKR-096,191.7,193.7,0.005,0.25,2.53
CKR-096,193.7,195.7,0.014,0.25,2.5
CKR-096,195.7,197.7,0.014,0.25,2.59
CKR-096,197.7,199.7,0.013,0.25,2.53
CKR-096,199.7,201.7,0.012,0.25,2.54
CKR-096,201.7,203.7,0.014,0.25,2.54
CKR-096,203.7,205.7,0.031,0.25,2.55
CKR-096,205.7,207.7,0.005,0.25,2.48
CKR-096,207.7,209.7,0.027,0.25,2.51
CKR-096,209.7,211.7,0.005,0.25,2.52
CKR-096,211.7,213.7,0.024,0.25,2.54
CKR-096,213.7,215.7,0.005,0.25,2.53
CKR-096,215.7,217.7,0.022,0.25,2.5
CKR-096,217.7,219.7,0.021,0.25,2.5
CKR-096,219.7,221.7,0.023,0.25,2.51
CKR-096,221.7,223.7,0.014,0.25,2.53
CKR-096,223.7,225.7,0.026,0.25,2.58
CKR-096,225.7,227.7,0.012,0.25,2.51
CKR-096,227.7,229.7,0.026,0.25,2.57
CKR-096,229.7,231.7,0.005,0.25,2.56
CKR-096,231.7,233.7,0.023,0.25,2.47
CKR-096,233.7,235.7,0.017,0.25,2.51
CKR-096,235.7,237.7,0.034,0.25,2.56
CKR-096,237.7,239.7,0.026,0.25,2.53
CKR-096,239.7,241.7,0.005,0.25,2.54
CKR-096,241.7,243.7,0.029,0.25,2.53
CKR-096,243.7,245.7,0.015,0.25,2.56
CKR-096,245.7,247.7,0.019,0.25,2.55
CKR-096,247.7,249.7,0.015,0.25,2.52
CKR-096,249.7,251.7,0.026,0.25,2.48
CKR-096,251.7,253.7,0.03,0.25,2.49
CKR-096,253.7,255.7,0.024,0.25,2.52
CKR-096,255.7,257.7,0.016,0.25,2.47
CKR-096,257.7,259.7,0.011,0.25,2.51
CKR-096,259.7,261.7,0.015,0.25,2.54
CKR-096,261.7,263.7,0.019,0.25,2.53
CKR-096,263.7,265.7,0.033,0.25,2.53
CKR-096,265.7,267.7,0.018,0.25,2.52
CKR-096,267.7,269.7,0.017,0.25,2.46
CKR-096,269.7,271.7,0.02,0.25,2.49
CKR-096,271.7,272.7,0.034,0.25,2.48
CKR-096,272.7,273.7,0.005,0.25,2.44
CKR-096,273.7,274.7,0.017,0.25,2.48
CKR-096,274.7,275.7,0.024,0.25,2.45
CKR-096,275.7,276.7,0.133,0.95,2.52
CKR-096,276.7,277.7,0.184,2.98,2.64
CKR-096,277.7,278.7,0.138,1.89,2.52
CKR-096,278.7,279.7,0.298,2.41,2.61
CKR-096,279.7,280.7,0.308,2.96,2.56
CKR-096,280.7,281.7,18.344,134.85,2.61
CKR-096,281.7,282.7,4.654,38.73,2.64
CKR-096,282.7,283.7,5.225,41.13,2.6
CKR-096,283.7,284.7,27.498,207.35,2.6
CKR-096,284.7,285.7,9.62,65.54,2.68
CKR-096,285.7,286.7,0.425,3.29,2.63
CKR-096,286.7,287.7,0.333,2.91,2.55
CKR-096,287.7,288.7,0.25,1.72,2.61
CKR-096,288.7,289.7,0.178,0.99,2.56
CKR-096,289.7,290.7,0.181,1.0,2.53
CKR-096,290.7,291.7,0.078,0.7,2.53
CKR-096,291.7,292.7,0.033,0.25,2.51
CKR-096,292.7,293.7,0.023,0.25,2.49
CKR-096,293.7,294.7,0.02,0.25,2.48
CKR-096,294.7,295.7,0.041,0.25,2.54
CKR-096,295.7,296.7,0.017,0.25,2.45
CKR-096,296.7,297.7,0.028,0.25,2.5
CKR-096,297.7,299.7,0.02,0.25,2.59
CKR-096,299.7,301.7,0.013,0.25,2.54
CKR-096,301.7,303.7,0.014,0.25,2.57
CKR-096,303.7,305.7,0.015,0.52,2.52
CKR-096,305.7,307.7,0.018,0.25,2.52
CKR-096,307.7,309.7,0.021,0.25,2.48
CKR-096,309.7,311.7,0.016,0.25,2.59
CKR-096,311.7,313.7,0.028,0.25,2.57
CKR-096,313.7,315.7,0.023,0.25,2.53
CKR-096,315.7,317.7,0.005,0.25,2.5
CKR-096,317.7,319.7,0.013,0.25,2.49
CKR-096,319.7,321.7,0.027,0.25,2.48
CKR-096,321.7,323.7,0.016,0.25,2.44
CKR-096,323.7,325.7,0.012,0.25,2.5
CKR-096,325.7,327.7,0.011,0.25,2.55
CKR-096,327.7,329.7,0.011,0.25,2.53
CKR-096,329.7,331.7,0.014,0.25,2.51
CKR-096,331.7,333.7,0.02,0.25,2.54
CKR-096,333.7,335.7,0.024,0.25,2.5
CKR-096,335.7,337.7,0.011,0.25,2.48
CKR-096,337.7,339.7,0.005,0.25,2.52
CKR-096,339.7,341.7,0.013,0.25,2.48
CKR-096,341.7,342.0,0.022,0.25,2.48
CKR-097,5.2,7.2,,,2.55
CKR-097,7.2,9.2,0.067,0.25,2.56
CKR-097,9.2,11.2,0.023,0.25,2.48
CKR-097,11.2,13.2,0.019,0.25,2.54
CKR-097,13.2,15.2,0.015,0.25,2.49
CKR-097,15.2,17.2,0.016,0.25,2.51
CKR-097,17.2,19.2,0.022,0.25,2.56
CKR-097,19.2,21.2,0.016,0.25,2.54
CKR-097,21.2,23.2,0.017,0.25,2.53
CKR-097,23.2,25.2,0.026,0.25,2.5
CKR-097,25.2,27.2,0.012,0.25,2.52
CKR-097,27.2,29.2,0.014,0.25,2.54
CKR-097,29.2,31.2,0.022,0.25,2.48
CKR-097,31.2,33.2,0.022,0.25,2.55
CKR-097,33.2,35.2,0.005,0.25,2.54
CKR-097,35.2,37.2,0.016,0.25,2.5
CKR-097,37.2,39.2,0.018,0.25,2.55
CKR-097,39.2,41.2,0.036,0.25,2.57
CKR-097,41.2,43.2,0.022,0.25,2.55
CKR-097,43.2,45.2,0.005,0.25,2.54
CKR-097,45.2,47.2,0.018,0.25,2.52
CKR-097,47.2,49.2,0.02,0.25,2.57
CKR-097,49.2,51.2,0.01,0.25,2.56
CKR-097,51.2,53.2,0.029,0.25,2.53
CKR-097,53.2,55.2,0.005,0.25,2.5
CKR-097,55.2,57.2,0.005,0.25,2.47
CKR-097,57.2,59.2,0.012,0.25,2.55
CKR-097,59.2,61.2,0.013,0.25,2.56
CKR-097,61.2,63.2,0.012,0.25,2.48
CKR-097,63.2,65.2,0.015,0.25,2.48
CKR-097,65.2,67.2,0.027,0.25,2.44
CKR-097,67.2,69.2,0.005,0.25,2.57
CKR-097,69.2,71.2,0.013,0.25,2.5
CKR-097,71.2,73.2,0.014,0.25,2.52
CKR-097,73.2,75.2,0.044,0.25,2.45
CKR-097,75.2,77.2,0.025,0.25,2.51
CKR-097,77.2,79.2,0.005,0.25,2.46
CKR-097,79.2,81.2,0.016,0.25,2.56
CKR-097,81.2,83.2,0.019,0.62,2.49
CKR-097,83.2,85.2,0.005,0.25,2.52
CKR-097,85.2,87.2,0.013,0.25,2.55
CKR-097,87.2,89.2,0.005,0.25,2.48
CKR-097,89.2,91.2,0.019,0.25,2.47
CKR-097,91.2,93.2,0.011,0.25,2.51
CKR-097,93.2,95.2,0.026,0.25,2.52
CKR-097,95.2,97.2,0.026,0.25,2.57
CKR-097,97.2,99.2,0.013,0.25,2.51
CKR-097,99.2,101.2,0.017,0.25,2.49
CKR-097,101.2,103.2,0.018,0.25,2.5
CKR-097,103.2,105.2,0.017,0.25,2.58
CKR-097,105.2,107.2,0.023,0.25,2.47
CKR-097,107.2,109.2,0.024,0.25,2.53
CKR-097,109.2,111.2,0.01,0.25,2.48
CKR-097,111.2,113.2,0.031,0.25,2.45
CKR-097,113.2,115.2,0.005,0.25,2.54
CKR-097,115.2,117.2,0.005,0.25,2.54
CKR-097,117.2,119.2,0.034,0.55,2.51
CKR-097,119.2,121.2,0.035,0.25,2.56
CKR-097,121.2,123.2,0.013,0.25,2.48
CKR-097,123.2,125.2,0.015,0.25,2.56
CKR-097,125.2,127.2,0.041,0.57,2.51
CKR-097,127.2,129.2,0.023,0.25,2.54
CKR-097,129.2,131.2,0.005,0.25,2.54
CKR-097,131.2,133.2,0.019,0.25,2.54
CKR-097,133.2,135.2,0.018,0.25,2.52
CKR-097,135.2,137.2,0.011,0.25,2.54
CKR-097,137.2,139.2,0.013,0.25,2.53
CKR-097,139.2,141.2,0.025,0.25,2.51
CKR-097,141.2,143.2,0.018,0.25,2.54
CKR-097,143.2,145.2,0.005,0.25,2.54
CKR-097,145.2,147.2,0.025,0.25,2.49
CKR-097,147.2,149.2,0.015,0.25,2.51
CKR-097,149.2,151.2,0.014,0.25,2.49
CKR-097,151.2,153.2,0.051,0.25,2.49
CKR-097,153.2,155.2,0.026,0.25,2.5
CKR-097,155.2,157.2,0.005,0.25,2.52
CKR-097,157.2,159.2,0.018,0.25,2.55
CKR-097,159.2,161.2,0.015,0.25,2.44
CKR-097,161.2,163.2,0.01,0.25,2.53
CKR-097,163.2,165.2,0.021,0.25,2.56
CKR-097,165.2,167.2,0.012,0.53,2.52
CKR-097,167.2,169.2,0.026,0.25,2.55
CKR-097,169.2,171.2,0.019,0.25,2.47
CKR-097,171.2,173.2,0.041,0.25,2.55
CKR-097,173.2,175.2,0.005,0.25,2.49
CKR-097,175.2,177.2,0.034,0.25,2.49
CKR-097,177.2,179.2,0.037,0.25,2.55
CKR-097,179.2,181.2,0.011,0.25,2.52
CKR-097,181.2,183.2,0.005,0.25,2.53
CKR-097,183.2,185.2,0.012,0.25,2.53
CKR-097,185.2,187.2,0.016,0.25,2.5
CKR-097,187.2,189.2,0.036,0.25,2.54
CKR-097,189.2,191.2,0.021,0.25,2.47
CKR-097,191.2,193.2,0.025,0.25,2.51
CKR-097,193.2,195.2,0.041,0.25,2.54
CKR-097,195.2,197.2,0.02,0.25,2.52
CKR-097,197.2,199.2,0.011,0.25,2.51
CKR-097,199.2,201.2,0.012,0.25,2.52
CKR-097,201.2,203.2,0.02,0.25,2.5
CKR-097,203.2,205.2,0.03,0.25,2.52
CKR-097,205.2,207.2,0.023,0.25,2.5
CKR-097,207.2,209.2,0.014,0.25,2.56
CKR-097,209.2,211.2,0.016,0.25,2.46
CKR-097,211.2,213.2,0.014,0.25,2.54
CKR-097,213.2,215.2,0.02,0.25,2.53
CKR-097,215.2,217.2,0.027,0.25,2.53
CKR-097,217.2,219.2,0.022,0.25,2.52
CKR-097,219.2,221.2,0.014,0.25,2.49
CKR-097,221.2,223.2,0.024,0.25,2.49
CKR-097,223.2,225.2,0.025,0.25,2.53
CKR-097,225.2,227.2,0.038,0.53,2.5
CKR-097,227.2,229.2,0.005,0.25,2.49
CKR-097,229.2,231.2,0.005,0.25,2.44
CKR-097,231.2,233.2,0.019,0.25,2.47
CKR-097,233.2,235.2,0.025,0.25,2.53
CKR-097,235.2,237.2,0.013,0.25,2.52
CKR-097,237.2,239.2,0.021,0.25,2.54
CKR-097,239.2,241.2,0.064,0.25,2.48
CKR-097,241.2,243.2,0.005,0.25,2.47
CKR-097,243.2,245.2,0.021,0.25,2.52
CKR-097,245.2,247.2,0.016,0.25,2.5
CKR-097,247.2,249.2,0.005,0.25,2.49
CKR-097,249.2,251.2,0.017,0.25,2.61
CKR-097,251.2,253.2,0.03,0.25,2.46
CKR-097,253.2,255.2,0.011,0.25,2.51
CKR-097,255.2,257.2,0.018,0.25,2.52
CKR-097,257.2,259.2,0.029,0.25,2.53
CKR-097,259.2,261.2,0.018,0.25,2.53
CKR-097,261.2,263.2,0.027,0.25,2.51
CKR-097,263.2,265.2,0.027,0.25,2.46
CKR-097,265.2,267.2,0.02,0.25,2.55
CKR-097,267.2,269.2,0.013,0.25,2.57
CKR-097,269.2,271.2,0.005,0.25,2.62
CKR-097,271.2,273.2,0.015,0.56,2.57
CKR-097,273.2,275.2,0.005,0.25,2.56
CKR-097,275.2,277.2,0.017,0.25,2.49
CKR-097,277.2,279.2,0.013,0.25,2.47
CKR-097,279.2,281.2,0.005,0.25,2.49
CKR-097,281.2,283.2,0.011,0.25,2.5
CKR-097,283.2,285.2,0.017,0.25,2.56
CKR-097,285.2,287.2,0.026,0.25,2.49
CKR-097,287.2,289.2,0.028,0.25,2.5
CKR-097,289.2,291.2,0.015,0.25,2.5
CKR-097,291.2,293.2,0.026,0.25,2.46
CKR-097,293.2,295.2,0.011,0.25,2.48
CKR-097,295.2,297.2,0.023,0.25,2.43
CKR-097,297.2,299.2,0.005,0.25,2.5
CKR-097,299.2,301.2,0.018,0.25,2.55
CKR-097,301.2,303.2,0.051,0.25,2.49
CKR-097,303.2,305.2,0.012,0.25,2.49
CKR-097,305.2,307.2,0.014,0.25,2.52
CKR-097,307.2,309.2,0.039,0.25,2.55
CKR-097,309.2,311.2,0.014,0.25,2.56
CKR-097,311.2,313.2,0.021,0.25,2.56
CKR-097,313.2,315.2,0.017,0.25,2.56
CKR-097,315.2,317.2,0.015,0.25,2.52
CKR-097,317.2,319.2,0.024,0.25,2.49
CKR-097,319.2,321.2,0.073,0.25,2.45
CKR-097,321.2,323.2,0.014,0.25,2.52
CKR-097,323.2,325.2,0.015,0.25,2.54
CKR-097,325.2,327.2,0.018,0.25,2.56
CKR-097,327.2,329.2,0.013,0.25,2.51
CKR-097,329.2,331.2,0.016,0.25,2.58
CKR-097,331.2,333.2,0.038,0.25,2.49
CKR-097,333.2,335.2,0.019,0.25,2.54
CKR-097,335.2,337.2,0.014,0.25,2.53
CKR-097,337.2,338.2,0.013,0.25,2.5
CKR-097,338.2,339.2,0.018,2.34,2.57
CKR-097,339.2,340.2,0.033,0.25,2.57
CKR-097,340.2,341.2,0.022,0.25,2.59
CKR-097,341.2,342.2,0.148,3.47,2.52
CKR-097,342.2,343.2,0.166,4.53,2.6
CKR-097,343.2,344.2,0.217,4.72,2.54
CKR-097,344.2,345.2,0.262,6.92,2.54
CKR-097,345.2,346.2,3.38,70.89,2.58
CKR-097,346.2,347.2,5.008,98.96,2.67
CKR-097,347.2,348.2,1.421,38.18,2.67
CKR-097,348.2,349.2,1.063,18.53,2.54
CKR-097,349.2,350.2,0.365,6.44,2.52
CKR-097,350.2,351.2,0.13,2.3,2.51
CKR-097,351.2,352.2,0.101,1.91,2.54
CKR-097,352.2,353.2,0.049,0.91,2.58
CKR-097,353.2,354.2,0.078,0.25,2.52
CKR-097,354.2,355.2,0.005,0.25,2.51
CKR-097,355.2,356.2,0.017,0.25,2.5
CKR-097,356.2,357.2,0.005,0.25,2.46
CKR-097,357.2,358.2,0.043,0.25,2.44
CKR-097,358.2,359.2,0.014,0.25,2.55
CKR-097,359.2,360.2,0.017,0.25,2.5
CKR-097,360.2,362.2,0.014,0.25,2.56
CKR-097,362.2,364.2,0.019,0.25,2.55
CKR-097,364.2,366.2,0.019,0.25,2.54
CKR-097,366.2,368.2,0.019,0.25,2.51
CKR-097,368.2,370.2,0.012,0.25,2.5
CKR-097,370.2,372.2,0.014,0.25,2.5
CKR-097,372.2,374.2,0.044,0.25,2.56
CKR-097,374.2,376.2,0.035,0.25,2.58
CKR-097,376.2,378.2,0.014,0.25,2.49
CKR-097,378.2,380.2,0.061,0.25,2.48
CKR-097,380.2,382.2,0.021,0.25,2.57
CKR-097,382.2,384.2,0.013,0.25,2.55
CKR-097,384.2,386.2,0.019,0.25,2.52
CKR-097,386.2,388.2,0.005,0.25,2.52
CKR-097,388.2,390.2,0.022,0.25,2.49
CKR-097,390.2,392.2,0.017,0.25,2.5
CKR-097,392.2,394.2,0.011,0.25,2.51
CKR-097,394.2,396.2,0.029,0.25,2.51
CKR-097,396.2,398.2,0.005,0.25,2.5
CKR-097,398.2,400.2,0.018,0.25,2.57
CKR-097,400.2,402.2,0.058,0.25,2.47
CKR-097,402.2,404.2,0.021,0.25,2.54
CKR-097,404.2,406.2,0.005,0.25,2.55
CKR-097,406.2,408.2,0.022,0.25,2.51
CKR-097,408.2,409.3,0.014,0.25,2.51
CKR-098,5.3,7.3,,,2.51
CKR-098,7.3,9.3,0.016,0.25,2.5
CKR-098,9.3,11.3,0.019,0.25,2.53
CKR-098,11.3,13.3,0.012,0.25,2.53
CKR-098,13.3,15.3,0.017,0.55,2.55
CKR-098,15.3,17.3,0.018,0.25,2.53
CKR-098,17.3,19.3,0.005,0.25,2.55
CKR-098,19.3,21.3,0.029,0.25,2.5
CKR-098,21.3,23.3,0.005,0.25,2.56
CKR-098,23.3,25.3,0.019,0.25,2.59
CKR-098,25.3,27.3,0.011,0.25,2.48
CKR-098,27.3,29.3,0.028,0.25,2.56
CKR-098,29.3,31.3,0.028,0.25,2.5
CKR-098,31.3,33.3,0.011,0.25,2.56
CKR-098,33.3,35.3,0.014,0.25,2.49
CKR-098,35.3,37.3,0.032,0.25,2.51
CKR-098,37.3,39.3,0.025,0.25,2.55
CKR-098,39.3,41.3,0.023,0.25,2.55
CKR-098,41.3,43.3,0.005,0.25,2.55
CKR-098,43.3,45.3,0.018,0.25,2.48
CKR-098,45.3,47.3,0.042,0.25,2.51
CKR-098,47.3,49.3,0.014,0.25,2.58
CKR-098,49.3,51.3,0.018,0.25,2.5
CKR-098,51.3,53.3,0.017,0.25,2.54
CKR-098,53.3,55.3,0.019,0.63,2.49
CKR-098,55.3,57.3,0.011,0.25,2.52
CKR-098,57.3,59.3,0.03,0.25,2.54
CKR-098,59.3,61.3,0.011,0.25,2.47
CKR-098,61.3,63.3,0.019,0.25,2.54
CKR-098,63.3,65.3,0.018,0.25,2.49
CKR-098,65.3,67.3,0.011,0.25,2.51
CKR-098,67.3,69.3,0.005,0.25,2.52
CKR-098,69.3,71.3,0.019,0.25,2.47
CKR-098,71.3,73.3,0.012,0.25,2.53
CKR-098,73.3,75.3,0.023,0.25,2.59
CKR-098,75.3,77.3,0.02,0.25,2.51
CKR-098,77.3,79.3,0.018,0.25,2.52
CKR-098,79.3,81.3,0.029,0.25,2.57
CKR-098,81.3,83.3,0.014,0.25,2.51
CKR-098,83.3,85.3,0.012,0.25,2.54
CKR-098,85.3,87.3,0.019,0.25,2.55
CKR-098,87.3,89.3,0.025,0.25,2.51
CKR-098,89.3,91.3,0.014,0.25,2.48
CKR-098,91.3,93.3,0.005,0.25,2.53
CKR-098,93.3,95.3,0.011,0.25,2.46
CKR-098,95.3,97.3,0.017,0.25,2.48
CKR-098,97.3,99.3,0.01,0.25,2.56
CKR-098,99.3,101.3,0.016,0.25,2.49
CKR-098,101.3,103.3,0.033,0.25,2.47
CKR-098,103.3,105.3,0.034,0.25,2.49
CKR-098,105.3,107.3,0.019,0.25,2.49
CKR-098,107.3,109.3,0.025,0.25,2.56
CKR-098,109.3,111.3,0.024,0.25,2.51
CKR-098,111.3,113.3,0.021,0.25,2.54
CKR-098,113.3,115.3,0.013,0.25,2.48
CKR-098,115.3,117.3,0.016,0.25,2.51
CKR-098,117.3,119.3,0.026,0.25,2.48
CKR-098,119.3,121.3,0.02,0.25,2.53
CKR-098,121.3,123.3,0.015,0.25,2.53
CKR-098,123.3,125.3,0.011,0.25,2.54
CKR-098,125.3,126.3,0.015,0.25,2.52
CKR-098,126.3,127.3,0.005,0.25,2.53
CKR-098,127.3,128.3,0.005,0.25,2.56
CKR-098,128.3,129.3,0.012,0.25,2.57
CKR-098,129.3,130.3,0.08,0.6,2.6
CKR-098,130.3,131.3,0.151,1.27,2.56
CKR-098,131.3,132.3,0.237,2.2,2.6
CKR-098,132.3,133.3,0.153,1.42,2.54
CKR-098,133.3,134.3,0.754,5.32,2.59
CKR-098,134.3,135.3,2.59,29.95,2.64
CKR-098,135.3,136.3,5.939,61.4,2.62
CKR-098,136.3,137.3,2.582,28.05,2.67
CKR-098,137.3,138.3,2.007,15.58,2.6
CKR-098,138.3,139.3,0.23,2.16,2.62
CKR-098,139.3,140.3,0.236,2.68,2.65
CKR-098,140.3,141.3,0.163,1.5,2.64
CKR-098,141.3,142.3,0.173,1.54,2.64
CKR-098,142.3,143.3,0.062,0.6,2.52
CKR-098,143.3,144.3,0.021,0.25,2.62
CKR-098,144.3,145.3,0.03,0.25,2.55
CKR-098,145.3,146.3,0.012,0.25,2.58
CKR-098,146.3,147.3,0.017,0.25,2.52
CKR-098,147.3,148.3,0.057,0.25,2.59
CKR-098,148.3,149.3,0.03,0.25,2.48
CKR-098,149.3,151.3,0.027,0.25,2.51
CKR-098,151.3,153.3,0.016,0.25,2.54
CKR-098,153.3,155.3,0.029,0.25,2.51
CKR-098,155.3,157.3,0.012,0.25,2.5
CKR-098,157.3,159.3,0.015,0.25,2.52
CKR-098,159.3,161.3,0.017,0.25,2.53
CKR-098,161.3,163.3,0.02,0.25,2.54
CKR-098,163.3,165.3,0.02,0.76,2.55
CKR-098,165.3,167.3,0.028,0.25,2.48
CKR-098,167.3,169.3,0.014,0.25,2.5
CKR-098,169.3,171.3,0.02,0.25,2.51
CKR-098,171.3,173.3,0.005,0.25,2.51
CKR-098,173.3,174.7,0.028,0.25,2.47
CKR-099,2.2,4.2,,,2.49
CKR-099,4.2,6.2,0.014,0.25,2.47
CKR-099,6.2,8.2,0.033,0.25,2.53
CKR-099,8.2,10.2,0.026,0.25,2.52
CKR-099,10.2,12.2,0.023,0.25,2.54
CKR-099,12.2,14.2,0.005,0.25,2.57
CKR-099,14.2,16.2,0.011,0.25,2.46
CKR-099,16.2,18.2,0.025,0.25,2.51
CKR-099,18.2,20.2,0.022,0.25,2.5
CKR-099,20.2,22.2,0.005,0.25,2.52
CKR-099,22.2,24.2,0.02,0.25,2.47
CKR-099,24.2,26.2,0.012,0.25,2.44
CKR-099,26.2,28.2,0.015,0.25,2.5
CKR-099,28.2,30.2,0.005,0.25,2.44
CKR-099,30.2,32.2,0.005,0.25,2.47
CKR-099,32.2,34.2,0.03,0.25,2.56
CKR-099,34.2,36.2,0.016,0.25,2.54
CKR-099,36.2,38.2,0.019,0.99,2.51
CKR-099,38.2,40.2,0.005,0.25,2.54
CKR-099,40.2,42.2,0.029,0.25,2.55
CKR-099,42.2,44.2,0.022,0.25,2.59
CKR-099,44.2,46.2,0.005,0.25,2.52
CKR-099,46.2,48.2,0.019,0.25,2.54
CKR-099,48.2,50.2,0.013,0.25,2.51
CKR-099,50.2,52.2,0.015,0.25,2.51
CKR-099,52.2,54.2,0.017,0.25,2.51
CKR-099,54.2,56.2,0.019,0.25,2.48
CKR-099,56.2,58.2,0.01,0.25,2.49
CKR-099,58.2,60.2,0.015,0.25,2.49
CKR-099,60.2,62.2,0.015,0.25,2.52
CKR-099,62.2,64.2,0.017,0.25,2.47
CKR-099,64.2,66.2,0.016,0.25,2.57
CKR-099,66.2,68.2,0.005,0.25,2.56
CKR-099,68.2,70.2,0.005,0.25,2.52
CKR-099,70.2,72.2,0.04,0.25,2.55
CKR-099,72.2,74.2,0.014,0.25,2.52
CKR-099,74.2,76.2,0.033,0.25,2.58
CKR-099,76.2,78.2,0.021,0.25,2.56
CKR-099,78.2,80.2,0.025,0.25,2.55
CKR-099,80.2,82.2,0.018,0.25,2.54
CKR-099,82.2,84.2,0.012,0.25,2.53
CKR-099,84.2,86.2,0.018,0.25,2.5
CKR-099,86.2,88.2,0.03,0.25,2.46
CKR-099,88.2,90.2,0.02,0.25,2.56
CKR-099,90.2,92.2,0.017,0.25,2.55
CKR-099,92.2,94.2,0.025,0.25,2.44
CKR-099,94.2,96.2,0.016,0.25,2.51
CKR-099,96.2,98.2,0.016,0.25,2.54
CKR-099,98.2,100.2,0.005,0.25,2.53
CKR-099,100.2,102.2,0.04,0.25,2.51
CKR-099,102.2,104.2,0.028,0.25,2.53
CKR-099,104.2,106.2,0.026,0.25,2.48
CKR-099,106.2,108.2,0.005,0.25,2.51
CKR-099,108.2,110.2,0.025,0.25,2.53
CKR-099,110.2,112.2,0.017,0.25,2.48
CKR-099,112.2,114.2,0.013,0.89,2.53
CKR-099,114.2,116.2,0.021,0.25,2.55
CKR-099,116.2,118.2,0.027,0.25,2.52
CKR-099,118.2,120.2,0.017,0.25,2.51
CKR-099,120.2,122.2,0.016,0.25,2.5
CKR-099,122.2,124.2,0.017,0.25,2.58
CKR-099,124.2,126.2,0.016,0.25,2.47
CKR-099,126.2,128.2,0.028,0.56,2.5
CKR-099,128.2,130.2,0.015,0.25,2.47
CKR-099,130.2,132.2,0.016,0.25,2.54
CKR-099,132.2,134.2,0.053,0.25,2.5
CKR-099,134.2,136.2,0.012,0.25,2.47
CKR-099,136.2,138.2,0.016,0.25,2.45
CKR-099,138.2,140.2,0.026,0.25,2.49
CKR-099,140.2,142.2,0.016,0.25,2.48
CKR-099,142.2,144.2,0.005,0.25,2.49
CKR-099,144.2,146.2,0.026,0.25,2.51
CKR-099,146.2,148.2,0.026,0.25,2.53
CKR-099,148.2,150.2,0.016,0.25,2.51
CKR-099,150.2,152.2,0.026,0.25,2.51
CKR-099,152.2,154.2,0.019,0.25,2.56
CKR-099,154.2,156.2,0.027,0.25,2.48
CKR-099,156.2,158.2,0.028,0.25,2.55
CKR-099,158.2,160.2,0.031,0.25,2.55
CKR-099,160.2,162.2,0.013,0.25,2.54
CKR-099,162.2,164.2,0.017,0.25,2.58
CKR-099,164.2,166.2,0.005,0.25,2.43
CKR-099,166.2,168.2,0.035,0.25,2.5
CKR-099,168.2,170.2,0.015,0.25,2.49
CKR-099,170.2,172.2,0.038,0.25,2.51
CKR-099,172.2,174.2,0.035,0.25,2.49
CKR-099,174.2,176.2,0.016,0.25,2.55
CKR-099,176.2,178.2,0.005,0.25,2.52
CKR-099,178.2,180.2,0.051,0.25,2.43
CKR-099,180.2,182.2,0.024,0.25,2.48
CKR-099,182.2,184.2,0.005,0.25,2.55
CKR-099,184.2,186.2,0.012,0.25,2.55
CKR-099,186.2,188.2,0.017,0.25,2.54
CKR-099,188.2,190.2,0.022,0.25,2.47
CKR-099,190.2,192.2,0.017,0.25,2.53
CKR-099,192.2,194.2,0.018,0.25,2.54
CKR-099,194.2,196.2,0.03,0.25,2.52
CKR-099,196.2,198.2,0.005,0.25,2.49
CKR-099,198.2,200.2,0.022,0.25,2.57
CKR-099,200.2,202.2,0.005,0.25,2.46
CKR-099,202.2,204.2,0.021,0.25,2.54
CKR-099,204.2,206.2,0.033,0.25,2.48
CKR-099,206.2,208.2,0.021,0.25,2.55
CKR-099,208.2,210.2,0.044,0.25,2.52
CKR-099,210.2,212.2,0.02,0.25,2.52
CKR-099,212.2,213.2,0.005,0.25,2.55
CKR-099,213.2,214.2,0.023,0.25,2.44
CKR-099,214.2,215.2,0.011,0.25,2.57
CKR-099,215.2,216.2,0.028,0.25,2.46
CKR-099,216.2,217.2,0.005,0.25,2.58
CKR-099,217.2,218.2,0.26,4.65,2.56
CKR-099,218.2,219.2,0.867,14.74,2.62
CKR-099,219.2,220.2,0.555,8.55,2.53
CKR-099,220.2,221.2,1.237,17.69,2.54
CKR-099,221.2,222.2,0.948,12.23,2.64
CKR-099,222.2,223.2,19.622,299.75,2.64
CKR-099,223.2,224.2,33.48,547.22,2.66
CKR-099,224.2,225.2,41.45,412.74,2.57
CKR-099,225.2,226.2,62.343,805.99,2.65
CKR-099,226.2,227.2,19.821,327.45,2.64
CKR-099,227.2,228.2,0.622,10.87,2.58
CKR-099,228.2,229.2,0.798,14.65,2.61
CKR-099,229.2,230.2,0.309,3.79,2.56
CKR-099,230.2,231.2,0.317,6.3,2.65
CKR-099,231.2,232.2,0.345,6.53,2.56
CKR-099,232.2,233.2,0.015,0.25,2.49
CKR-099,233.2,234.2,0.015,0.25,2.48
CKR-099,234.2,235.2,0.005,0.54,2.46
CKR-099,235.2,236.2,0.015,0.25,2.47
CKR-099,236.2,237.2,0.005,0.25,2.41
CKR-099,237.2,238.2,0.016,0.25,2.5
CKR-099,238.2,240.2,0.005,0.25,2.49
CKR-099,240.2,242.2,0.005,0.25,2.48
CKR-099,242.2,244.2,0.042,0.25,2.55
CKR-099,244.2,246.2,0.019,0.25,2.48
CKR-099,246.2,248.2,0.014,0.25,2.58
CKR-099,248.2,250.2,0.024,0.25,2.48
CKR-099,250.2,252.2,0.01,0.25,2.49
CKR-099,252.2,254.2,0.005,0.25,2.52
CKR-099,254.2,256.2,0.018,0.25,2.49
CKR-099,256.2,258.2,0.02,0.25,2.47
CKR-099,258.2,260.2,0.016,0.25,2.52
CKR-099,260.2,262.2,0.005,0.25,2.5
CKR-099,262.2,264.2,0.036,0.25,2.47
CKR-099,264.2,266.2,0.005,0.25,2.51
CKR-099,266.2,267.9,0.017,0.25,2.59
CKR-100,2.3,4.3,,,2.55
CKR-100,4.3,6.3,0.041,0.25,2.54
CKR-100,6.3,8.3,0.02,0.25,2.51
CKR-100,8.3,10.3,0.02,0.25,2.48
CKR-100,10.3,12.3,0.012,0.25,2.48
CKR-100,12.3,14.3,0.041,0.25,2.54
CKR-100,14.3,16.3,0.011,0.25,2.54
CKR-100,16.3,18.3,0.011,0.25,2.54
CKR-100,18.3,20.3,0.015,0.25,2.56
CKR-100,20.3,22.3,0.042,0.25,2.51
CKR-100,22.3,24.3,0.023,0.25,2.54
CKR-100,24.3,26.3,0.013,0.87,2.52
CKR-100,26.3,28.3,0.011,0.25,2.47
CKR-100,28.3,30.3,0.022,0.25,2.51
CKR-100,30.3,32.3,0.019,0.25,2.53
CKR-100,32.3,34.3,0.013,0.25,2.47
CKR-100,34.3,36.3,0.064,0.25,2.55
CKR-100,36.3,38.3,0.02,0.25,2.54
CKR-100,38.3,40.3,0.011,0.25,2.46
CKR-100,40.3,42.3,0.038,0.25,2.52
CKR-100,42.3,44.3,0.017,0.25,2.51
CKR-100,44.3,46.3,0.015,0.25,2.54
CKR-100,46.3,48.3,0.005,0.25,2.55
CKR-100,48.3,50.3,0.019,0.25,2.47
CKR-100,50.3,52.3,0.012,0.25,2.55
CKR-100,52.3,54.3,0.014,0.25,2.47
CKR-100,54.3,56.3,0.011,0.25,2.5
CKR-100,56.3,58.3,0.016,0.25,2.64
CKR-100,58.3,60.3,0.023,0.25,2.55
CKR-100,60.3,62.3,0.023,0.25,2.51
CKR-100,62.3,64.3,0.023,0.25,2.53
CKR-100,64.3,66.3,0.017,0.25,2.52
CKR-100,66.3,68.3,0.024,0.25,2.53
CKR-100,68.3,70.3,0.005,0.25,2.51
CKR-100,70.3,72.3,0.017,0.25,2.49
CKR-100,72.3,74.3,0.018,0.25,2.46
CKR-100,74.3,76.3,0.015,0.25,2.55
CKR-100,76.3,78.3,0.005,0.25,2.55
CKR-100,78.3,80.3,0.035,0.25,2.5
CKR-100,80.3,82.3,0.012,0.25,2.55
CKR-100,82.3,84.3,0.005,0.25,2.52
CKR-100,84.3,86.3,0.013,0.25,2.54
CKR-100,86.3,88.3,0.014,0.25,2.49
CKR-100,88.3,90.3,0.023,0.25,2.55
CKR-100,90.3,92.3,0.011,0.25,2.47
CKR-100,92.3,94.3,0.038,0.25,2.58
CKR-100,94.3,96.3,0.017,0.25,2.5
CKR-100,96.3,98.3,0.012,0.25,2.54
CKR-100,98.3,100.3,0.019,0.25,2.58
CKR-100,100.3,101.3,0.005,0.25,2.51
CKR-100,101.3,102.3,0.005,0.25,2.6
CKR-100,102.3,103.3,0.029,0.25,2.48
CKR-100,103.3,104.3,0.02,0.25,2.52
CKR-100,104.3,105.3,0.18,1.51,2.56
CKR-100,105.3,106.3,0.126,1.24,2.54
CKR-100,106.3,107.3,0.204,2.34,2.58
CKR-100,107.3,108.3,0.229,2.3,2.59
CKR-100,108.3,109.3,0.194,1.77,2.58
CKR-100,109.3,110.3,0.378,4.25,2.55
CKR-100,110.3,111.3,6.305,50.51,2.59
CKR-100,111.3,112.3,2.001,18.79,2.61
CKR-100,112.3,113.3,1.317,17.38,2.59
CKR-100,113.3,114.3,2.657,36.42,2.59
CKR-100,114.3,115.3,1.326,17.64,2.62
CKR-100,115.3,116.3,0.547,6.62,2.5
CKR-100,116.3,117.3,0.292,3.29,2.58
CKR-100,117.3,118.3,0.43,4.07,2.54
CKR-100,118.3,119.3,0.22,2.24,2.6
CKR-100,119.3,120.3,0.417,3.84,2.51
CKR-100,120.3,121.3,0.073,0.81,2.53
CKR-100,121.3,122.3,0.018,0.25,2.55
CKR-100,122.3,123.3,0.005,0.25,2.55
CKR-100,123.3,124.3,0.018,0.25,2.6
CKR-100,124.3,125.3,0.005,0.25,2.47
CKR-100,125.3,126.3,0.036,0.25,2.53
CKR-100,126.3,127.3,0.014,0.25,2.55
CKR-100,127.3,129.3,0.005,0.25,2.49
CKR-100,129.3,131.3,0.013,0.53,2.51
CKR-100,131.3,133.3,0.017,0.25,2.47
CKR-100,133.3,135.3,0.005,0.25,2.52
CKR-100,135.3,137.3,0.017,0.25,2.54
CKR-100,137.3,139.3,0.018,0.25,2.52
CKR-100,139.3,141.3,0.02,0.25,2.49
CKR-100,141.3,143.3,0.027,0.25,2.5
CKR-100,143.3,145.3,0.011,0.25,2.48
CKR-100,145.3,147.3,0.032,0.25,2.54
CKR-100,147.3,149.3,0.005,0.25,2.53
CKR-100,149.3,151.3,0.017,0.25,2.58
CKR-100,151.3,153.3,0.064,0.25,2.47
CKR-100,153.3,155.3,0.005,0.25,2.55
CKR-100,155.3,157.3,0.019,0.25,2.54
CKR-100,157.3,159.2,0.014,0.25,2.56
CKR-101,2.9,4.9,,,2.48
CKR-101,4.9,6.9,0.023,0.25,2.52
CKR-101,6.9,8.9,0.018,0.25,2.49
CKR-101,8.9,10.9,0.023,0.53,2.59
CKR-101,10.9,12.9,0.014,0.25,2.49
CKR-101,12.9,14.9,0.028,0.25,2.5
CKR-101,14.9,16.9,0.012,0.25,2.47
CKR-101,16.9,18.9,0.012,0.25,2.47
CKR-101,18.9,20.9,0.014,0.25,2.52
CKR-101,20.9,22.9,0.005,0.25,2.57
CKR-101,22.9,24.9,0.029,0.25,2.51
CKR-101,24.9,26.9,0.023,0.25,2.53
CKR-101,26.9,28.9,0.026,0.25,2.54
CKR-101,28.9,30.9,0.024,0.25,2.56
CKR-101,30.9,32.9,0.005,0.25,2.56
CKR-101,32.9,34.9,0.028,0.25,2.53
CKR-101,34.9,36.9,0.005,0.25,2.52
CKR-101,36.9,38.9,0.005,0.25,2.5
CKR-101,38.9,40.9,0.023,0.25,2.5
CKR-101,40.9,42.9,0.011,0.25,2.52
CKR-101,42.9,44.9,0.02,0.25,2.57
CKR-101,44.9,46.9,0.018,0.25,2.52
CKR-101,46.9,48.9,0.02,0.25,2.51
CKR-101,48.9,50.9,0.029,0.25,2.5
CKR-101,50.9,52.9,0.018,0.25,2.47
CKR-101,52.9,54.9,0.024,0.25,2.51
CKR-101,54.9,56.9,0.043,0.25,2.5
CKR-101,56.9,58.9,0.013,0.25,2.48
CKR-101,58.9,60.9,0.015,0.25,2.6
CKR-101,60.9,62.9,0.011,0.25,2.57
CKR-101,62.9,64.9,0.024,0.25,2.52
CKR-101,64.9,66.9,0.019,0.25,2.54
CKR-101,66.9,68.9,0.012,0.25,2.47
CKR-101,68.9,70.9,0.025,0.25,2.56
CKR-101,70.9,72.9,0.03,0.25,2.55
CKR-101,72.9,74.9,0.01,0.25,2.51
CKR-101,74.9,76.9,0.023,0.25,2.52
CKR-101,76.9,78.9,0.029,0.25,2.5
CKR-101,78.9,80.9,0.005,0.25,2.54
CKR-101,80.9,82.9,0.01,0.25,2.57
CKR-101,82.9,84.9,0.019,0.25,2.5
CKR-101,84.9,86.9,0.047,0.25,2.51
CKR-101,86.9,88.9,0.005,0.25,2.5
CKR-101,88.9,90.9,0.011,0.25,2.53
CKR-101,90.9,92.9,0.012,0.25,2.47
CKR-101,92.9,94.9,0.016,0.25,2.5
CKR-101,94.9,96.9,0.028,0.25,2.58
CKR-101,96.9,98.9,0.022,0.25,2.61
CKR-101,98.9,100.9,0.016,0.25,2.48
CKR-101,100.9,102.9,0.021,0.25,2.55
CKR-101,102.9,104.9,0.024,0.25,2.55
CKR-101,104.9,106.9,0.011,0.69,2.53
CKR-101,106.9,108.9,0.053,0.25,2.53
CKR-101,108.9,110.9,0.076,0.25,2.48
CKR-101,110.9,112.9,0.03,0.25,2.56
CKR-101,112.9,114.9,0.017,0.25,2.49
CKR-101,114.9,116.9,0.019,0.52,2.45
CKR-101,116.9,118.9,0.012,0.25,2.51
CKR-101,118.9,120.9,0.027,0.25,2.51
CKR-101,120.9,122.9,0.021,0.25,2.53
CKR-101,122.9,124.9,0.013,0.25,2.53
CKR-101,124.9,126.9,0.031,0.25,2.49
CKR-101,126.9,128.9,0.017,0.25,2.55
CKR-101,128.9,130.9,0.011,0.25,2.54
CKR-101,130.9,132.9,0.021,0.25,2.54
CKR-101,132.9,134.9,0.032,0.25,2.51
CKR-101,134.9,136.9,0.02,0.25,2.45
CKR-101,136.9,138.9,0.025,0.25,2.42
CKR-101,138.9,140.9,0.012,0.25,2.5
CKR-101,140.9,142.9,0.02,0.25,2.59
CKR-101,142.9,144.9,0.027,0.25,2.49
CKR-101,144.9,146.9,0.005,0.25,2.51
CKR-101,146.9,148.9,0.005,0.25,2.49
CKR-101,148.9,150.9,0.04,0.25,2.51
CKR-101,150.9,152.9,0.02,0.25,2.5
CKR-101,152.9,154.9,0.005,0.25,2.5
CKR-101,154.9,156.9,0.019,0.25,2.49
CKR-101,156.9,158.9,0.015,0.25,2.51
CKR-101,158.9,160.9,0.011,0.25,2.51
CKR-101,160.9,162.9,0.015,0.25,2.53
CKR-101,162.9,164.9,0.019,0.25,2.5
CKR-101,164.9,166.9,0.035,0.25,2.51
CKR-101,166.9,168.9,0.022,0.25,2.53
CKR-101,168.9,170.9,0.015,0.25,2.54
CKR-101,170.9,172.9,0.036,0.25,2.5
CKR-101,172.9,174.9,0.016,0.25,2.46
CKR-101,174.9,176.9,0.02,0.25,2.54
CKR-101,176.9,178.9,0.017,0.25,2.53
CKR-101,178.9,180.9,0.035,0.25,2.53
CKR-101,180.9,182.9,0.014,0.25,2.5
CKR-101,182.9,184.9,0.015,0.25,2.52
CKR-101,184.9,186.9,0.005,0.25,2.52
CKR-101,186.9,188.9,0.017,0.25,2.55
CKR-101,188.9,190.9,0.021,0.25,2.49
CKR-101,190.9,192.9,0.012,0.25,2.49
CKR-101,192.9,194.9,0.021,0.25,2.52
CKR-101,194.9,196.9,0.022,0.25,2.57
CKR-101,196.9,198.9,0.028,0.25,2.52
CKR-101,198.9,200.9,0.011,0.25,2.52
CKR-101,200.9,201.9,0.023,0.25,2.61
CKR-101,201.9,202.9,0.012,0.25,2.58
CKR-101,202.9,203.9,0.029,0.25,2.51
CKR-101,203.9,204.9,0.016,0.25,2.53
CKR-101,204.9,205.9,0.01,0.25,2.53
CKR-101,205.9,206.9,0.171,3.3,2.58
CKR-101,206.9,207.9,0.314,5.92,2.6
CKR-101,207.9,208.9,0.363,4.81,2.58
CKR-101,208.9,209.9,0.234,2.87,2.58
CKR-101,209.9,210.9,1.269,22.46,2.64
CKR-101,210.9,211.9,4.012,50.37,2.57
CKR-101,211.9,212.9,2.732,49.23,2.61
CKR-101,212.9,213.9,4.008,76.61,2.61
CKR-101,213.9,214.9,0.506,7.13,2.58
CKR-101,214.9,215.9,0.634,7.94,2.52
CKR-101,215.9,216.9,0.242,5.37,2.57
CKR-101,216.9,217.9,0.256,6.13,2.54
CKR-101,217.9,218.9,0.066,0.91,2.56
CKR-101,218.9,219.9,0.014,0.25,2.49
CKR-101,219.9,220.9,0.01,0.25,2.53
CKR-101,220.9,221.9,0.005,0.25,2.53
CKR-101,221.9,222.9,0.005,0.25,2.49
CKR-101,222.9,223.9,0.017,0.25,2.57
CKR-101,223.9,224.9,0.034,0.25,2.56
CKR-101,224.9,226.9,0.013,0.25,2.48
CKR-101,226.9,228.9,0.013,0.25,2.47
CKR-101,228.9,230.9,0.021,0.25,2.55
CKR-101,230.9,232.9,0.023,0.25,2.53
CKR-101,232.9,234.9,0.013,0.25,2.51
CKR-101,234.9,236.9,0.022,0.25,2.56
CKR-101,236.9,238.9,0.016,0.25,2.56
CKR-101,238.9,240.9,0.016,0.25,2.48
CKR-101,240.9,242.9,0.012,0.25,2.53
CKR-101,242.9,244.9,0.019,0.25,2.53
CKR-101,244.9,246.9,0.014,0.25,2.56
CKR-101,246.9,248.9,0.005,0.25,2.56
CKR-101,248.9,250.9,0.016,0.25,2.55
CKR-101,250.9,252.9,0.021,0.25,2.57
CKR-101,252.9,254.9,0.014,0.25,2.52
CKR-101,254.9,256.9,0.019,0.25,2.56
CKR-101,256.9,258.9,0.005,0.25,2.53
CKR-101,258.9,260.0,0.017,0.64,2.53
CKR-102,2.2,4.2,,,2.51
CKR-102,4.2,6.2,0.015,0.25,2.52
CKR-102,6.2,8.2,0.01,0.5,2.5
CKR-102,8.2,10.2,0.025,0.25,2.52
CKR-102,10.2,12.2,0.017,0.25,2.54
CKR-102,12.2,14.2,0.02,0.25,2.53
CKR-102,14.2,16.2,0.019,0.25,2.52
CKR-102,16.2,18.2,0.018,0.25,2.56
CKR-102,18.2,20.2,0.013,0.25,2.47
CKR-102,20.2,22.2,0.011,0.25,2.5
CKR-102,22.2,24.2,0.005,0.25,2.5
CKR-102,24.2,26.2,0.024,0.25,2.5
CKR-102,26.2,28.2,0.013,0.25,2.5
CKR-102,28.2,30.2,0.011,0.25,2.56
CKR-102,30.2,32.2,0.012,0.25,2.51
CKR-102,32.2,34.2,0.021,0.25,2.48
CKR-102,34.2,36.2,0.025,0.25,2.49
CKR-102,36.2,38.2,0.023,0.25,2.57
CKR-102,38.2,40.2,0.02,0.25,2.54
CKR-102,40.2,42.2,0.019,0.25,2.47
CKR-102,42.2,44.2,0.025,0.25,2.54
CKR-102,44.2,46.2,0.005,0.25,2.58
CKR-102,46.2,48.2,0.025,0.25,2.58
CKR-102,48.2,50.2,0.043,0.25,2.56
CKR-102,50.2,52.2,0.017,0.81,2.47
CKR-102,52.2,54.2,0.017,0.25,2.45
CKR-102,54.2,56.2,0.019,0.25,2.5
CKR-102,56.2,58.2,0.012,0.25,2.55
CKR-102,58.2,60.2,0.029,0.25,2.49
CKR-102,60.2,62.2,0.018,0.25,2.49
CKR-102,62.2,64.2,0.005,0.25,2.51
CKR-102,64.2,66.2,0.011,0.25,2.47
CKR-102,66.2,68.2,0.034,0.25,2.53
CKR-102,68.2,70.2,0.011,0.25,2.54
CKR-102,70.2,72.2,0.026,0.25,2.48
CKR-102,72.2,74.2,0.023,0.25,2.52
CKR-102,74.2,76.2,0.014,0.25,2.51
CKR-102,76.2,78.2,0.015,0.25,2.5
CKR-102,78.2,80.2,0.017,0.25,2.48
CKR-102,80.2,82.2,0.016,0.25,2.47
CKR-102,82.2,84.2,0.005,0.25,2.55
CKR-102,84.2,86.2,0.005,0.25,2.51
CKR-102,86.2,88.2,0.025,0.25,2.54
CKR-102,88.2,90.2,0.029,0.25,2.55
CKR-102,90.2,92.2,0.02,0.25,2.56
CKR-102,92.2,94.2,0.049,0.25,2.55
CKR-102,94.2,96.2,0.026,0.25,2.55
CKR-102,96.2,98.2,0.005,0.25,2.52
CKR-102,98.2,100.2,0.017,0.25,2.51
CKR-102,100.2,102.2,0.005,0.25,2.5
CKR-102,102.2,103.2,0.016,0.25,2.53
CKR-102,103.2,104.2,0.013,0.25,2.5
CKR-102,104.2,105.2,0.038,0.25,2.51
CKR-102,105.2,106.2,0.005,0.25,2.6
CKR-102,106.2,107.2,0.016,0.25,2.53
CKR-102,107.2,108.2,0.025,0.25,2.49
CKR-102,108.2,109.2,0.12,2.15,2.59
CKR-102,109.2,110.2,0.104,1.94,2.63
CKR-102,110.2,111.2,0.112,1.1,2.62
CKR-102,111.2,112.2,0.206,2.95,2.56
CKR-102,112.2,113.2,0.22,2.93,2.54
CKR-102,113.2,114.2,0.235,2.19,2.55
CKR-102,114.2,115.2,1.207,13.4,2.54
CKR-102,115.2,116.2,1.721,13.0,2.6
CKR-102,116.2,117.2,1.097,17.38,2.66
CKR-102,117.2,118.2,1.11,13.56,2.67
CKR-102,118.2,119.2,1.499,19.07,2.59
CKR-102,119.2,120.2,0.12,1.77,2.51
CKR-102,120.2,121.2,0.186,1.99,2.57
CKR-102,121.2,122.2,0.08,1.18,2.61
CKR-102,122.2,123.2,0.08,1.11,2.54
CKR-102,123.2,124.2,0.038,0.51,2.58
CKR-102,124.2,125.2,0.041,0.25,2.62
CKR-102,125.2,126.2,0.035,0.25,2.49
CKR-102,126.2,127.2,0.026,0.25,2.47
CKR-102,127.2,128.2,0.06,0.25,2.48
CKR-102,128.2,129.2,0.02,0.25,2.55
CKR-102,129.2,130.2,0.017,0.25,2.49
CKR-102,130.2,131.2,0.018,0.25,2.59
CKR-102,131.2,133.2,0.025,0.56,2.52
CKR-102,133.2,135.2,0.005,0.25,2.49
CKR-102,135.2,137.2,0.018,0.25,2.59
CKR-102,137.2,139.2,0.028,0.25,2.46
CKR-102,139.2,141.2,0.017,0.25,2.53
CKR-102,141.2,143.2,0.033,0.25,2.58
CKR-102,143.2,145.2,0.015,0.25,2.48
CKR-102,145.2,147.2,0.021,0.25,2.52
CKR-102,147.2,149.2,0.013,0.25,2.54
CKR-102,149.2,151.2,0.02,0.25,2.46
CKR-102,151.2,153.2,0.022,0.25,2.53
CKR-102,153.2,155.2,0.011,0.25,2.53
CKR-102,155.2,157.2,0.022,0.25,2.59
CKR-102,157.2,158.2,0.014,0.25,2.51
CKR-103,5.3,7.3,,,2.48
CKR-103,7.3,9.3,0.014,0.25,2.51
CKR-103,9.3,11.3,0.005,0.25,2.54
CKR-103,11.3,13.3,0.024,0.25,2.5
CKR-103,13.3,15.3,0.018,0.25,2.5
CKR-103,15.3,17.3,0.005,0.25,2.48
CKR-103,17.3,19.3,0.014,0.25,2.49
CKR-103,19.3,21.3,0.011,0.25,2.47
CKR-103,21.3,23.3,0.012,0.25,2.52
CKR-103,23.3,25.3,0.024,0.25,2.49
CKR-103,25.3,27.3,0.022,0.25,2.57
CKR-103,27.3,29.3,0.005,0.25,2.55
CKR-103,29.3,31.3,0.022,0.25,2.54
CKR-103,31.3,33.3,0.026,0.25,2.48
CKR-103,33.3,35.3,0.03,0.25,2.6
CKR-103,35.3,37.3,0.019,0.25,2.47
CKR-103,37.3,39.3,0.035,0.25,2.51
CKR-103,39.3,41.3,0.005,0.25,2.59
CKR-103,41.3,43.3,0.021,0.25,2.54
CKR-103,43.3,45.3,0.012,0.25,2.46
CKR-103,45.3,47.3,0.028,0.25,2.53
CKR-103,47.3,49.3,0.017,0.25,2.5
CKR-103,49.3,51.3,0.021,0.25,2.5
CKR-103,51.3,53.3,0.014,0.25,2.53
CKR-103,53.3,55.3,0.025,0.25,2.54
CKR-103,55.3,57.3,0.025,0.25,2.52
CKR-103,57.3,59.3,0.012,0.25,2.51
CKR-103,59.3,61.3,0.022,0.25,2.57
CKR-103,61.3,63.3,0.005,0.25,2.55
CKR-103,63.3,65.3,0.016,0.25,2.55
CKR-103,65.3,67.3,0.018,0.25,2.52
CKR-103,67.3,69.3,0.035,0.25,2.5
CKR-103,69.3,71.3,0.024,0.25,2.56
CKR-103,71.3,73.3,0.005,0.25,2.52
CKR-103,73.3,75.3,0.013,0.25,2.53
CKR-103,75.3,77.3,0.012,0.25,2.49
CKR-103,77.3,79.3,0.011,0.25,2.54
CKR-103,79.3,81.3,0.017,0.25,2.52
CKR-103,81.3,83.3,0.005,0.25,2.53
CKR-103,83.3,85.3,0.019,0.25,2.49
CKR-103,85.3,87.3,0.005,0.25,2.53
CKR-103,87.3,89.3,0.02,0.25,2.56
CKR-103,89.3,91.3,0.005,0.25,2.49
CKR-103,91.3,93.3,0.005,0.25,2.49
CKR-103,93.3,95.3,0.005,0.25,2.49
CKR-103,95.3,97.3,0.016,0.25,2.51
CKR-103,97.3,99.3,0.005,0.25,2.48
CKR-103,99.3,101.3,0.019,0.25,2.52
CKR-103,101.3,103.3,0.013,0.25,2.53
CKR-103,103.3,105.3,0.014,0.25,2.55
CKR-103,105.3,107.3,0.025,0.53,2.53
CKR-103,107.3,109.3,0.023,0.25,2.45
CKR-103,109.3,111.3,0.022,0.25,2.5
CKR-103,111.3,113.3,0.005,0.25,2.5
CKR-103,113.3,115.3,0.012,0.25,2.5
CKR-103,115.3,117.3,0.005,0.25,2.55
CKR-103,117.3,119.3,0.018,0.25,2.58
CKR-103,119.3,121.3,0.015,0.25,2.57
CKR-103,121.3,123.3,0.013,0.25,2.51
CKR-103,123.3,125.3,0.011,0.25,2.48
CKR-103,125.3,127.3,0.043,0.25,2.52
CKR-103,127.3,129.3,0.022,0.25,2.51
CKR-103,129.3,131.3,0.029,0.25,2.51
CKR-103,131.3,133.3,0.021,0.25,2.55
CKR-103,133.3,135.3,0.022,0.25,2.5
CKR-103,135.3,137.3,0.005,0.25,2.45
CKR-103,137.3,139.3,0.005,0.25,2.57
CKR-103,139.3,141.3,0.018,0.25,2.54
CKR-103,141.3,143.3,0.012,0.63,2.51
CKR-103,143.3,145.3,0.013,0.25,2.54
CKR-103,145.3,147.3,0.023,0.25,2.54
CKR-103,147.3,149.3,0.01,0.25,2.47
CKR-103,149.3,151.3,0.025,0.25,2.5
CKR-103,151.3,153.3,0.021,0.25,2.54
CKR-103,153.3,155.3,0.02,0.25,2.53
CKR-103,155.3,157.3,0.03,0.25,2.48
CKR-103,157.3,159.3,0.016,0.25,2.47
CKR-103,159.3,161.3,0.005,0.25,2.52
CKR-103,161.3,163.3,0.036,0.25,2.52
CKR-103,163.3,165.3,0.016,0.25,2.46
CKR-103,165.3,167.3,0.019,0.25,2.54
CKR-103,167.3,169.3,0.023,0.25,2.55
CKR-103,169.3,171.3,0.017,0.25,2.53
CKR-103,171.3,173.3,0.041,0.25,2.53
CKR-103,173.3,175.3,0.022,0.25,2.49
CKR-103,175.3,177.3,0.018,0.25,2.49
CKR-103,177.3,179.3,0.028,0.25,2.51
CKR-103,179.3,181.3,0.015,0.25,2.57
CKR-103,181.3,183.3,0.02,0.25,2.56
CKR-103,183.3,185.3,0.021,0.25,2.56
CKR-103,185.3,186.3,0.025,0.25,2.47
CKR-103,186.3,187.3,0.034,0.25,2.46
CKR-103,187.3,188.3,0.01,0.25,2.55
CKR-103,188.3,189.3,0.017,0.25,2.48
CKR-103,189.3,190.3,0.068,0.52,2.51
CKR-103,190.3,191.3,0.127,1.36,2.52
CKR-103,191.3,192.3,0.055,0.54,2.47
CKR-103,192.3,193.3,0.075,0.64,2.57
CKR-103,193.3,194.3,0.109,0.77,2.51
CKR-103,194.3,195.3,0.23,1.63,2.62
CKR-103,195.3,196.3,0.196,1.68,2.55
CKR-103,196.3,197.3,1.038,6.41,2.64
CKR-103,197.3,198.3,1.449,7.98,2.59
CKR-103,198.3,199.3,1.726,18.65,2.57
CKR-103,199.3,200.3,0.631,3.11,2.61
CKR-103,200.3,201.3,0.187,1.95,2.57
CKR-103,201.3,202.3,0.173,1.51,2.63
CKR-103,202.3,203.3,0.135,1.33,2.61
CKR-103,203.3,204.3,0.114,1.22,2.56
CKR-103,204.3,205.3,0.123,1.16,2.53
CKR-103,205.3,206.3,0.1,0.83,2.56
CKR-103,206.3,207.3,0.069,0.78,2.54
CKR-103,207.3,208.3,0.018,0.25,2.48
CKR-103,208.3,209.3,0.014,0.25,2.55
CKR-103,209.3,210.3,0.026,0.25,2.46
CKR-103,210.3,211.3,0.014,0.25,2.46
CKR-103,211.3,212.3,0.01,0.25,2.46
CKR-103,212.3,213.3,0.035,0.25,2.61
CKR-103,213.3,215.3,0.017,0.25,2.51
CKR-103,215.3,217.3,0.023,0.25,2.59
CKR-103,217.3,219.3,0.017,0.25,2.54
CKR-103,219.3,221.3,0.005,0.25,2.5
CKR-103,221.3,223.3,0.025,0.25,2.48
CKR-103,223.3,225.3,0.016,0.25,2.54
CKR-103,225.3,227.3,0.027,0.25,2.53
CKR-103,227.3,229.3,0.024,0.25,2.52
CKR-103,229.3,231.3,0.017,0.25,2.49
CKR-103,231.3,233.3,0.029,0.25,2.53
CKR-103,233.3,235.3,0.02,0.25,2.51
CKR-103,235.3,237.3,0.013,0.25,2.52
CKR-103,237.3,239.3,0.017,0.25,2.61
CKR-103,239.3,241.3,0.005,0.25,2.53
CKR-103,241.3,242.0,0.024,0.25,2.48
