BHID,FROM,TO,NI_PCT,CO_PCT,FE_PCT,MGO_PCT,SIO2_PCT,AL2O3_PCT,CR2O3_PCT,SG
LMT-0001,0.0,1.0,0.641,0.0372,47.89,0.86,3.91,7.91,2.413,1.46
LMT-0001,1.0,2.0,1.069,0.1169,43.7,2.4,8.5,4.57,2.347,1.37
LMT-0001,2.0,3.0,1.037,0.2571,41.44,3.22,12.73,4.51,2.337,1.42
LMT-0001,3.0,4.0,2.215,0.111,20.27,9.84,27.75,2.19,1.337,1.45
LMT-0001,4.0,5.0,1.985,0.1224,19.24,12.14,33.68,1.99,1.268,1.52
LMT-0001,5.0,6.0,2.068,0.0464,17.29,15.12,30.66,2.05,1.397,1.5
LMT-0001,6.0,7.0,1.954,0.0519,16.45,16.18,35.95,1.58,1.175,1.54
LMT-0001,7.0,8.0,1.645,0.0274,14.05,17.91,36.22,1.42,1.081,1.7
LMT-0001,8.0,9.0,1.602,0.0162,13.69,20.12,36.96,1.51,1.036,1.55
LMT-0001,9.0,10.0,1.177,0.0259,11.48,19.77,39.76,1.05,0.942,1.73
LMT-0001,10.0,11.0,1.115,0.0247,10.12,24.07,40.24,1.13,0.821,1.7
LMT-0001,11.0,12.0,0.327,0.0147,6.6,38.8,40.48,0.81,0.49,2.58
LMT-0001,12.0,13.0,0.275,0.013,6.37,32.03,36.71,0.88,0.405,2.6
LMT-0001,13.0,14.1,0.277,0.0097,6.63,41.28,39.8,0.81,0.393,2.59
LMT-0002,0.0,1.0,0.636,0.0633,47.59,0.88,4.16,10.09,3.064,1.65
LMT-0002,1.0,2.0,1.251,0.1934,48.67,2.87,9.92,5.12,2.799,1.42
LMT-0002,2.0,3.0,1.394,0.2522,41.39,5.77,16.67,4.36,2.145,1.62
LMT-0002,3.0,4.0,2.455,0.175,20.17,12.15,34.19,2.78,1.735,1.47
LMT-0002,4.0,5.0,2.165,0.0899,19.53,14.46,34.05,2.4,1.682,1.59
LMT-0002,5.0,6.0,2.051,0.0606,17.38,18.59,39.54,2.07,1.635,1.7
LMT-0002,6.0,7.0,1.741,0.0365,15.08,19.81,40.62,1.88,1.238,1.71
LMT-0002,7.0,8.0,1.642,0.0397,12.68,28.32,40.69,1.7,1.272,1.76
LMT-0002,8.0,9.0,1.518,0.031,12.05,29.26,44.62,1.17,0.905,1.83
LMT-0002,9.0,10.0,0.313,0.0131,7.6,37.42,43.56,1.03,0.533,2.42
LMT-0002,10.0,11.0,0.355,0.0126,6.9,38.09,41.23,1.21,0.591,2.79
LMT-0002,11.0,12.0,0.335,0.0154,6.79,42.26,42.19,1.01,0.468,2.83
LMT-0002,12.0,12.3,0.343,0.0155,7.06,42.99,42.38,0.91,0.538,2.77
LMT-0003,0.0,1.0,0.592,0.0443,52.21,0.8,3.91,6.75,2.543,1.51
LMT-0003,1.0,2.0,0.863,0.0697,46.03,2.4,8.29,6.5,2.695,1.5
LMT-0003,2.0,3.0,1.184,0.1066,45.85,3.26,11.24,4.57,2.24,1.52
LMT-0003,3.0,4.0,1.286,0.1619,43.85,4.65,14.09,4.98,2.289,1.53
LMT-0003,4.0,5.0,1.324,0.2825,40.04,6.63,15.83,3.9,1.981,1.46
LMT-0003,5.0,6.0,2.267,0.131,20.29,10.52,30.44,1.86,1.649,1.57
LMT-0003,6.0,7.0,2.366,0.0881,19.68,13.86,39.4,1.91,1.442,1.57
LMT-0003,7.0,8.0,2.108,0.0635,19.22,16.66,36.56,2.26,1.453,1.5
LMT-0003,8.0,9.0,1.837,0.0529,16.44,17.33,36.76,1.93,1.436,1.66
LMT-0003,9.0,10.0,1.728,0.0347,16.19,19.85,35.63,1.96,1.323,1.75
LMT-0003,10.0,11.0,1.648,0.0415,13.78,22.24,38.36,1.7,1.273,1.75
LMT-0003,11.0,12.0,1.579,0.0333,12.16,22.67,40.02,1.36,0.93,1.86
LMT-0003,12.0,13.0,1.144,0.0307,11.3,27.47,37.8,1.04,1.132,1.83
LMT-0003,13.0,14.0,0.317,0.0161,6.71,39.26,38.44,1.1,0.54,2.75
LMT-0003,14.0,15.0,0.298,0.0157,7.71,37.94,40.19,0.94,0.491,2.68
LMT-0003,15.0,16.1,0.293,0.0116,6.45,39.64,37.63,0.99,0.495,2.76
LMT-0004,0.0,1.0,0.61,0.0285,51.75,0.78,3.83,6.18,2.754,1.44
LMT-0004,1.0,2.0,0.963,0.071,44.34,1.81,8.1,5.26,2.096,1.53
LMT-0004,2.0,3.0,0.92,0.1417,44.89,3.32,11.65,4.13,2.537,1.41
LMT-0004,3.0,4.0,1.244,0.2318,37.28,3.97,14.51,4.49,1.965,1.43
LMT-0004,4.0,5.0,1.893,0.162,20.89,9.97,27.56,1.98,1.296,1.41
LMT-0004,5.0,6.0,2.188,0.14,18.23,14.18,32.78,2.08,1.244,1.54
LMT-0004,6.0,7.0,1.613,0.0427,14.92,16.64,36.15,1.77,1.208,1.5
LMT-0004,7.0,8.0,1.525,0.0379,12.62,22.53,36.46,1.62,1.011,1.56
LMT-0004,8.0,9.0,1.145,0.0222,9.72,24.24,40.73,0.87,0.751,1.89
LMT-0004,9.0,10.0,0.261,0.0169,6.46,36.2,38.77,0.94,0.479,2.61
LMT-0004,10.0,11.0,0.295,0.0115,6.19,39.0,38.21,1.0,0.435,2.58
LMT-0004,11.0,12.0,0.277,0.0114,6.32,35.49,42.93,0.88,0.415,2.65
LMT-0004,12.0,12.3,0.294,0.0114,6.16,39.49,42.24,0.84,0.359,2.71
LMT-0005,0.0,1.0,0.49,0.0216,41.91,0.57,3.02,6.59,2.068,1.37
LMT-0005,1.0,2.0,0.846,0.029,42.68,1.27,6.56,4.17,2.396,1.27
LMT-0005,2.0,3.0,0.558,0.0517,41.45,2.19,6.78,5.17,2.15,1.41
LMT-0005,3.0,4.0,0.649,0.0657,40.32,2.27,10.05,3.34,1.852,1.18
LMT-0005,4.0,5.0,0.642,0.0639,38.24,3.2,10.79,3.55,2.114,1.37
LMT-0005,5.0,6.0,1.203,0.0699,37.95,3.55,10.45,4.73,2.195,1.34
LMT-0005,6.0,7.0,0.936,0.1204,36.16,3.79,12.31,3.61,1.747,1.43
LMT-0005,7.0,8.0,0.889,0.1596,36.16,5.03,14.16,2.78,1.446,1.38
LMT-0005,8.0,9.0,0.899,0.265,33.47,4.71,15.91,2.22,1.848,1.44
LMT-0005,9.0,10.0,1.546,0.0701,19.77,8.42,27.33,1.59,1.283,1.4
LMT-0005,10.0,11.0,2.013,0.0544,16.77,10.43,26.87,2.19,1.236,1.4
LMT-0005,11.0,12.0,1.812,0.0229,17.53,12.71,30.39,1.45,1.273,1.49
LMT-0005,12.0,13.0,1.473,0.0296,16.57,9.78,32.03,1.61,0.987,1.48
LMT-0005,13.0,14.0,1.717,0.043,16.39,13.62,29.26,1.61,1.126,1.4
LMT-0005,14.0,15.0,1.611,0.0331,15.83,14.85,33.58,1.72,1.147,1.42
LMT-0005,15.0,16.0,1.497,0.0276,12.54,14.7,28.74,1.38,0.861,1.45
LMT-0005,16.0,17.0,1.34,0.0235,12.55,15.96,33.99,1.5,0.788,1.35
LMT-0005,17.0,18.0,1.369,0.0274,12.57,16.63,33.95,1.21,0.85,1.51
LMT-0005,18.0,19.0,1.388,0.0232,12.46,19.28,34.81,0.98,0.685,1.59
LMT-0005,19.0,20.0,1.327,0.0208,11.45,18.63,35.64,0.9,1.102,1.53
LMT-0005,20.0,21.0,1.044,0.0215,11.3,18.94,31.71,0.95,0.676,1.61
LMT-0005,21.0,22.0,1.151,0.0178,10.96,20.52,33.91,1.18,0.662,1.58
LMT-0005,22.0,23.0,0.74,0.0191,10.04,23.75,37.24,0.78,0.676,1.7
LMT-0005,23.0,24.0,0.878,0.0138,8.13,20.75,32.07,0.66,0.611,1.84
LMT-0005,24.0,25.0,0.271,0.0123,5.95,35.03,33.46,0.63,0.429,2.66
LMT-0005,25.0,26.0,0.187,0.0084,6.26,29.76,33.96,0.63,0.431,2.31
LMT-0005,26.0,27.0,0.217,0.0094,5.64,30.12,34.65,0.57,0.405,2.43
LMT-0005,27.0,27.3,0.211,0.0074,6.19,32.78,32.96,0.51,0.35,2.38
LMT-0006,0.0,1.0,0.606,0.0312,46.05,0.79,3.6,5.03,2.606,1.56
LMT-0006,1.0,2.0,0.87,0.055,40.78,1.77,6.43,5.5,1.813,1.32
LMT-0006,2.0,3.0,1.091,0.0583,41.85,2.5,8.35,4.56,1.986,1.35
LMT-0006,3.0,4.0,0.795,0.0805,44.08,3.3,9.88,3.89,1.729,1.36
LMT-0006,4.0,5.0,0.751,0.1319,40.44,4.37,11.43,3.26,1.484,1.45
LMT-0006,5.0,6.0,1.165,0.2439,36.86,4.69,14.27,2.59,1.589,1.38
LMT-0006,6.0,7.0,2.17,0.0996,18.56,10.12,28.23,1.64,1.141,1.33
LMT-0006,7.0,8.0,1.332,0.0529,17.05,11.89,32.62,1.82,1.231,1.47
LMT-0006,8.0,9.0,1.819,0.0404,16.32,11.92,25.29,1.64,0.926,1.62
LMT-0006,9.0,10.0,1.678,0.0389,15.33,16.07,36.0,1.25,1.166,1.61
LMT-0006,10.0,11.0,1.172,0.0308,12.59,18.49,34.83,1.49,1.162,1.49
LMT-0006,11.0,12.0,1.125,0.0246,10.99,22.39,31.6,0.89,0.862,1.78
LMT-0006,12.0,13.0,1.117,0.0147,9.78,22.63,39.14,1.29,0.822,1.66
LMT-0006,13.0,14.0,0.942,0.0141,8.65,26.5,40.6,0.83,0.742,1.66
LMT-0006,14.0,15.0,0.28,0.0109,5.85,31.85,35.77,0.61,0.424,2.19
LMT-0006,15.0,16.0,0.245,0.0078,6.19,31.2,38.88,0.87,0.402,2.35
LMT-0006,16.0,17.0,0.249,0.009,6.16,33.85,34.07,0.81,0.369,2.21
LMT-0007,0.0,1.0,0.781,0.0737,51.39,0.84,4.15,6.41,2.815,1.53
LMT-0007,1.0,2.0,1.177,0.1636,43.59,3.26,11.36,6.07,2.353,1.29
LMT-0007,2.0,3.0,2.311,0.1655,19.98,11.74,32.97,2.82,1.488,1.51
LMT-0008,0.0,1.0,0.699,0.0814,50.05,0.89,4.2,7.69,2.924,1.49
LMT-0008,1.0,2.0,1.325,0.1398,36.91,3.62,11.36,4.25,1.958,1.42
LMT-0008,2.0,3.0,1.966,0.0759,18.34,12.75,32.45,1.7,1.175,1.48
LMT-0008,3.0,4.0,0.313,0.0243,6.77,33.11,37.63,0.96,0.445,2.48
LMT-0008,4.0,5.0,0.271,0.0247,5.94,35.0,39.39,0.85,0.384,2.54
LMT-0008,5.0,6.0,0.263,0.0143,6.66,40.31,37.56,0.66,0.34,2.54
LMT-0009,0.0,1.0,0.785,0.0765,49.69,0.91,4.35,8.36,2.418,1.62
LMT-0009,1.0,2.0,1.035,0.1399,47.25,3.32,11.38,5.48,2.228,1.5
LMT-0009,2.0,3.0,1.345,0.3086,40.97,5.58,17.17,4.62,2.328,1.57
LMT-0009,3.0,4.0,2.173,0.1147,19.17,11.94,36.44,2.12,1.494,1.52
LMT-0009,4.0,5.0,1.573,0.0902,16.64,18.39,31.23,1.42,1.414,1.67
LMT-0009,5.0,6.0,1.596,0.0288,14.67,21.86,41.43,1.6,1.171,1.71
LMT-0009,6.0,7.0,,,,,,,,1.92
LMT-0009,7.0,8.0,0.302,0.0142,6.81,36.32,41.15,0.86,0.512,2.6
LMT-0009,8.0,9.0,0.306,0.0152,6.75,35.96,41.89,0.98,0.416,2.66
LMT-0009,9.0,9.8,0.29,0.0128,6.65,41.79,38.73,0.88,0.476,2.67
LMT-0010,0.0,1.0,0.669,0.0319,47.94,0.85,4.32,6.89,2.729,1.54
LMT-0010,1.0,2.0,0.864,0.1192,39.18,2.62,9.96,3.96,2.469,1.43
LMT-0010,2.0,3.0,1.041,0.1794,38.67,4.74,13.55,4.43,1.848,1.54
LMT-0010,3.0,4.0,2.148,0.1459,20.86,10.41,31.52,1.91,1.371,1.4
LMT-0010,4.0,5.0,1.951,0.1162,18.33,12.83,32.79,2.01,1.314,1.57
LMT-0010,5.0,6.0,1.815,0.0407,16.82,15.04,34.18,1.79,1.263,1.54
LMT-0010,6.0,7.0,1.699,0.038,15.93,16.13,34.12,1.55,1.052,1.64
LMT-0010,7.0,8.0,1.27,0.0307,12.59,15.98,35.5,1.45,1.171,1.71
LMT-0010,8.0,9.0,1.285,0.025,11.47,24.04,41.56,1.08,0.758,1.7
LMT-0010,9.0,10.0,0.956,0.0151,10.47,25.41,41.05,1.11,0.73,1.76
LMT-0010,10.0,11.0,0.289,0.0105,7.01,35.21,40.19,0.61,0.367,2.63
LMT-0010,11.0,12.0,0.227,0.0128,6.97,35.25,39.57,0.74,0.418,2.36
LMT-0010,12.0,13.0,0.255,0.0125,5.82,37.61,40.35,0.7,0.378,2.7
LMT-0011,0.0,1.0,0.694,0.0641,43.54,1.42,6.64,6.84,2.219,1.29
LMT-0011,1.0,2.0,0.948,0.0901,37.91,3.3,10.85,5.21,2.334,1.38
LMT-0011,2.0,3.0,1.114,0.2228,35.72,4.71,14.47,3.75,1.736,1.51
LMT-0011,3.0,4.0,2.008,0.0931,18.91,8.58,30.19,2.22,1.462,1.48
LMT-0011,4.0,5.0,1.997,0.0688,19.34,9.57,30.72,1.7,1.426,1.35
LMT-0011,5.0,6.0,1.693,0.0599,17.46,12.06,31.98,1.5,1.281,1.45
LMT-0011,6.0,7.0,1.829,0.0295,15.35,15.18,30.16,1.34,1.041,1.61
LMT-0011,7.0,8.0,1.564,0.0363,15.76,15.65,33.07,1.3,0.92,1.4
LMT-0011,8.0,9.0,1.599,0.0341,14.13,15.43,32.22,1.64,1.127,1.69
LMT-0011,9.0,10.0,1.384,0.0308,11.55,21.83,35.0,1.39,0.949,1.69
LMT-0011,10.0,11.0,1.246,0.0319,12.16,19.1,33.94,1.16,0.835,1.61
LMT-0011,11.0,12.0,0.955,0.0219,11.46,22.13,40.47,1.11,0.906,1.65
LMT-0011,12.0,13.0,0.991,0.0127,10.61,23.78,36.22,1.01,0.753,1.77
LMT-0011,13.0,14.0,0.311,0.0134,6.02,30.67,40.21,0.83,0.379,2.23
LMT-0011,14.0,15.1,0.267,0.0116,6.47,33.24,34.31,0.73,0.382,2.38
LMT-0012,0.0,1.0,0.947,0.0446,49.41,1.57,7.02,5.62,3.001,1.33
LMT-0012,1.0,2.0,0.964,0.0837,45.52,2.43,8.87,4.89,2.09,1.54
LMT-0012,2.0,3.0,0.988,0.1442,36.26,3.81,12.21,5.43,2.268,1.39
LMT-0012,3.0,4.0,1.444,0.2287,35.86,4.37,13.69,4.25,2.016,1.35
LMT-0012,4.0,5.0,2.471,0.1403,19.06,9.16,33.22,2.58,1.436,1.45
LMT-0012,5.0,6.0,1.975,0.1122,20.09,7.85,31.33,1.99,1.672,1.47
LMT-0012,6.0,7.0,2.227,0.0677,19.51,11.42,31.5,2.14,1.629,1.43
LMT-0012,7.0,8.0,2.385,0.0422,17.58,13.38,30.19,2.05,1.464,1.55
LMT-0012,8.0,9.0,2.271,0.0437,18.16,12.58,31.81,2.09,1.168,1.56
LMT-0012,9.0,10.0,1.819,0.0364,16.74,13.34,31.86,1.8,1.142,1.57
LMT-0012,10.0,11.0,2.059,0.0317,16.96,14.38,35.28,1.75,1.195,1.65
LMT-0012,11.0,12.0,1.83,0.0352,16.74,16.11,36.39,1.74,1.552,1.76
LMT-0012,12.0,13.0,1.738,0.0481,15.04,15.68,36.91,1.56,1.147,1.63
LMT-0012,13.0,14.0,2.136,0.0281,15.1,15.63,34.85,1.48,0.885,1.67
LMT-0012,14.0,15.0,1.652,0.0392,14.45,17.35,32.92,1.62,0.937,1.81
LMT-0012,15.0,16.0,1.66,0.0251,13.41,18.72,37.43,1.6,1.104,1.83
LMT-0012,16.0,17.0,1.398,0.0288,12.66,21.18,42.5,1.46,0.944,1.54
LMT-0012,17.0,18.0,1.359,0.0238,12.41,21.6,41.48,1.34,0.878,1.85
LMT-0012,18.0,19.0,1.331,0.0279,12.23,21.41,38.26,1.2,0.973,1.8
LMT-0012,19.0,20.0,1.082,0.0277,11.63,24.96,39.21,0.97,0.751,1.76
LMT-0012,20.0,21.0,1.247,0.0213,10.14,21.59,41.78,1.19,0.737,1.76
LMT-0012,21.0,22.0,1.135,0.0281,9.09,22.9,43.16,0.83,0.866,1.71
LMT-0012,22.0,23.0,0.344,0.0146,6.8,35.38,39.95,1.14,0.504,2.61
LMT-0012,23.0,24.0,0.275,0.0136,6.29,34.05,39.62,0.81,0.369,2.71
LMT-0012,24.0,24.8,0.263,0.0129,6.59,37.75,39.53,0.82,0.449,2.64
LMT-0013,0.0,1.0,0.519,0.0374,46.54,0.69,3.71,6.69,2.269,1.48
LMT-0013,1.0,2.0,0.616,0.069,42.23,1.52,6.11,5.49,2.013,1.33
LMT-0013,2.0,3.0,0.808,0.0598,36.18,2.22,8.46,5.08,1.975,1.21
LMT-0013,3.0,4.0,0.899,0.0574,38.95,3.14,9.15,4.44,1.903,1.26
LMT-0013,4.0,5.0,1.005,0.0568,40.3,3.21,11.95,3.97,1.583,1.4
LMT-0013,5.0,6.0,1.133,0.1209,34.23,5.32,14.99,3.05,2.344,1.55
LMT-0013,6.0,7.0,1.337,0.2389,32.27,4.47,14.04,2.96,1.543,1.45
LMT-0013,7.0,8.0,1.769,0.1239,17.79,8.27,31.25,1.6,0.931,1.32
LMT-0013,8.0,9.0,1.713,0.0525,17.35,10.4,33.54,2.02,1.133,1.46
LMT-0013,9.0,10.0,1.856,0.049,15.47,13.99,30.64,1.6,1.113,1.57
LMT-0013,10.0,11.0,1.222,0.0212,13.79,14.63,32.84,1.4,1.096,1.36
LMT-0013,11.0,12.0,1.262,0.0327,14.44,16.15,32.42,1.56,0.95,1.77
LMT-0013,12.0,13.0,1.223,0.0249,10.51,17.69,34.24,1.34,0.872,1.58
LMT-0013,13.0,14.0,1.172,0.0195,11.9,23.89,33.68,0.85,0.653,1.68
LMT-0013,14.0,15.0,0.778,0.0131,9.7,26.7,40.91,0.73,1.019,1.69
LMT-0013,15.0,16.0,0.295,0.0108,6.8,34.17,36.06,0.97,0.385,2.49
LMT-0013,16.0,17.0,0.209,0.0093,5.26,29.97,34.56,0.61,0.331,2.6
LMT-0013,17.0,18.0,0.213,0.0126,6.6,35.9,38.87,0.75,0.351,2.47
LMT-0014,0.0,1.0,0.545,0.0224,45.82,0.71,3.1,4.98,2.446,1.53
LMT-0014,1.0,2.0,0.865,0.0648,44.48,1.37,5.84,4.8,1.658,1.33
LMT-0014,2.0,3.0,0.821,0.058,41.96,2.4,6.79,5.28,2.575,1.34
LMT-0014,3.0,4.0,0.978,0.0538,38.47,2.34,9.17,3.62,1.826,1.35
LMT-0014,4.0,5.0,1.132,0.0627,39.05,3.48,10.97,3.39,1.559,1.46
LMT-0014,5.0,6.0,1.07,0.094,34.68,3.96,11.81,3.92,1.839,1.32
LMT-0014,6.0,7.0,1.039,0.1693,33.83,4.95,14.46,3.51,1.953,1.28
LMT-0014,7.0,8.0,0.965,0.3054,34.28,5.65,15.41,2.47,1.429,1.38
LMT-0014,8.0,9.0,1.766,0.0867,17.15,9.01,27.6,1.64,1.362,1.36
LMT-0014,9.0,10.0,2.273,0.0734,17.28,11.37,33.12,1.7,0.868,1.41
LMT-0014,10.0,11.0,1.609,0.0404,16.66,12.35,29.54,1.16,1.229,1.38
LMT-0014,11.0,12.0,1.88,0.0215,15.1,15.41,31.0,1.78,0.94,1.47
LMT-0014,12.0,13.0,1.815,0.035,14.05,13.48,33.55,1.5,0.901,1.58
LMT-0014,13.0,14.0,0.886,0.0267,13.55,19.27,30.76,1.44,0.915,1.51
LMT-0014,14.0,15.0,1.255,0.0257,11.61,18.51,37.17,1.27,0.79,1.66
LMT-0014,15.0,16.0,1.165,0.0291,10.18,19.69,36.28,1.05,0.826,1.85
LMT-0014,16.0,17.0,0.989,0.0211,10.84,18.85,38.32,0.96,0.838,1.66
LMT-0014,17.0,18.0,0.577,0.0157,10.33,22.27,37.22,0.77,0.641,1.84
LMT-0014,18.0,19.0,0.223,0.0104,6.47,36.42,36.88,0.84,0.41,2.46
LMT-0014,19.0,20.0,0.257,0.0082,6.13,27.79,38.05,0.6,0.363,2.61
LMT-0014,20.0,21.0,0.265,0.0141,6.02,31.95,37.61,0.71,0.341,2.48
LMT-0014,21.0,21.5,0.277,0.0081,5.86,32.72,38.72,0.69,0.42,2.43
LMT-0015,0.0,1.0,0.613,0.0351,49.89,0.66,3.56,7.62,3.024,1.49
LMT-0015,1.0,2.0,0.898,0.0752,48.26,1.5,6.7,5.32,2.314,1.23
LMT-0015,2.0,3.0,1.027,0.0581,40.96,2.58,8.86,4.32,2.252,1.4
LMT-0015,3.0,4.0,0.899,0.0606,39.79,3.58,10.49,3.25,2.34,1.42
LMT-0015,4.0,5.0,1.148,0.0916,39.13,4.15,12.92,4.62,1.804,1.35
LMT-0015,5.0,6.0,1.199,0.2059,40.8,4.08,13.63,3.39,1.737,1.57
LMT-0015,6.0,7.0,1.225,0.2933,36.8,5.83,17.91,3.15,1.658,1.42
LMT-0015,7.0,8.0,2.239,0.13,19.5,11.35,31.79,2.01,1.277,1.4
LMT-0015,8.0,9.0,1.794,0.0673,15.88,11.54,35.47,2.15,1.318,1.66
LMT-0015,9.0,10.0,1.642,0.0395,17.26,15.36,33.02,2.02,1.323,1.54
LMT-0015,10.0,11.0,1.831,0.045,15.02,16.96,36.54,1.72,1.055,1.68
LMT-0015,11.0,12.0,1.767,0.026,16.01,18.17,35.5,1.56,0.995,1.68
LMT-0015,12.0,13.0,1.463,0.0322,13.09,18.62,34.46,0.88,1.161,1.78
LMT-0015,13.0,14.0,1.314,0.0303,11.53,23.21,37.73,1.09,1.008,1.75
LMT-0015,14.0,15.0,1.203,0.0169,10.42,24.1,36.85,1.05,0.886,1.86
LMT-0015,15.0,16.0,0.954,0.0176,9.18,23.39,42.83,0.91,0.9,1.86
LMT-0015,16.0,17.0,0.227,0.0121,6.35,33.44,36.84,0.84,0.434,2.45
LMT-0015,17.0,18.1,0.262,0.011,6.75,35.55,38.85,0.81,0.412,2.5
LMT-0016,0.0,1.0,0.63,0.0444,51.67,0.7,3.29,9.24,3.007,1.49
LMT-0016,1.0,2.0,0.952,0.0718,50.66,1.65,7.04,7.48,2.572,1.47
LMT-0016,2.0,3.0,1.268,0.1744,45.5,3.65,11.04,5.35,2.613,1.55
LMT-0016,3.0,4.0,1.468,0.2512,41.5,4.92,14.22,3.96,2.526,1.42
LMT-0016,4.0,5.0,2.421,0.1658,20.67,11.4,33.04,2.3,1.634,1.58
LMT-0016,5.0,6.0,2.255,0.1372,18.44,15.61,35.83,2.1,1.343,1.62
LMT-0016,6.0,7.0,1.751,0.0458,14.17,21.47,36.93,1.83,1.222,1.74
LMT-0016,7.0,8.0,1.321,0.0381,11.23,28.75,39.9,1.28,1.019,1.85
LMT-0016,8.0,9.0,0.348,0.0132,6.5,37.98,42.52,1.0,0.439,2.7
LMT-0016,9.0,10.2,0.267,0.0123,7.03,36.68,40.71,0.87,0.452,2.69
LMT-0017,0.0,1.0,0.777,0.088,49.77,0.8,3.4,9.66,3.566,1.54
LMT-0017,1.0,2.0,1.036,0.2228,46.93,3.16,10.62,5.46,2.716,1.47
LMT-0017,2.0,3.0,1.748,0.1304,16.51,19.19,38.09,1.99,1.151,1.72
LMT-0017,3.0,4.0,0.311,0.027,6.92,38.72,47.0,1.15,0.591,2.74
LMT-0017,4.0,5.0,0.307,0.0209,6.83,42.3,41.26,1.06,0.449,2.64
LMT-0017,5.0,6.2,0.291,0.0162,6.45,43.12,44.51,0.87,0.485,2.76
LMT-0018,0.0,1.0,0.582,0.0821,47.03,0.75,3.43,8.52,2.518,1.58
LMT-0018,1.0,2.0,1.23,0.2218,43.53,3.32,10.62,5.29,2.456,1.44
LMT-0018,2.0,3.0,1.611,0.0975,13.97,18.69,34.51,1.58,1.195,1.72
LMT-0018,3.0,4.0,0.253,0.0295,6.59,34.69,35.86,0.78,0.49,2.36
LMT-0018,4.0,5.0,0.309,0.0173,6.76,35.9,36.86,1.0,0.458,2.68
LMT-0018,5.0,6.1,0.258,0.0156,6.19,42.91,40.66,0.83,0.463,2.53
LMT-0019,0.0,1.0,0.677,0.045,45.63,0.67,3.62,5.89,2.488,1.4
LMT-0019,1.0,2.0,0.906,0.124,46.08,2.19,8.78,4.46,2.654,1.35
LMT-0019,2.0,3.0,1.203,0.1571,37.7,5.21,14.12,4.1,2.003,1.29
LMT-0019,3.0,4.0,1.766,0.0824,15.26,14.33,32.29,1.54,1.396,1.46
LMT-0019,4.0,5.0,0.282,0.0269,6.34,37.19,36.74,1.18,0.355,2.53
LMT-0019,5.0,6.0,0.207,0.0092,5.91,31.48,38.76,0.8,0.385,2.56
LMT-0019,6.0,7.1,0.268,0.0126,6.13,37.14,37.83,0.87,0.368,2.66
LMT-0020,0.0,1.0,0.704,0.049,45.4,0.64,3.89,6.84,2.584,1.45
LMT-0020,1.0,2.0,0.984,0.1118,40.58,2.43,8.1,5.01,2.28,1.35
LMT-0020,2.0,3.0,1.036,0.1715,37.77,3.55,11.98,5.6,2.101,1.52
LMT-0020,3.0,4.0,1.338,0.3277,36.97,5.7,16.03,3.2,2.079,1.54
LMT-0020,4.0,5.0,1.955,0.0956,16.67,13.8,33.13,1.39,1.251,1.58
LMT-0020,5.0,6.0,1.262,0.0607,12.74,19.31,37.6,1.36,0.773,1.66
LMT-0020,6.0,7.0,0.296,0.0189,6.25,30.41,38.46,0.79,0.343,2.7
LMT-0020,7.0,8.0,0.26,0.0142,6.58,33.88,38.48,0.79,0.551,2.52
LMT-0020,8.0,9.0,0.228,0.0115,5.87,35.55,41.04,0.99,0.427,2.68
LMT-0021,0.0,1.0,0.788,0.0492,50.32,0.95,3.97,7.11,2.454,1.64
LMT-0021,1.0,2.0,0.838,0.1251,42.4,2.43,8.76,5.62,2.758,1.32
LMT-0021,2.0,3.0,1.243,0.1745,39.42,4.04,14.1,4.12,2.264,1.45
LMT-0021,3.0,4.0,1.156,0.2325,36.95,4.69,16.4,3.19,1.88,1.43
LMT-0021,4.0,5.0,1.717,0.0867,18.65,11.86,35.52,2.51,1.32,1.52
LMT-0021,5.0,6.0,1.725,0.0648,15.12,15.99,32.41,1.5,1.115,1.62
LMT-0021,6.0,7.0,1.455,0.0328,13.6,17.89,37.94,1.47,0.963,1.58
LMT-0021,7.0,8.0,1.367,0.0278,11.81,23.57,42.49,1.09,1.015,1.79
LMT-0021,8.0,9.0,0.268,0.0148,6.39,37.07,38.87,1.13,0.507,2.64
LMT-0021,9.0,10.0,0.277,0.0108,6.92,37.47,41.94,0.99,0.459,2.59
LMT-0021,10.0,10.8,0.272,0.0117,6.24,38.23,42.94,0.97,0.41,2.48
LMT-0022,0.0,1.0,0.694,0.0563,50.82,0.86,4.38,5.97,3.12,1.58
LMT-0022,1.0,2.0,1.054,0.0914,42.25,2.55,10.43,6.45,2.391,1.52
LMT-0022,2.0,3.0,1.431,0.2669,43.16,4.79,13.32,4.17,2.317,1.42
LMT-0022,3.0,4.0,1.234,0.4307,42.42,6.11,16.08,3.64,1.822,1.47
LMT-0022,4.0,5.0,2.162,0.1476,20.03,12.58,36.47,2.34,1.707,1.51
LMT-0022,5.0,6.0,2.042,0.0999,18.67,15.08,35.99,2.04,1.455,1.6
LMT-0022,6.0,7.0,1.82,0.0554,15.41,16.93,35.7,2.23,1.308,1.68
LMT-0022,7.0,8.0,1.624,0.0456,15.09,19.22,37.92,1.59,1.366,1.66
LMT-0022,8.0,9.0,1.528,0.0383,14.4,22.52,35.76,1.13,1.182,1.65
LMT-0022,9.0,10.0,0.998,0.0261,12.22,27.03,37.59,1.48,0.884,1.82
LMT-0022,10.0,11.0,1.006,0.0269,9.24,30.15,43.07,1.13,0.846,1.93
LMT-0022,11.0,12.0,0.246,0.0155,6.62,36.27,43.99,1.0,0.529,2.53
LMT-0022,12.0,13.0,0.27,0.0141,6.61,35.4,39.31,0.83,0.52,2.79
LMT-0022,13.0,13.5,0.28,0.013,6.62,38.24,43.91,1.15,0.496,2.85
LMT-0023,0.0,1.0,1.011,0.0482,43.7,1.4,6.73,5.26,2.56,1.53
LMT-0023,1.0,2.0,0.924,0.0789,43.47,2.61,9.74,4.77,2.178,1.48
LMT-0023,2.0,3.0,1.26,0.2491,41.92,3.9,12.22,3.98,2.243,1.5
LMT-0023,3.0,4.0,1.316,0.186,41.65,6.31,15.01,3.4,2.073,1.48
LMT-0023,4.0,5.0,2.233,0.1399,20.8,9.53,38.26,2.36,1.437,1.35
LMT-0023,5.0,6.0,1.864,0.0806,20.03,13.27,29.85,1.71,1.254,1.52
LMT-0023,6.0,7.0,1.985,0.0532,17.96,14.22,30.36,1.65,1.155,1.66
LMT-0023,7.0,8.0,1.568,0.0271,16.31,14.92,37.65,1.81,1.159,1.52
LMT-0023,8.0,9.0,1.814,0.0212,14.37,19.91,40.48,1.24,1.256,1.64
LMT-0023,9.0,10.0,1.269,0.0306,12.66,22.01,37.22,1.19,1.175,1.76
LMT-0023,10.0,11.0,1.108,0.0184,10.78,24.13,39.06,1.44,0.875,1.76
LMT-0023,11.0,12.0,1.172,0.0163,9.82,29.02,39.05,1.31,0.937,1.88
LMT-0023,12.0,13.0,0.296,0.0135,6.58,38.75,39.17,1.06,0.429,2.65
LMT-0023,13.0,14.0,0.284,0.014,5.98,36.41,41.27,1.12,0.472,2.56
LMT-0023,14.0,14.4,0.246,0.0138,6.93,35.23,41.55,1.1,0.521,2.45
LMT-0024,0.0,1.0,0.694,0.0364,46.98,0.92,4.84,5.76,2.05,1.37
LMT-0024,1.0,2.0,0.903,0.0689,38.63,2.45,9.06,3.32,1.596,1.3
LMT-0024,2.0,3.0,1.128,0.1648,38.75,3.58,12.0,2.6,1.435,1.29
LMT-0024,3.0,4.0,1.043,0.2347,31.81,5.94,18.69,2.0,1.767,1.35
LMT-0024,4.0,5.0,1.509,0.1067,19.4,7.69,28.74,1.53,1.348,1.34
LMT-0024,5.0,6.0,1.763,0.0572,18.93,10.79,29.93,1.99,1.314,1.46
LMT-0024,6.0,7.0,1.903,0.051,15.93,9.61,30.99,1.97,1.115,1.37
LMT-0024,7.0,8.0,1.305,0.0412,18.52,10.95,30.91,1.74,1.0,1.51
LMT-0024,8.0,9.0,1.612,0.0291,16.5,14.21,31.31,1.68,0.991,1.5
LMT-0024,9.0,10.0,1.254,0.0337,14.58,15.81,31.8,1.34,1.159,1.56
LMT-0024,10.0,11.0,1.597,0.0171,14.41,16.35,35.04,1.26,1.003,1.4
LMT-0024,11.0,12.0,1.35,0.0232,12.65,16.71,34.23,1.22,0.812,1.57
LMT-0024,12.0,13.0,1.379,0.0183,13.59,15.64,33.76,1.2,0.862,1.57
LMT-0024,13.0,14.0,1.434,0.0214,12.84,18.95,35.18,1.45,0.8,1.44
LMT-0024,14.0,15.0,1.03,0.0184,10.62,18.7,35.92,1.18,0.943,1.73
LMT-0024,15.0,16.0,1.143,0.0246,11.79,19.23,36.61,0.69,0.85,1.69
LMT-0024,16.0,17.0,0.954,0.019,9.81,22.1,32.64,0.7,0.812,1.6
LMT-0024,17.0,18.0,1.013,0.0197,9.04,20.5,35.82,0.53,0.725,1.7
LMT-0024,18.0,19.0,1.048,0.0174,9.48,23.16,37.82,0.62,0.631,1.7
LMT-0024,19.0,20.0,0.247,0.0119,5.98,26.36,37.44,0.86,0.506,2.43
LMT-0024,20.0,21.0,0.193,0.0076,6.55,31.4,35.84,0.73,0.343,2.47
LMT-0024,21.0,21.8,0.231,0.011,6.11,29.74,39.23,0.63,0.323,2.34
LMT-0025,0.0,1.0,0.759,0.053,44.54,1.45,6.58,6.23,2.309,1.47
LMT-0025,1.0,2.0,0.909,0.0504,40.86,2.23,8.61,5.84,2.292,1.32
LMT-0025,2.0,3.0,0.944,0.0951,41.08,2.76,10.27,4.61,2.2,1.35
LMT-0025,3.0,4.0,1.129,0.0624,41.19,3.33,13.11,4.63,2.099,1.49
LMT-0025,4.0,5.0,1.27,0.1189,37.77,4.85,13.17,3.92,1.955,1.37
LMT-0025,5.0,6.0,1.17,0.21,37.41,5.07,14.82,2.96,1.842,1.45
LMT-0025,6.0,7.0,2.146,0.1013,19.88,8.85,29.99,2.24,1.568,1.46
LMT-0025,7.0,8.0,2.433,0.1036,19.86,10.55,33.43,1.9,1.357,1.52
LMT-0025,8.0,9.0,2.693,0.0849,20.09,11.56,29.88,1.79,1.559,1.51
LMT-0025,9.0,10.0,2.137,0.0541,17.81,10.75,31.59,1.95,1.453,1.41
LMT-0025,10.0,11.0,2.186,0.0588,19.64,10.43,27.11,2.42,1.174,1.47
LMT-0025,11.0,12.0,1.883,0.0509,18.18,12.88,33.96,1.54,1.503,1.62
LMT-0025,12.0,13.0,2.236,0.0608,18.98,12.28,31.25,1.8,1.272,1.58
LMT-0025,13.0,14.0,1.743,0.0459,17.16,15.72,35.04,1.84,1.136,1.51
LMT-0025,14.0,15.0,1.743,0.039,16.98,14.3,32.27,1.97,1.278,1.44
LMT-0025,15.0,16.0,1.481,0.0444,15.51,14.71,30.59,1.52,1.257,1.61
LMT-0025,16.0,17.0,1.585,0.0359,14.21,15.05,34.24,1.71,1.197,1.57
LMT-0025,17.0,18.0,1.439,0.0484,14.93,16.52,35.28,1.53,1.15,1.52
LMT-0025,18.0,19.0,1.485,0.0413,14.96,15.72,34.08,1.22,1.19,1.6
LMT-0025,19.0,20.0,1.564,0.0389,14.6,17.35,37.02,1.36,1.136,1.66
LMT-0025,20.0,21.0,1.45,0.0288,15.34,17.61,39.54,1.41,1.096,1.71
LMT-0025,21.0,22.0,1.888,0.0341,13.83,17.87,33.84,1.5,1.113,1.59
LMT-0025,22.0,23.0,1.395,0.0309,12.53,18.47,35.93,1.55,0.909,1.65
LMT-0025,23.0,24.0,1.536,0.028,13.85,20.82,38.57,1.21,0.995,1.7
LMT-0025,24.0,25.0,1.484,0.0288,11.51,20.73,36.58,1.13,1.005,1.8
LMT-0025,25.0,26.0,1.315,0.0263,11.95,18.32,36.43,1.48,0.851,1.84
LMT-0025,26.0,27.0,1.031,0.0247,11.09,22.68,32.78,1.0,1.006,1.71
LMT-0025,27.0,28.0,1.134,0.0222,11.3,25.78,38.49,1.21,0.894,1.69
LMT-0025,28.0,29.0,1.027,0.019,10.59,22.94,39.49,1.07,0.974,1.65
LMT-0025,29.0,30.0,1.178,0.0264,9.87,23.38,37.8,1.23,0.809,1.61
LMT-0025,30.0,31.0,1.097,0.0234,9.47,24.47,41.03,0.81,0.707,1.73
LMT-0025,31.0,32.0,1.023,0.0188,9.49,19.2,41.02,0.78,0.806,1.72
LMT-0025,32.0,33.0,0.258,0.0139,6.73,33.16,37.25,0.91,0.472,2.64
LMT-0025,33.0,34.3,0.282,0.0109,6.02,38.3,39.15,0.69,0.41,2.4
LMT-0026,0.0,1.0,0.781,0.0348,46.08,0.99,4.33,7.72,2.083,1.49
LMT-0026,1.0,2.0,0.961,0.0682,44.99,1.69,8.16,4.89,2.176,1.36
LMT-0026,2.0,3.0,1.002,0.073,44.26,2.03,8.96,5.93,2.211,1.41
LMT-0026,3.0,4.0,0.958,0.061,40.44,2.76,9.67,5.48,2.001,1.47
LMT-0026,4.0,5.0,1.199,0.0747,40.11,2.93,11.22,4.8,2.579,1.36
LMT-0026,5.0,6.0,1.024,0.0789,38.58,3.73,12.93,3.46,2.333,1.51
LMT-0026,6.0,7.0,1.336,0.0966,39.01,4.37,13.27,4.38,2.131,1.46
LMT-0026,7.0,8.0,1.136,0.125,37.33,4.31,14.98,4.06,1.953,1.38
LMT-0026,8.0,9.0,1.197,0.147,35.76,5.58,16.09,3.21,1.778,1.48
LMT-0026,9.0,10.0,1.368,0.2211,38.19,5.48,17.31,2.83,1.742,1.51
LMT-0026,10.0,11.0,2.009,0.1252,19.14,9.56,29.88,2.27,1.355,1.51
LMT-0026,11.0,12.0,2.227,0.0752,17.96,9.67,30.41,2.32,1.111,1.58
LMT-0026,12.0,13.0,2.145,0.0653,18.57,10.46,29.9,1.9,1.132,1.52
LMT-0026,13.0,14.0,1.867,0.0464,17.74,12.45,34.25,1.89,1.273,1.54
LMT-0026,14.0,15.0,1.63,0.0415,16.78,12.86,33.33,1.47,1.313,1.38
LMT-0026,15.0,16.0,1.82,0.0295,17.18,12.93,36.45,1.42,1.269,1.37
LMT-0026,16.0,17.0,1.998,0.0488,16.77,14.06,32.5,1.74,1.188,1.64
LMT-0026,17.0,18.0,1.785,0.0385,16.19,13.99,31.89,1.42,1.186,1.58
LMT-0026,18.0,19.0,1.355,0.0243,15.76,16.05,33.11,1.48,1.032,1.48
LMT-0026,19.0,20.0,1.843,0.0364,15.44,15.6,34.05,1.39,1.007,1.63
LMT-0026,20.0,21.0,1.62,0.0343,15.81,15.94,33.44,1.35,0.992,1.64
LMT-0026,21.0,22.0,1.873,0.0277,15.1,15.96,35.23,1.37,1.078,1.71
LMT-0026,22.0,23.0,1.712,0.0256,14.72,21.11,34.59,1.64,0.879,1.66
LMT-0026,23.0,24.0,1.43,0.029,14.19,19.75,36.22,1.36,1.035,1.49
LMT-0026,24.0,25.0,1.393,0.0296,13.3,20.04,30.77,1.43,1.077,1.57
LMT-0026,25.0,26.0,1.355,0.0282,13.69,21.69,37.43,0.96,0.866,1.63
LMT-0026,26.0,27.0,1.374,0.022,12.93,20.26,35.18,1.59,0.975,1.65
LMT-0026,27.0,28.0,1.486,0.0279,11.13,23.25,33.93,1.07,0.941,1.54
LMT-0026,28.0,29.0,1.261,0.0252,12.18,21.35,38.72,1.02,0.797,1.59
LMT-0026,29.0,30.0,1.254,0.0186,10.53,24.08,35.94,0.92,0.752,1.62
LMT-0026,30.0,31.0,1.233,0.0277,10.4,24.13,39.58,1.02,0.821,1.72
LMT-0026,31.0,32.0,1.232,0.0242,9.7,28.88,38.88,0.85,0.797,1.89
LMT-0026,32.0,33.0,1.006,0.0161,9.56,24.98,38.6,1.03,0.832,1.78
LMT-0026,33.0,34.0,1.082,0.0196,9.42,24.86,40.82,0.94,0.829,1.73
LMT-0026,34.0,35.0,0.265,0.013,6.61,33.92,42.49,0.85,0.505,2.47
LMT-0026,35.0,36.0,0.232,0.0113,5.77,36.48,37.55,0.76,0.396,2.52
LMT-0026,36.0,37.0,0.27,0.0104,6.25,34.37,39.34,0.76,0.409,2.55
LMT-0027,0.0,1.0,0.803,0.1124,51.29,0.82,3.94,8.84,3.483,1.64
LMT-0027,1.0,2.0,1.253,0.2649,48.19,3.08,12.25,6.84,2.531,1.51
LMT-0027,2.0,3.0,2.029,0.1348,17.4,20.9,40.31,1.85,1.556,1.77
LMT-0027,3.0,4.0,0.369,0.0401,7.9,44.23,42.88,1.25,0.576,2.78
LMT-0027,4.0,5.0,0.327,0.025,7.15,45.0,48.01,1.27,0.606,2.76
LMT-0027,5.0,5.9,0.315,0.0189,7.54,44.72,49.39,1.15,0.574,2.85
LMT-0028,0.0,1.0,0.624,0.1047,54.97,0.86,4.14,7.83,3.348,1.62
LMT-0028,1.0,2.0,1.083,0.2486,41.48,3.61,11.7,4.96,2.296,1.55
LMT-0028,2.0,3.0,2.207,0.142,16.7,16.83,36.61,1.96,1.499,1.64
LMT-0028,3.0,4.0,1.464,0.0561,11.65,23.75,43.51,1.25,1.057,1.82
LMT-0028,4.0,5.0,0.328,0.0196,6.96,45.0,40.06,1.08,0.437,2.79
LMT-0028,5.0,6.0,0.29,0.0187,6.62,42.84,43.53,1.14,0.441,2.74
LMT-0028,6.0,7.1,0.269,0.0152,6.82,37.25,43.1,0.92,0.481,2.8
LMT-0029,0.0,1.0,0.71,0.0538,44.0,0.68,3.51,7.81,2.246,1.66
LMT-0029,1.0,2.0,0.733,0.1063,46.02,2.46,8.29,5.59,2.601,1.4
LMT-0029,2.0,3.0,1.298,0.2002,41.53,4.75,13.22,4.28,1.964,1.49
LMT-0029,3.0,4.0,1.754,0.1306,19.96,8.99,33.28,2.15,1.117,1.48
LMT-0029,4.0,5.0,1.616,0.1077,16.64,15.47,34.58,1.74,1.252,1.47
LMT-0029,5.0,6.0,1.372,0.0427,12.92,19.43,37.24,1.24,0.975,1.62
LMT-0029,6.0,7.0,1.329,0.0232,10.06,21.7,41.13,0.99,0.924,1.78
LMT-0029,7.0,8.0,0.326,0.0116,6.89,32.84,39.63,0.86,0.399,2.79
LMT-0029,8.0,9.0,0.272,0.0106,6.46,37.1,38.08,0.92,0.46,2.44
LMT-0029,9.0,10.2,0.27,0.0117,6.35,38.59,37.85,0.87,0.366,2.75
LMT-0030,0.0,1.0,0.636,0.0449,45.39,0.7,3.9,6.86,2.717,1.5
LMT-0030,1.0,2.0,0.935,0.0608,42.35,2.16,7.78,5.78,1.839,1.42
LMT-0030,2.0,3.0,0.875,0.1079,41.2,2.55,10.07,5.51,1.875,1.3
LMT-0030,3.0,4.0,1.129,0.1695,34.05,4.67,12.06,3.76,1.933,1.47
LMT-0030,4.0,5.0,2.013,0.1173,19.34,8.99,31.63,2.33,1.186,1.48
LMT-0030,5.0,6.0,1.952,0.108,17.43,10.94,31.12,1.29,1.283,1.46
LMT-0030,6.0,7.0,1.594,0.0676,16.18,13.12,34.49,1.83,1.131,1.43
LMT-0030,7.0,8.0,1.576,0.0374,15.28,18.23,39.38,1.5,1.007,1.67
LMT-0030,8.0,9.0,1.093,0.0239,12.48,19.7,35.29,1.12,0.702,1.72
LMT-0030,9.0,10.0,1.058,0.0276,10.96,22.82,36.96,1.0,0.789,1.69
LMT-0030,10.0,11.0,0.254,0.0114,6.65,36.8,40.28,0.71,0.434,2.37
LMT-0030,11.0,12.0,0.223,0.0093,6.17,33.93,39.48,0.89,0.409,2.63
LMT-0030,12.0,13.0,0.247,0.0136,5.75,32.55,36.39,0.8,0.417,2.37
LMT-0030,13.0,13.4,0.24,0.0079,5.82,34.71,38.73,0.62,0.473,2.43
LMT-0031,0.0,1.0,0.587,0.0386,45.86,0.76,4.47,7.49,2.038,1.44
LMT-0031,1.0,2.0,0.846,0.0592,44.71,2.13,7.96,5.17,2.154,1.33
LMT-0031,2.0,3.0,1.061,0.0774,44.15,3.08,9.98,3.7,1.989,1.42
LMT-0031,3.0,4.0,1.128,0.1542,40.69,4.5,12.84,4.89,1.893,1.36
LMT-0031,4.0,5.0,0.989,0.2118,37.2,4.95,16.64,3.22,1.443,1.43
LMT-0031,5.0,6.0,2.141,0.1225,18.75,8.59,30.92,2.06,1.212,1.41
LMT-0031,6.0,7.0,1.504,0.0584,19.89,11.94,31.37,1.79,1.242,1.47
LMT-0031,7.0,8.0,1.68,0.0521,17.93,15.0,34.45,1.6,1.244,1.48
LMT-0031,8.0,9.0,1.836,0.035,16.45,13.28,33.48,2.0,1.014,1.63
LMT-0031,9.0,10.0,1.487,0.0264,15.34,15.75,33.45,1.61,1.064,1.64
LMT-0031,10.0,11.0,1.127,0.0299,12.83,16.71,35.29,1.81,1.049,1.76
LMT-0031,11.0,12.0,1.195,0.0116,12.04,24.89,37.5,1.26,1.138,1.58
LMT-0031,12.0,13.0,1.294,0.0289,11.06,26.67,41.12,0.86,0.896,1.64
LMT-0031,13.0,14.0,0.997,0.0148,10.3,25.69,43.43,0.9,0.771,1.94
LMT-0031,14.0,15.0,0.269,0.0142,6.79,31.37,38.68,0.78,0.45,2.43
LMT-0031,15.0,16.0,0.239,0.0118,6.11,34.22,37.48,0.86,0.425,2.58
LMT-0031,16.0,16.6,0.244,0.0121,6.31,30.26,36.58,0.8,0.399,2.6
LMT-0032,0.0,1.0,0.828,0.0608,50.96,1.05,5.32,9.09,2.924,1.45
LMT-0032,1.0,2.0,0.98,0.0688,46.21,2.68,9.11,5.96,2.528,1.47
LMT-0032,2.0,3.0,1.174,0.114,42.88,3.49,12.45,5.1,2.34,1.56
LMT-0032,3.0,4.0,1.021,0.1524,39.67,5.04,14.62,4.31,2.188,1.49
LMT-0032,4.0,5.0,1.405,0.2978,39.82,6.44,16.26,4.23,2.055,1.6
LMT-0032,5.0,6.0,1.962,0.1126,20.88,10.93,35.49,2.42,1.33,1.54
LMT-0032,6.0,7.0,1.796,0.0896,19.38,12.15,34.36,2.29,1.557,1.55
LMT-0032,7.0,8.0,2.004,0.0608,16.56,15.43,37.28,1.64,1.585,1.6
LMT-0032,8.0,9.0,1.736,0.0563,15.72,16.06,34.76,2.26,1.294,1.49
LMT-0032,9.0,10.0,1.612,0.045,17.01,18.65,35.25,1.78,1.261,1.69
LMT-0032,10.0,11.0,1.865,0.0595,14.7,19.79,38.48,1.67,1.223,1.86
LMT-0032,11.0,12.0,1.162,0.0405,12.87,18.89,37.68,1.5,0.946,1.7
LMT-0032,12.0,13.0,1.351,0.0315,12.44,20.93,40.41,1.37,1.134,1.8
LMT-0032,13.0,14.0,1.236,0.0288,11.03,21.79,45.99,1.24,0.911,1.78
LMT-0032,14.0,15.0,1.232,0.0204,10.87,24.57,39.35,1.04,1.077,1.78
LMT-0032,15.0,16.0,0.301,0.0156,6.3,35.42,42.16,1.08,0.466,2.63
LMT-0032,16.0,17.0,0.244,0.0123,6.73,38.2,41.01,0.81,0.497,2.65
LMT-0032,17.0,18.0,0.257,0.0144,6.54,38.16,39.05,0.77,0.409,2.66
LMT-0033,0.0,1.0,0.554,0.0524,50.75,0.96,4.45,6.5,2.974,1.57
LMT-0033,1.0,2.0,0.967,0.0877,47.22,2.73,8.31,5.96,2.76,1.39
LMT-0033,2.0,3.0,1.09,0.1138,44.4,3.47,11.26,5.13,2.185,1.41
LMT-0033,3.0,4.0,1.022,0.174,40.5,4.33,14.68,4.25,2.229,1.54
LMT-0033,4.0,5.0,1.126,0.3215,41.17,5.85,16.77,3.8,1.754,1.58
LMT-0033,5.0,6.0,2.016,0.1559,20.4,9.9,34.65,2.42,1.494,1.52
LMT-0033,6.0,7.0,2.14,0.0856,18.88,11.15,33.18,2.48,1.496,1.5
LMT-0033,7.0,8.0,1.732,0.054,17.42,13.48,33.66,2.15,1.346,1.57
LMT-0033,8.0,9.0,1.511,0.051,16.83,15.32,36.46,2.28,1.444,1.71
LMT-0033,9.0,10.0,1.461,0.0439,17.46,15.24,35.53,1.99,1.197,1.65
LMT-0033,10.0,11.0,1.53,0.0415,15.88,19.94,36.98,1.19,1.277,1.57
LMT-0033,11.0,12.0,1.416,0.0266,14.26,17.56,40.72,1.73,1.206,1.67
LMT-0033,12.0,13.0,1.349,0.04,13.03,21.99,37.12,1.1,0.998,1.64
LMT-0033,13.0,14.0,1.003,0.036,12.72,24.37,39.16,1.41,0.959,1.77
LMT-0033,14.0,15.0,1.207,0.0276,10.94,26.08,41.64,1.16,0.98,1.78
LMT-0033,15.0,16.0,1.014,0.0224,10.22,28.47,40.23,1.06,0.956,1.61
LMT-0033,16.0,17.0,0.272,0.0105,6.59,38.12,38.25,1.22,0.536,2.54
LMT-0033,17.0,18.0,0.294,0.0132,6.73,39.66,39.21,0.89,0.465,2.61
LMT-0033,18.0,18.4,0.251,0.0143,6.79,41.84,38.55,1.08,0.512,2.6
LMT-0034,0.0,1.0,0.639,0.0487,44.26,0.83,4.41,6.34,2.858,1.58
LMT-0034,1.0,2.0,0.936,0.0866,40.61,2.53,7.65,6.14,2.709,1.46
LMT-0034,2.0,3.0,0.932,0.146,44.6,4.16,12.04,5.09,2.196,1.36
LMT-0034,3.0,4.0,1.252,0.2488,38.14,5.63,14.17,4.62,2.377,1.38
LMT-0034,4.0,5.0,1.951,0.1728,20.67,11.29,30.7,2.63,1.467,1.45
LMT-0034,5.0,6.0,1.904,0.11,18.86,11.15,32.78,2.4,1.381,1.46
LMT-0034,6.0,7.0,1.675,0.0826,19.23,14.24,31.21,2.24,1.138,1.43
LMT-0034,7.0,8.0,1.741,0.04,16.95,12.66,34.06,1.79,1.164,1.55
LMT-0034,8.0,9.0,1.494,0.0458,17.26,14.84,35.37,1.76,1.213,1.57
LMT-0034,9.0,10.0,1.902,0.0369,16.45,15.49,35.1,1.56,1.227,1.7
LMT-0034,10.0,11.0,1.508,0.0464,15.47,16.14,35.43,1.59,1.287,1.69
LMT-0034,11.0,12.0,1.414,0.0365,12.67,19.3,38.7,1.25,1.147,1.64
LMT-0034,12.0,13.0,1.273,0.0303,13.05,20.03,40.23,1.51,1.002,1.8
LMT-0034,13.0,14.0,1.339,0.0283,11.91,20.35,38.42,1.02,0.955,1.7
LMT-0034,14.0,15.0,1.051,0.0198,11.29,23.38,39.01,1.49,0.995,1.68
LMT-0034,15.0,16.0,1.02,0.0215,9.94,20.55,44.99,1.02,0.917,1.85
LMT-0034,16.0,17.0,0.277,0.0146,7.48,36.13,35.39,1.01,0.452,2.57
LMT-0034,17.0,18.0,0.243,0.0126,6.24,30.38,40.19,0.98,0.438,2.45
LMT-0034,18.0,18.6,0.257,0.0147,6.64,41.83,38.62,0.88,0.507,2.68
LMT-0035,0.0,1.0,0.707,0.0644,51.01,0.87,3.68,6.55,1.911,1.52
LMT-0035,1.0,2.0,0.928,0.0877,41.06,2.66,9.27,5.58,2.098,1.43
LMT-0035,2.0,3.0,0.891,0.2372,41.17,5.48,15.0,3.44,1.813,1.4
LMT-0035,3.0,4.0,1.649,0.0951,21.05,8.78,25.88,1.92,1.289,1.36
LMT-0035,4.0,5.0,1.688,0.0968,18.12,10.96,29.27,2.12,1.436,1.45
LMT-0035,5.0,6.0,1.706,0.0526,17.62,10.44,30.39,1.89,1.181,1.53
LMT-0035,6.0,7.0,1.858,0.0484,17.49,11.75,35.21,2.14,1.219,1.53
LMT-0035,7.0,8.0,,,,,,,,1.44
LMT-0035,8.0,9.0,1.803,0.0534,16.61,15.38,34.0,1.97,1.272,1.63
LMT-0035,9.0,10.0,1.658,0.0553,17.06,15.81,35.46,2.06,1.131,1.55
LMT-0035,10.0,11.0,1.501,0.0452,15.01,17.02,32.27,1.5,1.16,1.66
LMT-0035,11.0,12.0,1.58,0.0289,15.08,19.95,33.62,1.47,1.104,1.52
LMT-0035,12.0,13.0,1.585,0.0386,15.22,17.26,33.48,1.13,1.132,1.58
LMT-0035,13.0,14.0,1.588,0.0245,13.03,17.3,32.98,1.59,0.969,1.81
LMT-0035,14.0,15.0,1.553,0.0277,12.28,23.45,38.57,1.29,1.187,1.5
LMT-0035,15.0,16.0,1.425,0.0276,11.83,23.85,39.17,1.17,0.791,1.7
LMT-0035,16.0,17.0,1.212,0.0262,11.75,21.65,38.0,1.43,0.896,1.83
LMT-0035,17.0,18.0,1.137,0.025,10.83,23.83,39.7,1.16,1.018,1.78
LMT-0035,18.0,19.0,1.01,0.0192,9.95,24.36,39.55,0.97,0.829,1.79
LMT-0035,19.0,20.0,1.009,0.0199,10.26,20.02,39.02,0.86,0.696,1.88
LMT-0035,20.0,21.0,0.958,0.026,9.47,23.47,40.84,0.77,0.748,1.76
LMT-0035,21.0,22.0,0.257,0.0124,6.82,34.85,38.7,0.83,0.388,2.52
LMT-0035,22.0,23.0,0.259,0.0098,6.06,33.8,41.92,0.86,0.421,2.46
LMT-0035,23.0,23.7,0.229,0.0126,6.05,32.16,38.64,0.68,0.441,2.61
LMT-0036,0.0,1.0,0.734,0.0466,43.92,0.88,4.32,6.2,2.58,1.59
LMT-0036,1.0,2.0,0.768,0.0741,42.88,2.44,9.1,3.74,1.937,1.29
LMT-0036,2.0,3.0,1.236,0.1024,38.27,3.66,10.16,3.93,2.086,1.48
LMT-0036,3.0,4.0,0.994,0.2103,35.07,4.68,14.98,3.49,1.802,1.45
LMT-0036,4.0,5.0,1.916,0.1098,19.69,8.27,30.96,2.1,1.389,1.33
LMT-0036,5.0,6.0,1.874,0.0691,18.03,8.58,29.46,1.98,1.602,1.47
LMT-0036,6.0,7.0,1.567,0.0567,17.29,9.36,31.88,2.21,1.425,1.45
LMT-0036,7.0,8.0,1.865,0.0439,18.57,10.89,34.48,1.72,1.227,1.31
LMT-0036,8.0,9.0,2.036,0.0254,18.18,11.41,30.76,2.29,1.259,1.46
LMT-0036,9.0,10.0,1.685,0.0344,16.32,11.12,31.14,1.11,1.566,1.43
LMT-0036,10.0,11.0,1.801,0.0426,17.82,13.46,33.83,1.55,1.192,1.46
LMT-0036,11.0,12.0,1.925,0.0385,16.65,12.47,29.2,1.79,1.239,1.46
LMT-0036,12.0,13.0,1.479,0.0423,15.35,13.65,32.19,1.84,1.102,1.52
LMT-0036,13.0,14.0,1.74,0.0382,16.2,15.67,34.25,1.67,1.162,1.53
LMT-0036,14.0,15.0,1.598,0.0267,14.61,16.14,34.41,1.4,1.188,1.45
LMT-0036,15.0,16.0,1.607,0.0283,15.67,18.64,32.22,0.85,1.078,1.5
LMT-0036,16.0,17.0,1.446,0.0262,14.39,19.7,33.44,1.24,0.748,1.5
LMT-0036,17.0,18.0,1.415,0.0188,14.12,17.95,32.58,1.42,1.204,1.64
LMT-0036,18.0,19.0,1.21,0.0327,13.3,19.33,36.24,1.31,0.803,1.58
LMT-0036,19.0,20.0,1.197,0.0277,13.77,18.79,36.31,1.37,0.891,1.6
LMT-0036,20.0,21.0,1.222,0.0315,11.57,18.44,35.17,1.33,0.996,1.65
LMT-0036,21.0,22.0,1.257,0.0307,12.64,19.29,34.77,1.02,0.78,1.69
LMT-0036,22.0,23.0,1.3,0.0236,11.57,21.37,36.37,1.21,0.877,1.55
LMT-0036,23.0,24.0,0.928,0.0255,12.79,23.02,36.45,1.2,0.907,1.66
LMT-0036,24.0,25.0,0.903,0.0264,9.85,19.53,36.11,0.69,0.872,1.75
LMT-0036,25.0,26.0,1.153,0.0193,10.26,20.02,34.37,0.89,0.824,1.66
LMT-0036,26.0,27.0,0.999,0.0228,9.85,22.93,36.26,1.07,0.814,1.79
LMT-0036,27.0,28.0,1.068,0.0152,8.77,26.45,40.33,1.06,0.659,1.65
LMT-0036,28.0,29.0,0.239,0.0122,5.82,32.05,36.55,0.89,0.45,2.53
LMT-0036,29.0,30.0,0.268,0.0107,6.06,33.94,39.48,0.82,0.458,2.39
LMT-0036,30.0,30.8,0.267,0.0078,6.03,38.15,34.54,0.8,0.443,2.5
LMT-0037,0.0,1.0,0.67,0.0382,54.22,0.79,3.8,8.27,3.687,1.7
LMT-0037,1.0,2.0,0.904,0.0602,42.72,1.42,6.35,6.98,2.742,1.32
LMT-0037,2.0,3.0,1.013,0.077,45.64,2.2,8.16,6.9,2.49,1.32
LMT-0037,3.0,4.0,1.104,0.0643,45.75,3.14,11.14,4.63,2.638,1.42
LMT-0037,4.0,5.0,1.308,0.1289,44.35,3.64,12.79,6.0,2.331,1.54
LMT-0037,5.0,6.0,1.267,0.1446,39.09,4.62,13.94,4.13,2.07,1.5
LMT-0037,6.0,7.0,1.486,0.268,38.21,5.2,17.06,4.76,1.946,1.51
LMT-0037,7.0,8.0,2.454,0.1283,21.8,9.43,31.81,2.51,1.606,1.53
LMT-0037,8.0,9.0,2.135,0.1149,19.09,12.8,34.13,2.34,1.456,1.52
LMT-0037,9.0,10.0,1.945,0.071,19.77,14.83,32.66,2.33,1.328,1.51
LMT-0037,10.0,11.0,1.787,0.0479,18.03,15.78,36.9,1.96,1.232,1.57
LMT-0037,11.0,12.2,1.639,0.0383,14.36,19.13,38.85,1.87,1.396,1.63
LMT-0038,0.0,1.0,0.625,0.0484,52.5,0.79,3.48,6.66,2.908,1.6
LMT-0038,1.0,2.0,0.982,0.0548,41.92,1.53,7.25,6.04,2.049,1.45
LMT-0038,2.0,3.0,1.09,0.0785,42.42,2.83,9.88,7.27,2.663,1.58
LMT-0038,3.0,4.0,1.056,0.1411,43.16,3.81,13.24,5.23,2.197,1.36
LMT-0038,4.0,5.0,1.324,0.2373,44.65,4.78,13.77,4.16,2.169,1.42
LMT-0038,5.0,6.0,1.326,0.2834,36.94,5.91,16.96,3.46,1.74,1.49
LMT-0038,6.0,7.0,2.357,0.1303,20.47,12.36,32.11,2.38,1.657,1.46
LMT-0038,7.0,8.0,2.166,0.0855,19.64,12.97,35.42,1.86,1.218,1.49
LMT-0038,8.0,9.0,1.758,0.0337,17.61,16.54,36.14,1.8,1.128,1.6
LMT-0038,9.0,10.0,1.496,0.0454,13.97,18.87,35.46,1.6,1.252,1.64
LMT-0038,10.0,11.0,1.438,0.0358,12.9,22.64,36.88,1.31,0.814,1.76
LMT-0038,11.0,12.0,1.418,0.0306,11.13,24.48,37.12,1.31,1.105,1.82
LMT-0038,12.0,13.0,1.163,0.025,9.5,28.08,36.92,0.97,1.032,1.91
LMT-0038,13.0,14.0,0.239,0.0137,6.58,35.95,42.54,1.08,0.46,2.64
LMT-0038,14.0,15.0,0.297,0.0114,6.44,35.72,39.42,0.91,0.455,2.64
LMT-0038,15.0,15.3,0.31,0.0129,6.47,36.7,42.39,0.79,0.457,2.69
LMT-0039,0.0,1.0,0.931,0.0687,56.0,0.9,4.2,9.27,3.355,1.6
LMT-0039,1.0,2.0,1.177,0.1598,50.34,2.3,9.19,8.59,3.47,1.62
LMT-0039,2.0,3.0,1.438,0.3449,44.97,6.46,16.76,6.0,2.813,1.68
LMT-0039,3.0,4.0,2.389,0.1549,17.55,18.2,38.36,2.59,1.616,1.8
LMT-0039,4.0,5.0,0.356,0.0402,7.51,45.0,45.52,1.49,0.62,2.85
LMT-0039,5.0,6.0,0.362,0.0264,7.06,42.58,46.59,1.27,0.58,2.82
LMT-0039,6.0,7.0,0.31,0.0192,7.43,45.0,46.55,1.37,0.528,2.85
LMT-0039,7.0,7.4,0.312,0.015,7.35,45.0,41.46,1.23,0.551,2.85
LMT-0040,0.0,1.0,0.728,0.0742,53.5,0.89,4.3,7.03,2.983,1.7
LMT-0040,1.0,2.0,0.935,0.1598,43.63,2.79,9.92,6.01,3.147,1.55
LMT-0040,2.0,3.0,1.459,0.2513,39.37,5.57,15.13,4.79,2.462,1.62
LMT-0040,3.0,4.0,1.999,0.1478,19.49,16.65,37.99,1.88,1.558,1.59
LMT-0040,4.0,5.0,1.448,0.0575,15.52,27.35,38.1,1.58,1.113,1.79
LMT-0040,5.0,6.0,0.298,0.0178,6.9,39.36,45.32,1.21,0.527,2.82
LMT-0040,6.0,7.0,0.296,0.0135,6.58,40.26,42.67,1.07,0.455,2.63
LMT-0040,7.0,8.0,0.34,0.0144,6.4,40.27,45.26,1.08,0.504,2.82
LMT-0040,8.0,8.6,0.286,0.0145,6.94,45.0,39.23,1.09,0.536,2.61
LMT-0041,0.0,1.0,0.548,0.0478,49.18,0.84,3.84,8.17,3.109,1.55
LMT-0041,1.0,2.0,0.825,0.0958,46.94,2.03,8.19,4.73,2.55,1.46
LMT-0041,2.0,3.0,0.889,0.1672,42.71,3.94,11.79,4.56,2.339,1.42
LMT-0041,3.0,4.0,1.15,0.2666,39.18,4.77,16.42,4.18,1.855,1.56
LMT-0041,4.0,5.0,1.994,0.1446,19.6,11.0,33.83,1.78,1.557,1.57
LMT-0041,5.0,6.0,1.624,0.0959,15.68,15.55,35.71,1.38,1.383,1.56
LMT-0041,6.0,7.0,1.438,0.0361,14.46,20.35,36.94,1.24,1.173,1.72
LMT-0041,7.0,8.0,1.23,0.0242,12.26,22.31,35.69,1.34,1.181,1.73
LMT-0041,8.0,9.0,1.07,0.026,9.12,28.16,41.18,1.19,0.918,1.82
LMT-0041,9.0,10.0,0.21,0.012,6.44,38.47,38.59,0.84,0.523,2.54
LMT-0041,10.0,11.2,0.266,0.0135,6.64,35.42,42.25,0.88,0.361,2.47
LMT-0042,0.0,1.0,0.651,0.0465,45.76,0.78,3.76,7.35,2.486,1.55
LMT-0042,1.0,2.0,0.805,0.0601,43.57,1.87,6.67,6.43,1.783,1.37
LMT-0042,2.0,3.0,1.026,0.0577,43.47,2.53,11.15,3.66,2.167,1.27
LMT-0042,3.0,4.0,0.873,0.1237,40.27,3.82,11.4,4.27,1.941,1.38
LMT-0042,4.0,5.0,1.027,0.1642,37.88,5.13,13.95,3.53,1.894,1.38
LMT-0042,5.0,6.0,1.124,0.1967,34.29,5.82,14.21,2.65,1.398,1.42
LMT-0042,6.0,7.0,1.812,0.1046,18.87,11.44,31.71,1.97,1.301,1.46
LMT-0042,7.0,8.0,1.454,0.0491,18.41,11.52,31.1,1.9,1.181,1.45
LMT-0042,8.0,9.0,1.729,0.0351,15.06,14.36,33.66,1.01,0.855,1.46
LMT-0042,9.0,10.0,1.506,0.0246,13.32,16.39,33.98,1.47,1.022,1.54
LMT-0042,10.0,11.0,1.455,0.0174,12.99,21.83,34.48,0.98,0.904,1.59
LMT-0042,11.0,12.0,1.08,0.0222,10.97,21.79,39.92,0.95,0.933,1.66
LMT-0042,12.0,13.0,1.032,0.0258,9.62,22.65,38.81,0.67,0.81,1.77
LMT-0042,13.0,14.0,0.225,0.0099,6.63,34.71,38.68,0.71,0.442,2.75
LMT-0042,14.0,15.0,0.222,0.008,6.7,36.56,35.32,0.68,0.329,2.66
LMT-0042,15.0,16.0,0.203,0.0127,5.77,32.72,32.5,0.78,0.372,2.56
LMT-0042,16.0,16.6,0.194,0.0048,6.66,35.61,36.1,0.73,0.389,2.4
LMT-0043,0.0,1.0,0.725,0.046,46.3,0.79,4.18,5.54,2.612,1.53
LMT-0043,1.0,2.0,0.911,0.0646,40.56,1.76,7.11,4.73,1.859,1.35
LMT-0043,2.0,3.0,0.837,0.0469,42.9,2.45,9.18,4.62,2.685,1.48
LMT-0043,3.0,4.0,0.786,0.1056,40.21,2.98,10.29,3.96,2.17,1.42
LMT-0043,4.0,5.0,1.088,0.1323,36.59,4.92,11.53,3.52,1.567,1.43
LMT-0043,5.0,6.0,0.984,0.2538,36.32,5.07,13.97,4.08,2.077,1.35
LMT-0043,6.0,7.0,2.26,0.1452,18.54,8.35,32.86,2.11,1.252,1.39
LMT-0043,7.0,8.0,1.426,0.0959,18.69,11.09,34.51,2.18,1.497,1.39
LMT-0043,8.0,9.0,1.639,0.0529,19.8,12.32,30.73,1.57,1.351,1.47
LMT-0043,9.0,10.0,1.782,0.0445,17.05,13.48,33.68,1.85,1.295,1.47
LMT-0043,10.0,11.0,1.422,0.0362,16.99,16.06,32.03,1.21,1.013,1.53
LMT-0043,11.0,12.0,1.194,0.0436,14.46,15.18,33.77,1.19,1.013,1.56
LMT-0043,12.0,13.0,1.518,0.0403,15.9,15.63,36.67,1.67,0.998,1.58
LMT-0043,13.0,14.0,1.284,0.027,14.02,18.45,39.54,1.67,1.047,1.59
LMT-0043,14.0,15.0,1.15,0.0334,11.8,22.44,37.29,1.35,0.835,1.6
LMT-0043,15.0,16.0,0.892,0.0241,11.49,21.17,37.55,0.91,0.76,1.68
LMT-0043,16.0,17.0,1.062,0.0251,11.12,24.13,36.86,1.13,1.113,1.78
LMT-0043,17.0,18.0,0.933,0.0186,9.84,25.85,41.47,0.86,0.73,1.82
LMT-0043,18.0,19.0,0.286,0.0092,7.01,29.76,36.96,0.87,0.481,2.41
LMT-0043,19.0,20.0,0.256,0.0085,6.74,33.02,42.74,0.9,0.469,2.54
LMT-0043,20.0,21.0,0.23,0.0134,5.97,37.68,42.13,0.91,0.46,2.36
LMT-0044,0.0,1.0,0.653,0.052,48.57,0.91,4.27,7.18,2.577,1.61
LMT-0044,1.0,2.0,0.936,0.0708,47.24,2.45,8.23,6.97,2.362,1.47
LMT-0044,2.0,3.0,0.927,0.0825,45.42,3.13,11.26,5.89,2.423,1.51
LMT-0044,3.0,4.0,1.018,0.1447,42.47,4.24,12.81,4.24,2.258,1.41
LMT-0044,4.0,5.0,1.127,0.2398,39.22,4.25,16.47,3.76,1.728,1.45
LMT-0044,5.0,6.0,1.101,0.286,37.48,5.71,16.34,3.62,2.064,1.52
LMT-0044,6.0,7.0,1.769,0.1407,20.44,10.17,31.71,2.41,1.601,1.49
LMT-0044,7.0,8.0,1.979,0.0669,19.22,11.86,31.92,2.08,1.489,1.46
LMT-0044,8.0,9.0,1.816,0.0434,18.01,13.75,34.74,1.89,1.449,1.46
LMT-0044,9.0,10.0,1.449,0.0466,16.99,14.75,32.19,1.61,1.409,1.69
LMT-0044,10.0,11.0,1.853,0.0369,17.03,15.65,30.66,1.88,1.3,1.78
LMT-0044,11.0,12.0,1.568,0.0333,16.08,17.97,34.97,1.41,1.188,1.5
LMT-0044,12.0,13.0,1.142,0.0416,15.3,17.73,33.19,2.18,1.133,1.64
LMT-0044,13.0,14.0,1.532,0.0442,14.03,20.65,38.07,1.65,1.167,1.69
LMT-0044,14.0,15.0,1.354,0.0268,13.79,24.34,38.45,1.45,1.177,1.84
LMT-0044,15.0,16.0,1.197,0.0309,11.95,25.39,39.41,1.29,1.052,1.8
LMT-0044,16.0,17.0,1.082,0.0247,10.54,24.52,39.85,1.17,1.041,1.79
LMT-0044,17.0,18.0,1.108,0.0237,10.58,22.85,38.17,1.13,1.02,1.96
LMT-0044,18.0,19.0,1.041,0.0214,9.9,27.65,39.25,1.04,1.039,1.94
LMT-0044,19.0,20.0,0.29,0.0129,6.71,33.71,40.54,1.01,0.429,2.59
LMT-0044,20.0,21.0,0.266,0.0139,6.41,41.92,38.85,0.96,0.41,2.39
LMT-0044,21.0,21.5,0.249,0.011,6.51,40.38,43.28,0.78,0.524,2.73
LMT-0045,0.0,1.0,0.726,0.0588,47.46,0.93,4.25,8.03,2.588,1.61
LMT-0045,1.0,2.0,0.795,0.1347,43.91,2.96,10.09,5.81,2.492,1.49
LMT-0045,2.0,3.0,1.079,0.2995,41.37,4.72,13.07,4.55,2.574,1.46
LMT-0045,3.0,4.0,2.235,0.157,19.9,9.72,30.87,1.92,1.958,1.49
LMT-0045,4.0,5.0,1.643,0.1039,21.54,13.53,33.92,2.47,1.241,1.6
LMT-0045,5.0,6.0,1.891,0.0895,20.08,12.42,32.61,2.18,1.377,1.55
LMT-0045,6.0,7.0,1.952,0.0758,17.74,13.76,35.86,1.94,1.665,1.64
LMT-0045,7.0,8.0,1.639,0.052,17.79,14.73,31.02,1.89,1.291,1.64
LMT-0045,8.0,9.0,1.506,0.042,15.93,16.98,36.53,1.97,1.338,1.57
LMT-0045,9.0,10.0,1.468,0.0382,16.5,20.7,36.14,1.4,1.343,1.58
LMT-0045,10.0,11.0,1.484,0.0292,13.89,17.05,38.93,1.92,1.084,1.68
LMT-0045,11.0,12.0,1.141,0.0332,13.91,19.64,37.62,1.64,1.182,1.78
LMT-0045,12.0,13.0,1.445,0.0323,14.0,22.82,40.97,1.32,1.181,1.78
LMT-0045,13.0,14.0,1.139,0.0337,13.59,21.86,38.54,1.22,0.955,1.58
LMT-0045,14.0,15.0,1.156,0.0233,11.51,24.46,39.47,1.1,0.99,1.78
LMT-0045,15.0,16.0,0.995,0.0253,10.67,24.1,41.33,1.12,0.741,1.8
LMT-0045,16.0,17.0,0.825,0.0119,9.46,26.07,43.65,1.09,0.936,1.96
LMT-0045,17.0,18.0,0.307,0.0145,6.96,36.88,39.66,0.97,0.5,2.85
LMT-0045,18.0,19.2,0.211,0.0121,6.16,33.93,43.15,1.03,0.51,2.63
LMT-0046,0.0,1.0,0.76,0.0582,50.79,1.0,4.32,7.53,2.752,1.53
LMT-0046,1.0,2.0,0.969,0.1757,45.8,3.02,10.83,4.83,2.92,1.61
LMT-0046,2.0,3.0,1.16,0.3036,37.65,4.63,14.76,3.36,1.991,1.57
LMT-0046,3.0,4.0,1.911,0.1359,22.14,9.86,33.26,2.41,1.623,1.46
LMT-0046,4.0,5.0,1.697,0.0992,20.01,10.47,31.6,2.84,1.435,1.49
LMT-0046,5.0,6.0,1.778,0.0676,19.39,12.45,34.63,2.3,1.456,1.54
LMT-0046,6.0,7.0,1.971,0.0356,18.45,14.54,32.44,1.94,1.322,1.56
LMT-0046,7.0,8.0,1.818,0.043,17.31,15.68,38.08,2.12,1.216,1.63
LMT-0046,8.0,9.0,1.684,0.0383,15.88,16.63,35.01,1.75,1.171,1.52
LMT-0046,9.0,10.0,1.386,0.0478,15.31,17.82,33.89,2.01,1.221,1.67
LMT-0046,10.0,11.0,1.536,0.0441,14.95,20.64,35.39,1.52,1.271,1.68
LMT-0046,11.0,12.0,1.258,0.0289,13.76,20.93,40.34,1.43,1.069,1.61
LMT-0047,0.0,1.0,0.675,0.04,46.14,0.82,3.87,7.03,3.293,1.49
LMT-0047,1.0,2.0,0.915,0.0755,43.58,2.25,8.74,4.42,2.324,1.36
LMT-0047,2.0,3.0,1.017,0.1485,39.85,3.71,12.59,5.12,2.57,1.36
LMT-0047,3.0,4.0,1.101,0.3698,41.08,5.47,16.05,4.39,1.516,1.46
LMT-0047,4.0,5.0,2.192,0.1651,20.11,10.06,33.09,2.19,1.355,1.6
LMT-0047,5.0,6.0,2.144,0.0741,19.89,10.62,33.61,1.89,1.623,1.48
LMT-0047,6.0,7.0,2.137,0.0597,18.59,12.9,36.25,2.38,1.514,1.52
LMT-0047,7.0,8.0,2.043,0.0419,18.69,12.01,34.44,1.87,1.256,1.65
LMT-0047,8.0,9.0,1.725,0.0358,17.6,14.11,39.97,1.54,1.273,1.53
LMT-0047,9.0,10.0,1.738,0.0431,18.79,14.62,35.81,1.54,1.266,1.64
LMT-0047,10.0,11.0,1.683,0.0405,16.05,13.75,33.9,1.83,1.172,1.71
LMT-0047,11.0,12.0,1.542,0.0316,16.51,18.06,38.52,1.79,1.283,1.53
LMT-0047,12.0,13.0,1.554,0.0437,14.91,17.6,32.43,1.18,1.017,1.76
LMT-0047,13.0,14.0,1.642,0.033,13.75,18.37,37.71,1.49,1.189,1.75
LMT-0047,14.0,15.0,1.155,0.0298,14.14,18.85,38.84,1.3,0.991,1.74
LMT-0047,15.0,16.0,1.284,0.0388,12.7,20.38,38.76,1.19,1.01,1.66
LMT-0047,16.0,17.0,1.215,0.0236,12.53,23.51,41.01,1.31,0.849,1.64
LMT-0047,17.0,18.0,1.116,0.0322,12.19,23.17,37.45,1.34,0.983,1.79
LMT-0047,18.0,19.0,0.965,0.0266,10.86,25.59,41.85,1.15,0.946,1.83
LMT-0047,19.0,20.0,0.939,0.0232,10.04,23.33,41.61,1.13,0.892,1.88
LMT-0047,20.0,21.0,0.82,0.0245,8.81,31.14,40.16,1.02,0.714,1.65
LMT-0047,21.0,22.0,0.224,0.0178,6.58,35.6,37.02,1.09,0.423,2.73
LMT-0047,22.0,23.0,0.234,0.0135,7.22,42.63,40.94,0.8,0.501,2.73
LMT-0047,23.0,23.9,0.246,0.0127,6.38,38.83,43.45,0.8,0.461,2.76
LMT-0048,0.0,1.0,0.594,0.0352,47.55,0.91,4.37,6.9,2.212,1.46
LMT-0048,1.0,2.0,0.835,0.0932,42.98,2.39,9.49,5.06,2.342,1.35
LMT-0048,2.0,3.0,1.056,0.126,38.87,3.96,11.64,3.32,2.187,1.32
LMT-0048,3.0,4.0,1.07,0.2191,37.52,5.03,13.92,2.5,2.2,1.47
LMT-0048,4.0,5.0,1.722,0.1326,19.41,8.62,30.9,2.49,1.237,1.33
LMT-0048,5.0,6.0,1.911,0.1359,19.03,9.4,32.54,1.88,1.366,1.34
LMT-0048,6.0,7.0,2.109,0.0687,20.72,10.08,32.04,1.64,1.174,1.31
LMT-0048,7.0,8.0,2.167,0.0589,19.86,11.35,30.26,1.87,1.547,1.59
LMT-0048,8.0,9.0,1.618,0.0491,19.67,12.3,33.82,2.17,1.269,1.51
LMT-0048,9.0,10.0,1.491,0.0429,16.91,12.74,31.97,1.63,1.355,1.51
LMT-0048,10.0,11.0,1.638,0.0383,17.05,14.9,33.86,1.51,1.212,1.37
LMT-0048,11.0,12.0,1.512,0.0296,16.55,16.47,35.15,1.49,1.159,1.52
LMT-0048,12.0,13.0,1.644,0.029,14.99,14.1,36.02,1.89,0.916,1.47
LMT-0048,13.0,14.0,1.685,0.0197,16.05,18.02,32.57,1.28,1.256,1.56
LMT-0048,14.0,15.0,1.502,0.0333,14.86,17.14,34.91,0.9,1.087,1.58
LMT-0048,15.0,16.0,1.555,0.0387,14.14,16.59,33.25,1.51,1.101,1.64
LMT-0048,16.0,17.0,1.242,0.0275,14.78,16.34,34.45,1.53,1.059,1.63
LMT-0048,17.0,18.0,1.329,0.029,12.09,17.68,36.34,1.41,1.084,1.83
LMT-0048,18.0,19.0,1.135,0.032,12.71,19.94,36.0,1.12,1.068,1.62
LMT-0048,19.0,20.0,1.056,0.0279,13.35,21.32,36.4,1.48,1.026,1.62
LMT-0048,20.0,21.0,1.183,0.0216,11.64,20.44,35.77,1.23,0.749,1.61
LMT-0048,21.0,22.0,1.139,0.0226,11.63,18.32,38.62,1.07,0.918,1.72
LMT-0048,22.0,23.0,0.939,0.0205,10.15,24.03,37.2,0.86,1.029,1.72
LMT-0048,23.0,24.0,1.153,0.0226,10.05,25.95,39.62,1.1,0.843,1.61
LMT-0048,24.0,25.0,0.997,0.0212,9.1,22.67,32.13,0.75,0.867,1.79
LMT-0048,25.0,26.0,0.783,0.0145,9.25,22.82,38.66,0.89,0.823,1.75
LMT-0048,26.0,27.0,0.271,0.0077,6.62,33.02,39.6,0.75,0.435,2.4
LMT-0048,27.0,28.0,0.29,0.011,6.37,39.12,30.75,0.82,0.394,2.64
LMT-0048,28.0,28.4,0.207,0.0119,5.94,30.67,44.14,0.65,0.335,2.63
LMT-0049,0.0,1.0,0.905,0.0405,42.22,1.36,5.53,4.52,1.955,1.35
LMT-0049,1.0,2.0,0.986,0.05,40.35,2.27,7.5,3.66,2.231,1.35
LMT-0049,2.0,3.0,0.86,0.052,41.07,3.13,10.93,5.21,1.677,1.32
LMT-0049,3.0,4.0,1.072,0.0788,39.24,3.48,10.85,3.52,1.712,1.41
LMT-0049,4.0,5.0,0.966,0.123,36.44,4.85,12.73,3.56,1.725,1.54
LMT-0049,5.0,6.0,1.253,0.2302,31.15,4.68,14.98,3.03,1.718,1.4
LMT-0049,6.0,7.0,1.655,0.1095,17.61,9.88,30.26,2.09,1.538,1.43
LMT-0049,7.0,8.0,1.79,0.0837,19.04,9.01,29.3,1.97,1.188,1.45
LMT-0049,8.0,9.0,2.217,0.0503,17.23,9.12,25.03,1.66,1.322,1.42
LMT-0049,9.0,10.0,1.648,0.0401,18.49,9.35,28.87,2.04,1.305,1.49
LMT-0049,10.0,11.0,2.038,0.0426,17.48,10.98,28.06,1.78,1.229,1.36
LMT-0049,11.0,12.0,1.695,0.0326,16.89,11.7,31.24,1.29,1.203,1.38
LMT-0049,12.0,13.0,1.412,0.0271,16.21,12.99,25.42,1.72,1.092,1.54
LMT-0049,13.0,14.0,1.679,0.0311,16.73,12.01,30.31,1.55,0.989,1.56
LMT-0049,14.0,15.0,1.39,0.0271,14.76,12.14,30.08,1.21,1.0,1.51
LMT-0049,15.0,16.0,1.647,0.038,16.05,13.92,31.87,1.47,1.012,1.4
LMT-0049,16.0,17.0,1.044,0.0361,14.24,14.87,27.1,1.38,1.268,1.57
LMT-0049,17.0,18.0,1.197,0.0264,13.51,14.8,34.44,1.79,1.018,1.61
LMT-0049,18.0,19.0,1.524,0.0373,15.69,16.87,32.83,1.32,1.041,1.54
LMT-0049,19.0,20.0,1.267,0.0277,13.18,13.88,33.84,1.28,1.019,1.68
LMT-0049,20.0,21.0,1.426,0.0244,14.48,13.61,33.69,1.45,1.045,1.58
LMT-0049,21.0,22.0,1.286,0.0232,11.81,16.65,33.86,1.62,1.089,1.5
LMT-0049,22.0,23.0,1.262,0.0219,11.07,18.49,29.22,1.3,0.888,1.58
LMT-0049,23.0,24.0,1.215,0.0131,12.49,17.7,32.44,1.2,0.95,1.59
LMT-0049,24.0,25.0,1.223,0.0169,12.58,18.41,36.27,1.16,0.939,1.52
LMT-0049,25.0,26.0,0.952,0.0161,12.58,18.3,33.65,0.85,0.575,1.58
LMT-0049,26.0,27.0,1.224,0.0181,11.19,23.1,36.69,0.71,0.928,1.59
LMT-0049,27.0,28.0,0.985,0.0142,10.41,23.13,35.25,1.18,0.814,1.73
LMT-0049,28.0,29.0,0.852,0.018,9.04,17.98,34.69,0.61,0.743,1.64
LMT-0049,29.0,30.0,0.854,0.0186,9.49,20.26,40.79,0.72,0.797,1.6
LMT-0049,30.0,31.0,1.081,0.021,9.38,25.15,32.51,0.95,0.761,1.56
LMT-0049,31.0,32.0,0.759,0.0142,7.84,20.23,37.94,0.57,0.658,1.73
LMT-0049,32.0,33.0,0.242,0.0126,6.27,28.67,38.83,0.82,0.357,2.45
LMT-0049,33.0,34.0,0.237,0.0092,5.69,31.17,34.92,0.72,0.338,2.63
LMT-0050,0.0,1.0,0.95,0.0616,46.85,1.57,6.36,5.47,2.891,1.37
LMT-0050,1.0,2.0,0.917,0.0546,41.92,2.02,8.46,5.94,2.33,1.44
LMT-0050,2.0,3.0,0.972,0.0615,43.77,2.7,8.8,6.17,2.195,1.35
LMT-0050,3.0,4.0,1.077,0.078,41.04,3.35,10.28,4.93,1.879,1.3
LMT-0050,4.0,5.0,1.121,0.0804,40.57,4.13,11.09,4.47,2.445,1.4
LMT-0050,5.0,6.0,1.242,0.1358,40.15,3.49,13.0,4.31,2.138,1.36
LMT-0050,6.0,7.0,1.062,0.1986,38.11,4.67,14.66,3.32,1.877,1.51
LMT-0050,7.0,8.0,1.186,0.2318,37.39,5.27,14.89,3.74,1.857,1.42
LMT-0050,8.0,9.0,2.016,0.178,21.48,8.92,29.53,1.61,1.457,1.47
LMT-0050,9.0,10.0,1.95,0.1244,19.72,10.26,30.79,2.0,1.288,1.48
LMT-0050,10.0,11.0,1.941,0.0544,19.05,9.65,33.55,1.77,1.378,1.54
LMT-0050,11.0,12.0,2.092,0.0384,19.79,11.01,32.79,2.58,1.262,1.52
LMT-0050,12.0,13.0,1.991,0.0541,16.77,11.43,30.43,2.07,1.477,1.46
LMT-0050,13.0,14.0,1.727,0.0343,18.82,11.79,33.52,2.18,1.474,1.5
LMT-0050,14.0,15.0,1.72,0.0351,18.1,14.92,31.74,1.83,1.471,1.58
LMT-0050,15.0,16.0,1.889,0.0486,17.52,12.59,31.25,2.01,1.269,1.41
LMT-0050,16.0,17.0,1.895,0.0418,16.1,16.33,35.3,1.5,1.005,1.53
LMT-0050,17.0,18.0,2.023,0.0336,17.98,14.27,33.75,2.13,1.412,1.6
LMT-0050,18.0,19.0,1.918,0.036,16.97,15.2,33.76,1.68,1.317,1.7
LMT-0050,19.0,20.0,1.702,0.0355,16.0,14.88,34.52,1.71,1.03,1.67
LMT-0050,20.0,21.0,1.477,0.0411,16.16,17.21,34.78,1.86,0.982,1.58
LMT-0050,21.0,22.0,1.645,0.0401,14.07,16.91,34.32,1.73,1.245,1.57
LMT-0050,22.0,23.0,1.505,0.0275,14.67,18.97,38.78,1.58,1.034,1.69
LMT-0050,23.0,24.0,1.591,0.0304,13.95,20.03,35.55,1.38,1.045,1.62
LMT-0050,24.0,25.0,1.535,0.0329,14.38,17.45,37.54,1.35,0.915,1.52
LMT-0050,25.0,26.0,1.126,0.0322,12.84,19.42,37.56,0.96,0.917,1.65
LMT-0050,26.0,27.0,1.064,0.0215,11.94,20.3,33.92,1.02,1.029,1.63
LMT-0050,27.0,28.0,1.151,0.024,12.49,20.7,35.07,1.05,0.932,1.59
LMT-0050,28.0,29.0,1.236,0.0246,11.92,19.75,37.17,1.51,1.103,1.71
LMT-0050,29.0,30.0,1.32,0.0294,11.85,19.29,39.0,1.08,0.831,1.62
LMT-0050,30.0,31.0,1.089,0.034,12.68,20.84,39.08,0.78,0.888,1.77
LMT-0050,31.0,32.0,1.243,0.0292,12.25,22.36,37.06,1.11,0.87,1.71
LMT-0050,32.0,33.0,1.095,0.025,10.58,25.82,35.92,0.99,0.768,1.75
LMT-0050,33.0,34.0,1.015,0.0258,10.09,20.88,39.47,1.11,0.8,1.71
LMT-0050,34.0,35.0,0.909,0.0214,9.42,26.8,36.51,1.14,0.844,1.74
LMT-0050,35.0,36.0,0.984,0.0182,9.08,25.81,36.19,1.1,0.713,1.89
LMT-0050,36.0,37.0,0.266,0.0132,6.71,36.75,40.38,0.51,0.429,2.47
LMT-0050,37.0,38.0,0.256,0.014,6.4,33.08,35.1,0.79,0.363,2.49
LMT-0050,38.0,39.3,0.3,0.0124,5.93,36.25,42.1,0.88,0.437,2.63
LMT-0051,0.0,1.0,0.915,0.0678,46.33,1.61,7.57,7.1,3.047,1.44
LMT-0051,1.0,2.0,0.863,0.0789,49.89,1.98,8.14,6.66,2.774,1.54
LMT-0051,2.0,3.0,1.03,0.0825,48.07,2.39,9.89,4.39,2.812,1.56
LMT-0051,3.0,4.0,1.152,0.0834,46.78,3.09,10.92,5.63,2.428,1.47
LMT-0051,4.0,5.0,1.144,0.1038,45.66,3.63,11.34,6.44,2.605,1.53
LMT-0051,5.0,6.0,1.034,0.0928,44.93,3.71,13.6,5.17,1.88,1.56
LMT-0051,6.0,7.0,1.145,0.1103,42.62,4.91,13.82,4.62,2.301,1.48
LMT-0051,7.0,8.0,1.253,0.1952,39.75,5.48,17.16,4.09,2.497,1.67
LMT-0051,8.0,9.0,1.217,0.2455,39.28,5.7,17.3,4.28,2.087,1.51
LMT-0051,9.0,10.0,1.515,0.427,38.77,7.35,17.2,3.63,1.933,1.55
LMT-0051,10.0,11.0,2.1,0.1285,22.15,9.64,33.88,2.6,1.548,1.58
LMT-0051,11.0,12.0,2.298,0.1035,22.84,10.75,34.24,2.74,1.45,1.52
LMT-0051,12.0,13.0,1.974,0.0515,21.06,12.23,32.1,2.29,1.667,1.47
LMT-0051,13.0,14.0,2.001,0.0636,19.73,11.24,35.97,2.31,1.402,1.55
LMT-0051,14.0,15.0,2.075,0.0349,19.25,14.39,36.46,2.18,1.291,1.54
LMT-0051,15.0,16.0,2.079,0.0443,19.53,13.48,31.07,2.34,1.561,1.6
LMT-0051,16.0,17.0,2.193,0.0592,20.01,15.84,37.17,2.31,1.533,1.6
LMT-0051,17.0,18.0,1.884,0.0534,19.52,15.07,37.48,2.47,1.339,1.57
LMT-0051,18.0,19.0,2.025,0.0637,18.05,17.69,37.07,2.76,1.453,1.63
LMT-0051,19.0,20.0,1.722,0.0567,17.92,15.64,36.27,1.94,1.37,1.78
LMT-0051,20.0,21.0,1.97,0.0435,16.78,15.7,38.15,1.74,1.318,1.71
LMT-0051,21.0,22.0,1.79,0.0504,17.65,18.53,34.18,2.11,1.267,1.58
LMT-0051,22.0,23.0,1.714,0.0405,17.29,18.59,36.26,1.76,1.211,1.56
LMT-0051,23.0,24.0,1.891,0.0458,16.31,21.4,39.38,1.76,1.63,1.76
LMT-0051,24.0,25.0,1.701,0.0473,14.9,20.94,41.03,1.74,1.213,1.75
LMT-0051,25.0,26.0,1.838,0.0416,15.32,19.24,38.34,1.61,1.218,1.72
LMT-0051,26.0,27.0,1.824,0.0288,14.33,23.32,38.5,1.39,1.093,1.79
LMT-0051,27.0,28.0,1.717,0.0407,14.4,25.08,35.06,1.67,1.208,1.64
LMT-0051,28.0,29.0,1.295,0.0282,13.97,23.07,40.69,1.97,1.002,1.77
LMT-0051,29.0,30.0,1.71,0.0307,13.55,21.57,40.14,1.55,1.207,1.82
LMT-0051,30.0,31.0,1.344,0.0498,13.57,21.68,39.22,1.52,0.938,1.8
LMT-0051,31.0,32.0,1.402,0.0346,12.88,22.18,41.47,1.45,1.051,1.84
LMT-0051,32.0,33.0,1.198,0.0267,12.36,25.63,44.73,1.28,1.164,1.84
LMT-0051,33.0,34.0,1.195,0.0248,11.88,26.13,41.2,1.46,1.08,1.91
LMT-0051,34.0,35.0,1.242,0.0265,10.28,28.01,45.13,1.44,1.136,1.79
LMT-0051,35.0,36.0,1.032,0.0265,10.62,28.52,45.06,1.06,0.72,1.87
LMT-0051,36.0,37.0,1.083,0.0231,10.37,29.97,41.46,1.37,0.926,1.93
LMT-0051,37.0,38.0,1.071,0.0169,10.65,28.89,40.27,0.89,0.949,1.96
LMT-0051,38.0,39.0,0.305,0.0165,6.69,36.35,41.1,0.97,0.452,2.69
LMT-0051,39.0,40.0,0.25,0.012,6.36,41.58,41.93,1.05,0.404,2.76
LMT-0051,40.0,40.9,0.273,0.0171,6.54,42.52,46.13,0.99,0.498,2.71
LMT-0052,0.0,1.0,0.697,0.0587,52.89,0.91,4.36,8.64,3.558,1.64
LMT-0052,1.0,2.0,0.942,0.0875,54.12,1.9,7.8,6.69,3.217,1.5
LMT-0052,2.0,3.0,1.032,0.1015,52.73,2.3,9.51,8.3,3.003,1.55
LMT-0052,3.0,4.0,1.059,0.0924,50.14,3.18,9.38,7.32,2.814,1.48
LMT-0052,4.0,5.0,0.965,0.077,47.27,3.16,10.63,7.33,2.84,1.52
LMT-0052,5.0,6.0,1.044,0.1097,47.06,3.6,12.17,6.18,2.542,1.52
LMT-0052,6.0,7.0,1.093,0.1272,45.6,3.81,13.41,5.97,2.849,1.6
LMT-0052,7.0,8.0,1.203,0.114,45.73,4.97,13.29,5.48,2.556,1.6
LMT-0052,8.0,9.0,1.383,0.1302,45.45,5.57,16.1,5.85,2.521,1.58
LMT-0052,9.0,10.0,1.19,0.1509,47.16,6.15,15.8,5.34,2.603,1.48
LMT-0052,10.0,11.0,1.175,0.2284,46.13,6.06,17.73,4.84,2.578,1.6
LMT-0052,11.0,12.0,1.276,0.3734,39.81,6.75,18.83,5.04,2.239,1.68
LMT-0052,12.0,13.0,2.521,0.2085,24.4,10.28,34.72,2.94,1.797,1.65
LMT-0052,13.0,14.0,2.437,0.1497,21.44,12.41,34.22,3.09,2.13,1.63
LMT-0052,14.0,15.0,2.334,0.0772,21.64,13.19,38.53,2.73,1.61,1.63
LMT-0052,15.0,16.0,2.428,0.0645,21.77,13.14,35.68,2.13,1.998,1.75
LMT-0052,16.0,17.0,1.759,0.0702,20.76,15.36,38.72,2.36,1.681,1.75
LMT-0052,17.0,18.0,2.123,0.0736,21.89,17.16,36.88,2.39,1.857,1.75
LMT-0052,18.0,19.0,2.031,0.075,18.48,15.17,36.44,2.96,1.619,1.77
LMT-0052,19.0,20.0,1.977,0.0626,19.99,15.91,37.04,2.39,1.746,1.68
LMT-0052,20.0,21.0,1.995,0.0559,19.07,16.24,38.32,2.69,1.658,1.75
LMT-0052,21.0,22.0,1.726,0.0544,18.09,18.16,40.81,2.47,1.599,1.68
LMT-0052,22.0,23.0,1.735,0.0495,17.94,19.38,38.76,2.64,1.516,1.83
LMT-0052,23.0,24.0,1.742,0.0429,16.45,18.11,36.61,2.35,1.645,1.75
LMT-0052,24.0,25.0,2.146,0.0576,17.64,22.14,35.99,1.81,1.564,1.72
LMT-0052,25.0,26.0,1.761,0.0526,15.16,21.18,40.31,2.08,1.599,1.83
LMT-0052,26.0,27.0,1.663,0.0437,16.6,23.73,44.88,1.87,1.557,1.81
LMT-0052,27.0,28.0,1.645,0.0505,15.89,22.65,39.88,1.85,1.311,1.78
LMT-0052,28.0,29.0,1.481,0.0463,14.13,20.24,46.28,2.06,1.442,1.82
LMT-0052,29.0,30.0,1.458,0.0491,15.04,22.52,43.2,1.91,1.285,1.99
LMT-0052,30.0,31.0,1.277,0.0409,14.58,25.85,43.59,1.87,1.043,1.86
LMT-0052,31.0,32.0,1.446,0.0422,14.31,26.04,44.06,1.98,1.087,1.93
LMT-0052,32.0,33.0,1.291,0.0378,13.94,29.19,45.98,1.8,1.247,1.74
LMT-0052,33.0,34.0,1.213,0.0352,13.01,31.16,45.47,1.65,1.15,2.08
LMT-0052,34.0,35.0,1.339,0.025,12.22,28.3,42.43,1.38,1.281,1.84
LMT-0052,35.0,36.0,1.084,0.037,11.81,28.42,44.28,1.54,1.142,1.9
LMT-0052,36.0,37.0,1.182,0.0318,10.4,31.42,44.84,1.35,1.038,1.95
LMT-0052,37.0,38.0,1.001,0.0275,10.93,32.35,45.05,1.21,1.062,1.97
LMT-0052,38.0,39.0,0.271,0.0161,7.29,41.2,43.45,1.33,0.563,2.81
LMT-0052,39.0,40.0,0.243,0.0176,7.54,45.0,46.87,1.49,0.556,2.75
LMT-0052,40.0,40.9,0.285,0.0153,7.27,45.0,44.49,1.18,0.584,2.79
LMT-0053,0.0,1.0,0.497,0.0342,51.32,0.72,3.71,6.99,2.938,1.45
LMT-0053,1.0,2.0,0.604,0.0579,44.34,1.54,6.89,5.81,2.493,1.41
LMT-0053,2.0,3.0,0.698,0.0584,46.21,2.08,7.79,4.2,2.382,1.32
LMT-0053,3.0,4.0,0.84,0.0763,42.09,2.58,10.05,5.48,2.56,1.41
LMT-0053,4.0,5.0,0.886,0.0612,39.29,2.87,10.54,3.52,2.239,1.43
LMT-0053,5.0,6.0,0.868,0.0635,37.51,3.81,13.68,5.57,2.038,1.39
LMT-0053,6.0,7.0,0.965,0.0902,40.98,4.13,12.82,3.75,2.24,1.26
LMT-0053,7.0,8.0,0.831,0.1827,37.74,5.75,15.56,3.69,1.775,1.5
LMT-0053,8.0,9.0,1.247,0.2018,33.83,5.47,16.06,3.08,1.575,1.36
LMT-0053,9.0,10.0,2.097,0.1257,19.27,9.38,28.66,1.9,1.4,1.33
LMT-0053,10.0,11.0,1.68,0.085,19.2,11.06,32.42,1.6,1.185,1.42
LMT-0053,11.0,12.0,1.962,0.0684,19.94,10.38,32.77,2.21,1.365,1.38
LMT-0053,12.0,13.0,1.612,0.0415,19.39,12.71,32.32,2.04,1.092,1.5
LMT-0053,13.0,14.0,1.602,0.0479,16.62,10.84,30.5,1.8,1.222,1.41
LMT-0053,14.0,15.0,1.763,0.0385,16.7,14.39,30.31,1.75,1.074,1.45
LMT-0053,15.0,16.0,1.552,0.032,15.27,15.29,32.01,1.19,1.323,1.57
LMT-0053,16.0,17.0,1.431,0.0347,15.72,16.5,33.63,1.76,1.156,1.56
LMT-0053,17.0,18.0,1.438,0.0329,15.55,15.14,36.28,1.29,1.082,1.58
LMT-0053,18.0,19.0,1.356,0.0223,15.46,18.02,33.9,1.37,1.258,1.6
LMT-0053,19.0,20.0,1.231,0.0315,15.91,18.19,33.86,1.24,1.141,1.56
LMT-0053,20.0,21.0,1.233,0.0281,15.29,16.28,33.82,1.5,1.117,1.48
LMT-0053,21.0,22.0,1.081,0.0356,13.95,22.47,34.81,0.99,1.253,1.62
LMT-0053,22.0,23.0,1.251,0.0284,14.05,20.28,37.83,1.37,1.148,1.68
LMT-0053,23.0,24.0,0.955,0.0276,12.16,19.8,33.16,1.4,0.969,1.54
LMT-0053,24.0,25.0,0.997,0.0245,11.85,20.48,40.59,1.12,0.845,1.63
LMT-0053,25.0,26.0,0.917,0.0289,12.75,24.12,36.06,1.53,0.911,1.67
LMT-0053,26.0,27.0,1.015,0.0253,11.14,24.22,40.1,0.8,1.009,1.76
LMT-0053,27.0,28.0,0.925,0.0183,11.27,22.89,41.76,1.16,0.786,1.69
LMT-0053,28.0,29.0,0.857,0.0239,9.0,25.07,35.48,1.01,0.879,1.72
LMT-0053,29.0,30.0,0.767,0.0183,10.1,26.29,39.34,0.95,0.944,1.76
LMT-0053,30.0,31.0,0.246,0.0111,6.46,35.29,37.94,0.91,0.38,2.41
LMT-0053,31.0,32.0,0.211,0.0104,6.3,29.7,35.73,0.83,0.425,2.49
LMT-0053,32.0,33.0,0.221,0.0095,6.51,37.84,37.6,0.8,0.427,2.56
LMT-0053,33.0,33.8,0.18,0.0125,6.61,34.7,34.97,0.66,0.376,2.53
LMT-0054,0.0,1.0,0.603,0.0312,52.63,0.76,4.0,6.99,2.668,1.53
LMT-0054,1.0,2.0,0.905,0.0705,46.15,1.99,8.39,5.87,2.479,1.39
LMT-0054,2.0,3.0,0.924,0.1512,39.96,3.47,11.59,5.01,2.022,1.36
LMT-0054,3.0,4.0,1.245,0.1606,38.9,5.6,13.88,4.86,1.847,1.49
LMT-0054,4.0,5.0,1.938,0.1727,19.7,9.06,34.88,1.99,1.641,1.5
LMT-0054,5.0,6.0,1.996,0.0904,16.56,12.03,31.87,2.03,1.221,1.58
LMT-0054,6.0,7.0,1.517,0.0557,17.14,15.55,33.04,1.94,1.291,1.61
LMT-0054,7.0,8.0,1.132,0.0381,14.84,18.49,39.0,1.53,1.099,1.69
LMT-0054,8.0,9.0,1.452,0.0337,10.82,20.49,38.65,1.65,1.182,1.74
LMT-0054,9.0,10.0,1.081,0.024,10.32,25.08,41.75,1.14,0.875,1.81
LMT-0054,10.0,11.0,0.264,0.0161,6.83,37.63,37.92,0.9,0.469,2.51
LMT-0054,11.0,12.0,0.241,0.0143,7.05,36.88,39.09,0.89,0.307,2.62
LMT-0054,12.0,12.4,0.255,0.0113,6.64,32.68,40.12,0.98,0.436,2.44
LMT-0055,0.0,1.0,0.443,0.0225,44.68,0.55,3.5,5.91,2.192,1.41
LMT-0055,1.0,2.0,0.821,0.0579,44.71,1.71,7.04,5.13,2.245,1.34
LMT-0055,2.0,3.0,0.808,0.0426,47.17,2.92,8.86,4.12,1.712,1.37
LMT-0055,3.0,4.0,0.973,0.0371,37.06,3.15,10.28,5.22,2.428,1.37
LMT-0055,4.0,5.0,1.016,0.1534,38.98,4.2,12.42,3.65,1.579,1.38
LMT-0055,5.0,6.0,0.94,0.2103,36.39,4.85,14.92,2.55,1.643,1.4
LMT-0055,6.0,7.0,1.726,0.088,17.99,9.32,31.0,1.56,1.3,1.43
LMT-0055,7.0,8.0,1.605,0.0734,18.0,10.64,32.43,1.51,1.274,1.44
LMT-0055,8.0,9.0,1.57,0.0574,17.24,13.45,29.09,1.24,1.195,1.39
LMT-0055,9.0,10.0,1.373,0.0319,15.25,13.51,32.46,1.55,1.064,1.58
LMT-0055,10.0,11.0,1.255,0.0331,14.38,16.39,34.14,1.61,0.998,1.54
LMT-0055,11.0,12.0,1.313,0.0271,13.39,18.5,35.88,1.4,0.958,1.6
LMT-0055,12.0,13.0,1.134,0.0305,13.41,21.99,37.32,1.1,0.871,1.55
LMT-0055,13.0,14.0,1.126,0.0234,11.71,21.49,34.96,1.11,0.911,1.59
LMT-0055,14.0,15.0,0.898,0.0222,10.03,22.21,37.55,1.03,0.734,1.65
LMT-0055,15.0,16.0,0.775,0.0152,8.7,21.97,35.45,0.76,0.696,1.79
LMT-0055,16.0,17.0,0.26,0.0113,5.83,31.25,39.5,0.82,0.363,2.28
LMT-0055,17.0,18.0,0.207,0.0085,6.15,34.08,38.57,0.81,0.366,2.69
LMT-0055,18.0,19.2,0.2,0.0101,5.66,27.74,38.96,0.66,0.353,2.73
LMT-0056,0.0,1.0,0.578,0.0412,46.43,0.73,3.45,6.89,2.36,1.41
LMT-0056,1.0,2.0,0.644,0.0485,45.13,1.55,6.4,5.82,2.453,1.4
LMT-0056,2.0,3.0,0.856,0.0566,44.13,2.35,7.74,4.46,2.443,1.4
LMT-0056,3.0,4.0,0.837,0.0626,40.3,3.03,9.12,4.88,1.731,1.39
LMT-0056,4.0,5.0,0.915,0.1033,41.24,3.66,12.31,4.3,1.815,1.36
LMT-0056,5.0,6.0,0.938,0.107,37.26,3.72,12.48,4.08,1.993,1.4
LMT-0056,6.0,7.0,0.924,0.1484,33.45,5.43,14.1,3.88,1.882,1.53
LMT-0056,7.0,8.0,1.101,0.2976,37.49,5.9,14.71,3.09,1.427,1.42
LMT-0056,8.0,9.0,1.726,0.1058,18.64,7.86,28.99,2.25,1.529,1.37
LMT-0056,9.0,10.0,1.797,0.066,19.16,10.46,30.61,1.94,1.36,1.47
LMT-0056,10.0,11.0,1.564,0.0485,17.66,12.2,32.72,1.8,1.238,1.41
LMT-0056,11.0,12.0,1.712,0.0344,17.91,11.14,31.6,1.56,1.181,1.49
LMT-0056,12.0,13.0,1.472,0.0278,16.07,12.64,33.65,1.42,1.043,1.61
LMT-0056,13.0,14.0,1.419,0.0208,15.32,16.46,36.55,1.8,0.957,1.4
LMT-0056,14.0,15.0,1.444,0.0202,14.39,16.02,34.96,0.93,0.85,1.61
LMT-0056,15.0,16.0,1.015,0.0244,14.48,16.93,38.31,1.27,0.905,1.63
LMT-0056,16.0,17.0,1.167,0.0249,11.79,16.55,34.54,1.23,0.992,1.73
LMT-0056,17.0,18.0,0.982,0.0219,11.58,22.57,37.88,0.95,0.843,1.62
LMT-0056,18.0,19.0,0.974,0.0274,11.49,22.62,36.25,0.96,0.937,1.74
LMT-0056,19.0,20.0,0.817,0.0237,9.78,22.42,38.1,0.95,0.9,1.57
LMT-0056,20.0,21.0,0.238,0.011,6.36,36.0,35.73,0.82,0.407,2.55
LMT-0056,21.0,22.0,0.187,0.0129,5.78,34.13,40.5,0.98,0.503,2.59
LMT-0056,22.0,23.2,0.209,0.0101,6.13,35.12,36.75,0.67,0.363,2.62
LMT-0057,0.0,1.0,0.474,0.0379,46.01,0.75,3.48,8.1,2.791,1.46
LMT-0057,1.0,2.0,0.68,0.0326,44.85,1.83,7.36,5.05,2.652,1.37
LMT-0057,2.0,3.0,0.855,0.0555,42.41,2.18,8.56,6.79,2.31,1.47
LMT-0057,3.0,4.0,0.843,0.0791,42.34,3.45,10.26,5.27,2.183,1.44
LMT-0057,4.0,5.0,0.909,0.0859,42.62,4.17,10.94,4.72,1.972,1.51
LMT-0057,5.0,6.0,0.995,0.1377,39.08,4.43,14.54,4.01,2.205,1.56
LMT-0057,6.0,7.0,1.183,0.251,39.22,5.78,16.43,3.38,2.101,1.42
LMT-0057,7.0,8.0,1.769,0.132,18.51,10.01,30.47,2.16,1.402,1.5
LMT-0057,8.0,9.0,1.749,0.0893,18.83,8.41,30.24,1.76,1.277,1.38
LMT-0057,9.0,10.0,1.867,0.0545,17.94,12.68,31.45,1.96,1.432,1.45
LMT-0057,10.0,11.0,1.416,0.0514,17.33,13.71,36.97,2.15,1.343,1.54
LMT-0057,11.0,12.0,1.696,0.0489,16.54,15.29,30.4,2.13,1.134,1.53
LMT-0057,12.0,13.0,1.334,0.0339,16.19,15.67,32.17,1.39,1.195,1.55
LMT-0057,13.0,14.0,1.465,0.0397,15.5,17.63,35.33,1.53,1.024,1.6
LMT-0057,14.0,15.0,1.384,0.0283,13.21,17.74,32.77,1.52,0.96,1.69
LMT-0057,15.0,16.0,1.171,0.0371,13.65,19.5,36.75,0.97,0.907,1.63
LMT-0057,16.0,17.0,1.086,0.0222,11.87,22.27,35.98,1.45,0.91,1.67
LMT-0057,17.0,18.0,1.017,0.0246,10.58,24.23,39.13,0.89,0.775,1.81
LMT-0057,18.0,19.0,0.931,0.0207,11.08,27.13,37.11,1.29,0.761,1.73
LMT-0057,19.0,20.0,0.948,0.0139,9.02,27.36,40.11,1.01,0.752,1.7
LMT-0057,20.0,21.0,0.215,0.016,6.68,31.76,39.57,1.01,0.512,2.62
LMT-0057,21.0,22.0,0.267,0.0109,6.41,37.29,39.24,0.85,0.438,2.44
LMT-0057,22.0,22.6,0.201,0.0132,6.22,37.71,36.8,0.68,0.454,2.83
LMT-0058,0.0,1.0,0.678,0.0442,51.83,0.77,4.05,7.61,2.668,1.45
LMT-0058,1.0,2.0,0.86,0.1286,43.83,2.46,9.05,6.27,2.253,1.32
LMT-0058,2.0,3.0,0.999,0.2004,35.76,4.28,13.42,4.83,1.824,1.37
LMT-0058,3.0,4.0,1.994,0.1452,22.26,9.0,32.28,1.99,1.575,1.39
LMT-0058,4.0,5.0,1.896,0.1228,20.17,11.32,33.43,1.96,1.523,1.3
LMT-0058,5.0,6.0,1.552,0.0643,20.46,12.63,32.08,2.02,1.456,1.59
LMT-0058,6.0,7.0,1.709,0.0423,16.57,14.37,33.48,1.63,1.361,1.48
LMT-0058,7.0,8.0,1.755,0.0374,16.07,17.86,32.18,1.8,1.351,1.56
LMT-0058,8.0,9.0,1.594,0.0208,16.52,17.59,37.4,1.91,1.223,1.55
LMT-0058,9.0,10.0,1.534,0.0322,14.78,17.71,32.32,1.64,0.897,1.7
LMT-0058,10.0,11.0,1.215,0.0366,16.26,17.39,35.05,1.64,1.26,1.59
LMT-0058,11.0,12.0,1.407,0.0296,14.13,21.26,34.97,1.55,0.941,1.66
LMT-0058,12.0,13.0,1.164,0.0323,13.28,23.39,36.71,1.07,1.078,1.64
LMT-0058,13.0,14.0,1.035,0.0311,11.48,23.96,36.19,1.54,1.054,1.75
LMT-0058,14.0,15.0,0.933,0.0266,10.85,25.18,42.04,1.08,1.008,1.7
LMT-0058,15.0,16.0,0.981,0.0215,10.55,20.97,40.95,1.15,0.93,1.85
LMT-0058,16.0,17.0,0.916,0.0206,9.45,21.18,37.55,0.9,0.671,1.84
LMT-0058,17.0,18.0,0.236,0.0172,6.56,35.63,38.25,0.86,0.48,2.72
LMT-0058,18.0,19.0,0.23,0.0143,6.28,37.04,41.18,0.77,0.484,2.53
LMT-0058,19.0,19.8,0.247,0.0127,6.27,38.25,39.62,0.99,0.348,2.32
LMT-0059,0.0,1.0,0.603,0.0467,44.97,1.0,4.4,6.38,2.559,1.46
LMT-0059,1.0,2.0,0.901,0.1238,43.95,2.75,10.42,4.64,2.356,1.35
LMT-0059,2.0,3.0,0.841,0.2287,36.18,5.18,15.2,2.3,1.566,1.47
LMT-0059,3.0,4.0,1.881,0.0976,18.8,10.02,30.56,2.15,1.246,1.5
LMT-0059,4.0,5.0,1.864,0.0905,18.02,12.53,31.44,2.1,1.435,1.63
LMT-0059,5.0,6.0,1.674,0.0495,18.85,11.81,31.07,1.61,1.151,1.63
LMT-0059,6.0,7.0,1.657,0.0566,16.25,15.7,32.65,1.82,1.326,1.6
LMT-0059,7.0,8.0,1.702,0.0398,16.41,13.61,32.07,1.38,1.165,1.59
LMT-0059,8.0,9.0,1.305,0.0468,15.08,13.76,34.39,1.6,1.073,1.61
LMT-0059,9.0,10.0,1.298,0.0338,14.04,18.92,40.53,1.64,1.056,1.71
LMT-0059,10.0,11.0,1.211,0.0304,12.98,16.06,33.48,1.89,1.127,1.67
LMT-0059,11.0,12.0,1.091,0.0363,12.51,22.66,34.62,1.54,1.041,1.79
LMT-0059,12.0,13.0,1.116,0.0253,12.04,22.95,37.69,1.4,0.847,1.78
LMT-0059,13.0,14.0,0.992,0.0258,10.13,23.2,38.49,1.2,0.966,1.76
LMT-0059,14.0,15.0,1.125,0.0176,10.48,29.29,41.18,0.94,0.886,1.79
LMT-0059,15.0,16.0,0.95,0.0241,9.38,24.76,38.54,0.91,0.81,1.74
LMT-0059,16.0,17.0,0.242,0.0172,6.44,38.73,33.68,0.94,0.407,2.67
LMT-0059,17.0,18.1,0.24,0.0144,6.77,40.97,35.15,0.75,0.514,2.31
LMT-0060,0.0,1.0,0.655,0.0473,44.15,0.94,4.57,6.68,2.439,1.58
LMT-0060,1.0,2.0,0.845,0.0799,45.31,2.11,7.74,5.45,2.204,1.32
LMT-0060,2.0,3.0,0.981,0.0967,39.84,3.07,11.6,5.49,1.758,1.48
LMT-0060,3.0,4.0,0.98,0.2114,40.31,4.88,14.2,2.91,2.085,1.37
LMT-0060,4.0,5.0,1.982,0.1532,19.54,9.17,30.13,2.14,1.382,1.37
LMT-0060,5.0,6.0,1.9,0.127,19.34,9.24,28.26,2.16,1.693,1.5
LMT-0060,6.0,7.0,1.617,0.0719,18.6,11.09,29.66,2.48,1.173,1.48
LMT-0060,7.0,8.0,1.629,0.0393,18.4,11.94,30.4,1.83,1.343,1.45
LMT-0060,8.0,9.0,1.647,0.0428,18.35,14.88,35.46,1.96,1.245,1.53
LMT-0060,9.0,10.0,1.407,0.0408,15.2,12.8,34.88,1.84,1.089,1.58
LMT-0060,10.0,11.0,1.572,0.037,15.69,14.37,36.67,1.46,1.03,1.59
LMT-0060,11.0,12.0,1.614,0.0292,14.7,14.33,36.75,1.54,1.036,1.6
LMT-0060,12.0,13.0,1.446,0.0272,14.71,17.87,34.23,1.66,1.003,1.61
LMT-0060,13.0,14.0,1.267,0.0311,14.29,16.36,37.77,1.46,0.956,1.65
LMT-0060,14.0,15.0,1.161,0.0351,12.24,19.49,37.59,1.24,1.111,1.71
LMT-0060,15.0,16.0,1.306,0.0221,12.18,22.38,37.1,1.09,0.827,1.64
LMT-0060,16.0,17.0,0.958,0.0174,11.51,23.49,40.12,1.12,0.874,1.75
LMT-0060,17.0,18.0,1.153,0.0223,11.35,24.44,36.89,0.74,0.963,1.71
LMT-0060,18.0,19.0,0.906,0.0232,10.2,25.01,36.6,1.01,0.971,1.74
LMT-0060,19.0,20.0,0.262,0.0128,6.0,37.06,41.66,0.96,0.499,2.59
LMT-0060,20.0,21.0,0.239,0.0117,6.08,33.34,36.51,0.95,0.501,2.53
LMT-0060,21.0,21.4,0.235,0.0095,6.01,35.85,40.94,0.85,0.436,2.57
LMT-0061,0.0,1.0,0.728,0.042,48.46,0.88,4.08,6.78,2.862,1.56
LMT-0061,1.0,2.0,1.018,0.0623,41.12,2.15,7.95,6.12,2.619,1.39
LMT-0061,2.0,3.0,0.995,0.0814,42.43,3.12,10.98,4.23,2.28,1.32
LMT-0061,3.0,4.0,1.102,0.2539,39.54,4.89,13.63,3.88,1.732,1.46
LMT-0061,4.0,5.0,1.164,0.285,35.11,5.45,17.16,2.59,1.351,1.46
LMT-0061,5.0,6.0,1.837,0.1475,19.9,9.56,30.44,2.3,1.086,1.48
LMT-0061,6.0,7.0,1.949,0.099,20.75,9.69,27.94,2.39,1.402,1.52
LMT-0061,7.0,8.0,1.73,0.0735,18.55,11.94,34.14,1.19,1.248,1.4
LMT-0061,8.0,9.0,1.612,0.0404,19.26,11.0,35.36,2.41,1.202,1.6
LMT-0061,9.0,10.0,1.694,0.0452,17.15,14.62,28.35,1.67,1.322,1.47
LMT-0061,10.0,11.0,1.503,0.0483,17.72,13.15,35.19,1.66,1.15,1.39
LMT-0061,11.0,12.0,1.683,0.0383,15.42,15.14,34.79,1.3,1.196,1.53
LMT-0061,12.0,13.0,1.46,0.0406,17.28,16.26,30.83,1.63,1.099,1.62
LMT-0061,13.0,14.0,1.504,0.0316,15.08,15.67,35.27,1.4,1.097,1.62
LMT-0061,14.0,15.0,1.619,0.0326,14.35,19.01,36.5,1.73,1.248,1.67
LMT-0061,15.0,16.0,1.489,0.022,14.32,19.96,37.33,1.55,1.128,1.64
LMT-0061,16.0,17.0,1.388,0.0254,13.1,17.33,36.0,1.44,0.892,1.72
LMT-0061,17.0,18.0,1.351,0.0285,13.08,20.84,33.44,1.38,1.044,1.69
LMT-0061,18.0,19.0,1.161,0.0263,11.3,23.07,38.76,1.05,1.059,1.64
LMT-0061,19.0,20.0,1.186,0.0204,10.55,21.87,41.82,1.26,0.661,1.76
LMT-0061,20.0,21.0,1.165,0.0184,10.61,22.79,39.99,1.0,0.929,1.74
LMT-0061,21.0,22.0,0.863,0.0247,10.35,24.65,39.72,0.8,0.927,1.82
LMT-0061,22.0,23.0,1.114,0.0159,9.46,26.25,40.08,0.78,0.754,1.74
LMT-0061,23.0,24.0,0.239,0.0085,6.81,35.69,39.78,0.8,0.385,2.63
LMT-0061,24.0,25.0,0.279,0.0126,6.44,31.45,35.15,0.9,0.368,2.44
LMT-0061,25.0,25.8,0.228,0.0112,6.3,36.19,41.2,0.67,0.378,2.46
LMT-0062,0.0,1.0,0.602,0.0501,46.28,0.94,4.23,6.44,3.254,1.56
LMT-0062,1.0,2.0,0.91,0.0658,41.22,1.99,8.14,5.46,1.787,1.29
LMT-0062,2.0,3.0,0.941,0.0888,36.92,3.31,10.66,5.04,2.307,1.43
LMT-0062,3.0,4.0,1.009,0.0934,41.73,3.89,12.88,4.71,2.046,1.45
LMT-0062,4.0,5.0,1.247,0.1442,42.64,4.67,14.16,4.22,1.864,1.6
LMT-0062,5.0,6.0,1.441,0.294,36.52,5.74,15.5,3.03,1.869,1.48
LMT-0062,6.0,7.0,1.988,0.174,19.54,9.4,31.59,2.54,1.337,1.38
LMT-0062,7.0,8.0,2.299,0.0751,20.3,9.14,34.64,1.78,1.422,1.51
LMT-0062,8.0,9.0,1.978,0.077,19.35,10.38,32.39,2.08,1.17,1.43
LMT-0062,9.0,10.0,2.298,0.0533,18.93,11.67,33.1,2.39,1.391,1.58
LMT-0062,10.0,11.0,1.997,0.045,18.16,13.73,34.77,2.56,1.175,1.56
LMT-0062,11.0,12.0,1.635,0.028,16.99,13.8,35.38,1.5,1.287,1.53
LMT-0062,12.0,13.0,2.17,0.0489,16.93,14.13,29.42,1.51,1.449,1.65
LMT-0062,13.0,14.0,1.897,0.0376,17.6,15.22,34.02,1.77,0.96,1.47
LMT-0062,14.0,15.0,1.745,0.0391,17.44,17.33,34.36,1.56,1.466,1.72
LMT-0062,15.0,16.0,1.948,0.0243,15.55,18.61,37.27,1.85,1.171,1.71
LMT-0062,16.0,17.0,1.455,0.0419,14.49,17.85,34.68,1.21,1.139,1.73
LMT-0062,17.0,18.0,1.691,0.0418,14.78,21.38,35.45,1.24,1.274,1.55
LMT-0062,18.0,19.0,1.399,0.0493,14.26,19.83,39.74,1.34,1.147,1.73
LMT-0062,19.0,20.0,1.688,0.0269,13.39,19.78,39.31,1.44,1.003,1.57
LMT-0062,20.0,21.0,1.397,0.0343,13.03,19.95,36.14,1.44,1.141,1.68
LMT-0062,21.0,22.0,1.57,0.0284,12.28,21.44,41.79,1.37,1.103,1.88
LMT-0062,22.0,23.0,1.076,0.0274,12.44,21.94,39.84,1.11,0.852,1.82
LMT-0062,23.0,24.0,1.202,0.0288,11.87,22.17,36.8,1.15,0.957,2.01
LMT-0062,24.0,25.0,1.378,0.0281,11.22,23.29,37.5,1.2,1.016,1.73
LMT-0062,25.0,26.0,1.258,0.0256,11.04,26.27,39.78,1.07,0.864,1.65
LMT-0062,26.0,27.0,1.151,0.0227,9.77,25.29,39.81,1.21,0.878,1.83
LMT-0062,27.0,28.0,0.984,0.0223,9.77,25.48,36.49,1.09,0.744,1.77
LMT-0062,28.0,29.0,0.259,0.0154,7.1,36.69,37.75,0.96,0.459,2.46
LMT-0062,29.0,30.0,0.263,0.0118,6.24,34.98,39.5,0.99,0.391,2.73
LMT-0062,30.0,30.6,0.286,0.0151,6.8,36.77,38.54,0.8,0.455,2.76
LMT-0063,0.0,1.0,0.915,0.06,53.18,1.01,5.51,8.2,3.018,1.74
LMT-0063,1.0,2.0,1.021,0.0848,46.88,2.2,8.75,5.51,2.783,1.47
LMT-0063,2.0,3.0,1.027,0.0764,47.66,2.77,9.56,6.64,2.593,1.57
LMT-0063,3.0,4.0,1.091,0.08,46.46,3.45,11.42,6.27,3.089,1.43
LMT-0063,4.0,5.0,1.232,0.1126,42.66,4.35,14.29,3.91,2.616,1.56
LMT-0063,5.0,6.0,1.299,0.1685,44.39,5.25,14.71,4.24,2.161,1.56
LMT-0063,6.0,7.0,1.426,0.2445,39.44,5.57,15.5,4.73,2.076,1.61
LMT-0063,7.0,8.0,1.178,0.2744,38.96,6.71,16.85,3.4,2.001,1.54
LMT-0063,8.0,9.0,2.497,0.123,20.17,10.33,34.0,2.12,1.927,1.51
LMT-0063,9.0,10.0,2.103,0.0911,19.11,11.84,33.54,2.22,1.616,1.65
LMT-0063,10.0,11.0,2.137,0.0683,20.58,12.58,33.2,2.4,1.342,1.56
LMT-0063,11.0,12.0,1.916,0.0498,19.21,13.18,35.95,2.67,1.628,1.59
LMT-0063,12.0,13.0,2.368,0.0525,17.89,13.78,35.83,2.11,1.685,1.57
LMT-0063,13.0,14.0,1.828,0.0611,18.34,14.18,38.18,2.35,1.608,1.5
LMT-0063,14.0,15.0,1.964,0.0504,17.3,17.53,36.63,2.27,1.533,1.55
LMT-0063,15.0,16.0,1.763,0.0471,16.91,16.22,37.94,2.27,1.731,1.61
LMT-0063,16.0,17.0,1.946,0.0482,17.82,16.73,37.58,2.16,1.171,1.49
LMT-0063,17.0,18.0,1.559,0.0418,15.86,19.65,36.55,1.97,1.14,1.72
LMT-0063,18.0,19.0,1.812,0.0522,16.46,18.02,37.13,2.41,1.308,1.66
LMT-0063,19.0,20.0,1.763,0.0476,15.71,18.5,37.8,1.93,1.395,1.61
LMT-0063,20.0,21.0,1.546,0.0448,16.41,19.58,34.64,1.79,1.306,1.77
LMT-0063,21.0,22.0,1.72,0.043,14.75,22.22,39.41,1.69,1.218,1.82
LMT-0063,22.0,23.0,1.642,0.0449,13.53,18.72,40.16,1.49,1.263,1.69
LMT-0063,23.0,24.0,1.557,0.0342,12.3,23.59,40.52,1.51,1.081,1.82
LMT-0063,24.0,25.0,1.461,0.0412,13.41,23.16,36.0,1.26,1.11,1.68
LMT-0063,25.0,26.0,1.434,0.0357,12.91,23.45,41.59,1.54,1.314,1.74
LMT-0063,26.0,27.0,1.306,0.0301,12.04,26.83,40.73,1.36,1.038,1.83
LMT-0063,27.0,28.0,1.482,0.0239,11.98,26.19,42.11,1.13,1.156,1.78
LMT-0063,28.0,29.0,1.151,0.031,11.46,27.51,37.78,1.46,1.077,1.84
LMT-0063,29.0,30.0,1.219,0.0318,10.89,23.45,43.82,1.14,0.999,1.88
LMT-0063,30.0,31.0,1.199,0.0233,10.63,30.8,41.86,1.19,0.928,1.96
LMT-0063,31.0,32.0,1.081,0.0237,10.01,26.9,41.64,1.06,0.914,2.0
LMT-0063,32.0,33.0,0.291,0.0186,7.32,40.48,40.56,0.96,0.579,2.54
LMT-0063,33.0,34.0,0.271,0.016,7.09,40.97,41.17,1.04,0.576,2.81
LMT-0063,34.0,34.6,0.318,0.017,6.85,40.55,41.51,0.92,0.62,2.46
LMT-0064,0.0,1.0,1.004,0.0727,51.4,1.67,7.2,7.41,2.815,1.52
LMT-0064,1.0,2.0,0.955,0.0809,46.72,2.37,9.38,8.99,3.078,1.46
LMT-0064,2.0,3.0,1.115,0.0916,47.84,3.04,9.9,6.3,3.336,1.49
LMT-0064,3.0,4.0,1.287,0.0903,47.65,3.9,12.78,6.04,2.984,1.63
LMT-0064,4.0,5.0,1.082,0.1023,45.69,3.96,13.94,6.27,3.127,1.5
LMT-0064,5.0,6.0,1.181,0.1385,42.82,5.8,14.89,6.81,2.559,1.68
LMT-0064,6.0,7.0,1.377,0.1853,41.16,5.58,16.56,4.22,2.672,1.51
LMT-0064,7.0,8.0,1.26,0.3632,45.47,6.66,18.24,5.52,2.698,1.57
LMT-0064,8.0,9.0,2.502,0.1743,23.97,11.47,35.67,2.86,1.846,1.6
LMT-0064,9.0,10.0,2.281,0.1669,22.15,13.03,35.14,2.65,1.589,1.67
LMT-0064,10.0,11.0,2.068,0.109,21.83,12.52,33.9,2.52,1.886,1.61
LMT-0064,11.0,12.0,2.492,0.0833,20.67,11.85,39.56,2.54,1.903,1.73
LMT-0064,12.0,13.0,2.144,0.0744,21.57,13.55,38.13,2.9,1.892,1.71
LMT-0064,13.0,14.0,1.971,0.0589,20.04,16.65,39.99,2.94,1.733,1.63
LMT-0064,14.0,15.0,1.914,0.0726,20.46,15.74,34.77,2.59,1.32,1.74
LMT-0064,15.0,16.0,1.819,0.0643,19.52,18.75,38.28,1.99,1.691,1.69
LMT-0064,16.0,17.0,2.27,0.0515,18.57,19.08,37.24,2.08,1.521,1.67
LMT-0064,17.0,18.0,1.967,0.0519,20.14,17.67,37.23,1.98,1.806,1.71
LMT-0064,18.0,19.0,1.61,0.0457,17.33,19.1,39.15,2.17,1.569,1.71
LMT-0064,19.0,20.0,1.839,0.0424,17.43,21.14,43.06,2.4,1.75,1.78
LMT-0064,20.0,21.0,1.741,0.0542,17.05,20.28,39.29,2.17,1.33,1.84
LMT-0064,21.0,22.0,1.96,0.0457,15.77,19.9,42.73,1.69,1.34,1.88
LMT-0064,22.0,23.0,1.585,0.0459,16.0,23.8,43.54,2.09,1.325,1.68
LMT-0064,23.0,24.0,1.686,0.0434,16.29,23.51,40.18,2.1,1.344,1.96
LMT-0064,24.0,25.0,1.721,0.0421,15.19,25.3,44.14,1.45,1.152,1.91
LMT-0064,25.0,26.0,1.351,0.0371,14.75,24.78,40.23,1.88,1.435,1.83
LMT-0064,26.0,27.0,1.533,0.043,15.55,26.53,41.32,1.73,1.173,1.8
LMT-0064,27.0,28.0,1.387,0.0356,13.88,29.07,42.97,1.98,1.424,1.95
LMT-0064,28.0,29.0,1.321,0.0373,13.14,27.68,45.48,1.56,1.137,1.87
LMT-0064,29.0,30.0,1.306,0.0328,11.68,29.66,44.44,1.55,1.135,1.81
LMT-0064,30.0,31.0,1.172,0.0347,11.32,29.47,41.65,1.28,1.001,2.04
LMT-0064,31.0,32.0,1.184,0.0377,11.98,34.32,41.78,1.36,0.945,2.0
LMT-0064,32.0,33.0,1.315,0.0317,10.15,30.53,45.93,1.32,1.168,1.94
LMT-0064,33.0,34.0,1.033,0.0289,10.47,29.92,44.56,1.21,1.074,1.92
LMT-0064,34.0,35.0,0.29,0.0168,7.29,42.05,41.28,1.28,0.543,2.85
LMT-0064,35.0,36.0,0.272,0.0166,7.25,43.12,43.73,1.05,0.527,2.85
LMT-0064,36.0,36.4,0.337,0.017,7.1,39.21,44.79,1.24,0.591,2.85
LMT-0065,0.0,1.0,0.652,0.065,48.79,1.58,6.72,5.64,3.341,1.52
LMT-0065,1.0,2.0,0.869,0.0907,50.06,1.96,7.53,7.77,2.553,1.56
LMT-0065,2.0,3.0,0.941,0.0839,48.44,2.42,9.04,6.03,3.2,1.59
LMT-0065,3.0,4.0,0.961,0.0883,44.61,3.17,10.46,6.23,2.456,1.57
LMT-0065,4.0,5.0,1.022,0.1099,47.87,3.9,10.97,5.34,2.564,1.57
LMT-0065,5.0,6.0,1.019,0.1267,45.66,4.41,12.26,5.91,2.659,1.57
LMT-0065,6.0,7.0,1.033,0.1091,43.87,4.65,14.2,5.77,2.409,1.56
LMT-0065,7.0,8.0,1.2,0.1353,42.34,4.72,17.9,5.94,1.972,1.59
LMT-0065,8.0,9.0,1.131,0.2163,43.16,5.22,15.18,5.2,2.207,1.63
LMT-0065,9.0,10.0,1.195,0.319,40.95,6.49,16.36,4.06,2.086,1.61
LMT-0065,10.0,11.0,2.315,0.2003,21.55,10.49,34.14,2.39,1.642,1.64
LMT-0065,11.0,12.0,2.178,0.1122,21.36,12.03,33.33,2.72,1.744,1.74
LMT-0065,12.0,13.0,1.705,0.0868,21.74,11.95,34.35,2.97,1.341,1.67
LMT-0065,13.0,14.0,2.192,0.0637,20.44,15.66,36.68,2.1,1.849,1.63
LMT-0065,14.0,15.0,1.692,0.0587,20.1,13.2,38.82,2.84,1.571,1.69
LMT-0065,15.0,16.0,1.945,0.0683,19.52,15.37,33.78,2.43,1.866,1.65
LMT-0065,16.0,17.0,1.647,0.0542,17.29,14.19,36.96,2.61,1.696,1.67
LMT-0065,17.0,18.0,1.559,0.0613,20.48,18.94,35.07,2.32,1.589,1.68
LMT-0065,18.0,19.0,1.655,0.0508,18.78,18.15,35.15,2.43,1.639,1.66
LMT-0065,19.0,20.0,1.847,0.0424,16.9,17.98,36.9,2.38,1.449,1.65
LMT-0065,20.0,21.0,1.57,0.049,18.09,17.96,39.6,2.14,1.163,1.74
LMT-0065,21.0,22.0,1.589,0.04,17.29,19.67,41.15,2.53,1.484,1.79
LMT-0065,22.0,23.0,1.615,0.046,16.66,16.73,36.55,2.11,1.453,1.71
LMT-0065,23.0,24.0,1.482,0.042,16.46,21.34,41.92,1.67,1.38,1.76
LMT-0065,24.0,25.0,1.37,0.0457,14.53,23.29,43.2,1.96,1.248,1.84
LMT-0065,25.0,26.0,1.324,0.0466,13.83,23.06,39.88,1.77,1.19,1.75
LMT-0065,26.0,27.0,1.265,0.0376,13.73,24.85,41.69,1.63,1.234,1.85
LMT-0065,27.0,28.0,1.452,0.033,14.62,24.97,38.43,1.87,1.169,1.86
LMT-0065,28.0,29.0,1.37,0.0434,13.57,25.58,42.07,1.58,1.229,1.62
LMT-0065,29.0,30.0,1.07,0.0409,11.71,26.93,42.45,1.63,1.106,1.92
LMT-0065,30.0,31.0,1.085,0.0291,12.06,24.04,44.99,1.57,1.262,1.89
LMT-0065,31.0,32.0,1.218,0.0319,11.82,25.41,47.43,1.68,1.068,2.01
LMT-0065,32.0,33.0,1.038,0.0291,10.46,29.39,42.61,1.2,1.249,1.96
LMT-0065,33.0,34.0,0.974,0.0293,10.71,27.83,42.41,1.25,1.189,1.84
LMT-0065,34.0,35.0,1.013,0.0263,10.0,27.44,46.02,1.27,0.992,1.88
LMT-0065,35.0,36.0,0.294,0.0148,7.04,41.9,47.03,1.08,0.505,2.85
LMT-0065,36.0,37.0,0.241,0.0122,7.0,41.93,42.94,1.21,0.449,2.79
LMT-0065,37.0,37.9,0.29,0.013,6.96,44.76,43.96,0.92,0.567,2.85
LMT-0066,0.0,1.0,0.597,0.0586,52.25,0.95,4.67,10.0,3.353,1.61
LMT-0066,1.0,2.0,0.783,0.0654,48.96,1.9,7.92,6.53,3.242,1.48
LMT-0066,2.0,3.0,0.7,0.0785,50.07,2.46,9.19,7.5,3.189,1.52
LMT-0066,3.0,4.0,0.907,0.0912,40.55,2.57,9.65,5.87,2.875,1.42
LMT-0066,4.0,5.0,0.85,0.0861,45.23,3.51,10.06,5.95,2.697,1.44
LMT-0066,5.0,6.0,0.906,0.093,44.83,3.93,12.52,5.56,2.231,1.51
LMT-0066,6.0,7.0,0.928,0.0933,49.22,3.64,14.49,5.84,2.179,1.51
LMT-0066,7.0,8.0,0.944,0.0979,42.84,4.76,13.87,4.96,2.732,1.62
LMT-0066,8.0,9.0,1.056,0.1377,38.1,5.97,16.19,4.66,2.359,1.53
LMT-0066,9.0,10.0,1.129,0.1981,39.88,6.16,15.76,3.09,2.173,1.59
LMT-0066,10.0,11.0,1.108,0.3015,43.62,6.38,16.61,3.93,1.823,1.62
LMT-0066,11.0,12.0,1.625,0.1872,22.2,9.8,33.02,2.66,1.641,1.45
LMT-0066,12.0,13.0,1.876,0.1555,21.01,10.36,35.61,2.7,1.576,1.59
LMT-0066,13.0,14.0,1.601,0.0666,21.12,12.03,32.44,2.39,1.731,1.69
LMT-0066,14.0,15.0,1.923,0.07,20.74,14.41,33.81,2.27,1.802,1.71
LMT-0066,15.0,16.0,1.813,0.0493,20.02,14.7,33.06,2.54,1.734,1.61
LMT-0066,16.0,17.0,1.707,0.047,20.33,15.3,40.13,2.78,1.337,1.6
LMT-0066,17.0,18.0,1.82,0.0634,18.92,13.87,37.5,2.17,1.146,1.47
LMT-0066,18.0,19.0,1.601,0.0426,17.75,15.39,36.07,2.42,1.393,1.56
LMT-0066,19.0,20.0,1.672,0.0368,19.03,15.77,36.92,1.7,1.595,1.72
LMT-0066,20.0,21.0,1.607,0.0529,17.23,16.55,38.21,2.23,1.441,1.74
LMT-0066,21.0,22.0,1.586,0.052,17.02,19.21,36.79,2.5,1.522,1.73
LMT-0066,22.0,23.0,1.474,0.0536,15.51,21.83,35.41,2.62,1.32,1.56
LMT-0066,23.0,24.0,1.49,0.0507,17.57,19.77,38.2,2.1,1.42,1.79
LMT-0066,24.0,25.0,1.555,0.0511,15.66,19.04,39.9,2.2,1.323,1.84
LMT-0066,25.0,26.0,1.316,0.0391,14.71,22.24,41.21,1.55,1.199,1.87
LMT-0066,26.0,27.0,1.131,0.0443,15.47,21.86,39.42,1.79,1.297,1.75
LMT-0066,27.0,28.0,1.369,0.0365,14.29,22.85,41.16,1.75,1.273,1.86
LMT-0066,28.0,29.0,1.146,0.0364,14.84,22.09,41.74,1.73,1.292,1.73
LMT-0066,29.0,30.0,1.307,0.0462,13.7,27.65,44.0,1.65,1.026,1.85
LMT-0066,30.0,31.0,1.101,0.0324,12.99,24.08,40.98,1.63,1.261,1.77
LMT-0066,31.0,32.0,1.035,0.0405,13.75,23.17,39.75,1.69,1.228,1.92
LMT-0066,32.0,33.0,1.024,0.0366,12.4,25.47,43.98,1.61,1.193,1.89
LMT-0066,33.0,34.0,1.036,0.0349,11.83,28.27,43.21,1.42,1.019,1.97
LMT-0066,34.0,35.0,0.933,0.0255,11.25,29.72,46.58,1.16,0.978,1.81
LMT-0066,35.0,36.0,1.069,0.0303,11.02,28.58,43.38,1.49,0.913,1.9
LMT-0066,36.0,37.0,0.888,0.0323,10.46,31.18,45.17,1.08,0.889,2.01
LMT-0066,37.0,38.0,0.228,0.0179,7.01,36.95,43.06,1.03,0.537,2.85
LMT-0066,38.0,39.0,0.217,0.0155,7.07,42.43,41.37,0.95,0.554,2.82
LMT-0066,39.0,40.0,0.239,0.0161,7.23,33.94,46.88,1.18,0.52,2.85
LMT-0066,40.0,40.5,0.235,0.0197,6.94,37.51,41.68,0.98,0.499,2.78
LMT-0067,0.0,1.0,0.662,0.0411,54.07,0.75,3.94,7.86,2.892,1.64
LMT-0067,1.0,2.0,0.889,0.0968,49.67,1.59,7.15,7.07,3.208,1.63
LMT-0067,2.0,3.0,1.098,0.0706,46.69,2.71,10.01,7.83,2.915,1.57
LMT-0067,3.0,4.0,1.473,0.091,49.55,3.99,12.44,6.42,2.225,1.51
LMT-0067,4.0,5.0,1.381,0.1309,40.92,4.97,12.42,5.45,2.459,1.71
LMT-0067,5.0,6.0,1.584,0.2288,39.95,5.21,16.32,4.87,2.523,1.55
LMT-0067,6.0,7.0,1.581,0.3576,38.51,5.64,17.63,3.12,2.137,1.55
LMT-0067,7.0,8.0,2.691,0.1401,19.28,12.89,35.52,2.54,1.615,1.62
LMT-0067,8.0,9.0,2.332,0.0946,16.81,17.78,39.02,2.22,1.314,1.68
LMT-0067,9.0,10.0,1.804,0.0598,15.71,18.93,41.19,2.01,1.27,1.81
LMT-0067,10.0,11.0,1.645,0.0328,13.77,23.86,42.23,1.43,0.945,1.79
LMT-0067,11.0,12.0,1.401,0.033,12.26,28.9,41.45,1.49,1.089,1.84
LMT-0067,12.0,13.0,0.359,0.0176,7.05,39.15,40.96,1.19,0.514,2.61
LMT-0067,13.0,14.0,0.378,0.0143,6.9,42.72,40.82,1.08,0.508,2.83
LMT-0067,14.0,14.9,0.327,0.0157,7.16,44.19,41.91,1.09,0.425,2.75
LMT-0068,0.0,1.0,0.763,0.0678,56.0,0.77,3.96,10.79,3.797,1.72
LMT-0068,1.0,2.0,1.184,0.2062,51.68,2.8,10.05,7.22,3.063,1.48
LMT-0068,2.0,3.0,1.481,0.4293,38.45,7.21,19.01,4.38,2.286,1.73
LMT-0068,3.0,4.0,2.189,0.1646,18.21,19.27,41.04,2.13,1.82,1.85
LMT-0068,4.0,5.0,1.581,0.0672,13.51,26.76,44.43,1.77,1.009,1.96
LMT-0068,5.0,6.0,0.319,0.0231,7.31,43.75,44.6,1.18,0.611,2.75
LMT-0068,6.0,7.0,0.356,0.0185,7.76,45.0,46.38,1.11,0.543,2.83
LMT-0068,7.0,7.5,0.287,0.0189,7.07,42.25,46.51,1.14,0.551,2.85
LMT-0069,0.0,1.0,0.608,0.0626,50.13,0.93,4.04,7.18,2.87,1.52
LMT-0069,1.0,2.0,1.017,0.1382,47.33,2.69,9.05,6.4,2.255,1.58
LMT-0069,2.0,3.0,1.26,0.2336,43.03,3.93,13.66,5.67,2.301,1.43
LMT-0069,3.0,4.0,1.172,0.2748,37.7,4.94,17.24,3.99,2.013,1.48
LMT-0069,4.0,5.0,2.21,0.1274,19.55,13.33,33.23,2.06,1.689,1.48
LMT-0069,5.0,6.0,1.602,0.1016,17.3,15.11,33.86,1.89,1.411,1.49
LMT-0069,6.0,7.0,1.577,0.0482,14.11,16.67,37.07,1.93,1.566,1.55
LMT-0069,7.0,8.0,1.336,0.0431,14.35,24.59,40.99,1.42,1.224,1.87
LMT-0069,8.0,9.0,1.363,0.0229,12.37,20.43,41.72,1.44,1.187,1.8
LMT-0069,9.0,10.0,1.039,0.0277,10.66,26.67,40.1,0.98,0.952,1.91
LMT-0069,10.0,11.0,0.267,0.0104,6.68,31.38,40.54,0.88,0.476,2.61
LMT-0069,11.0,12.0,0.284,0.016,6.68,37.57,39.08,0.83,0.519,2.47
LMT-0069,12.0,12.5,0.256,0.0153,6.28,37.92,39.98,0.94,0.598,2.73
LMT-0070,0.0,1.0,0.528,0.0303,48.39,0.74,3.49,5.59,2.486,1.54
LMT-0070,1.0,2.0,0.66,0.0746,43.77,1.71,6.89,5.45,2.345,1.47
LMT-0070,2.0,3.0,0.864,0.0678,41.04,2.63,8.42,5.46,2.149,1.3
LMT-0070,3.0,4.0,0.954,0.0898,42.05,3.12,9.86,5.49,1.867,1.43
LMT-0070,4.0,5.0,0.926,0.1265,40.07,4.07,13.17,3.9,1.81,1.46
LMT-0070,5.0,6.0,0.958,0.2355,35.26,5.14,14.92,2.67,1.973,1.5
LMT-0070,6.0,7.0,2.075,0.1342,18.71,8.92,29.95,2.03,1.398,1.52
LMT-0070,7.0,8.0,1.637,0.0856,17.22,9.82,30.21,1.59,1.247,1.59
LMT-0070,8.0,9.0,1.7,0.0719,16.43,12.11,32.35,1.91,1.287,1.56
LMT-0070,9.0,10.0,1.446,0.0374,18.02,14.6,30.49,1.52,1.368,1.6
LMT-0070,10.0,11.0,1.327,0.0446,15.05,14.53,31.05,1.71,0.9,1.57
LMT-0070,11.0,12.0,1.623,0.0374,14.08,18.13,35.02,1.37,0.894,1.71
LMT-0070,12.0,13.0,1.326,0.0355,13.62,16.05,32.84,1.33,0.92,1.48
LMT-0070,13.0,14.0,1.114,0.03,12.25,20.97,31.96,1.09,0.816,1.55
LMT-0070,14.0,15.0,1.018,0.026,12.44,18.98,34.18,1.3,0.816,1.56
LMT-0070,15.0,16.0,0.984,0.0247,10.27,17.8,33.01,1.0,0.949,1.6
LMT-0070,16.0,17.0,0.93,0.0209,9.15,25.15,38.29,1.0,0.789,1.85
LMT-0070,17.0,18.0,0.261,0.0104,6.23,33.75,36.23,0.64,0.391,2.49
LMT-0070,18.0,19.0,0.21,0.0106,6.79,33.03,34.96,0.77,0.412,2.33
LMT-0070,19.0,20.0,0.239,0.0095,6.72,34.33,40.91,0.93,0.433,2.63
LMT-0070,20.0,20.3,0.235,0.0127,5.99,34.23,37.49,0.9,0.365,2.3
LMT-0071,0.0,1.0,0.522,0.0269,44.49,0.64,3.17,6.24,2.512,1.48
LMT-0071,1.0,2.0,0.705,0.0554,42.08,1.53,6.13,5.61,1.94,1.31
LMT-0071,2.0,3.0,0.774,0.0531,42.02,2.06,8.38,5.2,2.237,1.45
LMT-0071,3.0,4.0,0.847,0.0641,43.87,2.7,8.88,5.3,2.148,1.39
LMT-0071,4.0,5.0,0.602,0.0654,41.57,2.58,9.65,4.61,2.205,1.32
LMT-0071,5.0,6.0,1.022,0.0584,39.4,2.98,11.96,5.16,1.824,1.27
LMT-0071,6.0,7.0,1.056,0.0703,38.59,4.26,12.66,4.48,1.909,1.3
LMT-0071,7.0,8.0,1.013,0.1414,37.66,4.29,11.52,4.37,1.931,1.44
LMT-0071,8.0,9.0,1.022,0.1595,38.89,4.28,16.48,2.45,1.622,1.51
LMT-0071,9.0,10.0,1.242,0.2474,37.43,6.12,17.21,3.5,1.482,1.5
LMT-0071,10.0,11.0,1.435,0.1083,18.93,9.19,30.33,2.13,1.486,1.36
LMT-0071,11.0,12.0,1.88,0.0731,20.2,11.41,31.51,1.88,1.579,1.45
LMT-0071,12.0,13.0,1.532,0.0403,17.36,11.48,28.97,1.91,1.088,1.5
LMT-0071,13.0,14.0,1.52,0.0388,17.55,14.69,32.4,1.79,0.978,1.46
LMT-0071,14.0,15.0,1.628,0.038,15.92,17.18,31.64,1.92,1.222,1.57
LMT-0071,15.0,16.0,1.63,0.0312,15.6,15.45,32.41,1.84,1.397,1.5
LMT-0071,16.0,17.0,1.408,0.0368,14.27,18.86,33.62,1.52,1.182,1.61
LMT-0071,17.0,18.0,1.236,0.0256,13.25,18.39,36.95,1.46,0.907,1.64
LMT-0071,18.0,19.0,1.22,0.0271,12.59,21.21,37.76,0.96,0.986,1.72
LMT-0071,19.0,20.0,1.082,0.0284,12.46,21.55,38.3,1.28,0.951,1.66
LMT-0071,20.0,21.0,1.084,0.0284,11.71,20.07,38.45,1.27,0.912,1.62
LMT-0071,21.0,22.0,0.897,0.0214,11.4,19.84,41.08,1.27,0.77,1.71
LMT-0071,22.0,23.0,0.842,0.02,10.26,23.19,39.11,0.94,0.961,1.67
LMT-0071,23.0,24.0,0.902,0.0272,8.77,25.34,40.13,0.85,0.722,1.85
LMT-0071,24.0,25.0,0.202,0.0078,6.63,40.46,35.93,0.7,0.402,2.5
LMT-0071,25.0,26.0,0.27,0.011,5.93,33.51,39.6,0.8,0.506,2.49
LMT-0071,26.0,26.7,0.218,0.0148,6.53,37.85,40.32,0.73,0.395,2.45
LMT-0072,0.0,1.0,0.468,0.0267,50.09,0.6,3.53,9.07,2.335,1.5
LMT-0072,1.0,2.0,0.698,0.0567,48.91,1.05,5.02,7.85,2.424,1.56
LMT-0072,2.0,3.0,0.799,0.0661,45.79,1.91,7.77,5.6,2.495,1.36
LMT-0072,3.0,4.0,0.837,0.0626,42.89,2.54,9.09,5.69,2.496,1.42
LMT-0072,4.0,5.0,0.904,0.0569,44.82,2.92,10.3,5.43,2.47,1.43
LMT-0072,5.0,6.0,1.083,0.0788,41.93,3.29,11.29,6.41,2.025,1.42
LMT-0072,6.0,7.0,0.948,0.0938,42.68,3.85,12.24,4.81,2.551,1.43
LMT-0072,7.0,8.0,1.064,0.1107,38.97,5.08,14.05,3.92,1.914,1.36
LMT-0072,8.0,9.0,1.259,0.1431,40.32,5.04,15.03,4.03,2.054,1.36
LMT-0072,9.0,10.0,1.023,0.302,40.58,5.57,15.25,3.37,1.995,1.48
LMT-0072,10.0,11.0,1.938,0.1499,20.74,9.37,31.57,2.47,1.688,1.46
LMT-0072,11.0,12.0,1.91,0.1145,19.9,11.01,33.48,2.49,1.557,1.37
LMT-0072,12.0,13.0,1.901,0.0664,18.87,15.93,37.0,2.08,1.263,1.57
LMT-0072,13.0,14.0,1.675,0.0572,18.02,14.55,34.88,1.57,1.289,1.7
LMT-0072,14.0,15.0,1.614,0.0367,17.62,14.41,35.14,1.62,1.007,1.59
LMT-0072,15.0,16.0,1.527,0.0368,17.4,17.74,37.69,2.17,1.331,1.52
LMT-0072,16.0,17.0,1.504,0.0414,15.35,18.81,36.81,2.01,1.392,1.55
LMT-0072,17.0,18.0,1.25,0.0431,13.32,20.07,36.97,1.66,1.312,1.75
LMT-0072,18.0,19.0,1.271,0.0315,14.11,19.93,40.77,1.48,0.957,1.65
LMT-0072,19.0,20.0,1.35,0.0314,13.3,22.05,38.4,1.33,1.143,1.77
LMT-0072,20.0,21.0,0.931,0.0304,11.54,22.08,38.47,1.45,0.992,1.71
LMT-0072,21.0,22.0,1.011,0.0277,10.46,24.03,43.77,1.21,0.91,1.69
LMT-0072,22.0,23.0,1.002,0.0264,11.17,27.61,40.94,1.05,0.932,1.78
LMT-0072,23.0,24.0,0.279,0.0139,7.35,36.28,38.76,0.97,0.427,2.65
LMT-0072,24.0,25.0,0.254,0.0138,6.54,37.18,37.7,0.91,0.44,2.42
LMT-0072,25.0,26.0,0.197,0.0122,6.23,39.42,44.18,0.8,0.415,2.58
LMT-0072,26.0,26.3,0.237,0.0094,6.32,38.8,36.33,0.94,0.427,2.59
LMT-0073,0.0,1.0,,,,,,,,1.53
LMT-0073,1.0,2.0,0.679,0.0661,47.23,1.88,6.93,6.0,2.225,1.38
LMT-0073,2.0,3.0,0.966,0.0596,45.52,2.34,8.24,6.71,2.285,1.41
LMT-0073,3.0,4.0,0.78,0.0851,40.69,3.13,10.86,4.53,2.637,1.42
LMT-0073,4.0,5.0,0.935,0.1025,41.97,3.54,11.66,3.85,2.1,1.41
LMT-0073,5.0,6.0,0.875,0.1533,41.78,4.71,13.19,4.05,2.0,1.46
LMT-0073,6.0,7.0,1.028,0.1815,35.11,4.89,16.08,3.62,1.788,1.46
LMT-0073,7.0,8.0,1.661,0.1623,21.34,9.61,34.63,2.21,1.754,1.45
LMT-0073,8.0,9.0,1.64,0.1442,17.91,9.33,29.35,2.2,1.347,1.45
LMT-0073,9.0,10.0,1.536,0.0749,17.51,12.01,30.64,1.77,1.313,1.52
LMT-0073,10.0,11.0,1.892,0.0542,19.35,14.28,32.3,1.92,1.328,1.55
LMT-0073,11.0,12.0,2.006,0.0383,18.02,14.73,35.68,1.84,1.135,1.69
LMT-0073,12.0,13.0,1.348,0.0316,14.76,13.4,31.33,2.51,1.223,1.54
LMT-0073,13.0,14.0,1.213,0.0375,15.96,15.35,35.87,1.77,1.205,1.59
LMT-0073,14.0,15.0,1.349,0.026,14.71,17.54,38.35,1.89,0.959,1.62
LMT-0073,15.0,16.0,1.308,0.0415,14.17,18.97,31.92,1.7,0.784,1.64
LMT-0073,16.0,17.0,1.289,0.034,13.24,25.56,38.74,0.92,0.992,1.61
LMT-0073,17.0,18.0,1.008,0.03,11.83,21.86,35.85,1.14,0.925,1.67
LMT-0073,18.0,19.0,1.067,0.0265,11.09,22.22,33.9,1.27,0.973,1.8
LMT-0073,19.0,20.0,1.075,0.017,9.27,23.8,33.89,1.03,0.988,1.84
LMT-0073,20.0,21.0,0.835,0.0157,10.01,28.72,38.62,0.99,0.931,1.79
LMT-0073,21.0,22.0,0.254,0.0135,6.57,33.85,40.49,0.77,0.488,2.57
LMT-0073,22.0,23.0,0.202,0.0135,6.26,37.26,38.29,0.86,0.44,2.56
LMT-0073,23.0,23.6,0.213,0.0116,6.43,31.85,43.45,1.01,0.464,2.63
LMT-0074,0.0,1.0,0.671,0.0461,45.87,0.78,4.86,5.98,2.427,1.68
LMT-0074,1.0,2.0,0.828,0.0726,42.98,2.21,7.95,4.29,1.959,1.39
LMT-0074,2.0,3.0,0.876,0.0653,40.13,2.89,10.14,5.36,2.291,1.38
LMT-0074,3.0,4.0,0.964,0.0768,40.86,3.81,11.04,4.06,1.873,1.4
LMT-0074,4.0,5.0,0.968,0.1268,42.33,4.27,13.78,3.67,2.234,1.38
LMT-0074,5.0,6.0,1.044,0.1754,35.88,6.39,17.58,3.79,2.077,1.54
LMT-0074,6.0,7.0,1.931,0.1473,20.88,9.91,30.58,2.06,1.624,1.38
LMT-0074,7.0,8.0,1.655,0.0887,20.45,9.42,30.54,2.05,1.558,1.48
LMT-0074,8.0,9.0,1.878,0.0641,19.6,11.36,30.52,1.76,1.429,1.46
LMT-0074,9.0,10.0,1.693,0.0418,18.02,13.26,33.11,1.91,1.305,1.49
LMT-0074,10.0,11.0,1.173,0.0428,15.39,14.21,30.08,1.99,1.184,1.75
LMT-0074,11.0,12.0,1.281,0.0384,16.6,17.27,33.35,1.58,1.073,1.57
LMT-0074,12.0,13.0,1.409,0.0452,14.35,18.98,37.06,1.77,1.287,1.69
LMT-0074,13.0,14.0,1.412,0.0227,14.0,18.49,37.35,1.83,0.999,1.6
LMT-0074,14.0,15.0,1.16,0.0343,14.32,18.85,37.09,1.51,1.045,1.73
LMT-0074,15.0,16.0,1.081,0.0265,11.92,23.15,40.19,1.57,0.778,1.54
LMT-0074,16.0,17.0,1.067,0.0238,11.85,21.28,37.99,1.09,0.844,1.74
LMT-0074,17.0,18.0,1.024,0.0251,10.93,21.48,37.79,0.92,0.893,1.78
LMT-0074,18.0,19.0,0.951,0.0146,11.13,23.74,33.97,1.24,0.678,1.63
LMT-0074,19.0,20.0,0.873,0.0234,9.41,22.95,42.56,0.89,0.681,1.78
LMT-0074,20.0,21.0,0.272,0.0115,6.67,39.72,41.57,1.03,0.367,2.64
LMT-0074,21.0,21.8,0.249,0.009,6.6,34.47,38.15,0.93,0.41,2.5
LMT-0075,0.0,1.0,0.637,0.0427,48.81,0.87,4.36,6.53,2.779,1.48
LMT-0075,1.0,2.0,0.826,0.077,41.49,1.92,7.48,4.62,2.591,1.39
LMT-0075,2.0,3.0,0.879,0.0585,42.49,2.8,8.53,5.58,2.192,1.46
LMT-0075,3.0,4.0,0.925,0.0824,43.8,3.97,12.13,5.28,2.129,1.4
LMT-0075,4.0,5.0,0.963,0.1727,36.8,4.57,13.27,3.94,1.815,1.54
LMT-0075,5.0,6.0,1.171,0.2845,38.77,5.11,15.82,3.2,1.954,1.51
LMT-0075,6.0,7.0,1.215,0.2895,36.64,5.22,16.47,3.21,2.103,1.44
LMT-0075,7.0,8.0,2.109,0.1025,18.91,10.93,29.55,2.23,1.323,1.46
LMT-0075,8.0,9.0,1.678,0.0417,21.31,11.31,33.58,1.99,1.177,1.5
LMT-0075,9.0,10.0,1.753,0.0576,18.26,12.14,32.17,1.96,1.225,1.46
LMT-0075,10.0,11.0,1.337,0.034,17.34,14.81,33.93,1.69,1.312,1.48
LMT-0075,11.0,12.0,1.535,0.0327,16.79,14.98,36.6,1.72,1.314,1.57
LMT-0075,12.0,13.0,1.552,0.0327,15.74,16.42,32.71,1.22,1.122,1.58
LMT-0075,13.0,14.0,1.386,0.0373,14.79,17.32,34.25,1.55,1.03,1.64
LMT-0075,14.0,15.0,1.111,0.0303,14.29,21.88,36.17,1.5,1.129,1.58
LMT-0075,15.0,16.0,1.36,0.0258,12.92,22.72,34.61,1.35,0.885,1.63
LMT-0075,16.0,17.0,1.341,0.0308,13.18,20.59,41.47,1.78,1.12,1.59
LMT-0075,17.0,18.0,1.071,0.0325,10.71,23.74,37.41,1.43,0.953,1.68
LMT-0075,18.0,19.0,1.088,0.0229,11.12,26.23,40.2,1.04,0.8,1.72
LMT-0075,19.0,20.0,0.912,0.0219,9.6,21.12,40.43,1.02,0.878,1.74
LMT-0075,20.0,21.0,0.914,0.0199,10.17,27.78,37.43,1.05,0.814,1.77
LMT-0075,21.0,22.0,0.166,0.0128,6.24,32.93,40.71,0.98,0.521,2.58
LMT-0075,22.0,23.0,0.209,0.0128,6.28,34.74,40.75,0.92,0.43,2.5
LMT-0075,23.0,23.8,0.244,0.0125,5.9,38.31,35.2,0.61,0.431,2.29
LMT-0076,0.0,1.0,0.628,0.0448,42.46,0.91,4.01,6.83,2.508,1.5
LMT-0076,1.0,2.0,0.725,0.0596,46.08,2.23,8.54,6.16,2.635,1.36
LMT-0076,2.0,3.0,0.976,0.0613,46.13,2.85,10.31,5.81,1.923,1.49
LMT-0076,3.0,4.0,1.322,0.07,42.12,3.7,11.45,5.12,2.159,1.49
LMT-0076,4.0,5.0,1.25,0.1571,41.74,4.59,12.85,4.05,2.007,1.47
LMT-0076,5.0,6.0,1.329,0.2472,38.24,5.31,16.66,3.76,1.814,1.5
LMT-0076,6.0,7.0,2.149,0.1523,20.9,8.79,32.66,2.34,1.282,1.47
LMT-0076,7.0,8.0,2.23,0.1126,18.19,10.3,33.55,1.97,1.301,1.52
LMT-0076,8.0,9.0,1.72,0.0625,19.81,12.29,30.27,2.03,1.435,1.49
LMT-0076,9.0,10.0,1.971,0.0504,18.13,13.25,32.36,1.75,1.169,1.53
LMT-0076,10.0,11.0,1.835,0.06,15.75,13.39,33.81,2.33,1.347,1.54
LMT-0076,11.0,12.0,1.974,0.0405,16.22,13.82,35.65,1.79,1.247,1.69
LMT-0076,12.0,13.0,1.735,0.0345,16.9,18.09,35.46,1.86,1.144,1.53
LMT-0076,13.0,14.0,1.776,0.032,16.45,16.73,33.6,1.78,1.215,1.69
LMT-0076,14.0,15.0,1.577,0.0344,13.87,19.76,33.66,1.93,1.233,1.63
LMT-0076,15.0,16.0,1.618,0.0353,13.81,20.23,34.15,1.54,1.099,1.52
LMT-0076,16.0,17.0,1.62,0.0313,13.69,17.79,37.83,1.46,1.017,1.63
LMT-0076,17.0,18.0,1.302,0.0399,13.72,22.29,39.05,1.48,1.178,1.71
LMT-0076,18.0,19.0,1.424,0.0284,12.73,21.57,38.68,1.18,1.066,1.72
LMT-0076,19.0,20.0,1.273,0.0263,11.98,18.93,41.03,1.11,1.004,1.74
LMT-0076,20.0,21.0,1.172,0.0205,11.2,23.18,43.22,1.38,0.754,1.79
LMT-0076,21.0,22.0,0.887,0.025,9.86,25.12,40.37,1.37,0.799,1.7
LMT-0076,22.0,23.0,0.958,0.0277,9.62,27.22,41.61,0.81,0.786,1.88
LMT-0076,23.0,24.0,0.249,0.0122,6.85,34.63,37.27,1.08,0.43,2.55
LMT-0076,24.0,25.2,0.214,0.0119,6.37,32.68,40.59,0.73,0.447,2.75
LMT-0077,0.0,1.0,0.775,0.0483,52.12,0.85,3.87,8.04,2.943,1.45
LMT-0077,1.0,2.0,1.071,0.0749,49.24,1.89,7.87,5.08,2.465,1.49
LMT-0077,2.0,3.0,1.008,0.076,44.69,2.73,9.62,5.94,2.399,1.44
LMT-0077,3.0,4.0,1.188,0.1313,43.2,4.37,11.8,6.2,2.576,1.45
LMT-0077,4.0,5.0,1.339,0.1308,40.5,4.98,14.15,4.15,1.889,1.47
LMT-0077,5.0,6.0,1.178,0.2224,41.32,5.77,15.27,4.77,2.279,1.56
LMT-0077,6.0,7.0,2.34,0.1513,20.79,10.04,30.28,2.33,1.454,1.45
LMT-0077,7.0,8.0,2.189,0.1215,20.07,11.87,32.54,2.23,1.581,1.56
LMT-0077,8.0,9.0,2.101,0.0671,19.53,11.0,35.48,2.01,1.264,1.66
LMT-0077,9.0,10.0,2.105,0.0498,19.84,13.82,36.75,2.32,1.257,1.42
LMT-0077,10.0,11.0,1.88,0.0432,19.01,13.22,33.85,2.65,1.368,1.66
LMT-0077,11.0,12.0,1.819,0.0519,18.57,16.03,36.37,1.75,1.55,1.62
LMT-0077,12.0,13.0,2.008,0.0353,17.81,15.9,34.2,1.44,1.338,1.62
LMT-0077,13.0,14.0,2.013,0.043,17.61,16.75,34.3,1.58,1.478,1.51
LMT-0077,14.0,15.0,1.788,0.0505,15.96,16.27,39.56,1.79,1.237,1.62
LMT-0077,15.0,16.0,1.53,0.0371,16.15,18.6,37.79,1.84,1.335,1.66
LMT-0077,16.0,17.0,1.617,0.0486,14.7,17.84,37.42,1.6,1.089,1.74
LMT-0077,17.0,18.0,1.681,0.0289,13.75,20.04,39.98,1.99,1.142,1.67
LMT-0077,18.0,19.0,1.403,0.0392,13.56,22.89,36.41,1.26,1.015,1.7
LMT-0077,19.0,20.0,1.573,0.0287,13.1,23.12,36.16,1.39,0.968,1.7
LMT-0077,20.0,21.0,1.439,0.0349,12.5,26.25,37.81,1.06,1.028,1.77
LMT-0077,21.0,22.0,1.226,0.0254,10.97,26.43,42.39,1.29,0.974,1.77
LMT-0077,22.0,23.0,0.978,0.0225,10.83,27.32,42.18,1.07,0.99,1.8
LMT-0077,23.0,24.0,1.22,0.0235,10.86,23.05,42.46,1.11,0.868,1.9
LMT-0077,24.0,25.0,1.0,0.0237,10.51,23.74,39.77,0.97,0.814,2.03
LMT-0077,25.0,26.0,0.278,0.0131,7.1,39.82,40.61,1.09,0.532,2.43
LMT-0077,26.0,27.0,0.313,0.0153,6.81,35.13,38.37,0.89,0.41,2.71
LMT-0077,27.0,27.3,0.246,0.0111,6.43,40.23,42.01,0.99,0.438,2.67
LMT-0078,0.0,1.0,0.768,0.0521,51.28,1.03,4.39,10.33,3.638,1.6
LMT-0078,1.0,2.0,1.134,0.0945,52.09,2.05,8.17,7.74,2.412,1.51
LMT-0078,2.0,3.0,1.039,0.0909,45.3,3.16,10.88,6.19,2.904,1.46
LMT-0078,3.0,4.0,1.167,0.0886,43.89,3.75,11.74,5.01,2.252,1.49
LMT-0078,4.0,5.0,1.26,0.2045,43.12,4.86,15.54,5.46,2.168,1.58
LMT-0078,5.0,6.0,1.539,0.2003,41.33,5.68,16.27,4.56,2.234,1.52
LMT-0078,6.0,7.0,1.313,0.3024,36.81,6.59,17.03,5.48,2.008,1.49
LMT-0078,7.0,8.0,2.889,0.1729,22.82,12.31,34.31,2.95,1.811,1.52
LMT-0078,8.0,9.0,2.332,0.0929,21.22,11.08,34.82,2.87,1.767,1.68
LMT-0078,9.0,10.0,2.568,0.0705,20.62,14.71,35.84,2.36,1.41,1.55
LMT-0078,10.0,11.0,2.328,0.0581,17.67,15.71,36.88,3.16,1.782,1.56
LMT-0078,11.0,12.0,2.615,0.0499,18.96,14.18,36.99,2.08,1.587,1.59
LMT-0078,12.0,13.0,2.36,0.0458,19.15,17.1,32.97,1.97,1.536,1.63
LMT-0078,13.0,14.0,2.212,0.0433,19.33,16.88,38.24,2.12,1.53,1.66
LMT-0078,14.0,15.0,1.781,0.0604,17.69,17.62,37.92,2.25,1.367,1.65
LMT-0078,15.0,16.0,1.942,0.0439,17.03,20.65,37.44,2.23,1.267,1.59
LMT-0078,16.0,17.0,1.653,0.0469,16.01,21.52,39.59,2.04,1.389,1.77
LMT-0078,17.0,18.0,1.676,0.0372,16.52,20.36,40.2,1.99,0.954,1.76
LMT-0078,18.0,19.0,1.363,0.0408,15.59,23.37,42.89,1.79,1.176,1.84
LMT-0078,19.0,20.0,1.536,0.0315,13.7,22.62,40.25,1.85,1.279,1.67
LMT-0078,20.0,21.0,1.588,0.0389,14.85,24.1,39.7,1.74,1.099,1.87
LMT-0078,21.0,22.0,1.584,0.0383,12.78,24.28,42.09,1.63,1.113,1.99
LMT-0078,22.0,23.0,1.329,0.0286,12.74,25.6,42.43,1.81,1.006,1.95
LMT-0078,23.0,24.0,1.256,0.0338,12.87,28.85,43.06,1.41,1.04,1.94
LMT-0078,24.0,25.0,1.237,0.0296,11.24,29.25,44.55,1.27,1.021,1.86
LMT-0078,25.0,26.0,1.196,0.0291,10.4,28.91,42.81,1.36,1.103,1.91
LMT-0078,26.0,27.0,0.968,0.0274,10.44,31.63,45.23,1.09,1.003,2.07
LMT-0078,27.0,28.0,0.326,0.019,7.23,39.25,43.04,1.09,0.527,2.67
LMT-0078,28.0,29.0,0.283,0.0197,6.36,32.93,42.61,1.13,0.458,2.78
LMT-0078,29.0,29.4,0.302,0.0148,6.49,38.96,42.67,1.12,0.491,2.85
LMT-0079,0.0,1.0,0.74,0.0533,52.25,1.03,5.36,7.81,3.108,1.64
LMT-0079,1.0,2.0,0.997,0.0801,51.9,2.29,8.69,7.76,3.147,1.62
LMT-0079,2.0,3.0,1.103,0.0933,50.08,3.62,11.23,7.52,2.955,1.56
LMT-0079,3.0,4.0,1.069,0.1044,43.27,4.46,13.28,6.37,2.674,1.54
LMT-0079,4.0,5.0,1.276,0.1545,42.29,5.38,14.74,4.94,2.225,1.65
LMT-0079,5.0,6.0,1.299,0.2913,42.86,6.28,16.67,5.38,2.719,1.6
LMT-0079,6.0,7.0,2.362,0.2739,23.28,9.94,36.46,3.06,1.742,1.61
LMT-0079,7.0,8.0,2.129,0.1666,23.57,13.56,36.11,2.83,1.633,1.59
LMT-0079,8.0,9.0,2.477,0.0871,19.97,12.31,36.09,2.39,1.762,1.55
LMT-0079,9.0,10.0,2.429,0.0649,22.02,13.68,36.14,2.28,1.803,1.68
LMT-0079,10.0,11.0,2.381,0.0645,20.18,15.46,37.89,2.74,1.541,1.59
LMT-0079,11.0,12.0,2.092,0.0515,20.89,16.52,40.99,2.94,1.805,1.72
LMT-0079,12.0,13.0,2.006,0.0498,20.45,17.08,37.17,2.68,1.637,1.8
LMT-0079,13.0,14.0,1.951,0.0563,18.62,16.79,38.9,1.9,1.519,1.7
LMT-0079,14.0,15.0,1.945,0.0481,18.13,20.99,36.9,2.43,1.539,1.69
LMT-0079,15.0,16.0,1.709,0.0465,15.93,19.88,37.57,2.33,1.427,1.76
LMT-0079,16.0,17.0,1.896,0.0568,16.43,18.2,37.39,1.9,1.203,1.82
LMT-0079,17.0,18.0,1.683,0.0483,16.19,25.55,42.24,1.93,1.313,1.86
LMT-0079,18.0,19.0,1.571,0.0413,15.41,22.43,38.91,1.81,1.44,1.85
LMT-0079,19.0,20.0,1.474,0.0393,15.08,24.74,41.46,1.76,1.38,1.76
LMT-0079,20.0,21.0,1.437,0.0419,13.66,27.67,41.3,1.62,1.429,1.75
LMT-0079,21.0,22.0,1.563,0.0443,13.28,27.38,41.97,1.56,1.132,1.85
LMT-0079,22.0,23.0,1.269,0.0431,13.85,30.6,44.91,1.41,1.156,1.89
LMT-0079,23.0,24.0,1.058,0.0339,12.47,27.62,48.29,1.29,0.97,1.99
LMT-0079,24.0,25.0,1.167,0.0309,11.26,29.69,44.61,1.26,1.152,1.91
LMT-0079,25.0,26.0,1.161,0.0345,11.06,29.89,45.94,1.45,0.995,2.05
LMT-0079,26.0,27.0,1.01,0.0248,10.44,30.01,46.79,1.09,1.044,2.12
LMT-0079,27.0,28.0,0.269,0.0178,7.29,40.94,43.03,1.18,0.56,2.85
LMT-0079,28.0,28.8,0.29,0.0191,7.09,39.24,42.1,1.17,0.598,2.81
LMT-0080,0.0,1.0,0.691,0.0442,53.93,1.03,4.63,8.02,2.841,1.59
LMT-0080,1.0,2.0,0.757,0.0724,47.99,2.05,8.25,5.58,2.64,1.45
LMT-0080,2.0,3.0,0.946,0.0771,45.25,2.7,9.8,6.46,2.492,1.61
LMT-0080,3.0,4.0,0.941,0.0983,46.55,3.35,11.37,6.08,2.765,1.46
LMT-0080,4.0,5.0,0.911,0.0922,45.78,4.15,12.33,5.16,2.609,1.6
LMT-0080,5.0,6.0,1.015,0.1205,43.84,5.03,13.02,4.26,2.314,1.57
LMT-0080,6.0,7.0,1.153,0.2019,39.84,6.3,15.9,4.76,2.756,1.56
LMT-0080,7.0,8.0,0.978,0.2435,36.83,5.76,18.2,4.32,1.93,1.57
LMT-0080,8.0,9.0,2.165,0.2005,21.66,10.42,35.77,2.69,1.777,1.72
LMT-0080,9.0,10.0,2.032,0.1023,21.94,11.05,35.6,3.05,1.569,1.53
LMT-0080,10.0,11.0,1.9,0.0947,21.21,13.43,34.89,2.29,1.499,1.61
LMT-0080,11.0,12.0,1.859,0.054,19.22,12.48,36.75,2.65,1.422,1.7
LMT-0080,12.0,13.0,1.953,0.0547,20.14,15.6,33.66,2.0,1.677,1.62
LMT-0080,13.0,14.0,1.481,0.063,18.3,15.76,36.82,2.56,1.561,1.62
LMT-0080,14.0,15.0,1.701,0.0484,18.67,18.15,36.93,2.38,1.307,1.79
LMT-0080,15.0,16.0,1.597,0.0467,17.51,16.75,37.23,2.31,1.34,1.65
LMT-0080,16.0,17.0,1.674,0.041,17.21,19.69,39.27,2.32,1.254,1.65
LMT-0080,17.0,18.0,1.512,0.0525,17.21,17.5,42.8,2.11,1.57,1.86
LMT-0080,18.0,19.0,1.374,0.0487,15.75,21.33,36.08,2.07,1.345,1.77
LMT-0080,19.0,20.0,1.446,0.0461,14.75,21.59,41.09,1.86,1.178,1.65
LMT-0080,20.0,21.0,1.631,0.0446,14.53,20.6,40.92,1.77,1.36,1.81
LMT-0080,21.0,22.0,,,,,,,,1.82
LMT-0080,22.0,23.0,1.374,0.0367,13.58,22.36,41.2,1.39,1.083,1.93
LMT-0080,23.0,24.0,1.132,0.0361,12.96,26.87,42.01,1.25,1.183,1.8
LMT-0080,24.0,25.0,1.024,0.0324,11.64,23.57,40.89,1.35,1.211,1.87
LMT-0080,25.0,26.0,0.927,0.029,11.84,30.94,40.87,1.39,1.159,1.76
LMT-0080,26.0,27.0,0.991,0.0227,10.74,31.7,44.01,1.24,1.034,1.99
LMT-0080,27.0,28.0,0.932,0.0275,10.2,29.74,46.84,1.23,0.962,1.81
LMT-0080,28.0,29.0,0.257,0.0188,7.11,34.35,45.63,1.11,0.578,2.72
LMT-0080,29.0,30.0,0.249,0.0149,7.28,41.62,41.05,1.22,0.525,2.7
LMT-0080,30.0,30.3,0.266,0.0131,6.4,38.23,47.83,1.15,0.492,2.76
LMT-0081,0.0,1.0,0.506,0.046,54.61,0.74,4.38,8.39,3.171,1.69
LMT-0081,1.0,2.0,0.757,0.07,48.66,1.74,7.76,6.74,2.527,1.49
LMT-0081,2.0,3.0,0.717,0.0707,47.58,2.63,8.7,6.65,2.748,1.49
LMT-0081,3.0,4.0,0.788,0.0812,47.84,2.55,9.6,5.53,2.693,1.41
LMT-0081,4.0,5.0,0.834,0.0774,44.78,2.82,11.95,7.44,2.19,1.46
LMT-0081,5.0,6.0,0.935,0.0848,46.42,3.25,11.82,4.15,2.541,1.62
LMT-0081,6.0,7.0,1.011,0.0918,43.34,4.25,13.59,5.33,2.061,1.52
LMT-0081,7.0,8.0,1.082,0.0806,40.52,5.35,13.57,4.99,2.193,1.57
LMT-0081,8.0,9.0,0.979,0.1458,42.98,5.69,17.03,4.01,2.343,1.53
LMT-0081,9.0,10.0,1.122,0.2706,35.38,5.63,16.99,3.4,1.875,1.57
LMT-0081,10.0,11.0,1.154,0.2738,37.74,7.46,17.15,3.69,2.204,1.58
LMT-0081,11.0,12.0,1.602,0.1598,21.59,9.74,32.64,2.8,1.994,1.63
LMT-0081,12.0,13.0,1.848,0.1011,20.68,11.14,35.93,2.12,1.652,1.54
LMT-0081,13.0,14.0,1.714,0.0582,20.28,12.81,34.14,2.3,1.652,1.59
LMT-0081,14.0,15.0,1.676,0.0554,18.13,12.37,37.3,2.12,1.437,1.56
LMT-0081,15.0,16.0,1.512,0.0506,17.54,15.3,37.76,2.39,1.804,1.7
LMT-0081,16.0,17.0,1.798,0.0412,19.31,15.3,33.81,1.74,1.617,1.56
LMT-0081,17.0,18.0,1.432,0.0399,18.15,15.82,35.77,2.45,1.39,1.66
LMT-0081,18.0,19.0,1.742,0.048,17.86,18.11,37.26,1.95,1.324,1.6
LMT-0081,19.0,20.0,1.497,0.0491,17.6,18.84,37.22,2.24,1.279,1.69
LMT-0081,20.0,21.0,1.184,0.0413,13.78,19.57,38.98,1.64,1.346,1.8
LMT-0081,21.0,22.0,1.522,0.0367,14.19,18.12,36.01,1.96,1.41,1.72
LMT-0081,22.0,23.0,1.208,0.0488,15.68,19.28,39.12,1.67,1.283,1.77
LMT-0081,23.0,24.0,1.203,0.033,13.72,26.32,38.59,1.52,1.372,1.83
LMT-0081,24.0,25.0,1.111,0.0232,15.15,21.8,37.96,1.47,1.194,1.76
LMT-0081,25.0,26.0,0.972,0.0364,13.87,22.25,40.62,1.41,1.158,1.95
LMT-0081,26.0,27.0,0.969,0.0274,12.15,26.08,42.57,1.21,1.09,1.76
LMT-0081,27.0,28.0,1.036,0.036,11.39,25.15,42.09,1.3,1.105,1.78
LMT-0081,28.0,29.0,0.917,0.0286,10.9,26.34,44.88,1.24,1.002,1.72
LMT-0081,29.0,30.0,0.947,0.0285,10.86,30.68,43.17,1.19,0.876,1.83
LMT-0081,30.0,31.0,0.815,0.0257,9.62,27.74,37.77,1.03,0.974,1.96
LMT-0081,31.0,32.0,0.225,0.0147,7.11,37.18,43.43,1.09,0.511,2.72
LMT-0081,32.0,33.0,0.21,0.017,7.22,35.42,41.23,0.95,0.451,2.7
LMT-0081,33.0,33.9,0.186,0.014,6.62,45.0,43.9,1.11,0.421,2.84
LMT-0082,0.0,1.0,0.589,0.0436,50.37,0.81,4.51,8.51,2.937,1.52
LMT-0082,1.0,2.0,0.738,0.0778,47.41,1.88,8.01,7.35,2.805,1.46
LMT-0082,2.0,3.0,0.747,0.0752,45.61,2.15,8.64,5.85,2.608,1.48
LMT-0082,3.0,4.0,0.694,0.0761,42.96,3.25,9.34,6.6,2.649,1.41
LMT-0082,4.0,5.0,0.657,0.089,47.07,3.1,9.81,4.87,2.519,1.45
LMT-0082,5.0,6.0,0.886,0.0983,40.24,3.77,12.12,4.44,2.472,1.48
LMT-0082,6.0,7.0,0.765,0.0788,39.09,4.93,12.6,5.92,2.338,1.53
LMT-0082,7.0,8.0,0.992,0.1091,42.66,4.83,13.84,5.07,2.367,1.54
LMT-0082,8.0,9.0,0.982,0.1243,41.76,5.35,15.94,4.22,2.179,1.6
LMT-0082,9.0,10.0,0.875,0.2576,41.1,5.85,17.72,3.33,1.984,1.53
LMT-0082,10.0,11.0,1.561,0.1483,21.85,9.65,33.66,2.28,1.652,1.54
LMT-0082,11.0,12.0,1.702,0.1508,20.3,13.03,32.18,2.46,1.414,1.49
LMT-0082,12.0,13.0,1.81,0.0869,21.21,13.89,28.3,2.3,1.158,1.54
LMT-0082,13.0,14.0,1.618,0.0535,18.97,14.92,32.93,2.31,1.554,1.59
LMT-0082,14.0,15.0,1.588,0.0372,19.55,14.5,34.96,2.34,1.347,1.51
LMT-0082,15.0,16.0,1.802,0.0541,20.0,14.82,35.67,1.71,1.345,1.61
LMT-0082,16.0,17.0,1.358,0.0487,15.94,17.06,37.68,1.83,1.438,1.62
LMT-0082,17.0,18.0,1.397,0.0551,17.58,17.37,37.91,1.65,1.422,1.59
LMT-0082,18.0,19.0,1.385,0.0416,16.91,16.98,37.59,1.83,1.308,1.57
LMT-0082,19.0,20.0,1.356,0.0384,16.46,14.1,35.5,1.91,1.268,1.68
LMT-0082,20.0,21.0,,,,,,,,1.67
LMT-0082,21.0,22.0,1.371,0.038,15.66,19.15,33.38,2.13,1.286,1.62
LMT-0082,22.0,23.0,1.007,0.0309,13.73,20.18,37.74,1.88,1.024,1.62
LMT-0082,23.0,24.0,1.153,0.0309,13.64,20.27,36.01,1.64,1.296,1.82
LMT-0082,24.0,25.0,1.262,0.0359,13.81,22.84,36.85,1.7,1.242,1.84
LMT-0082,25.0,26.0,1.046,0.034,13.06,20.81,43.17,1.46,1.152,1.68
LMT-0082,26.0,27.0,1.048,0.032,12.24,21.9,41.48,1.59,1.079,1.74
LMT-0082,27.0,28.0,1.024,0.0303,12.03,24.52,42.52,1.16,1.221,1.94
LMT-0082,28.0,29.0,0.787,0.0248,11.25,26.4,40.15,1.12,1.01,1.95
LMT-0082,29.0,30.0,0.85,0.0215,9.95,25.45,44.25,0.73,0.924,1.78
LMT-0082,30.0,31.0,0.926,0.0222,10.14,29.2,44.57,0.99,0.766,1.89
LMT-0082,31.0,32.0,0.208,0.015,6.55,41.19,44.78,0.97,0.401,2.63
LMT-0082,32.0,33.0,0.214,0.0156,6.4,37.76,41.57,1.01,0.543,2.84
LMT-0082,33.0,34.2,0.209,0.0135,6.77,42.79,39.06,1.01,0.451,2.57
LMT-0083,0.0,1.0,0.521,0.038,50.79,0.7,4.12,8.19,2.788,1.46
LMT-0083,1.0,2.0,0.614,0.058,39.82,1.8,7.5,5.1,2.646,1.36
LMT-0083,2.0,3.0,0.681,0.0516,41.82,2.24,8.15,3.93,2.534,1.37
LMT-0083,3.0,4.0,0.855,0.0657,42.72,3.0,10.59,3.94,1.663,1.45
LMT-0083,4.0,5.0,0.889,0.0856,39.48,3.45,10.37,4.37,1.865,1.5
LMT-0083,5.0,6.0,0.917,0.0865,41.62,3.96,13.24,5.27,1.919,1.42
LMT-0083,6.0,7.0,0.973,0.1106,37.98,4.17,13.23,3.83,1.891,1.41
LMT-0083,7.0,8.0,0.922,0.2337,40.51,5.5,16.14,2.58,1.884,1.38
LMT-0083,8.0,9.0,0.874,0.2701,39.95,6.03,16.15,3.16,2.331,1.5
LMT-0083,9.0,10.0,1.773,0.1267,18.56,10.4,32.81,2.26,1.404,1.43
LMT-0083,10.0,11.0,1.643,0.0764,19.5,11.96,32.46,1.65,1.405,1.51
LMT-0083,11.0,12.0,1.538,0.071,18.5,11.98,34.66,1.78,1.257,1.56
LMT-0083,12.0,13.0,1.582,0.0444,18.3,10.81,32.03,2.21,0.882,1.64
LMT-0083,13.0,14.0,1.648,0.0458,16.06,13.72,34.34,2.27,1.268,1.49
LMT-0083,14.0,15.0,1.44,0.0391,17.12,13.36,35.42,2.06,1.386,1.53
LMT-0083,15.0,16.0,1.503,0.0428,16.76,13.38,30.23,1.9,1.133,1.57
LMT-0083,16.0,17.0,1.292,0.0334,15.44,18.41,39.21,1.45,1.069,1.75
LMT-0083,17.0,18.0,1.227,0.0338,14.25,17.8,37.58,1.7,1.207,1.73
LMT-0083,18.0,19.0,1.129,0.0373,15.49,18.01,36.73,1.15,1.195,1.47
LMT-0083,19.0,20.0,1.246,0.0327,14.33,17.06,32.82,1.73,1.353,1.57
LMT-0083,20.0,21.0,1.167,0.0269,14.68,18.76,36.94,1.21,0.886,1.71
LMT-0083,21.0,22.0,0.983,0.0306,12.87,17.71,33.33,1.71,1.002,1.74
LMT-0083,22.0,23.0,0.972,0.0325,13.24,22.44,36.27,1.27,0.776,1.76
LMT-0083,23.0,24.0,1.039,0.0326,12.44,25.14,33.73,1.15,0.991,1.79
LMT-0083,24.0,25.0,0.998,0.0233,11.41,22.7,40.52,1.25,0.963,1.74
LMT-0083,25.0,26.0,0.968,0.0243,9.54,21.14,34.96,1.12,0.799,1.82
LMT-0083,26.0,27.0,0.797,0.0176,10.37,26.9,38.85,1.08,0.909,1.67
LMT-0083,27.0,28.0,0.756,0.0219,9.84,24.14,36.53,0.82,0.817,1.76
LMT-0083,28.0,29.0,0.235,0.0109,6.58,33.4,42.83,0.67,0.537,2.52
LMT-0083,29.0,30.0,0.228,0.0142,6.53,31.64,42.15,0.91,0.417,2.47
LMT-0083,30.0,31.0,0.181,0.0107,6.61,37.0,37.46,0.85,0.495,2.41
LMT-0083,31.0,31.5,0.204,0.0072,5.52,34.06,39.76,0.69,0.482,2.48
LMT-0084,0.0,1.0,0.6,0.0437,52.58,0.7,4.63,6.68,2.965,1.59
LMT-0084,1.0,2.0,0.834,0.0447,47.91,1.88,7.52,6.22,2.002,1.43
LMT-0084,2.0,3.0,0.996,0.059,41.1,2.62,9.46,4.95,2.365,1.41
LMT-0084,3.0,4.0,0.982,0.0767,41.31,3.33,12.55,4.79,1.899,1.56
LMT-0084,4.0,5.0,1.011,0.1546,40.74,5.03,13.5,3.89,2.572,1.55
LMT-0084,5.0,6.0,1.434,0.2475,39.3,5.89,17.16,4.23,1.873,1.41
LMT-0084,6.0,7.0,1.761,0.1481,20.77,10.38,33.78,1.95,1.663,1.53
LMT-0084,7.0,8.0,1.806,0.1255,19.08,11.72,33.38,2.52,1.396,1.48
LMT-0084,8.0,9.0,1.642,0.0635,20.21,12.89,35.22,2.32,1.393,1.6
LMT-0084,9.0,10.0,1.951,0.0414,18.59,13.11,33.73,2.02,1.365,1.53
LMT-0084,10.0,11.0,2.113,0.0472,16.37,14.93,32.71,1.98,1.64,1.55
LMT-0084,11.0,12.0,1.686,0.0494,17.45,15.25,31.98,1.91,1.367,1.63
LMT-0084,12.0,13.0,1.635,0.0478,15.39,16.6,36.14,1.64,1.308,1.73
LMT-0084,13.0,14.0,1.597,0.0368,14.28,20.91,39.06,1.56,1.303,1.73
LMT-0084,14.0,15.0,1.37,0.0312,15.73,17.01,40.1,1.63,1.018,1.58
LMT-0084,15.0,16.0,1.392,0.0417,13.77,18.73,35.81,1.64,1.191,1.67
LMT-0084,16.0,17.0,1.281,0.0332,12.89,22.43,38.37,1.4,1.109,1.79
LMT-0084,17.0,18.0,1.125,0.0305,12.8,25.72,40.05,1.5,1.249,1.75
LMT-0084,18.0,19.0,1.218,0.0268,11.53,23.94,39.93,0.82,0.938,1.89
LMT-0084,19.0,20.0,1.149,0.0292,11.51,23.52,39.96,1.06,0.913,1.62
LMT-0084,20.0,21.0,1.086,0.031,10.43,26.6,41.84,1.32,1.034,1.73
LMT-0084,21.0,22.0,1.008,0.0243,9.65,30.14,42.33,1.06,1.027,1.95
LMT-0084,22.0,23.0,0.227,0.0129,7.12,34.58,42.76,0.92,0.449,2.51
LMT-0084,23.0,24.0,0.237,0.0115,6.72,40.05,43.72,0.87,0.377,2.53
LMT-0084,24.0,24.8,0.214,0.0104,6.32,37.98,41.6,1.04,0.439,2.72
LMT-0085,0.0,1.0,0.498,0.0319,44.36,0.59,3.34,6.47,2.259,1.52
LMT-0085,1.0,2.0,0.815,0.0273,43.15,1.43,6.74,5.39,2.058,1.4
LMT-0085,2.0,3.0,0.9,0.0795,39.25,2.19,8.08,3.85,1.679,1.39
LMT-0085,3.0,4.0,1.048,0.0706,35.23,3.37,11.7,3.99,2.277,1.4
LMT-0085,4.0,5.0,0.878,0.1475,37.87,4.64,12.77,4.32,2.153,1.41
LMT-0085,5.0,6.0,1.23,0.2641,34.09,4.8,14.37,3.59,1.526,1.42
LMT-0085,6.0,7.0,1.824,0.0981,20.46,9.24,27.28,2.14,1.21,1.51
LMT-0085,7.0,8.0,1.583,0.0838,18.67,11.57,31.01,1.96,1.16,1.37
LMT-0085,8.0,9.0,1.508,0.0445,16.52,11.7,32.85,1.38,1.336,1.39
LMT-0085,9.0,10.0,1.534,0.0467,15.93,15.51,28.38,1.91,1.263,1.55
LMT-0085,10.0,11.0,,,,,,,,1.58
LMT-0085,11.0,12.0,1.216,0.0347,14.59,16.66,32.96,1.11,0.701,1.54
LMT-0085,12.0,13.0,1.13,0.0215,12.56,18.27,34.48,1.25,0.755,1.65
LMT-0085,13.0,14.0,1.199,0.0203,12.35,17.78,39.14,1.33,0.921,1.78
LMT-0085,14.0,15.0,0.943,0.0255,10.31,21.7,36.81,1.24,0.735,1.74
LMT-0085,15.0,16.0,0.95,0.017,10.98,25.17,40.96,0.76,0.722,1.67
LMT-0085,16.0,17.0,0.862,0.0179,9.16,23.04,38.4,0.92,0.731,1.78
LMT-0085,17.0,18.0,0.223,0.0126,6.85,36.36,34.87,0.85,0.36,2.42
LMT-0085,18.0,19.0,0.256,0.011,6.21,29.51,39.98,0.62,0.397,2.38
LMT-0085,19.0,20.0,0.227,0.0089,6.23,31.23,35.6,0.84,0.387,2.59
LMT-0086,0.0,1.0,0.577,0.0264,50.58,0.62,3.61,7.69,2.848,1.59
LMT-0086,1.0,2.0,0.764,0.0449,47.44,0.99,4.51,6.24,2.727,1.46
LMT-0086,2.0,3.0,0.826,0.0594,42.88,1.96,7.76,6.72,2.503,1.51
LMT-0086,3.0,4.0,0.978,0.0718,42.87,2.54,8.45,6.14,2.31,1.44
LMT-0086,4.0,5.0,0.849,0.0632,45.22,2.8,8.87,5.05,2.327,1.41
LMT-0086,5.0,6.0,0.855,0.1055,39.78,2.9,10.6,4.27,2.186,1.5
LMT-0086,6.0,7.0,0.887,0.0873,40.34,3.5,12.08,4.69,2.409,1.47
LMT-0086,7.0,8.0,1.079,0.0923,38.39,4.32,14.19,3.44,1.94,1.34
LMT-0086,8.0,9.0,1.147,0.1539,37.56,4.44,14.91,4.16,1.874,1.48
LMT-0086,9.0,10.0,1.128,0.1891,40.35,5.36,16.49,3.18,2.113,1.48
LMT-0086,10.0,11.0,1.274,0.338,37.88,7.23,16.78,2.85,1.782,1.41
LMT-0086,11.0,12.0,2.097,0.1306,20.35,9.82,31.77,2.01,1.089,1.42
LMT-0086,12.0,13.0,1.765,0.0754,18.12,11.24,31.75,1.93,1.617,1.52
LMT-0086,13.0,14.0,1.881,0.058,18.55,14.47,32.78,2.1,1.204,1.48
LMT-0086,14.0,15.0,1.485,0.0499,15.98,14.66,34.99,2.15,1.23,1.59
LMT-0086,15.0,16.0,1.525,0.0491,17.73,13.78,36.8,2.29,1.23,1.61
LMT-0086,16.0,17.0,1.343,0.041,17.23,15.47,34.66,1.78,1.332,1.72
LMT-0086,17.0,18.0,1.718,0.0373,15.51,16.0,38.3,1.2,1.3,1.6
LMT-0086,18.0,19.0,1.28,0.0277,15.19,19.5,38.77,1.4,1.013,1.55
LMT-0086,19.0,20.0,1.529,0.0375,14.73,20.76,40.04,1.09,1.155,1.7
LMT-0086,20.0,21.0,1.187,0.0289,13.1,20.98,39.63,1.36,0.88,1.67
LMT-0086,21.0,22.0,0.961,0.0249,13.24,22.68,36.41,1.23,0.912,1.75
LMT-0086,22.0,23.0,1.029,0.0262,11.89,25.45,43.52,0.96,1.039,1.75
LMT-0086,23.0,24.0,0.907,0.0252,11.96,23.75,35.83,1.03,0.891,1.78
LMT-0086,24.0,25.0,0.923,0.0306,9.94,27.04,42.19,0.81,1.0,1.89
LMT-0086,25.0,26.0,0.242,0.0131,5.51,36.0,38.86,1.11,0.319,2.76
LMT-0086,26.0,27.0,0.247,0.012,6.48,35.76,39.93,1.08,0.455,2.55
LMT-0086,27.0,28.0,0.221,0.0118,6.16,40.73,37.92,0.77,0.397,2.73
LMT-0086,28.0,28.8,0.253,0.0143,6.46,36.28,40.43,0.75,0.4,2.61
LMT-0087,0.0,1.0,0.56,0.0379,45.3,0.67,3.51,8.66,2.968,1.56
LMT-0087,1.0,2.0,0.735,0.0551,50.99,1.18,4.95,7.2,3.091,1.63
LMT-0087,2.0,3.0,0.9,0.0755,47.16,2.04,7.97,6.28,3.028,1.5
LMT-0087,3.0,4.0,1.016,0.0983,52.98,2.25,9.23,7.36,2.895,1.48
LMT-0087,4.0,5.0,0.983,0.0756,46.44,2.93,10.31,6.35,2.584,1.59
LMT-0087,5.0,6.0,1.009,0.0984,47.34,3.5,10.85,6.6,2.845,1.43
LMT-0087,6.0,7.0,1.047,0.0858,42.87,4.28,13.07,5.03,2.482,1.57
LMT-0087,7.0,8.0,0.978,0.1164,45.65,4.71,12.99,5.06,2.283,1.61
LMT-0087,8.0,9.0,1.157,0.1044,41.49,5.19,15.3,4.89,2.131,1.58
LMT-0087,9.0,10.0,1.241,0.1846,40.2,5.88,16.15,4.52,2.524,1.51
LMT-0087,10.0,11.0,1.274,0.2928,36.83,5.53,17.55,4.28,2.012,1.46
LMT-0087,11.0,12.0,2.139,0.165,22.12,11.02,30.36,2.17,1.73,1.48
LMT-0087,12.0,13.0,2.228,0.1072,21.1,12.21,36.8,2.53,1.604,1.48
LMT-0087,13.0,14.0,2.229,0.0599,19.13,15.34,33.26,2.8,1.583,1.49
LMT-0087,14.0,15.0,1.617,0.0589,18.85,13.01,35.38,2.11,1.378,1.64
LMT-0087,15.0,16.0,1.681,0.0432,19.63,14.55,35.94,2.05,1.481,1.67
LMT-0087,16.0,17.0,1.909,0.0535,17.82,17.96,39.19,2.41,1.481,1.62
LMT-0087,17.0,18.0,1.595,0.0426,17.33,21.63,37.72,1.83,1.535,1.59
LMT-0087,18.0,19.0,1.518,0.0366,16.8,21.76,41.72,2.31,1.227,1.72
LMT-0087,19.0,20.0,1.328,0.0375,14.86,22.81,34.64,2.13,1.09,1.84
LMT-0087,20.0,21.0,1.373,0.0404,14.12,22.04,38.32,1.55,1.075,1.79
LMT-0087,21.0,22.0,1.325,0.035,13.34,22.87,40.57,1.15,1.107,1.72
LMT-0087,22.0,23.0,1.312,0.0342,12.9,27.0,39.51,1.46,1.15,1.86
LMT-0087,23.0,24.0,1.229,0.031,9.71,26.57,42.67,1.27,1.008,1.81
LMT-0087,24.0,25.0,1.045,0.0288,10.51,30.13,40.62,1.2,1.093,1.98
LMT-0087,25.0,26.0,,,,,,,,1.92
LMT-0087,26.0,27.0,0.237,0.0169,7.53,39.68,43.71,1.0,0.511,2.75
LMT-0087,27.0,28.0,0.267,0.0138,7.38,39.79,43.26,1.21,0.335,2.79
LMT-0087,28.0,28.5,0.242,0.0141,6.99,42.17,44.98,1.15,0.449,2.69
LMT-0088,0.0,1.0,0.564,0.0522,51.83,0.74,3.56,8.31,2.909,1.53
LMT-0088,1.0,2.0,0.82,0.0674,49.02,1.49,7.15,8.63,2.595,1.4
LMT-0088,2.0,3.0,0.908,0.0633,44.79,2.06,8.44,6.64,3.01,1.52
LMT-0088,3.0,4.0,1.045,0.0546,48.89,2.54,9.13,6.47,2.934,1.45
LMT-0088,4.0,5.0,0.961,0.0734,49.12,3.25,10.62,6.96,2.579,1.44
LMT-0088,5.0,6.0,1.015,0.0806,44.48,4.07,11.92,4.6,2.285,1.37
LMT-0088,6.0,7.0,1.195,0.11,44.22,4.56,13.69,4.83,2.524,1.54
LMT-0088,7.0,8.0,1.074,0.103,43.48,4.57,14.16,4.29,2.383,1.53
LMT-0088,8.0,9.0,1.223,0.205,40.91,5.02,15.9,4.77,2.085,1.49
LMT-0088,9.0,10.0,1.274,0.2777,41.84,6.23,14.53,3.12,2.341,1.5
LMT-0088,10.0,11.0,1.178,0.3042,36.17,5.59,18.15,3.48,2.119,1.55
LMT-0088,11.0,12.0,2.014,0.1208,19.58,10.25,34.67,2.55,1.684,1.58
LMT-0088,12.0,13.0,1.742,0.0855,19.97,12.11,31.08,2.14,1.64,1.56
LMT-0088,13.0,14.0,1.958,0.0589,18.54,13.2,33.2,1.99,1.567,1.59
LMT-0088,14.0,15.0,1.771,0.0572,18.72,15.33,35.78,2.25,1.483,1.45
LMT-0088,15.0,16.0,1.7,0.0485,18.06,16.92,36.69,2.04,1.463,1.69
LMT-0088,16.0,17.0,1.638,0.052,17.24,18.79,34.65,1.87,1.049,1.7
LMT-0088,17.0,18.0,1.582,0.0429,16.31,18.1,38.25,1.78,1.24,1.64
LMT-0088,18.0,19.0,1.457,0.0356,16.54,21.44,41.15,1.98,1.246,1.7
LMT-0088,19.0,20.0,1.38,0.0461,14.69,21.79,38.37,1.62,1.008,1.77
LMT-0088,20.0,21.0,1.39,0.0314,14.15,21.58,42.82,1.52,1.106,1.85
LMT-0088,21.0,22.0,1.196,0.0303,12.87,23.47,43.22,1.51,1.178,1.78
LMT-0088,22.0,23.0,1.065,0.0219,11.63,24.21,44.2,1.41,0.882,1.86
LMT-0088,23.0,24.0,1.087,0.0313,11.41,25.2,45.14,1.32,1.009,1.8
LMT-0088,24.0,25.0,0.964,0.025,9.8,27.44,40.19,1.0,0.812,1.76
LMT-0088,25.0,26.0,0.289,0.0144,7.42,37.54,42.02,1.03,0.41,2.85
LMT-0088,26.0,27.0,0.282,0.0132,6.73,39.38,42.35,0.98,0.428,2.85
LMT-0088,27.0,28.2,0.257,0.0163,6.87,39.54,42.72,1.0,0.45,2.59
LMT-0089,0.0,1.0,0.675,0.053,50.07,0.79,4.02,8.73,2.995,1.56
LMT-0089,1.0,2.0,0.747,0.0681,47.83,1.57,6.97,7.36,2.999,1.51
LMT-0089,2.0,3.0,0.811,0.0966,43.61,2.16,7.9,6.81,2.744,1.46
LMT-0089,3.0,4.0,0.822,0.0788,44.97,2.66,10.01,6.59,3.007,1.5
LMT-0089,4.0,5.0,0.942,0.0917,43.63,3.34,10.4,5.71,2.231,1.43
LMT-0089,5.0,6.0,1.095,0.0922,44.74,3.52,11.25,5.49,2.256,1.45
LMT-0089,6.0,7.0,1.036,0.0618,41.57,4.26,12.16,5.3,2.632,1.39
LMT-0089,7.0,8.0,1.006,0.0899,42.3,4.3,13.84,4.81,2.22,1.51
LMT-0089,8.0,9.0,1.143,0.1402,40.77,4.81,15.4,3.85,2.418,1.49
LMT-0089,9.0,10.0,1.299,0.2017,40.38,5.3,16.84,4.41,2.157,1.51
LMT-0089,10.0,11.0,1.342,0.345,41.64,7.0,15.72,3.56,2.053,1.61
LMT-0089,11.0,12.0,2.166,0.1439,21.31,12.07,34.21,2.49,1.571,1.46
LMT-0089,12.0,13.0,2.177,0.0774,19.35,12.27,33.9,2.49,1.46,1.5
LMT-0089,13.0,14.0,2.008,0.0585,20.52,14.66,32.39,2.43,1.492,1.6
LMT-0089,14.0,15.0,1.762,0.0625,18.55,16.03,35.98,2.68,1.615,1.56
LMT-0089,15.0,16.0,1.789,0.0461,18.35,17.4,34.55,1.71,1.426,1.64
LMT-0089,16.0,17.0,1.861,0.0497,16.35,16.38,37.66,1.5,1.228,1.56
LMT-0089,17.0,18.0,1.514,0.0417,15.43,18.39,38.42,1.83,1.301,1.73
LMT-0089,18.0,19.0,1.726,0.0538,15.69,18.48,43.15,1.76,1.364,1.77
LMT-0089,19.0,20.0,1.467,0.0377,13.98,20.44,41.34,1.78,1.109,1.77
LMT-0089,20.0,21.0,1.253,0.0303,13.53,21.67,40.8,1.44,1.131,1.79
LMT-0089,21.0,22.0,1.143,0.0237,11.86,24.25,43.21,1.38,0.964,1.82
LMT-0089,22.0,23.0,1.2,0.0242,12.03,26.8,39.82,1.46,1.095,1.77
LMT-0089,23.0,24.0,0.967,0.0242,10.96,27.8,42.43,1.12,1.022,1.81
LMT-0089,24.0,25.0,0.981,0.0178,9.55,29.78,45.07,0.97,0.75,1.81
LMT-0089,25.0,26.0,0.282,0.0161,6.65,41.33,40.55,0.82,0.565,2.65
LMT-0089,26.0,26.7,0.225,0.0149,6.49,42.86,39.09,1.09,0.466,2.73
LMT-0090,0.0,1.0,0.617,0.0431,52.64,0.78,3.99,9.29,2.809,1.52
LMT-0090,1.0,2.0,0.852,0.0735,51.63,1.61,6.57,5.9,2.19,1.41
LMT-0090,2.0,3.0,0.867,0.0672,45.59,2.18,7.24,6.02,2.604,1.42
LMT-0090,3.0,4.0,1.074,0.0682,43.13,2.65,9.63,6.43,2.044,1.33
LMT-0090,4.0,5.0,0.856,0.086,46.07,3.36,9.99,4.99,2.602,1.54
LMT-0090,5.0,6.0,1.164,0.0838,41.94,4.11,11.3,5.11,2.583,1.42
LMT-0090,6.0,7.0,1.201,0.125,43.84,4.28,11.64,3.69,2.116,1.53
LMT-0090,7.0,8.0,1.173,0.1027,41.47,4.58,14.3,4.54,2.796,1.53
LMT-0090,8.0,9.0,1.28,0.1177,38.81,4.92,14.95,3.25,2.067,1.44
LMT-0090,9.0,10.0,1.193,0.1931,39.86,4.67,16.69,4.02,2.056,1.56
LMT-0090,10.0,11.0,1.152,0.3123,37.42,6.19,17.21,2.43,2.248,1.47
LMT-0090,11.0,12.0,2.012,0.177,19.5,11.0,35.93,2.31,1.724,1.5
LMT-0090,12.0,13.0,2.356,0.0734,17.44,10.73,30.25,2.48,1.4,1.57
LMT-0090,13.0,14.0,1.764,0.0672,16.73,18.35,36.62,2.14,1.486,1.56
LMT-0090,14.0,15.0,1.706,0.0352,17.41,17.46,37.69,1.96,1.527,1.5
LMT-0090,15.0,16.0,1.653,0.0432,16.17,16.8,37.6,1.82,1.154,1.65
LMT-0090,16.0,17.0,1.474,0.0368,14.97,19.56,33.4,1.72,1.287,1.83
LMT-0090,17.0,18.0,1.429,0.0324,15.49,20.78,38.54,1.58,1.237,1.74
LMT-0090,18.0,19.0,1.25,0.0333,13.18,17.75,38.73,1.42,1.092,1.73
LMT-0090,19.0,20.0,1.225,0.0378,11.82,19.91,37.5,1.47,0.997,1.71
LMT-0090,20.0,21.0,1.15,0.0238,12.27,22.29,38.31,1.23,1.035,1.82
LMT-0090,21.0,22.0,1.028,0.0287,9.98,29.78,38.51,1.29,0.886,1.83
LMT-0090,22.0,23.0,0.9,0.0235,10.67,28.63,39.48,1.04,0.959,1.83
LMT-0090,23.0,24.0,0.248,0.0162,6.86,33.46,42.58,1.01,0.495,2.5
LMT-0090,24.0,25.2,0.241,0.0173,6.79,37.82,37.67,1.0,0.476,2.85
LMT-0091,0.0,1.0,0.629,0.044,49.51,0.76,4.0,9.89,3.327,1.56
LMT-0091,1.0,2.0,0.929,0.0577,50.47,1.44,6.59,7.39,2.833,1.34
LMT-0091,2.0,3.0,0.882,0.0787,50.01,2.16,8.75,7.44,2.647,1.5
LMT-0091,3.0,4.0,0.966,0.073,44.32,2.83,9.67,6.86,2.444,1.44
LMT-0091,4.0,5.0,0.987,0.0842,46.23,2.79,10.15,5.0,2.741,1.45
LMT-0091,5.0,6.0,1.274,0.0814,42.53,4.01,11.17,4.99,2.295,1.5
LMT-0091,6.0,7.0,1.17,0.0835,40.78,4.86,13.11,5.22,2.392,1.51
LMT-0091,7.0,8.0,1.306,0.1429,41.08,5.43,14.49,4.23,2.364,1.51
LMT-0091,8.0,9.0,1.109,0.1573,40.24,5.52,17.9,4.24,1.82,1.55
LMT-0091,9.0,10.0,1.222,0.349,36.8,6.21,18.08,3.2,2.155,1.47
LMT-0091,10.0,11.0,2.353,0.1175,20.92,11.25,32.72,2.31,1.393,1.59
LMT-0091,11.0,12.0,2.393,0.1121,19.95,12.68,32.88,2.66,1.411,1.61
LMT-0091,12.0,13.0,2.068,0.0551,18.84,12.12,35.26,2.2,1.701,1.52
LMT-0091,13.0,14.0,1.689,0.0571,18.15,13.85,36.43,1.55,1.382,1.53
LMT-0091,14.0,15.0,2.054,0.0353,17.52,16.68,34.96,2.55,1.381,1.62
LMT-0091,15.0,16.0,1.697,0.0372,16.43,17.47,34.39,1.82,1.11,1.68
LMT-0091,16.0,17.0,2.056,0.0395,16.13,16.04,40.23,1.67,1.356,1.64
LMT-0091,17.0,18.0,1.68,0.0332,13.69,18.47,38.88,1.44,1.281,1.84
LMT-0091,18.0,19.0,1.412,0.039,12.91,19.29,37.88,1.88,1.174,1.67
LMT-0091,19.0,20.0,1.673,0.0447,13.35,20.31,43.79,1.53,0.926,1.74
LMT-0091,20.0,21.0,1.578,0.031,12.2,23.81,38.12,1.41,1.064,1.77
LMT-0091,21.0,22.0,1.389,0.0291,11.45,21.47,38.99,1.02,1.071,1.82
LMT-0091,22.0,23.0,1.167,0.0269,10.52,26.09,42.95,1.19,0.985,1.81
LMT-0091,23.0,24.0,1.153,0.0215,9.77,30.26,41.92,1.32,0.964,1.83
LMT-0091,24.0,25.0,0.321,0.0157,7.34,36.87,40.98,0.83,0.512,2.72
LMT-0091,25.0,26.0,0.293,0.0152,6.9,39.83,40.63,1.12,0.56,2.72
LMT-0091,26.0,26.3,0.307,0.0153,6.79,39.22,36.39,1.02,0.489,2.77
LMT-0092,0.0,1.0,0.655,0.0381,50.84,0.71,3.86,8.56,3.053,1.51
LMT-0092,1.0,2.0,0.779,0.068,45.5,1.4,6.71,7.03,2.47,1.46
LMT-0092,2.0,3.0,1.079,0.0691,45.15,2.16,8.13,5.34,2.959,1.4
LMT-0092,3.0,4.0,0.905,0.0886,44.63,2.96,9.44,6.49,2.639,1.47
LMT-0092,4.0,5.0,1.116,0.0948,43.1,3.31,11.16,5.01,2.804,1.53
LMT-0092,5.0,6.0,1.186,0.0888,41.21,5.18,12.8,5.37,2.345,1.58
LMT-0092,6.0,7.0,1.118,0.1566,38.69,4.89,15.19,4.51,2.134,1.5
LMT-0092,7.0,8.0,1.149,0.2269,43.91,5.93,16.27,4.04,2.191,1.5
LMT-0092,8.0,9.0,2.469,0.1803,21.27,9.58,32.6,2.39,1.374,1.45
LMT-0092,9.0,10.0,2.513,0.147,22.68,10.57,30.51,2.27,1.618,1.46
LMT-0092,10.0,11.0,2.503,0.1024,21.15,11.04,37.16,1.88,1.455,1.55
LMT-0092,11.0,12.0,1.712,0.0576,17.28,14.0,33.08,2.41,1.022,1.63
LMT-0092,12.0,13.0,2.129,0.0299,17.62,13.31,36.87,1.91,1.499,1.56
LMT-0092,13.0,14.0,1.956,0.0539,19.0,18.27,36.62,2.07,1.669,1.59
LMT-0092,14.0,15.0,1.978,0.0356,14.56,16.09,35.53,1.91,1.556,1.58
LMT-0092,15.0,16.0,1.692,0.0453,16.71,16.88,36.16,2.31,1.105,1.6
LMT-0092,16.0,17.0,1.453,0.0487,16.9,18.43,35.94,1.96,1.05,1.79
LMT-0092,17.0,18.0,1.303,0.0373,15.89,18.78,37.24,1.62,1.201,1.8
LMT-0092,18.0,19.0,1.796,0.0377,13.65,18.37,40.55,1.76,0.949,1.64
LMT-0092,19.0,20.0,1.492,0.031,14.17,20.67,37.29,1.51,1.086,1.79
LMT-0092,20.0,21.0,1.546,0.0365,13.89,23.12,38.21,1.3,1.181,1.73
LMT-0092,21.0,22.0,1.377,0.0249,11.36,20.92,41.86,1.35,0.901,1.79
LMT-0092,22.0,23.0,1.129,0.0342,11.34,25.61,38.94,0.98,0.958,1.87
LMT-0092,23.0,24.0,1.192,0.0294,10.56,23.52,39.21,1.18,1.065,1.91
LMT-0092,24.0,25.0,0.82,0.0265,10.61,23.83,41.89,1.11,0.759,1.88
LMT-0092,25.0,26.0,0.326,0.0135,6.75,40.94,39.35,1.05,0.502,2.78
LMT-0092,26.0,27.0,0.281,0.0124,7.57,40.97,43.18,0.92,0.488,2.77
LMT-0092,27.0,27.5,0.352,0.0126,6.26,42.27,41.86,0.77,0.525,2.63
LMT-0093,0.0,1.0,0.626,0.0535,50.2,0.66,3.76,7.55,2.755,1.55
LMT-0093,1.0,2.0,0.811,0.057,49.52,1.37,7.43,7.41,3.185,1.4
LMT-0093,2.0,3.0,1.002,0.0811,46.48,2.52,8.84,6.54,2.541,1.43
LMT-0093,3.0,4.0,1.093,0.1142,44.72,3.27,11.11,4.93,2.603,1.51
LMT-0093,4.0,5.0,1.185,0.1215,42.69,4.28,12.47,4.72,2.896,1.5
LMT-0093,5.0,6.0,1.234,0.2302,38.15,4.73,14.48,4.43,2.368,1.43
LMT-0093,6.0,7.0,1.211,0.2893,41.24,5.77,16.65,4.18,2.451,1.51
LMT-0093,7.0,8.0,2.163,0.1569,22.11,10.16,30.63,2.6,1.633,1.51
LMT-0093,8.0,9.0,2.231,0.0904,20.13,11.54,31.85,2.72,1.672,1.64
LMT-0093,9.0,10.0,2.485,0.0778,22.33,14.46,36.0,2.53,1.503,1.66
LMT-0093,10.0,11.0,2.079,0.0548,18.66,14.23,34.43,2.23,1.414,1.48
LMT-0093,11.0,12.0,1.848,0.0422,18.3,16.06,36.3,2.22,1.299,1.57
LMT-0093,12.0,13.0,1.776,0.0417,16.79,18.58,35.05,2.12,1.389,1.72
LMT-0093,13.0,14.0,1.956,0.0452,16.24,20.71,36.36,2.15,1.311,1.61
LMT-0093,14.0,15.0,1.56,0.0452,14.17,20.26,38.86,2.11,1.336,1.67
LMT-0093,15.0,16.0,1.389,0.0354,13.32,21.19,39.45,1.53,1.27,1.72
LMT-0093,16.0,17.0,1.355,0.0487,14.07,23.75,38.54,1.64,1.233,1.7
LMT-0093,17.0,18.0,1.609,0.0293,12.39,24.39,38.93,1.55,1.132,1.83
LMT-0093,18.0,19.0,1.351,0.0379,13.95,24.14,39.64,1.18,1.114,1.92
LMT-0093,19.0,20.0,1.315,0.0272,11.98,21.44,40.12,1.45,0.926,1.83
LMT-0093,20.0,21.0,1.101,0.0291,10.98,26.11,39.13,1.21,0.963,1.89
LMT-0093,21.0,22.0,1.238,0.018,10.31,27.78,41.96,1.08,0.937,1.91
LMT-0093,22.0,23.0,0.327,0.0114,6.99,39.79,44.5,1.27,0.526,2.82
LMT-0093,23.0,24.0,0.313,0.013,6.98,43.13,40.89,1.12,0.505,2.48
LMT-0093,24.0,24.7,0.308,0.0159,6.68,43.88,41.67,0.9,0.459,2.84
LMT-0094,0.0,1.0,0.58,0.0403,52.1,0.85,3.54,9.71,3.427,1.62
LMT-0094,1.0,2.0,0.975,0.07,48.03,1.67,8.2,8.05,2.882,1.52
LMT-0094,2.0,3.0,1.103,0.1008,51.01,3.05,10.03,6.18,3.06,1.51
LMT-0094,3.0,4.0,1.09,0.12,43.44,4.37,12.49,5.44,2.511,1.47
LMT-0094,4.0,5.0,1.383,0.1717,40.31,5.35,16.53,4.94,2.27,1.68
LMT-0094,5.0,6.0,1.3,0.3118,39.61,6.14,18.33,5.3,2.237,1.59
LMT-0094,6.0,7.0,2.321,0.1728,21.1,11.59,35.76,2.3,1.708,1.57
LMT-0094,7.0,8.0,2.301,0.074,21.7,13.05,35.36,2.34,1.72,1.46
LMT-0094,8.0,9.0,2.015,0.0574,20.61,13.78,34.55,2.17,1.568,1.7
LMT-0094,9.0,10.0,1.927,0.0621,16.84,13.76,37.53,2.15,1.582,1.77
LMT-0094,10.0,11.0,1.931,0.0397,17.11,18.49,38.05,2.43,1.123,1.75
LMT-0094,11.0,12.0,1.78,0.0417,15.46,19.89,37.37,1.94,1.387,1.69
LMT-0094,12.0,13.0,1.212,0.0537,16.0,18.75,37.87,2.07,1.433,1.74
LMT-0094,13.0,14.0,1.397,0.0456,15.47,22.64,39.93,1.72,1.317,1.75
LMT-0095,0.0,1.0,0.582,0.0439,47.92,0.82,3.81,8.3,3.04,1.57
LMT-0095,1.0,2.0,0.966,0.093,46.68,1.66,7.06,5.37,2.819,1.49
LMT-0095,2.0,3.0,0.822,0.083,45.12,2.39,9.22,6.8,2.477,1.47
LMT-0095,3.0,4.0,0.994,0.0787,44.74,3.05,10.74,5.38,2.955,1.56
LMT-0095,4.0,5.0,1.04,0.1186,42.59,3.72,12.29,4.77,2.405,1.57
LMT-0095,5.0,6.0,1.111,0.159,44.95,4.84,14.37,4.92,2.061,1.51
LMT-0095,6.0,7.0,1.075,0.3226,38.45,5.98,16.69,3.35,2.126,1.53
LMT-0095,7.0,8.0,0.988,0.3809,34.22,7.26,16.41,3.69,2.009,1.63
LMT-0095,8.0,9.0,2.13,0.1517,22.76,10.59,37.49,2.05,1.794,1.69
LMT-0095,9.0,10.0,2.006,0.1148,17.85,13.47,36.69,2.73,1.523,1.61
LMT-0095,10.0,11.0,1.887,0.071,18.3,12.95,39.41,2.07,1.523,1.61
LMT-0095,11.0,12.0,1.708,0.0497,17.4,14.59,34.72,2.0,1.589,1.66
LMT-0095,12.0,13.0,1.755,0.0412,15.35,20.01,37.84,2.03,1.515,1.78
LMT-0095,13.0,14.0,1.578,0.0464,16.0,20.46,38.69,1.92,1.163,1.73
LMT-0095,14.0,15.0,1.537,0.0433,14.86,20.74,38.03,1.61,1.33,1.74
LMT-0095,15.0,16.0,1.216,0.0465,13.43,24.64,41.03,1.73,1.141,1.85
LMT-0095,16.0,17.0,1.141,0.0322,13.18,25.85,38.47,1.61,1.3,1.87
LMT-0095,17.0,18.0,1.182,0.0316,10.51,25.79,45.46,1.49,0.98,1.9
LMT-0095,18.0,19.0,1.008,0.0245,10.96,27.88,45.11,1.36,1.127,2.01
LMT-0095,19.0,20.0,0.283,0.0152,7.15,38.94,39.78,1.03,0.512,2.85
LMT-0095,20.0,21.0,0.258,0.0136,6.96,40.86,40.59,1.24,0.578,2.67
LMT-0095,21.0,21.8,0.255,0.0159,6.56,43.42,40.95,1.17,0.462,2.74
LMT-0096,0.0,1.0,0.606,0.0452,51.43,0.89,4.41,9.02,2.394,1.61
LMT-0096,1.0,2.0,0.724,0.0612,46.36,1.59,7.01,6.89,2.819,1.39
LMT-0096,2.0,3.0,0.842,0.0589,45.42,2.35,8.81,6.63,2.979,1.54
LMT-0096,3.0,4.0,0.99,0.0772,47.1,2.88,9.26,6.76,2.581,1.58
LMT-0096,4.0,5.0,0.962,0.0842,45.87,2.76,11.62,6.85,2.03,1.5
LMT-0096,5.0,6.0,0.972,0.0906,44.45,4.58,12.92,6.42,2.637,1.59
LMT-0096,6.0,7.0,0.896,0.0957,42.85,4.93,12.45,4.96,2.293,1.47
LMT-0096,7.0,8.0,1.021,0.1134,42.43,4.99,13.75,4.45,2.472,1.52
LMT-0096,8.0,9.0,0.978,0.1976,41.98,5.0,15.32,3.82,2.08,1.64
LMT-0096,9.0,10.0,0.98,0.2397,39.88,5.95,16.51,3.64,1.98,1.56
LMT-0096,10.0,11.0,1.97,0.1668,23.42,9.0,32.67,2.7,1.586,1.53
LMT-0096,11.0,12.0,1.959,0.118,21.02,10.04,33.02,2.09,1.637,1.56
LMT-0096,12.0,13.0,1.894,0.0927,19.53,12.47,35.42,2.45,1.633,1.59
LMT-0096,13.0,14.0,1.488,0.0519,19.33,15.03,34.63,2.18,1.463,1.63
LMT-0096,14.0,15.0,1.638,0.0403,16.52,16.52,37.39,1.71,1.422,1.61
LMT-0096,15.0,16.0,1.542,0.0412,15.89,20.05,36.83,1.86,1.063,1.69
LMT-0096,16.0,17.0,1.295,0.0312,14.18,19.66,37.81,1.73,1.334,1.69
LMT-0096,17.0,18.0,1.528,0.0434,13.96,21.67,40.34,1.85,1.296,1.86
LMT-0096,18.0,19.0,1.218,0.0327,13.11,23.74,39.62,1.29,1.082,1.85
LMT-0096,19.0,20.0,0.951,0.0303,11.79,22.49,39.62,1.52,0.914,1.74
LMT-0096,20.0,21.0,1.081,0.0281,10.59,28.06,43.49,1.16,0.901,1.88
LMT-0096,21.0,22.0,0.952,0.0223,10.34,29.48,41.2,1.08,0.88,2.02
LMT-0096,22.0,23.0,0.244,0.02,6.91,39.88,36.27,0.89,0.493,2.85
LMT-0096,23.0,23.7,0.258,0.0168,6.72,36.68,39.89,0.87,0.484,2.85
LMT-0097,0.0,1.0,0.589,0.0421,48.99,0.94,4.0,5.4,2.501,1.45
LMT-0097,1.0,2.0,0.699,0.0571,44.39,1.51,7.4,5.23,2.478,1.36
LMT-0097,2.0,3.0,0.646,0.056,43.46,1.95,7.77,5.26,2.585,1.51
LMT-0097,3.0,4.0,0.849,0.0614,43.67,2.33,9.18,6.1,2.661,1.39
LMT-0097,4.0,5.0,0.811,0.0541,44.17,3.31,8.76,6.56,2.562,1.42
LMT-0097,5.0,6.0,0.953,0.0995,42.79,3.52,10.27,5.2,2.12,1.39
LMT-0097,6.0,7.0,0.753,0.0579,44.35,3.23,11.02,4.79,2.068,1.51
LMT-0097,7.0,8.0,0.94,0.0817,44.66,4.17,12.78,3.47,2.59,1.53
LMT-0097,8.0,9.0,1.008,0.0902,38.69,5.02,12.94,2.99,2.102,1.51
LMT-0097,9.0,10.0,0.907,0.1063,38.41,4.77,15.12,3.83,1.921,1.49
LMT-0097,10.0,11.0,1.023,0.1787,37.0,5.52,14.67,4.12,2.099,1.41
LMT-0097,11.0,12.0,1.14,0.3004,36.94,5.63,16.91,3.57,1.943,1.4
LMT-0097,12.0,13.0,1.607,0.1616,19.6,9.44,34.1,2.27,1.164,1.54
LMT-0097,13.0,14.0,1.662,0.0981,20.62,12.15,31.94,2.72,1.421,1.55
LMT-0097,14.0,15.0,1.533,0.0702,18.24,14.48,30.89,1.96,1.476,1.57
LMT-0097,15.0,16.0,1.561,0.0458,16.92,15.3,36.72,1.75,1.291,1.65
LMT-0097,16.0,17.0,1.393,0.0266,15.32,17.33,35.63,1.93,1.145,1.72
LMT-0097,17.0,18.0,1.15,0.0346,14.23,20.07,39.84,1.39,1.01,1.65
LMT-0097,18.0,19.0,1.013,0.0279,12.9,20.49,36.99,1.38,1.163,1.71
LMT-0097,19.0,20.0,0.995,0.0355,11.86,20.54,36.39,0.89,1.018,1.84
LMT-0097,20.0,21.0,0.812,0.0251,10.17,22.62,41.11,1.0,0.795,1.79
LMT-0097,21.0,22.0,0.78,0.0297,8.95,21.6,38.81,0.98,0.702,1.69
LMT-0097,22.0,23.0,0.188,0.0149,6.9,34.91,40.11,1.06,0.498,2.66
LMT-0097,23.0,24.1,0.197,0.0117,6.41,40.04,40.02,0.8,0.441,2.79
LMT-0098,0.0,1.0,0.643,0.0333,48.55,0.95,4.02,5.9,3.347,1.64
LMT-0098,1.0,2.0,0.736,0.0618,44.82,1.71,7.12,5.71,1.703,1.39
LMT-0098,2.0,3.0,0.654,0.0564,44.24,2.02,7.64,6.48,2.161,1.29
LMT-0098,3.0,4.0,0.923,0.0695,43.82,2.69,9.45,5.8,2.265,1.44
LMT-0098,4.0,5.0,0.95,0.0855,41.18,2.98,10.33,4.62,2.806,1.43
LMT-0098,5.0,6.0,0.999,0.0597,40.51,2.93,11.06,5.4,2.686,1.53
LMT-0098,6.0,7.0,0.928,0.0727,36.75,4.21,12.07,4.37,2.166,1.36
LMT-0098,7.0,8.0,0.935,0.1075,42.3,4.57,13.23,4.44,2.138,1.39
LMT-0098,8.0,9.0,1.162,0.1025,37.94,4.38,14.07,4.56,2.094,1.53
LMT-0098,9.0,10.0,1.132,0.1999,39.36,5.65,17.09,3.54,1.613,1.49
LMT-0098,10.0,11.0,0.954,0.4029,37.57,5.45,17.56,3.53,1.942,1.59
LMT-0098,11.0,12.0,1.726,0.1441,21.08,11.16,31.7,1.98,1.377,1.4
LMT-0098,12.0,13.0,1.778,0.0643,17.34,10.63,32.1,2.08,1.733,1.5
LMT-0098,13.0,14.0,1.931,0.0589,17.64,11.22,31.45,1.69,1.416,1.61
LMT-0098,14.0,15.0,1.688,0.0338,16.47,14.04,35.28,1.63,1.283,1.68
LMT-0098,15.0,16.0,1.616,0.0439,17.01,12.08,36.64,1.53,1.157,1.5
LMT-0098,16.0,17.0,1.551,0.036,15.22,15.22,36.83,1.76,1.011,1.57
LMT-0098,17.0,18.0,1.205,0.0355,13.49,18.87,37.48,1.37,1.0,1.54
LMT-0098,18.0,19.0,1.247,0.0325,14.92,18.31,35.33,1.36,1.031,1.65
LMT-0098,19.0,20.0,1.463,0.0373,13.86,23.8,37.0,1.3,1.066,1.67
LMT-0098,20.0,21.0,1.069,0.0233,13.74,23.89,37.28,1.33,1.134,1.77
LMT-0098,21.0,22.0,1.161,0.03,11.97,23.61,38.25,1.23,0.958,1.8
LMT-0098,22.0,23.0,1.135,0.0269,11.31,21.0,42.55,1.35,0.956,1.76
LMT-0098,23.0,24.0,1.056,0.0278,11.14,25.27,44.53,1.2,0.779,1.89
LMT-0098,24.0,25.0,0.842,0.0173,9.71,29.04,37.58,1.04,0.921,1.74
LMT-0098,25.0,26.0,0.242,0.016,6.89,39.07,34.92,1.19,0.464,2.5
LMT-0098,26.0,27.0,0.225,0.0147,6.63,34.32,40.97,0.94,0.439,2.72
LMT-0098,27.0,27.8,0.233,0.0099,6.24,38.87,41.99,0.75,0.374,2.59
LMT-0099,0.0,1.0,0.64,0.058,51.05,0.86,4.49,7.3,2.342,1.54
LMT-0099,1.0,2.0,0.773,0.0601,43.2,1.86,6.74,4.77,2.329,1.3
LMT-0099,2.0,3.0,0.919,0.0793,45.88,2.59,9.45,5.29,2.413,1.34
LMT-0099,3.0,4.0,0.995,0.0669,42.14,3.15,9.94,4.23,2.307,1.48
LMT-0099,4.0,5.0,1.093,0.0897,41.28,3.8,12.06,4.9,2.151,1.51
LMT-0099,5.0,6.0,1.052,0.1328,39.6,3.75,12.48,3.56,2.166,1.49
LMT-0099,6.0,7.0,0.888,0.1889,40.23,4.41,15.25,3.39,1.979,1.42
LMT-0099,7.0,8.0,1.326,0.2853,33.7,4.83,16.26,3.66,1.812,1.46
LMT-0099,8.0,9.0,1.834,0.1355,20.79,9.69,32.99,1.72,1.17,1.42
LMT-0099,9.0,10.0,1.931,0.0683,19.51,9.77,34.99,1.91,1.404,1.47
LMT-0099,10.0,11.0,1.705,0.0592,18.44,12.59,31.84,2.06,1.294,1.53
LMT-0099,11.0,12.0,1.889,0.033,17.4,15.54,34.6,2.02,1.357,1.53
LMT-0099,12.0,13.0,1.616,0.0431,17.36,12.12,35.64,1.52,1.113,1.6
LMT-0099,13.0,14.0,1.705,0.0376,16.13,16.6,37.08,1.93,1.079,1.52
LMT-0099,14.0,15.0,1.322,0.0272,14.36,17.15,36.98,2.0,1.328,1.66
LMT-0099,15.0,16.0,1.191,0.0279,14.36,19.21,38.38,1.49,1.077,1.6
LMT-0099,16.0,17.0,1.33,0.0331,13.99,17.4,36.75,1.26,1.058,1.66
LMT-0099,17.0,18.0,1.337,0.0322,13.13,22.69,38.28,1.6,0.958,1.85
LMT-0099,18.0,19.0,1.019,0.0211,13.17,26.54,34.06,1.73,1.026,1.72
LMT-0099,19.0,20.0,1.145,0.0209,10.17,23.17,38.61,1.21,0.931,1.85
LMT-0099,20.0,21.0,1.091,0.0341,10.78,28.22,39.82,1.01,0.885,1.77
LMT-0099,21.0,22.0,0.891,0.0232,10.17,28.11,37.8,1.08,0.752,1.71
LMT-0099,22.0,23.0,0.227,0.013,6.37,31.51,39.02,1.1,0.448,2.48
LMT-0099,23.0,24.0,0.273,0.0133,6.72,36.58,37.28,0.84,0.417,2.54
LMT-0099,24.0,24.6,0.248,0.0152,6.81,34.24,39.17,0.73,0.42,2.56
LMT-0100,0.0,1.0,0.723,0.0486,55.93,0.86,4.26,9.24,3.253,1.7
LMT-0100,1.0,2.0,1.123,0.0653,48.71,1.9,8.03,7.16,3.239,1.58
LMT-0100,2.0,3.0,1.007,0.075,47.93,2.71,9.37,6.65,2.851,1.62
LMT-0100,3.0,4.0,1.359,0.1023,48.36,3.16,11.61,8.92,3.018,1.57
LMT-0100,4.0,5.0,1.358,0.0956,44.99,3.82,13.25,5.81,2.743,1.55
LMT-0100,5.0,6.0,1.308,0.1052,41.73,4.19,12.51,5.72,2.313,1.48
LMT-0100,6.0,7.0,1.342,0.1382,47.21,4.92,15.36,6.13,2.317,1.63
LMT-0100,7.0,8.0,1.623,0.2041,46.77,5.73,15.98,5.27,2.447,1.63
LMT-0100,8.0,9.0,1.486,0.301,40.09,6.57,18.48,4.4,2.055,1.55
LMT-0100,9.0,10.0,1.465,0.3736,42.77,7.11,17.54,4.65,2.49,1.58
LMT-0100,10.0,11.0,2.868,0.1099,20.44,12.87,32.98,3.28,1.796,1.64
LMT-0100,11.0,12.0,2.511,0.0805,20.68,16.29,37.8,2.45,1.668,1.64
LMT-0100,12.0,13.0,2.327,0.0546,18.5,20.3,43.84,2.04,1.336,1.83
LMT-0100,13.0,14.0,2.106,0.0565,17.28,20.84,37.66,2.23,1.299,1.72
LMT-0100,14.0,15.0,1.851,0.0434,15.25,23.6,41.01,2.06,1.213,1.89
LMT-0100,15.0,16.0,1.887,0.0364,13.38,26.73,42.9,1.89,1.305,1.93
LMT-0100,16.0,17.0,1.439,0.0382,12.22,27.79,43.62,1.33,1.172,1.85
LMT-0100,17.0,18.0,1.382,0.0248,10.81,27.9,43.28,1.18,0.987,1.82
LMT-0100,18.0,19.0,0.338,0.0162,6.57,36.74,44.47,1.1,0.491,2.85
LMT-0100,19.0,20.0,0.328,0.0164,7.69,43.95,41.5,1.16,0.478,2.85
LMT-0100,20.0,21.0,0.31,0.0172,6.55,39.47,41.05,1.11,0.513,2.85
LMT-0101,0.0,1.0,0.74,0.0653,56.0,0.83,4.19,8.9,3.266,1.58
LMT-0101,1.0,2.0,1.073,0.1572,45.59,3.1,9.17,7.86,2.908,1.57
LMT-0101,2.0,3.0,1.332,0.3035,44.0,5.55,15.16,5.18,2.298,1.5
LMT-0101,3.0,4.0,2.279,0.1649,22.2,13.48,38.68,2.95,1.76,1.59
LMT-0101,4.0,5.0,1.935,0.1008,17.93,18.32,37.4,2.2,1.407,1.88
LMT-0101,5.0,6.0,1.718,0.0502,13.62,22.97,43.26,1.78,1.231,1.82
LMT-0101,6.0,7.0,1.141,0.035,10.11,27.38,44.18,1.21,1.123,1.93
LMT-0101,7.0,8.0,0.272,0.0161,7.75,41.9,43.72,1.14,0.584,2.85
LMT-0101,8.0,9.0,0.314,0.0145,6.92,38.35,39.88,0.97,0.663,2.84
LMT-0101,9.0,9.9,0.266,0.0174,7.11,42.83,42.6,0.85,0.52,2.77
LMT-0102,0.0,1.0,0.621,0.0579,50.69,0.71,3.73,8.69,3.093,1.6
LMT-0102,1.0,2.0,0.891,0.1855,44.17,2.37,8.16,5.65,3.025,1.51
LMT-0102,2.0,3.0,1.231,0.2836,39.2,5.35,16.79,3.64,1.941,1.53
LMT-0102,3.0,4.0,2.178,0.1563,19.9,12.16,37.24,2.47,1.58,1.61
LMT-0102,4.0,5.0,1.682,0.073,16.66,14.79,37.37,2.55,1.491,1.76
LMT-0102,5.0,6.0,1.66,0.0494,16.87,19.75,40.75,2.54,1.476,1.67
LMT-0102,6.0,7.0,1.529,0.0469,15.37,22.19,39.81,1.85,1.208,1.78
LMT-0102,7.0,8.0,1.239,0.0307,12.85,20.35,38.5,1.41,1.144,1.8
LMT-0102,8.0,9.0,1.174,0.0284,12.16,28.69,37.29,1.11,1.068,1.77
LMT-0102,9.0,10.0,1.015,0.0208,9.51,28.52,41.23,1.4,0.795,1.93
LMT-0102,10.0,11.0,0.255,0.0133,7.05,44.31,39.39,0.99,0.522,2.85
LMT-0102,11.0,12.0,0.261,0.0193,6.94,43.8,42.19,0.83,0.501,2.8
LMT-0102,12.0,12.7,0.275,0.0136,6.72,36.72,40.81,1.02,0.433,2.81
LMT-0103,0.0,1.0,0.413,0.0308,51.25,0.7,3.28,5.22,2.824,1.44
LMT-0103,1.0,2.0,0.707,0.0414,50.28,0.91,5.04,5.56,2.449,1.48
LMT-0103,2.0,3.0,0.871,0.0999,42.22,2.58,10.18,5.45,2.12,1.27
LMT-0103,3.0,4.0,0.804,0.1111,38.06,4.36,12.12,3.08,1.768,1.44
LMT-0103,4.0,5.0,1.289,0.2275,36.05,5.15,14.3,3.21,1.197,1.39
LMT-0103,5.0,6.0,1.668,0.1112,20.68,9.27,31.98,2.23,1.486,1.47
LMT-0103,6.0,7.0,1.63,0.0874,17.55,9.83,33.54,1.64,1.419,1.5
LMT-0103,7.0,8.0,1.812,0.0497,17.85,11.56,35.94,1.37,1.2,1.34
LMT-0103,8.0,9.0,1.328,0.0349,18.4,13.24,34.42,1.74,1.256,1.65
LMT-0103,9.0,10.0,1.34,0.0301,14.8,16.5,34.83,1.92,1.189,1.65
LMT-0103,10.0,11.0,1.091,0.0271,14.5,18.56,35.02,1.22,0.886,1.49
LMT-0103,11.0,12.0,1.274,0.0168,13.03,19.64,34.91,1.19,1.133,1.56
LMT-0103,12.0,13.0,1.123,0.0237,12.01,22.65,35.44,1.37,1.104,1.66
LMT-0103,13.0,14.0,1.124,0.0258,10.57,20.88,33.59,0.99,0.937,1.81
LMT-0103,14.0,15.0,0.851,0.0221,10.09,21.48,35.89,1.23,0.676,1.76
LMT-0103,15.0,16.0,0.898,0.018,10.48,24.31,40.85,0.88,0.748,1.82
LMT-0103,16.0,17.0,0.235,0.012,6.22,37.59,36.51,0.97,0.402,2.33
LMT-0103,17.0,18.0,0.222,0.0141,5.91,28.67,36.39,0.9,0.382,2.48
LMT-0103,18.0,19.0,0.236,0.0084,6.34,31.64,41.27,0.91,0.401,2.53
LMT-0104,0.0,1.0,0.419,0.0239,49.99,0.69,3.53,6.37,2.841,1.52
LMT-0104,1.0,2.0,0.696,0.0597,46.57,0.95,5.17,8.29,3.152,1.48
LMT-0104,2.0,3.0,0.856,0.0535,43.63,2.18,7.87,5.2,1.775,1.36
LMT-0104,3.0,4.0,0.934,0.0655,47.46,2.2,9.0,5.51,2.665,1.41
LMT-0104,4.0,5.0,0.98,0.0741,42.05,3.21,9.57,6.06,2.577,1.41
LMT-0104,5.0,6.0,0.935,0.0749,43.22,3.7,11.74,4.62,2.359,1.46
LMT-0104,6.0,7.0,0.952,0.1029,41.64,4.66,12.28,5.15,1.801,1.53
LMT-0104,7.0,8.0,0.946,0.1062,40.22,5.09,13.35,4.13,2.164,1.54
LMT-0104,8.0,9.0,0.98,0.2665,38.19,5.85,15.94,4.2,2.089,1.52
LMT-0104,9.0,10.0,1.317,0.2673,37.35,5.79,18.14,2.94,1.858,1.38
LMT-0104,10.0,11.0,1.972,0.171,19.95,10.07,32.37,2.34,1.436,1.51
LMT-0104,11.0,12.0,1.561,0.1016,17.96,11.2,33.26,2.0,1.354,1.52
LMT-0104,12.0,13.0,1.515,0.0659,19.15,11.69,33.79,1.84,1.573,1.56
LMT-0104,13.0,14.0,1.649,0.0428,19.45,15.91,33.09,2.11,1.401,1.5
LMT-0104,14.0,15.0,1.528,0.0305,16.13,14.85,37.11,1.55,1.464,1.76
LMT-0104,15.0,16.0,1.385,0.0446,17.1,16.49,30.74,2.11,1.151,1.62
LMT-0104,16.0,17.0,1.558,0.0347,15.79,17.74,34.27,1.68,1.323,1.73
LMT-0104,17.0,18.0,1.189,0.0432,15.43,16.57,35.28,1.96,1.087,1.69
LMT-0104,18.0,19.0,1.46,0.0307,14.34,16.57,37.91,1.56,1.305,1.74
LMT-0104,19.0,20.0,1.305,0.0267,13.65,23.4,36.8,1.47,0.971,1.7
LMT-0104,20.0,21.0,1.066,0.0242,13.94,23.64,36.77,1.51,1.018,1.73
LMT-0104,21.0,22.0,1.198,0.028,12.94,22.07,38.8,1.31,0.973,1.76
LMT-0104,22.0,23.0,1.198,0.027,10.92,23.37,40.8,1.4,1.102,1.76
LMT-0104,23.0,24.0,0.993,0.021,10.71,25.24,39.38,1.11,0.861,1.8
LMT-0104,24.0,25.0,0.94,0.0254,10.61,24.43,41.77,1.1,0.971,1.93
LMT-0104,25.0,26.0,0.232,0.0142,6.89,36.67,36.67,1.1,0.507,2.72
LMT-0104,26.0,27.0,0.216,0.0155,6.96,35.3,36.79,0.89,0.465,2.49
LMT-0104,27.0,28.0,0.251,0.0143,6.55,37.7,39.82,0.71,0.408,2.62
LMT-0105,0.0,1.0,0.613,0.0466,48.94,0.68,3.5,9.99,3.375,1.64
LMT-0105,1.0,2.0,0.717,0.0599,48.91,1.16,5.18,8.8,2.512,1.6
LMT-0105,2.0,3.0,0.825,0.0693,44.53,1.85,7.43,5.62,2.916,1.49
LMT-0105,3.0,4.0,0.919,0.0739,45.5,2.43,8.78,6.43,2.804,1.5
LMT-0105,4.0,5.0,0.937,0.0903,46.89,3.24,10.27,5.84,2.703,1.59
LMT-0105,5.0,6.0,1.035,0.0917,42.52,3.65,11.6,6.11,2.582,1.46
LMT-0105,6.0,7.0,1.081,0.0977,45.24,3.86,12.16,6.03,2.492,1.6
LMT-0105,7.0,8.0,1.119,0.0905,40.85,4.32,13.47,5.44,2.308,1.47
LMT-0105,8.0,9.0,1.161,0.1126,43.11,5.2,15.7,4.94,2.509,1.65
LMT-0105,9.0,10.0,1.286,0.144,41.88,5.77,15.5,4.78,2.044,1.53
LMT-0105,10.0,11.0,1.264,0.2867,39.46,6.04,15.76,4.01,2.019,1.6
LMT-0105,11.0,12.0,1.317,0.4179,38.4,7.01,18.13,4.48,2.143,1.6
LMT-0105,12.0,13.0,2.085,0.1668,20.13,11.41,35.85,3.02,1.537,1.48
LMT-0105,13.0,14.0,1.808,0.0805,19.72,13.48,35.47,2.72,1.471,1.73
LMT-0105,14.0,15.0,1.782,0.0627,20.14,15.0,34.73,2.44,1.456,1.63
LMT-0105,15.0,16.0,1.985,0.0456,18.62,14.27,34.99,1.84,1.561,1.68
LMT-0105,16.0,17.0,1.576,0.0535,19.11,14.69,35.87,2.27,1.307,1.65
LMT-0105,17.0,18.0,1.625,0.0512,17.79,19.2,33.99,2.34,1.429,1.73
LMT-0105,18.0,19.0,1.553,0.0469,17.57,16.83,38.19,2.2,1.421,1.72
LMT-0105,19.0,20.0,1.485,0.0425,15.08,19.11,42.13,1.67,1.142,1.8
LMT-0105,20.0,21.0,1.46,0.0369,15.09,24.04,38.9,2.08,1.387,1.88
LMT-0105,21.0,22.0,1.092,0.0401,15.13,23.83,38.15,1.7,1.093,1.85
LMT-0105,22.0,23.0,1.354,0.0272,12.78,21.93,42.3,1.45,1.121,1.78
LMT-0105,23.0,24.0,1.23,0.0456,12.49,27.7,40.07,1.59,1.146,1.87
LMT-0105,24.0,25.0,1.311,0.0249,11.53,25.37,39.37,1.2,1.28,1.8
LMT-0105,25.0,26.0,1.156,0.0263,10.74,28.09,42.62,1.36,0.879,1.79
LMT-0105,26.0,27.0,1.025,0.0248,10.1,29.01,44.29,1.23,0.933,1.88
LMT-0105,27.0,28.0,0.269,0.014,6.96,41.99,44.0,1.16,0.563,2.64
LMT-0105,28.0,29.0,0.285,0.0151,6.92,38.57,39.2,1.05,0.402,2.73
LMT-0105,29.0,29.5,0.256,0.0146,6.64,37.72,41.83,0.96,0.526,2.76
LMT-0106,0.0,1.0,0.536,0.0483,46.15,0.7,3.94,8.04,3.257,1.58
LMT-0106,1.0,2.0,0.791,0.045,49.17,1.02,5.58,7.29,2.762,1.46
LMT-0106,2.0,3.0,0.904,0.0867,46.91,2.05,7.89,7.69,3.07,1.47
LMT-0106,3.0,4.0,0.992,0.0845,49.13,2.24,8.57,6.85,2.269,1.49
LMT-0106,4.0,5.0,1.018,0.0795,44.74,2.51,8.66,6.64,2.571,1.5
LMT-0106,5.0,6.0,0.838,0.078,45.12,3.13,10.69,5.21,2.619,1.52
LMT-0106,6.0,7.0,1.079,0.0904,44.42,3.43,11.85,6.93,2.706,1.51
LMT-0106,7.0,8.0,0.948,0.1075,44.41,3.64,11.05,5.73,2.338,1.57
LMT-0106,8.0,9.0,0.995,0.0974,48.27,4.07,13.32,4.59,2.705,1.52
LMT-0106,9.0,10.0,1.058,0.1123,43.99,4.82,15.18,4.34,2.885,1.5
LMT-0106,10.0,11.0,1.299,0.0944,41.27,4.9,14.29,4.17,2.132,1.48
LMT-0106,11.0,12.0,1.125,0.1583,39.68,5.33,17.17,3.31,2.132,1.49
LMT-0106,12.0,13.0,1.334,0.2089,41.43,6.15,16.8,4.71,2.234,1.55
LMT-0106,13.0,14.0,1.111,0.3104,39.69,6.0,18.93,4.86,1.942,1.58
LMT-0106,14.0,15.0,1.898,0.1876,21.31,11.71,35.75,2.03,1.637,1.5
LMT-0106,15.0,16.0,2.043,0.13,20.04,11.38,34.21,2.78,1.558,1.45
LMT-0106,16.0,17.0,1.891,0.0673,19.77,12.9,36.93,2.45,1.572,1.56
LMT-0106,17.0,18.0,2.021,0.042,17.66,15.33,38.31,1.88,1.601,1.6
LMT-0106,18.0,19.0,1.584,0.0502,17.82,16.67,37.11,1.81,1.434,1.55
LMT-0106,19.0,20.0,1.594,0.0501,15.02,18.06,37.61,1.71,1.163,1.71
LMT-0106,20.0,21.0,1.784,0.0543,15.59,18.83,41.26,1.49,1.193,1.64
LMT-0106,21.0,22.0,1.636,0.0451,15.01,22.82,39.45,1.32,1.263,1.77
LMT-0106,22.0,23.0,1.434,0.0468,14.19,26.28,40.27,1.49,1.249,1.78
LMT-0106,23.0,24.0,1.469,0.0405,13.76,23.36,37.57,1.51,1.21,1.73
LMT-0106,24.0,25.0,1.187,0.0242,12.93,23.74,42.51,1.28,1.034,1.83
LMT-0106,25.0,26.0,1.139,0.0286,11.58,27.87,41.3,1.18,1.044,1.86
LMT-0106,26.0,27.0,1.056,0.0292,10.26,26.16,43.88,0.85,1.009,1.94
LMT-0106,27.0,28.0,0.249,0.0174,7.21,34.98,42.82,1.12,0.52,2.85
LMT-0106,28.0,29.0,0.301,0.0144,6.34,34.78,41.02,1.05,0.453,2.8
LMT-0106,29.0,30.0,0.307,0.0146,6.66,39.87,42.94,0.98,0.532,2.85
LMT-0106,30.0,30.4,0.268,0.0141,7.08,38.59,39.46,1.09,0.519,2.82
LMT-0107,0.0,1.0,0.658,0.0494,52.61,0.71,3.56,8.66,2.602,1.67
LMT-0107,1.0,2.0,0.808,0.0707,47.77,1.23,5.04,9.06,2.436,1.7
LMT-0107,2.0,3.0,0.755,0.07,45.47,1.86,7.12,6.25,2.39,1.47
LMT-0107,3.0,4.0,0.968,0.0691,45.55,2.17,8.46,6.1,2.785,1.52
LMT-0107,4.0,5.0,1.034,0.073,45.69,2.41,9.16,6.33,2.975,1.54
LMT-0107,5.0,6.0,0.968,0.0817,43.9,2.87,9.57,6.58,2.609,1.33
LMT-0107,6.0,7.0,0.863,0.0752,43.35,3.71,10.38,4.91,2.766,1.48
LMT-0107,7.0,8.0,0.931,0.0841,44.88,3.55,11.27,5.95,2.531,1.51
LMT-0107,8.0,9.0,1.023,0.0969,43.66,3.41,11.79,5.61,2.329,1.4
LMT-0107,9.0,10.0,1.214,0.0833,42.51,3.95,12.86,5.68,2.018,1.59
LMT-0107,10.0,11.0,1.086,0.0998,46.88,4.38,13.81,5.69,2.167,1.44
LMT-0107,11.0,12.0,0.997,0.1206,37.04,5.1,14.53,4.48,2.238,1.55
LMT-0107,12.0,13.0,1.186,0.1231,39.94,5.24,16.75,4.63,2.449,1.52
LMT-0107,13.0,14.0,1.418,0.2104,39.59,5.63,17.29,4.34,2.339,1.61
LMT-0107,14.0,15.0,1.143,0.2569,39.29,5.99,15.68,3.43,1.846,1.62
LMT-0107,15.0,16.0,2.077,0.1677,21.31,9.25,34.2,2.42,1.749,1.51
LMT-0107,16.0,17.0,1.885,0.199,20.14,10.07,33.69,2.54,1.623,1.58
LMT-0107,17.0,18.0,2.181,0.0719,20.27,14.08,35.57,2.19,1.733,1.47
LMT-0107,18.0,19.0,2.02,0.0734,18.22,15.83,36.27,2.48,1.416,1.52
LMT-0107,19.0,20.0,1.965,0.0464,17.27,16.61,35.82,2.35,1.503,1.71
LMT-0107,20.0,21.0,1.763,0.0482,18.03,17.09,37.57,1.86,1.543,1.68
LMT-0107,21.0,22.0,1.7,0.0494,16.89,19.58,34.58,1.72,1.227,1.62
LMT-0107,22.0,23.0,1.584,0.049,15.97,19.88,41.91,1.72,1.135,1.85
LMT-0107,23.0,24.0,1.478,0.0352,13.51,22.85,39.96,1.51,1.195,1.69
LMT-0107,24.0,25.0,1.458,0.0374,13.86,21.7,39.06,1.78,1.231,1.83
LMT-0107,25.0,26.0,1.356,0.0307,11.73,24.44,39.85,1.22,1.159,1.8
LMT-0107,26.0,27.0,1.0,0.0289,11.75,25.77,41.34,1.09,1.204,1.88
LMT-0107,27.0,28.0,0.982,0.0296,9.99,26.45,44.3,1.21,0.87,1.9
LMT-0107,28.0,29.0,0.288,0.0144,6.73,44.76,44.69,0.91,0.434,2.8
LMT-0107,29.0,30.0,0.25,0.0171,7.01,38.8,42.86,1.13,0.494,2.51
LMT-0107,30.0,31.0,0.271,0.0167,7.7,35.91,39.51,0.87,0.499,2.6
LMT-0107,31.0,31.4,0.23,0.0126,6.66,31.55,42.33,1.04,0.397,2.74
LMT-0108,0.0,1.0,0.53,0.0444,46.57,0.7,3.37,9.43,2.896,1.64
LMT-0108,1.0,2.0,0.783,0.0314,45.71,1.08,4.76,4.99,2.383,1.64
LMT-0108,2.0,3.0,0.969,0.0655,46.25,1.66,6.82,6.97,2.699,1.42
LMT-0108,3.0,4.0,0.963,0.0723,42.37,2.03,8.35,6.14,2.585,1.39
LMT-0108,4.0,5.0,0.92,0.0802,44.16,2.52,9.44,5.54,2.407,1.39
LMT-0108,5.0,6.0,1.114,0.0816,42.73,2.94,10.03,4.4,2.456,1.44
LMT-0108,6.0,7.0,0.963,0.0568,42.1,3.46,10.6,4.76,2.329,1.57
LMT-0108,7.0,8.0,1.015,0.0874,41.52,3.08,10.81,5.97,2.167,1.51
LMT-0108,8.0,9.0,0.994,0.0842,42.21,3.49,11.25,4.91,2.055,1.48
LMT-0108,9.0,10.0,0.961,0.1017,42.55,4.73,13.38,5.05,2.38,1.58
LMT-0108,10.0,11.0,1.051,0.0633,39.41,4.43,13.55,4.95,2.12,1.58
LMT-0108,11.0,12.0,1.158,0.1119,40.0,5.24,14.89,4.04,2.009,1.51
LMT-0108,12.0,13.0,1.081,0.1107,36.32,5.25,16.2,4.35,1.695,1.61
LMT-0108,13.0,14.0,1.265,0.2161,40.23,5.37,16.77,3.8,2.246,1.38
LMT-0108,14.0,15.0,1.279,0.3173,39.14,5.68,16.33,3.78,1.872,1.57
LMT-0108,15.0,16.0,2.089,0.1937,21.21,11.93,30.68,2.75,1.553,1.5
LMT-0108,16.0,17.0,2.008,0.1104,19.53,11.14,33.11,2.11,1.5,1.54
LMT-0108,17.0,18.0,1.581,0.0762,20.11,11.11,34.31,2.22,1.483,1.6
LMT-0108,18.0,19.0,1.808,0.0545,17.58,13.57,32.29,1.88,1.38,1.48
LMT-0108,19.0,20.0,1.546,0.0503,18.92,15.91,36.36,2.25,1.403,1.66
LMT-0108,20.0,21.0,1.687,0.0395,17.14,17.26,34.67,1.62,1.387,1.59
LMT-0108,21.0,22.0,1.521,0.0308,16.48,20.08,36.21,2.01,1.378,1.67
LMT-0108,22.0,23.0,1.396,0.0313,14.72,19.66,34.28,1.95,1.122,1.67
LMT-0108,23.0,24.0,1.425,0.0359,13.28,21.16,39.13,1.29,1.109,1.77
LMT-0108,24.0,25.0,1.193,0.0323,13.0,21.28,39.08,1.35,0.942,1.7
LMT-0108,25.0,26.0,1.171,0.0283,12.28,21.47,42.13,1.42,1.194,1.85
LMT-0108,26.0,27.0,0.976,0.0269,11.27,26.16,39.78,0.96,0.801,1.74
LMT-0108,27.0,28.0,1.041,0.0275,9.77,31.11,43.71,1.08,0.98,1.8
LMT-0108,28.0,29.0,0.273,0.0131,6.88,39.02,39.27,1.03,0.506,2.64
LMT-0108,29.0,30.0,0.24,0.0101,6.65,31.14,40.97,0.95,0.431,2.57
LMT-0108,30.0,31.0,0.28,0.0139,6.6,42.33,39.54,0.94,0.421,2.57
LMT-0108,31.0,31.7,0.237,0.0131,6.5,39.8,42.05,0.75,0.415,2.78
LMT-0109,0.0,1.0,0.534,0.029,47.36,0.61,3.01,7.08,2.52,1.57
LMT-0109,1.0,2.0,0.826,0.0494,53.87,0.88,4.82,6.6,3.121,1.47
LMT-0109,2.0,3.0,0.929,0.0651,46.18,1.64,7.15,7.61,2.634,1.44
LMT-0109,3.0,4.0,0.799,0.0767,43.65,2.08,7.8,5.71,2.629,1.41
LMT-0109,4.0,5.0,0.96,0.0862,43.59,2.26,9.37,6.5,2.161,1.4
LMT-0109,5.0,6.0,1.046,0.0727,44.81,3.09,9.97,5.53,2.539,1.48
LMT-0109,6.0,7.0,1.08,0.0798,40.6,2.87,10.62,5.86,2.391,1.49
LMT-0109,7.0,8.0,1.2,0.0719,41.87,3.52,11.43,5.32,2.24,1.54
LMT-0109,8.0,9.0,1.092,0.0713,40.09,4.11,12.82,5.71,2.214,1.42
LMT-0109,9.0,10.0,1.093,0.0896,38.4,4.23,12.57,4.46,2.43,1.58
LMT-0109,10.0,11.0,1.268,0.1147,40.49,4.49,16.79,3.33,1.751,1.44
LMT-0109,11.0,12.0,1.322,0.1492,41.06,5.07,15.17,3.86,1.922,1.49
LMT-0109,12.0,13.0,1.112,0.2007,39.58,4.97,16.02,3.5,1.75,1.52
LMT-0109,13.0,14.0,1.14,0.2931,36.18,6.37,16.67,2.55,1.911,1.48
LMT-0109,14.0,15.0,2.052,0.126,20.28,10.31,29.0,2.33,1.572,1.51
LMT-0109,15.0,16.0,2.152,0.1055,19.64,12.18,31.65,1.44,1.466,1.6
LMT-0109,16.0,17.0,1.821,0.0689,19.83,11.78,35.37,2.1,1.128,1.68
LMT-0109,17.0,18.0,1.914,0.0478,18.5,13.45,34.82,1.68,1.522,1.63
LMT-0109,18.0,19.0,1.584,0.0382,18.59,13.93,37.64,2.01,0.988,1.57
LMT-0109,19.0,20.0,1.489,0.0417,15.98,17.11,36.07,1.97,1.231,1.73
LMT-0109,20.0,21.0,1.55,0.0497,15.02,17.68,34.2,1.61,1.149,1.75
LMT-0109,21.0,22.0,1.62,0.0404,15.5,17.94,36.42,1.56,1.275,1.61
LMT-0109,22.0,23.0,1.362,0.0338,14.89,22.9,37.8,1.63,1.23,1.74
LMT-0109,23.0,24.0,1.554,0.0291,12.97,21.05,37.95,1.71,1.15,1.61
LMT-0109,24.0,25.0,1.423,0.0346,12.06,22.69,40.21,1.21,0.972,1.84
LMT-0109,25.0,26.0,1.181,0.0266,11.54,21.98,37.26,1.29,0.975,1.9
LMT-0109,26.0,27.0,1.15,0.0193,11.07,27.09,36.1,1.2,0.831,1.8
LMT-0109,27.0,28.0,1.162,0.0257,10.18,23.41,41.32,1.04,0.782,1.78
LMT-0109,28.0,29.0,0.282,0.0166,6.82,36.6,34.53,0.78,0.523,2.59
LMT-0109,29.0,30.0,0.282,0.0124,6.6,45.0,35.98,0.88,0.405,2.71
LMT-0109,30.0,31.0,0.262,0.0133,6.45,36.21,40.7,0.83,0.467,2.6
LMT-0109,31.0,31.6,0.238,0.0115,6.19,37.57,39.74,0.65,0.479,2.77
LMT-0110,0.0,1.0,0.675,0.0409,49.31,0.68,3.07,7.31,2.54,1.4
LMT-0110,1.0,2.0,0.925,0.0575,50.16,1.04,4.29,5.41,1.922,1.49
LMT-0110,2.0,3.0,0.949,0.0576,41.91,1.56,6.97,6.97,2.41,1.39
LMT-0110,3.0,4.0,1.004,0.0789,45.37,2.11,8.8,7.19,2.552,1.36
LMT-0110,4.0,5.0,0.845,0.0631,42.11,3.15,9.2,5.99,2.192,1.39
LMT-0110,5.0,6.0,1.143,0.0721,44.47,2.86,10.51,5.24,2.058,1.39
LMT-0110,6.0,7.0,1.257,0.0805,44.25,3.55,11.19,4.3,2.078,1.54
LMT-0110,7.0,8.0,1.269,0.0705,39.49,4.63,11.98,4.37,2.608,1.57
LMT-0110,8.0,9.0,0.967,0.1505,39.67,4.35,14.08,4.43,1.713,1.44
LMT-0110,9.0,10.0,1.38,0.2133,38.18,5.72,16.02,3.86,2.04,1.43
LMT-0110,10.0,11.0,1.286,0.2998,34.08,5.03,18.16,3.75,1.927,1.53
LMT-0110,11.0,12.0,2.083,0.0943,21.59,10.46,29.6,2.1,1.496,1.42
LMT-0110,12.0,13.0,2.277,0.0917,17.98,11.78,37.73,2.6,1.722,1.62
LMT-0110,13.0,14.0,2.145,0.0588,18.36,12.81,35.99,2.08,1.313,1.57
LMT-0110,14.0,15.0,1.94,0.0349,17.03,15.17,34.76,1.58,1.319,1.58
LMT-0110,15.0,16.0,1.782,0.0303,16.64,15.4,33.86,2.02,1.076,1.59
LMT-0110,16.0,17.0,1.689,0.0476,16.5,15.16,36.13,2.0,1.417,1.53
LMT-0110,17.0,18.0,1.806,0.0486,16.8,15.23,35.05,2.02,1.223,1.62
LMT-0110,18.0,19.0,1.309,0.039,13.92,15.8,37.72,1.73,1.062,1.63
LMT-0110,19.0,20.0,1.371,0.0291,14.86,19.53,38.45,1.31,0.992,1.68
LMT-0110,20.0,21.0,1.511,0.0295,13.56,19.65,36.98,1.2,1.145,1.82
LMT-0110,21.0,22.0,1.634,0.0263,11.98,24.53,35.68,1.18,1.007,1.74
LMT-0110,22.0,23.0,1.17,0.0313,11.19,22.69,38.27,1.07,0.916,1.74
LMT-0110,23.0,24.0,1.089,0.0313,11.62,21.33,38.28,1.1,1.003,1.7
LMT-0110,24.0,25.0,1.061,0.025,9.72,26.04,39.24,1.15,0.87,1.8
LMT-0110,25.0,26.0,0.271,0.0142,6.46,33.11,39.75,0.9,0.435,2.52
LMT-0110,26.0,27.0,0.283,0.0123,6.54,35.51,44.34,0.88,0.489,2.71
LMT-0110,27.0,27.6,0.269,0.0137,6.81,34.67,38.37,0.86,0.452,2.57
LMT-0111,0.0,1.0,0.556,0.0345,51.71,0.73,3.48,8.06,3.363,1.48
LMT-0111,1.0,2.0,0.84,0.0464,45.33,1.0,4.74,7.31,2.908,1.53
LMT-0111,2.0,3.0,0.862,0.0662,44.73,2.0,8.18,5.43,2.31,1.41
LMT-0111,3.0,4.0,0.996,0.0955,44.01,3.08,8.92,5.91,2.394,1.39
LMT-0111,4.0,5.0,0.955,0.0681,43.15,4.05,11.98,5.34,2.572,1.46
LMT-0111,5.0,6.0,1.039,0.1295,39.72,4.2,13.55,5.47,2.485,1.51
LMT-0111,6.0,7.0,1.213,0.1815,40.33,5.64,15.68,4.6,1.954,1.5
LMT-0111,7.0,8.0,1.513,0.2722,36.6,5.87,16.24,3.35,1.896,1.48
LMT-0111,8.0,9.0,1.927,0.1698,22.19,10.74,32.06,2.37,1.356,1.55
LMT-0111,9.0,10.0,2.026,0.1356,20.44,12.38,30.59,2.56,1.466,1.46
LMT-0111,10.0,11.0,2.208,0.0625,19.54,12.05,38.64,1.88,1.326,1.6
LMT-0111,11.0,12.0,1.792,0.048,18.59,15.22,34.56,1.94,1.241,1.66
LMT-0111,12.0,13.0,2.162,0.0323,16.81,17.62,35.75,1.64,1.236,1.64
LMT-0111,13.0,14.0,1.736,0.0437,15.94,15.9,35.8,1.93,1.105,1.55
LMT-0111,14.0,15.0,1.748,0.0338,13.37,19.27,35.39,1.61,1.248,1.7
LMT-0111,15.0,16.0,1.492,0.0282,13.4,22.87,36.56,1.29,1.086,1.85
LMT-0111,16.0,17.0,1.517,0.0304,13.21,21.56,34.47,1.42,1.11,1.77
LMT-0111,17.0,18.0,1.185,0.0238,11.76,21.31,40.46,1.18,1.163,1.76
LMT-0111,18.0,19.0,1.3,0.0269,9.39,23.46,42.89,0.92,0.999,1.78
LMT-0111,19.0,20.0,0.317,0.0181,6.39,36.79,43.04,0.94,0.557,2.43
LMT-0111,20.0,21.0,0.265,0.0165,6.59,42.07,40.5,0.85,0.469,2.72
LMT-0111,21.0,22.0,0.247,0.0167,6.18,38.47,43.53,0.9,0.438,2.78
LMT-0111,22.0,22.4,0.237,0.0148,6.74,38.1,43.3,0.93,0.553,2.57
LMT-0112,0.0,1.0,0.562,0.044,53.85,0.76,3.56,7.51,3.231,1.5
LMT-0112,1.0,2.0,0.785,0.0526,51.68,1.09,4.41,7.67,2.967,1.6
LMT-0112,2.0,3.0,0.938,0.0851,45.94,2.1,7.87,6.3,3.224,1.44
LMT-0112,3.0,4.0,1.045,0.1115,44.4,3.24,11.83,5.05,2.66,1.44
LMT-0112,4.0,5.0,1.144,0.1264,42.33,4.52,13.59,5.1,2.406,1.43
LMT-0112,5.0,6.0,1.331,0.2988,43.59,5.85,17.56,3.81,2.5,1.58
LMT-0112,6.0,7.0,2.403,0.1818,22.81,10.7,32.24,2.85,1.485,1.53
LMT-0112,7.0,8.0,2.127,0.12,21.03,13.87,37.37,2.54,1.636,1.53
LMT-0112,8.0,9.0,1.989,0.0817,17.28,15.64,37.7,2.27,1.157,1.6
LMT-0112,9.0,10.0,1.797,0.0392,17.97,15.69,37.64,2.45,1.32,1.69
LMT-0112,10.0,11.0,1.697,0.0433,15.18,19.96,39.18,1.64,1.367,1.7
LMT-0112,11.0,12.0,1.563,0.0467,13.79,22.15,41.78,1.82,0.898,1.78
LMT-0112,12.0,13.0,1.485,0.0283,11.46,24.9,43.04,1.23,1.013,1.89
LMT-0112,13.0,14.0,1.353,0.0218,11.8,25.74,39.67,1.37,1.028,1.81
LMT-0112,14.0,15.0,0.982,0.0216,10.82,28.74,43.71,1.2,0.95,1.95
LMT-0112,15.0,16.0,0.269,0.0161,7.29,41.0,42.11,0.93,0.487,2.68
LMT-0112,16.0,17.0,0.237,0.0166,6.97,37.99,45.42,0.95,0.534,2.78
LMT-0112,17.0,17.5,0.284,0.0141,7.22,36.48,41.41,1.07,0.54,2.85
LMT-0113,0.0,1.0,0.593,0.0348,50.66,0.73,3.51,9.6,2.484,1.62
LMT-0113,1.0,2.0,0.977,0.0801,49.96,1.27,6.32,7.26,2.087,1.51
LMT-0113,2.0,3.0,0.922,0.1017,46.04,2.22,9.07,5.18,2.836,1.41
LMT-0113,3.0,4.0,0.938,0.0728,41.74,3.07,10.12,6.26,2.263,1.58
LMT-0113,4.0,5.0,1.208,0.0879,41.48,3.92,12.58,5.58,2.199,1.64
LMT-0113,5.0,6.0,1.151,0.1695,41.17,4.52,14.73,4.42,2.483,1.49
LMT-0113,6.0,7.0,1.08,0.2853,38.81,5.75,17.18,4.21,2.568,1.61
LMT-0113,7.0,8.0,2.249,0.155,21.49,10.8,31.94,2.26,1.626,1.53
LMT-0113,8.0,9.0,2.379,0.1597,21.99,13.11,35.68,2.19,1.595,1.66
LMT-0113,9.0,10.0,1.97,0.0667,19.43,13.82,34.46,2.33,1.613,1.65
LMT-0113,10.0,11.0,1.915,0.0497,16.24,17.15,38.59,2.02,1.143,1.73
LMT-0113,11.0,12.0,1.658,0.0378,14.38,19.92,36.51,1.47,1.535,1.81
LMT-0113,12.0,13.0,1.365,0.0306,12.25,27.87,38.72,1.4,1.052,1.87
LMT-0113,13.0,14.0,1.132,0.0281,10.8,27.65,40.89,1.45,0.983,1.82
LMT-0113,14.0,15.0,0.274,0.0158,6.93,39.46,42.53,1.29,0.501,2.75
LMT-0113,15.0,16.0,0.266,0.0152,7.19,37.84,41.85,1.02,0.534,2.77
LMT-0113,16.0,17.0,0.255,0.0133,6.73,41.95,39.44,1.1,0.427,2.73
LMT-0113,17.0,17.7,0.249,0.0146,6.1,39.2,44.89,0.98,0.54,2.64
LMT-0114,0.0,1.0,0.606,0.0593,51.33,0.79,4.3,7.09,2.712,1.58
LMT-0114,1.0,2.0,1.003,0.0743,45.28,1.66,7.5,7.67,2.696,1.4
LMT-0114,2.0,3.0,0.806,0.0791,47.71,2.32,9.21,6.74,2.882,1.59
LMT-0114,3.0,4.0,1.033,0.0809,42.96,2.74,9.16,5.18,3.0,1.42
LMT-0114,4.0,5.0,1.039,0.0823,46.86,3.62,11.58,5.19,2.463,1.54
LMT-0114,5.0,6.0,1.121,0.1006,42.78,3.7,12.94,5.96,2.4,1.64
LMT-0114,6.0,7.0,1.114,0.0948,43.66,5.11,13.9,5.77,2.35,1.52
LMT-0114,7.0,8.0,1.239,0.1271,38.83,5.07,15.81,5.43,2.231,1.56
LMT-0114,8.0,9.0,1.151,0.181,39.61,5.53,15.57,3.52,2.146,1.48
LMT-0114,9.0,10.0,1.234,0.2833,37.99,5.88,17.01,3.99,2.197,1.52
LMT-0114,10.0,11.0,2.338,0.1167,23.08,11.9,32.74,2.34,1.416,1.52
LMT-0114,11.0,12.0,2.048,0.092,19.08,13.51,35.99,1.91,1.637,1.45
LMT-0114,12.0,13.0,1.844,0.057,17.6,15.18,37.01,1.89,1.147,1.57
LMT-0114,13.0,14.0,1.339,0.0397,16.28,19.08,35.24,1.51,1.375,1.78
LMT-0114,14.0,15.0,1.328,0.0392,13.9,25.3,39.9,1.56,1.104,1.64
LMT-0114,15.0,16.0,1.164,0.0275,10.61,25.01,42.36,1.17,1.09,1.83
LMT-0114,16.0,17.0,0.953,0.0283,9.79,25.74,46.46,1.06,0.923,1.85
LMT-0114,17.0,18.0,0.25,0.0159,6.7,33.69,37.74,0.76,0.509,2.82
LMT-0114,18.0,19.0,0.262,0.0156,6.4,32.09,40.24,1.02,0.485,2.75
LMT-0114,19.0,19.9,0.244,0.0141,6.74,41.71,40.74,0.98,0.457,2.65
LMT-0115,0.0,1.0,0.629,0.0475,45.67,0.82,4.31,6.1,2.504,1.52
LMT-0115,1.0,2.0,0.849,0.0672,45.55,1.7,6.92,4.92,2.413,1.47
LMT-0115,2.0,3.0,0.89,0.058,49.18,1.85,8.0,5.81,2.393,1.39
LMT-0115,3.0,4.0,0.896,0.0442,42.04,2.17,8.24,6.0,2.513,1.31
LMT-0115,4.0,5.0,1.017,0.058,43.41,2.79,9.72,4.86,2.384,1.43
LMT-0115,5.0,6.0,0.903,0.0712,42.01,2.97,10.46,4.04,2.148,1.49
LMT-0115,6.0,7.0,0.829,0.0841,41.14,3.07,11.54,4.86,2.308,1.32
LMT-0115,7.0,8.0,0.921,0.0853,43.26,4.14,10.94,4.93,2.437,1.47
LMT-0115,8.0,9.0,0.837,0.0951,41.72,4.57,12.34,5.09,2.238,1.45
LMT-0115,9.0,10.0,0.985,0.1012,40.76,4.84,13.46,3.78,2.06,1.42
LMT-0115,10.0,11.0,1.014,0.1204,38.69,4.94,14.79,3.65,1.887,1.4
LMT-0115,11.0,12.0,1.086,0.1351,38.75,5.49,14.96,3.6,1.868,1.56
LMT-0115,12.0,13.0,1.422,0.2266,37.55,5.4,16.38,2.72,2.079,1.62
LMT-0115,13.0,14.0,1.13,0.3391,36.86,6.28,16.46,3.41,1.652,1.61
LMT-0115,14.0,15.0,1.802,0.1144,18.65,12.07,31.61,2.86,1.573,1.45
LMT-0115,15.0,16.0,1.995,0.0593,17.6,14.01,28.6,1.68,1.348,1.6
LMT-0115,16.0,17.0,1.447,0.0393,15.85,16.99,34.93,1.9,1.398,1.65
LMT-0115,17.0,18.0,1.543,0.0266,13.66,21.51,37.97,1.32,1.082,1.6
LMT-0115,18.0,19.0,1.134,0.0342,11.91,24.43,37.92,1.54,0.925,1.72
LMT-0115,19.0,20.0,1.037,0.0268,10.66,20.07,38.45,1.26,1.046,1.83
LMT-0115,20.0,21.0,1.076,0.018,9.52,26.54,38.93,1.23,0.96,1.74
LMT-0115,21.0,22.0,0.221,0.0128,6.12,41.64,38.68,1.01,0.47,2.62
LMT-0115,22.0,22.9,0.243,0.0183,6.47,30.72,39.32,1.17,0.43,2.6
LMT-0116,0.0,1.0,0.623,0.0653,50.56,1.04,4.13,7.25,3.01,1.56
LMT-0116,1.0,2.0,0.897,0.0614,46.15,1.64,6.84,6.0,2.351,1.48
LMT-0116,2.0,3.0,0.905,0.0832,46.63,2.03,7.33,4.46,2.249,1.38
LMT-0116,3.0,4.0,0.95,0.0721,41.15,2.67,9.4,5.82,2.808,1.32
LMT-0116,4.0,5.0,0.952,0.0745,41.09,3.09,9.68,5.23,2.432,1.43
LMT-0116,5.0,6.0,1.104,0.07,44.57,3.4,9.96,3.86,2.577,1.51
LMT-0116,6.0,7.0,1.085,0.0624,39.65,3.31,10.58,5.87,2.469,1.33
LMT-0116,7.0,8.0,1.028,0.0507,40.15,4.25,10.97,3.74,2.413,1.48
LMT-0116,8.0,9.0,1.225,0.0749,37.53,4.17,12.78,4.71,2.37,1.54
LMT-0116,9.0,10.0,1.004,0.0967,41.85,4.41,13.29,5.13,2.323,1.35
LMT-0116,10.0,11.0,1.104,0.0825,41.04,4.41,12.69,4.04,1.944,1.57
LMT-0116,11.0,12.0,1.163,0.1289,37.06,5.8,16.61,3.69,1.701,1.42
LMT-0116,12.0,13.0,1.032,0.2284,40.12,6.06,17.14,3.55,2.233,1.56
LMT-0116,13.0,14.0,1.181,0.3017,39.95,5.79,17.0,3.9,1.748,1.57
LMT-0116,14.0,15.0,1.923,0.1557,18.69,11.22,34.79,2.12,1.394,1.49
LMT-0116,15.0,16.0,1.959,0.1025,18.85,13.23,38.03,2.33,1.462,1.5
LMT-0116,16.0,17.0,2.234,0.0637,15.64,15.28,34.95,1.93,1.036,1.51
LMT-0116,17.0,18.0,1.621,0.0376,16.3,15.7,33.32,1.99,1.044,1.51
LMT-0116,18.0,19.0,1.514,0.0475,15.5,17.99,35.15,1.6,1.047,1.63
LMT-0116,19.0,20.0,1.334,0.0428,14.2,22.06,37.33,1.74,0.989,1.69
LMT-0116,20.0,21.0,1.327,0.0385,14.15,24.84,39.41,0.93,1.066,1.66
LMT-0116,21.0,22.0,1.158,0.0268,12.07,22.55,35.62,1.08,0.994,1.7
LMT-0116,22.0,23.0,1.206,0.0227,9.67,27.12,40.6,0.9,0.93,1.85
LMT-0116,23.0,24.0,0.246,0.0111,6.94,31.24,37.17,0.9,0.516,2.74
LMT-0116,24.0,25.0,0.244,0.0124,6.19,37.2,39.79,0.89,0.427,2.58
LMT-0116,25.0,25.5,0.235,0.0136,6.22,37.34,39.49,0.95,0.498,2.59
LMT-0117,0.0,1.0,0.667,0.0445,52.92,0.86,3.93,6.48,2.886,1.53
LMT-0117,1.0,2.0,0.79,0.0649,41.76,1.57,7.53,5.84,2.914,1.43
LMT-0117,2.0,3.0,0.946,0.0672,49.74,2.09,8.61,7.09,2.021,1.36
LMT-0117,3.0,4.0,0.964,0.0756,41.22,3.05,10.14,4.73,2.479,1.51
LMT-0117,4.0,5.0,1.077,0.0703,45.25,3.26,10.36,4.5,2.139,1.48
LMT-0117,5.0,6.0,1.021,0.0871,45.58,3.87,12.68,4.3,2.341,1.39
LMT-0117,6.0,7.0,1.093,0.0908,45.27,3.88,11.9,4.55,1.678,1.47
LMT-0117,7.0,8.0,1.295,0.1224,38.35,4.73,14.0,3.97,2.36,1.69
LMT-0117,8.0,9.0,1.317,0.2307,37.74,4.95,14.47,4.02,1.817,1.53
LMT-0117,9.0,10.0,1.37,0.2495,36.61,5.51,16.52,3.34,2.184,1.44
LMT-0117,10.0,11.0,2.199,0.1135,19.47,9.09,32.54,2.05,1.734,1.45
LMT-0117,11.0,12.0,1.939,0.0867,18.99,11.86,32.5,2.0,1.526,1.57
LMT-0117,12.0,13.0,2.268,0.0724,19.52,12.18,32.94,1.77,1.461,1.55
LMT-0117,13.0,14.0,1.323,0.0545,16.76,14.74,34.89,1.82,1.21,1.52
LMT-0117,14.0,15.0,1.684,0.0467,16.67,16.27,34.88,1.69,1.322,1.61
LMT-0117,15.0,16.0,1.564,0.038,14.8,17.44,35.94,1.38,1.327,1.66
LMT-0117,16.0,17.0,1.485,0.034,13.84,18.55,37.34,1.61,0.936,1.86
LMT-0117,17.0,18.0,1.419,0.0364,12.94,22.83,37.81,1.51,1.168,1.69
LMT-0117,18.0,19.0,1.294,0.0336,11.5,23.53,39.89,1.11,0.772,1.79
LMT-0117,19.0,20.0,1.104,0.0203,10.96,27.41,36.97,0.99,0.849,1.77
LMT-0117,20.0,21.0,1.032,0.02,9.98,26.12,41.14,0.86,0.673,1.76
LMT-0117,21.0,22.0,0.29,0.0128,7.03,39.94,38.55,0.75,0.436,2.71
LMT-0117,22.0,23.0,0.29,0.0138,6.59,33.58,40.82,1.05,0.45,2.65
LMT-0117,23.0,24.0,0.247,0.0153,6.56,30.77,40.36,1.08,0.463,2.74
LMT-0117,24.0,24.3,0.238,0.0134,6.62,41.09,40.7,0.75,0.372,2.49
LMT-0118,0.0,1.0,0.668,0.0383,51.29,0.81,4.16,6.5,2.443,1.46
LMT-0118,1.0,2.0,0.781,0.0667,47.13,1.54,7.64,5.63,2.668,1.51
LMT-0118,2.0,3.0,0.921,0.0696,44.37,2.45,8.56,6.87,2.124,1.47
LMT-0118,3.0,4.0,0.98,0.078,43.71,3.26,11.71,4.35,2.351,1.46
LMT-0118,4.0,5.0,1.161,0.0931,45.08,3.19,12.11,5.04,2.169,1.55
LMT-0118,5.0,6.0,1.174,0.1127,39.36,4.81,14.25,3.15,2.062,1.51
LMT-0118,6.0,7.0,1.25,0.165,38.66,4.54,15.14,4.45,2.189,1.48
LMT-0118,7.0,8.0,1.266,0.2145,41.53,5.92,16.35,3.96,1.851,1.37
LMT-0118,8.0,9.0,1.904,0.1479,19.73,9.87,32.08,3.03,1.63,1.51
LMT-0118,9.0,10.0,2.075,0.0923,18.09,12.31,32.22,2.5,1.54,1.58
LMT-0118,10.0,11.0,1.861,0.0777,18.85,13.57,31.58,2.61,1.47,1.53
LMT-0118,11.0,12.0,2.079,0.0358,18.49,17.5,35.03,2.32,1.384,1.66
LMT-0118,12.0,13.0,1.995,0.0397,16.73,17.23,35.38,1.48,1.337,1.66
LMT-0118,13.0,14.0,1.869,0.0354,14.64,18.84,36.85,1.41,1.264,1.77
LMT-0118,14.0,15.0,1.445,0.039,13.96,22.57,38.25,1.45,0.963,1.64
LMT-0118,15.0,16.0,1.491,0.0339,12.4,21.12,35.48,1.59,0.936,1.6
LMT-0118,16.0,17.0,1.325,0.0292,10.75,25.55,36.35,1.07,0.832,1.77
LMT-0118,17.0,18.0,0.996,0.0228,11.31,27.42,35.97,0.97,0.801,1.77
LMT-0118,18.0,19.0,0.329,0.0109,6.61,32.44,38.66,1.0,0.433,2.73
LMT-0118,19.0,20.0,0.279,0.0088,6.69,36.02,40.04,1.07,0.43,2.58
LMT-0118,20.0,21.0,0.249,0.0157,6.36,43.1,37.31,0.93,0.465,2.66
LMT-0118,21.0,21.6,0.301,0.012,5.79,36.98,41.16,0.75,0.445,2.58
LMT-0119,0.0,1.0,0.485,0.038,44.46,0.59,3.6,7.09,2.412,1.45
LMT-0119,1.0,2.0,0.619,0.0485,44.83,0.96,4.69,6.68,1.944,1.44
LMT-0119,2.0,3.0,0.798,0.0701,44.93,1.8,7.53,5.61,1.618,1.31
LMT-0119,3.0,4.0,1.008,0.0729,44.48,2.43,8.98,4.71,1.902,1.29
LMT-0119,4.0,5.0,0.923,0.0702,43.18,2.88,10.47,4.74,2.224,1.42
LMT-0119,5.0,6.0,0.841,0.0676,40.21,3.69,11.67,2.66,2.453,1.35
LMT-0119,6.0,7.0,1.204,0.0576,38.85,4.03,13.39,3.17,2.05,1.49
LMT-0119,7.0,8.0,1.315,0.1112,37.88,4.32,13.8,3.45,2.046,1.48
LMT-0119,8.0,9.0,1.342,0.2639,33.25,5.6,16.02,2.73,1.921,1.5
LMT-0119,9.0,10.0,1.922,0.1424,19.35,9.57,31.7,2.26,1.318,1.31
LMT-0119,10.0,11.0,1.712,0.0855,16.02,9.45,28.93,2.31,1.427,1.49
LMT-0119,11.0,12.0,1.878,0.0371,16.95,12.84,31.28,2.02,1.115,1.52
LMT-0119,12.0,13.0,1.889,0.0398,17.45,13.26,36.54,2.16,1.239,1.57
LMT-0119,13.0,14.0,1.774,0.0221,15.57,14.94,34.21,1.41,1.231,1.56
LMT-0119,14.0,15.0,1.593,0.0357,13.8,15.33,35.84,1.57,1.202,1.51
LMT-0119,15.0,16.0,1.306,0.0285,14.75,20.35,35.43,1.15,0.974,1.61
LMT-0119,16.0,17.0,1.433,0.0314,11.72,18.18,39.85,1.22,0.865,1.59
LMT-0119,17.0,18.0,1.043,0.0207,10.95,21.73,39.5,0.96,1.005,1.65
LMT-0119,18.0,19.0,1.284,0.0238,10.78,18.67,36.04,1.05,0.734,1.82
LMT-0119,19.0,20.0,1.089,0.0198,9.87,25.68,39.63,0.91,0.711,1.82
LMT-0119,20.0,21.0,0.239,0.011,6.35,37.19,33.86,0.71,0.407,2.49
LMT-0119,21.0,22.0,0.229,0.01,6.25,34.49,37.07,0.93,0.349,2.58
LMT-0119,22.0,22.5,0.252,0.0136,5.98,34.31,42.49,0.89,0.435,2.6
LMT-0120,0.0,1.0,0.459,0.0495,50.0,0.72,3.45,9.98,3.34,1.59
LMT-0120,1.0,2.0,0.64,0.0541,43.56,1.08,5.05,7.48,2.683,1.7
LMT-0120,2.0,3.0,0.916,0.0652,49.53,1.62,7.82,6.27,2.704,1.41
LMT-0120,3.0,4.0,1.015,0.0784,47.21,2.56,8.84,6.36,2.356,1.45
LMT-0120,4.0,5.0,1.061,0.0806,42.1,3.61,10.01,6.93,2.55,1.5
LMT-0120,5.0,6.0,1.007,0.0909,45.53,4.16,12.4,4.73,2.356,1.41
LMT-0120,6.0,7.0,1.229,0.0876,41.99,4.86,13.58,5.34,2.27,1.43
LMT-0120,7.0,8.0,1.11,0.1282,37.68,4.93,14.75,4.32,1.98,1.53
LMT-0120,8.0,9.0,1.183,0.2255,39.07,5.86,17.45,4.3,1.988,1.56
LMT-0120,9.0,10.0,1.144,0.2552,36.22,6.31,17.58,4.28,2.385,1.55
LMT-0120,10.0,11.0,1.698,0.1179,19.83,11.99,33.97,2.42,1.392,1.59
LMT-0120,11.0,12.0,2.021,0.0967,19.82,12.26,34.31,2.52,1.557,1.63
LMT-0120,12.0,13.0,1.887,0.0544,17.73,13.88,37.44,2.18,1.555,1.58
LMT-0120,13.0,14.0,1.862,0.0477,16.31,14.86,37.15,2.05,1.302,1.58
LMT-0120,14.0,15.0,1.87,0.0505,17.82,15.34,32.21,2.2,1.281,1.59
LMT-0120,15.0,16.0,1.566,0.0433,16.63,17.52,36.43,1.99,1.382,1.65
LMT-0120,16.0,17.0,1.312,0.0433,17.26,15.91,38.44,1.84,1.455,1.59
LMT-0120,17.0,18.0,1.459,0.0311,15.0,19.36,37.93,2.38,1.22,1.59
LMT-0120,18.0,19.0,1.232,0.0303,13.77,21.23,36.7,1.62,1.186,1.7
LMT-0120,19.0,20.0,1.058,0.0384,14.09,23.49,38.11,1.75,1.085,1.82
LMT-0120,20.0,21.0,1.282,0.0309,13.2,23.31,38.0,1.44,1.231,1.78
LMT-0120,21.0,22.0,1.161,0.035,11.96,23.77,40.16,1.33,1.054,1.93
LMT-0120,22.0,23.0,0.885,0.0291,10.83,24.79,40.38,1.18,1.032,1.83
LMT-0120,23.0,24.0,1.01,0.0295,9.83,30.26,41.88,1.34,0.831,1.89
LMT-0120,24.0,25.0,0.263,0.0166,6.18,32.17,42.8,0.99,0.48,2.77
LMT-0120,25.0,26.2,0.238,0.0148,5.96,42.49,39.4,0.99,0.41,2.77
LMT-0121,0.0,1.0,0.543,0.0456,54.69,0.75,3.59,10.55,3.06,1.69
LMT-0121,1.0,2.0,0.656,0.0691,53.74,1.18,4.96,8.59,3.502,1.64
LMT-0121,2.0,3.0,0.881,0.0865,50.36,1.91,8.32,6.99,3.029,1.56
LMT-0121,3.0,4.0,1.03,0.0823,46.21,2.62,8.15,6.0,3.017,1.45
LMT-0121,4.0,5.0,1.083,0.0752,48.1,3.46,10.6,5.59,3.295,1.52
LMT-0121,5.0,6.0,0.973,0.0994,47.03,3.69,12.06,5.46,2.945,1.44
LMT-0121,6.0,7.0,1.092,0.0988,44.93,4.44,12.94,6.26,2.732,1.48
LMT-0121,7.0,8.0,1.356,0.0746,42.38,4.85,14.26,5.54,2.46,1.56
LMT-0121,8.0,9.0,1.172,0.1448,40.33,4.87,14.99,5.72,2.495,1.61
LMT-0121,9.0,10.0,1.153,0.1735,43.3,5.56,16.84,4.02,1.951,1.53
LMT-0121,10.0,11.0,1.281,0.3005,38.35,6.42,17.32,3.85,2.061,1.64
LMT-0121,11.0,12.0,2.303,0.1955,21.11,9.89,33.12,3.36,1.904,1.58
LMT-0121,12.0,13.0,2.171,0.1483,22.0,12.89,35.01,3.3,1.273,1.57
LMT-0121,13.0,14.0,1.885,0.0847,19.56,14.0,39.21,2.52,1.743,1.56
LMT-0121,14.0,15.0,2.024,0.0603,19.33,15.99,39.26,2.47,1.669,1.71
LMT-0121,15.0,16.0,1.886,0.0522,19.17,15.58,36.32,2.13,1.29,1.75
LMT-0121,16.0,17.0,1.601,0.0514,17.46,15.89,41.19,2.16,1.234,1.79
LMT-0121,17.0,18.0,1.82,0.0542,15.37,16.6,34.52,1.94,1.455,1.69
LMT-0121,18.0,19.0,1.626,0.0493,15.47,20.54,38.6,1.95,1.361,1.77
LMT-0121,19.0,20.0,1.492,0.0438,15.99,22.19,41.15,1.85,1.061,1.86
LMT-0121,20.0,21.0,1.189,0.0389,16.07,25.17,40.66,1.88,1.315,1.88
LMT-0121,21.0,22.0,1.276,0.0329,13.83,22.83,42.45,1.46,1.114,1.96
LMT-0121,22.0,23.0,1.213,0.0385,12.42,27.28,37.95,1.47,1.141,1.75
LMT-0121,23.0,24.0,1.261,0.0305,11.43,25.57,43.22,1.5,1.027,1.74
LMT-0121,24.0,25.0,0.861,0.0268,10.69,29.68,44.88,1.2,1.036,1.99
LMT-0121,25.0,26.0,0.297,0.0137,6.72,40.29,42.14,1.01,0.647,2.83
LMT-0121,26.0,27.0,0.289,0.0137,7.41,43.1,45.63,0.88,0.578,2.63
LMT-0121,27.0,27.5,0.272,0.016,6.9,40.2,41.74,1.01,0.518,2.85
LMT-0122,0.0,1.0,0.636,0.0408,56.0,0.66,3.38,9.41,3.328,1.68
LMT-0122,1.0,2.0,0.814,0.0539,51.2,1.08,5.44,10.08,2.898,1.51
LMT-0122,2.0,3.0,0.941,0.0486,48.87,1.69,7.33,6.8,2.955,1.51
LMT-0122,3.0,4.0,1.017,0.0675,47.99,2.25,9.19,8.42,2.608,1.58
LMT-0122,4.0,5.0,1.111,0.0973,48.93,3.2,9.79,7.58,2.877,1.48
LMT-0122,5.0,6.0,1.082,0.0958,47.25,3.13,11.42,6.26,2.398,1.62
LMT-0122,6.0,7.0,0.996,0.096,46.98,3.82,10.91,7.18,2.554,1.55
LMT-0122,7.0,8.0,1.093,0.0966,46.67,4.43,13.02,5.2,2.241,1.55
LMT-0122,8.0,9.0,1.154,0.1106,44.41,4.36,13.02,5.34,2.187,1.5
LMT-0122,9.0,10.0,1.285,0.1047,45.57,4.9,15.25,5.64,2.543,1.62
LMT-0122,10.0,11.0,1.251,0.1441,40.94,5.98,15.29,4.15,2.218,1.54
LMT-0122,11.0,12.0,1.372,0.2131,39.11,5.67,16.78,4.64,2.468,1.56
LMT-0122,12.0,13.0,1.346,0.3059,39.49,6.09,17.07,4.34,2.11,1.64
LMT-0122,13.0,14.0,,,,,,,,1.54
LMT-0122,14.0,15.0,2.274,0.1131,23.17,12.46,33.79,2.45,1.687,1.63
LMT-0122,15.0,16.0,2.22,0.0805,19.65,15.97,35.82,2.54,1.544,1.69
LMT-0122,16.0,17.0,1.858,0.0538,18.03,16.82,36.69,2.52,1.326,1.54
LMT-0122,17.0,18.0,1.707,0.049,16.92,19.68,37.28,2.2,1.352,1.76
LMT-0122,18.0,19.0,1.649,0.0449,15.51,18.62,38.44,1.82,1.273,1.78
LMT-0122,19.0,20.0,1.559,0.0477,14.14,20.4,34.69,1.72,1.258,1.85
LMT-0122,20.0,21.0,1.343,0.0332,13.56,24.13,45.18,1.46,0.939,1.73
LMT-0122,21.0,22.0,1.321,0.0314,11.73,25.57,42.08,1.7,0.932,1.81
LMT-0122,22.0,23.0,0.923,0.0314,10.3,27.97,47.23,1.01,1.005,1.98
LMT-0122,23.0,24.0,0.317,0.0175,7.21,36.05,45.07,1.14,0.498,2.74
LMT-0122,24.0,25.1,0.327,0.0159,7.24,39.77,43.2,1.05,0.502,2.85
LMT-0123,0.0,1.0,0.623,0.0487,52.75,0.73,3.58,7.91,3.24,1.54
LMT-0123,1.0,2.0,0.824,0.065,49.48,1.07,4.74,8.59,3.729,1.54
LMT-0123,2.0,3.0,0.956,0.0819,54.12,1.69,7.29,5.94,3.175,1.52
LMT-0123,3.0,4.0,1.089,0.0851,47.96,1.95,8.37,7.15,2.552,1.43
LMT-0123,4.0,5.0,0.843,0.0717,43.43,2.23,10.08,6.12,2.786,1.38
LMT-0123,5.0,6.0,0.945,0.0779,41.54,2.74,9.25,7.21,2.635,1.43
LMT-0123,6.0,7.0,1.046,0.0744,43.62,3.2,10.72,6.96,2.786,1.5
LMT-0123,7.0,8.0,1.013,0.0882,40.49,3.89,12.3,5.26,2.723,1.5
LMT-0123,8.0,9.0,1.185,0.0999,41.46,4.11,13.19,4.2,2.041,1.46
LMT-0123,9.0,10.0,1.171,0.1007,44.7,4.66,14.25,4.84,2.55,1.48
LMT-0123,10.0,11.0,1.242,0.12,43.42,5.09,15.61,3.89,2.365,1.57
LMT-0123,11.0,12.0,1.314,0.1257,40.9,5.58,15.9,4.68,2.176,1.58
LMT-0123,12.0,13.0,1.398,0.185,42.1,6.65,16.0,5.14,2.384,1.47
LMT-0123,13.0,14.0,1.23,0.3125,40.5,5.47,16.95,4.17,2.535,1.65
LMT-0123,14.0,15.0,1.154,0.3321,37.9,6.03,18.85,3.5,1.95,1.62
LMT-0123,15.0,16.0,2.359,0.1404,20.0,12.86,32.24,2.32,1.499,1.72
LMT-0123,16.0,17.0,1.873,0.0835,19.03,14.8,35.32,2.25,1.537,1.54
LMT-0123,17.0,18.0,1.943,0.0566,17.42,16.93,32.9,1.86,1.571,1.77
LMT-0123,18.0,19.0,1.795,0.0406,15.56,17.43,36.8,1.91,1.566,1.74
LMT-0123,19.0,20.0,1.628,0.0362,15.29,20.39,39.16,1.81,1.251,1.84
LMT-0123,20.0,21.0,1.472,0.0276,12.9,22.89,42.45,1.53,1.323,1.89
LMT-0123,21.0,22.0,1.224,0.036,11.48,22.04,43.2,1.63,1.034,1.87
LMT-0123,22.0,23.0,1.125,0.0187,11.21,30.09,40.94,1.19,1.037,1.96
LMT-0123,23.0,24.0,0.313,0.016,6.65,35.87,39.21,1.29,0.519,2.6
LMT-0123,24.0,25.0,0.293,0.0183,6.86,40.03,43.87,1.13,0.559,2.71
LMT-0123,25.0,26.0,0.307,0.0141,6.14,39.32,40.2,0.87,0.526,2.79
LMT-0123,26.0,26.3,0.281,0.0144,7.26,40.57,48.42,0.98,0.397,2.65
LMT-0124,0.0,1.0,0.551,0.0372,47.4,0.67,3.36,6.52,2.759,1.43
LMT-0124,1.0,2.0,0.697,0.049,48.36,0.89,4.83,6.52,2.821,1.57
LMT-0124,2.0,3.0,0.953,0.0543,47.94,1.57,6.67,6.67,2.023,1.43
LMT-0124,3.0,4.0,0.843,0.0456,41.52,1.8,7.78,4.92,2.342,1.38
LMT-0124,4.0,5.0,0.893,0.0835,44.62,2.07,8.57,4.93,2.542,1.36
LMT-0124,5.0,6.0,1.09,0.0696,40.6,2.65,8.92,5.5,2.125,1.54
LMT-0124,6.0,7.0,1.031,0.0718,43.25,3.05,9.12,5.09,2.147,1.46
LMT-0124,7.0,8.0,1.122,0.0899,38.01,3.92,10.29,4.48,2.068,1.44
LMT-0124,8.0,9.0,1.051,0.0857,41.05,3.7,11.63,3.53,1.954,1.4
LMT-0124,9.0,10.0,0.944,0.0905,40.78,4.17,13.68,4.4,1.95,1.51
LMT-0124,10.0,11.0,1.024,0.0871,38.16,3.91,13.94,3.64,2.138,1.52
LMT-0124,11.0,12.0,0.987,0.083,39.65,5.18,14.27,3.31,2.085,1.52
LMT-0124,12.0,13.0,1.281,0.1512,40.97,4.37,15.04,3.64,1.684,1.5
LMT-0124,13.0,14.0,1.159,0.2967,40.6,5.31,16.22,2.72,1.751,1.47
LMT-0124,14.0,15.0,2.163,0.1526,19.26,8.8,34.35,2.36,1.396,1.46
LMT-0124,15.0,16.0,1.902,0.0881,18.63,11.0,32.26,2.24,1.135,1.43
LMT-0124,16.0,17.0,1.939,0.0639,17.75,11.3,32.76,1.75,1.476,1.53
LMT-0124,17.0,18.0,1.678,0.0369,16.39,11.12,33.0,2.04,1.07,1.63
LMT-0124,18.0,19.0,1.645,0.0323,16.04,14.04,30.69,1.82,1.21,1.5
LMT-0124,19.0,20.0,1.682,0.0398,15.68,16.24,37.9,1.67,1.159,1.7
LMT-0124,20.0,21.0,1.285,0.0294,14.63,17.77,34.91,1.75,0.975,1.53
LMT-0124,21.0,22.0,1.549,0.0388,13.62,18.01,36.26,1.5,0.949,1.57
LMT-0124,22.0,23.0,1.328,0.0261,12.97,19.85,36.67,1.61,1.057,1.6
LMT-0124,23.0,24.0,1.142,0.0277,11.54,20.96,37.83,1.33,1.151,1.65
LMT-0124,24.0,25.0,1.073,0.0259,11.56,20.89,40.33,1.1,0.762,1.67
LMT-0124,25.0,26.0,1.17,0.0246,10.07,25.07,38.67,1.01,0.773,1.73
LMT-0124,26.0,27.0,0.898,0.0219,9.54,27.37,39.71,1.01,0.775,1.83
LMT-0124,27.0,28.0,0.288,0.0118,7.11,34.94,41.56,0.84,0.439,2.5
LMT-0124,28.0,29.0,0.259,0.0116,6.31,33.15,37.2,0.86,0.42,2.56
LMT-0125,0.0,1.0,0.415,0.0338,48.84,0.67,3.1,7.42,2.619,1.46
LMT-0125,1.0,2.0,0.705,0.0446,45.66,0.81,4.52,5.52,2.506,1.41
LMT-0125,2.0,3.0,0.621,0.052,45.78,1.21,6.37,6.66,2.204,1.41
LMT-0125,3.0,4.0,0.891,0.0442,42.98,1.93,7.36,4.55,2.179,1.36
LMT-0125,4.0,5.0,0.937,0.052,43.48,2.61,8.08,5.73,1.815,1.32
LMT-0125,5.0,6.0,1.235,0.0671,42.33,2.77,9.38,4.86,1.853,1.43
LMT-0125,6.0,7.0,1.089,0.0689,39.47,3.41,11.08,4.21,2.03,1.42
LMT-0125,7.0,8.0,1.002,0.0587,42.78,3.69,12.02,4.72,2.282,1.36
LMT-0125,8.0,9.0,1.032,0.0658,40.78,4.03,11.75,3.91,2.094,1.32
LMT-0125,9.0,10.0,1.15,0.0936,38.09,4.49,13.62,3.67,2.02,1.39
LMT-0125,10.0,11.0,0.908,0.0582,39.74,4.96,14.49,3.91,1.774,1.45
LMT-0125,11.0,12.0,1.052,0.1897,34.02,5.45,15.95,3.14,1.74,1.39
LMT-0125,12.0,13.0,1.195,0.1899,36.5,5.01,16.18,3.35,1.514,1.34
LMT-0125,13.0,14.0,1.625,0.121,19.46,9.77,29.04,1.84,0.98,1.43
LMT-0125,14.0,15.0,1.88,0.0837,18.08,10.06,31.81,2.15,1.412,1.44
LMT-0125,15.0,16.0,1.86,0.0399,18.25,12.72,32.25,1.56,1.539,1.58
LMT-0125,16.0,17.0,1.707,0.0302,15.52,13.27,33.13,1.87,1.314,1.56
LMT-0125,17.0,18.0,1.494,0.0467,15.47,14.18,34.54,1.63,1.163,1.54
LMT-0125,18.0,19.0,1.562,0.0419,13.08,14.25,32.78,1.67,0.899,1.53
LMT-0125,19.0,20.0,1.295,0.0234,13.42,19.18,33.57,1.59,1.018,1.66
LMT-0125,20.0,21.0,1.383,0.0178,13.64,19.35,36.52,1.14,1.111,1.69
LMT-0125,21.0,22.0,1.167,0.0246,12.79,19.91,36.68,1.28,1.04,1.64
LMT-0125,22.0,23.0,,,,,,,,1.55
LMT-0125,23.0,24.0,1.137,0.0249,10.28,25.02,38.85,0.91,1.078,1.58
LMT-0125,24.0,25.0,0.993,0.023,10.15,27.63,38.86,0.97,0.719,1.79
LMT-0125,25.0,26.0,0.227,0.0077,6.35,30.17,36.4,0.79,0.459,2.7
LMT-0125,26.0,27.0,0.258,0.0132,6.59,33.09,39.58,0.9,0.389,2.46
LMT-0125,27.0,28.0,0.194,0.0131,5.83,33.83,35.06,0.94,0.404,2.62
LMT-0125,28.0,28.6,0.236,0.0139,5.83,36.17,35.8,0.92,0.343,2.55
LMT-0126,0.0,1.0,0.529,0.0234,48.54,0.53,2.93,6.31,1.902,1.56
LMT-0126,1.0,2.0,0.678,0.0419,48.38,0.89,3.91,4.91,2.974,1.38
LMT-0126,2.0,3.0,0.766,0.0462,42.23,1.41,6.07,4.69,2.45,1.39
LMT-0126,3.0,4.0,0.775,0.0575,42.87,1.99,6.95,5.47,2.371,1.31
LMT-0126,4.0,5.0,0.892,0.0397,41.79,2.03,8.86,4.69,1.819,1.37
LMT-0126,5.0,6.0,0.837,0.0386,40.16,2.73,10.38,3.85,2.193,1.43
LMT-0126,6.0,7.0,1.022,0.0612,40.59,3.73,10.78,4.6,1.605,1.39
LMT-0126,7.0,8.0,1.113,0.0604,37.58,3.36,11.74,3.85,1.883,1.4
LMT-0126,8.0,9.0,1.069,0.0873,36.95,3.89,14.63,4.02,2.044,1.36
LMT-0126,9.0,10.0,1.102,0.1767,36.66,4.94,14.07,3.49,1.66,1.32
LMT-0126,10.0,11.0,1.019,0.17,34.37,5.37,16.96,2.47,1.56,1.54
LMT-0126,11.0,12.0,2.35,0.1543,20.43,10.35,27.69,2.44,1.356,1.39
LMT-0126,12.0,13.0,1.713,0.0803,17.38,11.2,32.02,1.54,1.185,1.4
LMT-0126,13.0,14.0,1.96,0.0381,17.08,11.86,31.55,2.06,1.401,1.51
LMT-0126,14.0,15.0,1.966,0.0355,16.83,15.84,30.66,1.4,0.956,1.39
LMT-0126,15.0,16.0,,,,,,,,1.5
LMT-0126,16.0,17.0,1.295,0.0333,13.8,18.51,39.4,0.96,0.911,1.51
LMT-0126,17.0,18.0,1.398,0.0278,12.64,20.29,38.42,1.32,0.828,1.52
LMT-0126,18.0,19.0,0.95,0.0268,10.65,18.54,33.6,1.2,0.842,1.67
LMT-0126,19.0,20.0,0.917,0.0208,9.98,20.69,40.59,0.87,0.814,1.61
LMT-0126,20.0,21.0,0.96,0.0147,8.6,27.39,37.5,0.78,0.572,1.65
LMT-0126,21.0,22.0,0.257,0.0157,6.09,34.42,35.41,0.62,0.425,2.6
LMT-0126,22.0,23.0,0.305,0.007,6.19,37.94,38.12,0.74,0.402,2.55
LMT-0126,23.0,23.7,0.244,0.0065,5.45,35.34,37.48,0.63,0.281,2.44
LMT-0127,0.0,1.0,0.479,0.0393,51.81,0.57,2.97,7.39,2.385,1.47
LMT-0127,1.0,2.0,0.78,0.0416,48.71,0.91,4.48,5.43,2.894,1.5
LMT-0127,2.0,3.0,1.201,0.0804,42.03,1.66,6.97,4.88,2.306,1.28
LMT-0127,3.0,4.0,0.872,0.0517,43.2,2.21,8.09,6.4,2.21,1.38
LMT-0127,4.0,5.0,0.994,0.0635,42.89,3.0,10.45,5.6,2.07,1.39
LMT-0127,5.0,6.0,0.898,0.057,43.94,3.53,10.75,5.25,2.3,1.41
LMT-0127,6.0,7.0,1.223,0.1046,42.4,4.64,12.91,4.57,2.566,1.5
LMT-0127,7.0,8.0,1.197,0.1651,40.65,5.04,15.12,4.68,1.976,1.32
LMT-0127,8.0,9.0,1.129,0.2911,34.99,5.83,16.71,3.9,1.996,1.41
LMT-0127,9.0,10.0,1.945,0.1223,18.98,10.36,30.84,2.53,1.409,1.58
LMT-0127,10.0,11.0,2.067,0.0536,16.69,13.07,36.49,2.06,1.125,1.56
LMT-0127,11.0,12.0,1.725,0.0416,16.14,14.42,31.52,1.45,1.419,1.58
LMT-0127,12.0,13.0,1.461,0.0353,16.8,18.62,36.23,1.51,1.175,1.58
LMT-0127,13.0,14.0,1.397,0.0311,13.3,17.61,33.09,1.05,1.287,1.68
LMT-0127,14.0,15.0,1.35,0.0229,12.03,22.85,35.46,1.31,1.037,1.68
LMT-0127,15.0,16.0,1.064,0.0263,9.67,21.94,41.05,0.86,0.657,1.74
LMT-0127,16.0,17.0,1.022,0.021,9.66,24.78,39.22,0.92,0.848,1.65
LMT-0127,17.0,18.0,0.257,0.0093,7.02,33.93,38.46,0.88,0.41,2.53
LMT-0127,18.0,18.7,0.279,0.0147,6.68,37.1,39.88,0.9,0.344,2.53
LMT-0128,0.0,1.0,0.47,0.0396,47.85,0.64,3.07,9.59,4.293,1.45
LMT-0128,1.0,2.0,0.681,0.0388,48.25,1.01,4.26,8.32,3.046,1.52
LMT-0128,2.0,3.0,1.037,0.0682,46.89,1.67,7.47,6.74,2.581,1.36
LMT-0128,3.0,4.0,1.118,0.0642,45.66,2.68,8.8,4.68,2.169,1.52
LMT-0128,4.0,5.0,1.143,0.0713,44.22,3.33,10.61,5.19,2.514,1.47
LMT-0128,5.0,6.0,1.271,0.1112,41.22,3.36,11.81,5.64,1.827,1.37
LMT-0128,6.0,7.0,1.323,0.1843,38.46,5.13,14.59,4.17,1.935,1.57
LMT-0128,7.0,8.0,1.411,0.2426,36.89,5.13,17.22,3.82,1.944,1.43
LMT-0128,8.0,9.0,1.986,0.1598,20.85,12.05,31.53,2.72,1.187,1.47
LMT-0128,9.0,10.0,2.022,0.0863,17.2,15.85,33.93,2.09,1.611,1.5
LMT-0128,10.0,11.0,1.828,0.0558,15.44,18.57,37.06,1.74,1.277,1.62
LMT-0128,11.0,12.0,1.382,0.0219,13.29,21.55,36.09,1.27,1.093,1.8
LMT-0128,12.0,13.0,1.228,0.0264,10.55,21.78,40.17,1.0,0.865,1.85
LMT-0128,13.0,14.0,0.313,0.0098,6.59,30.62,39.57,1.18,0.529,2.71
LMT-0128,14.0,15.0,0.286,0.0142,6.87,39.05,39.94,0.84,0.485,2.75
LMT-0128,15.0,16.0,0.269,0.0095,7.04,40.81,40.43,0.73,0.409,2.8
LMT-0128,16.0,16.3,0.291,0.0138,6.07,35.36,37.71,1.06,0.353,2.54
LMT-0129,0.0,1.0,0.635,0.0423,47.93,0.7,3.6,7.37,2.951,1.53
LMT-0129,1.0,2.0,0.834,0.0573,49.11,1.01,4.88,8.79,2.749,1.46
LMT-0129,2.0,3.0,0.855,0.0672,46.14,2.0,8.35,6.7,2.611,1.42
LMT-0129,3.0,4.0,1.219,0.0778,43.88,2.54,10.1,5.1,2.811,1.4
LMT-0129,4.0,5.0,1.173,0.0912,43.27,3.4,11.08,5.7,2.301,1.53
LMT-0129,5.0,6.0,1.242,0.0554,39.02,3.82,13.16,4.66,2.371,1.39
LMT-0129,6.0,7.0,1.262,0.1186,42.25,4.81,13.4,6.04,2.162,1.55
LMT-0129,7.0,8.0,1.344,0.2354,40.4,4.84,15.55,4.8,2.509,1.42
LMT-0129,8.0,9.0,1.255,0.2718,43.09,6.18,17.31,4.95,2.071,1.67
LMT-0129,9.0,10.0,2.086,0.1681,20.99,11.05,32.25,2.33,1.973,1.48
LMT-0129,10.0,11.0,1.838,0.0925,19.55,14.16,39.2,1.98,1.412,1.51
LMT-0129,11.0,12.0,1.287,0.0572,12.77,21.49,38.63,1.91,1.097,1.78
LMT-0129,12.0,13.0,1.253,0.0261,11.06,28.24,45.68,1.3,0.974,1.86
LMT-0129,13.0,14.0,0.278,0.0147,6.82,36.63,42.16,0.97,0.489,2.74
LMT-0129,14.0,15.0,0.269,0.015,6.37,31.33,38.57,0.89,0.409,2.56
LMT-0129,15.0,15.3,0.312,0.0129,7.43,36.43,40.85,0.95,0.404,2.78
LMT-0130,0.0,1.0,0.821,0.0447,52.19,0.89,3.9,8.24,2.746,1.59
LMT-0130,1.0,2.0,1.019,0.0689,45.35,1.84,6.57,5.22,2.575,1.4
LMT-0130,2.0,3.0,1.07,0.0638,47.46,2.33,8.56,5.83,2.643,1.53
LMT-0130,3.0,4.0,1.076,0.0944,44.65,2.6,9.09,5.96,2.477,1.47
LMT-0130,4.0,5.0,1.041,0.0578,40.97,3.29,10.61,5.88,2.262,1.58
LMT-0130,5.0,6.0,1.119,0.064,45.12,3.89,11.93,5.33,2.539,1.45
LMT-0130,6.0,7.0,1.267,0.0863,44.17,3.99,12.38,4.62,2.028,1.47
LMT-0130,7.0,8.0,1.434,0.0756,38.71,4.59,13.6,4.57,2.159,1.6
LMT-0130,8.0,9.0,1.137,0.0979,42.77,4.47,15.63,4.61,2.414,1.48
LMT-0130,9.0,10.0,1.327,0.1804,43.0,5.61,13.76,3.93,2.137,1.52
LMT-0130,10.0,11.0,1.258,0.2736,35.91,5.93,16.79,4.27,2.26,1.49
LMT-0130,11.0,12.0,1.24,0.3063,38.98,5.59,17.85,3.49,2.076,1.51
LMT-0130,12.0,13.0,1.962,0.0992,18.38,13.26,33.67,2.15,1.395,1.58
LMT-0130,13.0,14.0,1.718,0.0697,15.67,19.64,35.04,1.84,1.449,1.72
LMT-0130,14.0,15.0,1.353,0.0371,12.5,21.3,37.93,1.0,1.175,1.8
LMT-0130,15.0,16.0,0.302,0.014,6.43,37.49,44.41,1.08,0.52,2.67
LMT-0130,16.0,17.0,0.309,0.0136,6.92,41.98,42.4,0.81,0.497,2.49
LMT-0130,17.0,18.2,0.3,0.0095,6.85,36.19,46.02,1.13,0.488,2.55
LMT-0131,0.0,1.0,0.796,0.0497,50.01,0.91,4.29,7.27,2.543,1.5
LMT-0131,1.0,2.0,0.93,0.0498,45.86,1.72,7.19,6.95,2.291,1.36
LMT-0131,2.0,3.0,0.835,0.0692,44.3,1.98,7.88,5.42,2.111,1.38
LMT-0131,3.0,4.0,0.856,0.0649,40.44,2.32,9.05,5.04,2.484,1.55
LMT-0131,4.0,5.0,1.146,0.0813,42.61,2.95,9.88,4.91,2.566,1.46
LMT-0131,5.0,6.0,0.88,0.0654,41.06,3.37,10.48,5.45,2.497,1.44
LMT-0131,6.0,7.0,0.837,0.0705,44.33,3.49,11.46,4.07,2.382,1.58
LMT-0131,7.0,8.0,0.948,0.0679,41.55,3.61,11.48,4.91,1.846,1.45
LMT-0131,8.0,9.0,0.982,0.0773,38.03,4.58,12.93,5.06,2.371,1.39
LMT-0131,9.0,10.0,1.046,0.0609,41.84,4.11,12.11,4.58,1.95,1.5
LMT-0131,10.0,11.0,1.131,0.095,38.62,4.93,15.02,3.1,2.053,1.47
LMT-0131,11.0,12.0,1.178,0.1205,35.83,4.63,14.21,3.14,1.889,1.54
LMT-0131,12.0,13.0,1.043,0.1695,36.04,5.02,15.53,2.97,2.185,1.5
LMT-0131,13.0,14.0,1.087,0.2446,37.77,6.48,18.12,2.92,2.113,1.35
LMT-0131,14.0,15.0,1.936,0.0825,18.79,11.96,32.02,2.28,1.427,1.47
LMT-0131,15.0,16.0,1.862,0.0693,18.11,13.3,35.79,1.74,1.158,1.6
LMT-0131,16.0,17.0,1.721,0.0535,14.69,17.53,36.67,1.7,1.254,1.58
LMT-0131,17.0,18.0,1.38,0.0305,12.21,19.62,35.62,1.45,1.211,1.66
LMT-0131,18.0,19.0,1.154,0.0238,11.71,23.72,39.38,1.39,0.98,1.68
LMT-0131,19.0,20.0,1.063,0.023,9.99,25.96,39.58,1.15,0.682,1.91
LMT-0131,20.0,21.0,0.291,0.0102,6.72,36.96,40.1,0.87,0.433,2.59
LMT-0131,21.0,22.2,0.279,0.0127,6.75,34.89,39.76,0.81,0.46,2.62
LMT-0132,0.0,1.0,0.624,0.0427,51.97,0.89,3.71,7.71,2.328,1.47
LMT-0132,1.0,2.0,0.843,0.0514,41.76,1.54,6.93,5.84,2.348,1.26
LMT-0132,2.0,3.0,0.904,0.0629,43.04,2.08,7.46,6.4,2.127,1.35
LMT-0132,3.0,4.0,0.965,0.0689,44.9,2.62,9.04,5.2,2.394,1.45
LMT-0132,4.0,5.0,1.055,0.0711,40.61,2.58,9.24,5.78,2.254,1.4
LMT-0132,5.0,6.0,1.105,0.0757,41.38,3.01,10.4,4.29,2.604,1.33
LMT-0132,6.0,7.0,0.984,0.0872,43.68,3.52,10.64,5.39,2.228,1.43
LMT-0132,7.0,8.0,1.183,0.0594,37.55,4.11,13.62,5.02,2.36,1.44
LMT-0132,8.0,9.0,1.084,0.0931,42.31,3.65,11.79,5.2,2.07,1.48
LMT-0132,9.0,10.0,1.179,0.0611,38.29,4.67,13.81,4.24,1.996,1.42
LMT-0132,10.0,11.0,1.157,0.109,41.6,4.6,13.09,2.56,2.36,1.45
LMT-0132,11.0,12.0,1.277,0.1429,38.54,5.26,16.32,3.53,2.11,1.44
LMT-0132,12.0,13.0,1.366,0.2439,35.2,5.39,16.68,3.3,1.726,1.41
LMT-0132,13.0,14.0,2.109,0.1685,22.75,9.49,35.49,2.01,1.643,1.4
LMT-0132,14.0,15.0,2.048,0.1369,19.01,12.47,31.48,2.36,1.218,1.44
LMT-0132,15.0,16.0,1.635,0.0891,16.0,13.46,36.36,1.99,1.0,1.51
LMT-0132,16.0,17.0,2.081,0.0351,16.44,17.35,33.46,2.15,1.167,1.48
LMT-0132,17.0,18.0,1.499,0.0371,15.72,16.84,36.66,1.83,1.078,1.56
LMT-0132,18.0,19.0,1.358,0.0258,12.18,20.12,39.94,0.85,0.982,1.69
LMT-0132,19.0,20.0,1.242,0.0245,11.24,21.85,32.97,1.2,0.884,1.68
LMT-0132,20.0,21.0,1.117,0.0192,10.08,28.92,44.1,0.84,0.628,1.89
LMT-0132,21.0,22.0,0.241,0.0162,6.88,33.63,36.6,1.01,0.426,2.65
LMT-0132,22.0,23.0,0.276,0.014,6.28,40.33,35.45,0.87,0.401,2.48
LMT-0132,23.0,23.4,0.237,0.0128,6.32,35.66,41.3,0.64,0.489,2.65
LMT-0133,0.0,1.0,0.738,0.0514,44.81,0.89,4.45,6.31,2.558,1.57
LMT-0133,1.0,2.0,1.094,0.0659,43.24,1.99,7.11,5.47,2.553,1.38
LMT-0133,2.0,3.0,1.043,0.0607,42.86,2.22,8.21,6.41,2.457,1.45
LMT-0133,3.0,4.0,1.024,0.0781,46.24,2.81,9.22,7.06,2.162,1.39
LMT-0133,4.0,5.0,0.972,0.0822,41.76,2.95,10.17,5.8,2.762,1.57
LMT-0133,5.0,6.0,1.136,0.0594,42.6,3.47,11.33,5.26,2.384,1.42
LMT-0133,6.0,7.0,1.125,0.0926,43.23,3.64,11.86,4.15,1.959,1.44
LMT-0133,7.0,8.0,1.108,0.0837,44.08,4.53,13.18,3.71,2.241,1.46
LMT-0133,8.0,9.0,1.32,0.1051,37.78,4.73,14.72,4.61,1.887,1.46
LMT-0133,9.0,10.0,1.323,0.1701,38.34,4.96,13.3,4.04,2.146,1.4
LMT-0133,10.0,11.0,1.144,0.2654,39.59,5.45,16.25,2.92,2.133,1.45
LMT-0133,11.0,12.0,2.499,0.1764,20.0,9.87,33.13,2.31,1.485,1.44
LMT-0133,12.0,13.0,2.106,0.0743,18.83,11.0,32.83,2.52,1.424,1.53
LMT-0133,13.0,14.0,1.897,0.0531,17.84,15.44,34.48,1.27,1.165,1.5
LMT-0133,14.0,15.0,2.23,0.0543,15.98,16.14,38.37,1.38,1.304,1.57
LMT-0133,15.0,16.0,1.633,0.0415,15.45,19.05,37.72,1.82,1.19,1.54
LMT-0133,16.0,17.0,1.785,0.0366,13.95,20.41,36.56,1.24,1.045,1.72
LMT-0133,17.0,18.0,1.188,0.0259,12.48,21.72,37.87,1.28,0.864,1.71
LMT-0133,18.0,19.0,1.051,0.0213,10.23,24.1,40.9,1.11,0.797,1.75
LMT-0133,19.0,20.0,0.324,0.0144,6.81,37.94,38.49,0.82,0.456,2.64
LMT-0133,20.0,21.0,0.281,0.0124,7.11,37.09,37.53,0.8,0.426,2.73
LMT-0133,21.0,22.0,0.312,0.0154,6.21,34.47,41.25,0.76,0.406,2.61
LMT-0133,22.0,22.7,0.29,0.0114,6.41,41.71,42.82,0.8,0.482,2.66
LMT-0134,0.0,1.0,0.738,0.0563,55.25,0.87,4.22,6.43,3.234,1.56
LMT-0134,1.0,2.0,0.984,0.0935,46.01,2.63,10.11,4.39,2.565,1.37
LMT-0134,2.0,3.0,1.023,0.1537,43.18,3.93,11.46,5.6,2.434,1.43
LMT-0134,3.0,4.0,1.433,0.1962,42.7,5.14,15.8,4.69,2.221,1.41
LMT-0134,4.0,5.0,2.282,0.1654,21.52,10.35,34.04,2.87,1.765,1.59
LMT-0134,5.0,6.0,1.792,0.1132,18.22,13.71,34.81,2.22,1.598,1.6
LMT-0134,6.0,7.0,1.455,0.0577,16.15,18.42,40.29,1.94,1.257,1.69
LMT-0134,7.0,8.0,1.346,0.0504,14.01,20.37,43.38,1.31,1.214,1.8
LMT-0134,8.0,9.0,1.043,0.0357,13.13,26.11,43.63,1.41,0.975,1.81
LMT-0134,9.0,10.0,1.19,0.0244,10.19,28.06,40.88,0.98,0.866,1.87
LMT-0134,10.0,11.0,0.26,0.0128,6.51,35.82,40.04,0.91,0.539,2.62
LMT-0134,11.0,12.2,0.266,0.0171,6.9,36.11,44.45,0.97,0.446,2.57
LMT-0135,0.0,1.0,0.666,0.0447,49.67,0.76,3.86,7.62,3.15,1.71
LMT-0135,1.0,2.0,0.923,0.0935,47.87,1.84,7.49,6.79,2.98,1.44
LMT-0135,2.0,3.0,1.112,0.1155,48.58,2.8,10.55,5.28,2.321,1.51
LMT-0135,3.0,4.0,1.232,0.1736,42.93,4.88,15.45,4.71,2.716,1.48
LMT-0135,4.0,5.0,1.268,0.3139,41.17,5.98,17.74,4.51,2.424,1.49
LMT-0135,5.0,6.0,2.26,0.1657,23.14,12.01,39.0,2.76,1.552,1.61
LMT-0135,6.0,7.0,1.933,0.1027,19.82,13.24,35.84,2.43,1.62,1.67
LMT-0135,7.0,8.0,1.918,0.0556,18.2,16.39,39.01,2.24,1.517,1.67
LMT-0135,8.0,9.0,1.65,0.0471,15.55,19.98,40.21,1.81,1.261,1.7
LMT-0135,9.0,10.0,1.185,0.0455,14.43,20.67,44.35,1.94,1.154,1.8
LMT-0135,10.0,11.0,1.382,0.0342,12.96,26.26,41.47,1.46,1.157,1.9
LMT-0135,11.0,12.0,0.904,0.032,9.57,28.57,46.47,0.87,0.99,1.8
LMT-0135,12.0,13.0,0.31,0.0162,7.02,39.96,45.13,1.07,0.453,2.78
LMT-0135,13.0,14.0,0.269,0.016,7.16,33.52,41.01,0.89,0.464,2.77
LMT-0135,14.0,14.9,0.271,0.0149,5.94,40.3,40.53,0.87,0.496,2.7
LMT-0136,0.0,1.0,0.56,0.049,53.14,0.72,3.17,8.31,3.265,1.67
LMT-0136,1.0,2.0,0.726,0.0602,51.46,1.01,5.54,7.64,3.176,1.62
LMT-0136,2.0,3.0,0.94,0.0876,52.77,2.1,7.85,7.39,2.788,1.37
LMT-0136,3.0,4.0,0.949,0.0834,44.03,2.85,9.68,7.23,2.61,1.46
LMT-0136,4.0,5.0,0.897,0.0844,45.97,3.7,10.99,5.94,2.765,1.44
LMT-0136,5.0,6.0,1.055,0.105,41.48,4.16,12.36,5.76,2.492,1.56
LMT-0136,6.0,7.0,1.075,0.1196,40.04,4.49,12.79,5.45,2.499,1.56
LMT-0136,7.0,8.0,1.185,0.1835,45.13,5.0,14.16,4.52,2.9,1.71
LMT-0136,8.0,9.0,1.253,0.2632,40.96,5.47,17.32,5.06,2.169,1.5
LMT-0136,9.0,10.0,1.184,0.2796,39.75,6.06,16.39,3.9,2.098,1.61
LMT-0136,10.0,11.0,2.409,0.1233,21.47,11.28,34.4,2.54,1.66,1.6
LMT-0136,11.0,12.0,2.381,0.0667,19.22,11.33,35.22,2.34,1.493,1.65
LMT-0136,12.0,13.0,1.965,0.0693,18.46,14.62,36.57,2.05,1.333,1.63
LMT-0136,13.0,14.0,1.332,0.0464,18.97,17.12,37.64,2.38,1.367,1.73
LMT-0136,14.0,15.0,1.593,0.0453,17.37,19.53,38.61,1.97,1.136,1.69
LMT-0136,15.0,16.0,1.532,0.0351,15.07,20.92,40.19,2.16,1.247,1.73
LMT-0136,16.0,17.0,1.286,0.0391,15.15,23.42,37.72,1.65,1.115,1.91
LMT-0136,17.0,18.0,1.059,0.0414,14.58,27.4,41.82,1.59,1.255,1.86
LMT-0136,18.0,19.0,1.065,0.0312,12.02,26.16,42.95,1.62,1.079,1.79
LMT-0136,19.0,20.0,0.98,0.0285,11.55,26.44,39.29,1.04,1.047,1.7
LMT-0136,20.0,21.0,0.27,0.016,7.26,38.22,41.72,1.18,0.436,2.64
LMT-0136,21.0,22.0,0.249,0.0134,7.46,41.73,39.93,1.25,0.589,2.82
LMT-0136,22.0,23.2,0.232,0.015,6.79,42.1,40.67,1.06,0.487,2.59
LMT-0137,0.0,1.0,0.622,0.0468,53.04,0.74,3.73,10.3,3.611,1.59
LMT-0137,1.0,2.0,0.842,0.0549,49.42,1.24,5.03,7.47,3.233,1.63
LMT-0137,2.0,3.0,0.899,0.0883,46.63,2.14,7.29,6.66,2.341,1.45
LMT-0137,3.0,4.0,1.093,0.0815,48.45,2.62,9.63,7.19,2.085,1.55
LMT-0137,4.0,5.0,1.003,0.081,49.7,3.31,10.54,6.26,2.716,1.51
LMT-0137,5.0,6.0,1.045,0.1067,48.37,3.93,11.35,5.74,2.236,1.56
LMT-0137,6.0,7.0,1.126,0.0845,42.73,4.65,13.32,5.89,2.826,1.48
LMT-0137,7.0,8.0,1.202,0.1411,45.52,5.5,14.98,4.89,2.261,1.49
LMT-0137,8.0,9.0,0.962,0.1765,41.14,5.1,16.58,5.18,2.235,1.47
LMT-0137,9.0,10.0,1.256,0.3341,38.23,6.3,15.9,3.94,2.454,1.57
LMT-0137,10.0,11.0,1.298,0.2682,40.19,6.24,17.31,4.03,2.158,1.77
LMT-0137,11.0,12.0,2.161,0.1158,19.64,12.62,32.44,2.58,1.527,1.55
LMT-0137,12.0,13.0,2.074,0.0914,19.29,14.52,36.68,2.55,1.524,1.53
LMT-0137,13.0,14.0,2.122,0.0588,19.48,13.94,35.21,2.41,1.28,1.51
LMT-0137,14.0,15.0,1.671,0.0475,16.04,17.8,36.63,1.99,1.24,1.71
LMT-0137,15.0,16.0,1.801,0.043,15.41,18.11,38.04,1.29,1.183,1.78
LMT-0137,16.0,17.0,1.476,0.0427,13.35,24.09,38.77,1.7,1.183,1.63
LMT-0137,17.0,18.0,1.437,0.0439,14.11,26.39,40.37,1.75,1.153,1.82
LMT-0137,18.0,19.0,1.365,0.0345,11.89,26.4,44.58,1.56,1.243,2.02
LMT-0137,19.0,20.0,1.21,0.0352,11.17,26.42,42.03,1.05,1.174,1.93
LMT-0137,20.0,21.0,1.129,0.0266,10.92,32.18,46.99,1.28,1.053,1.89
LMT-0137,21.0,22.0,0.323,0.0155,6.65,38.93,42.96,1.06,0.458,2.79
LMT-0137,22.0,23.0,0.311,0.0171,6.72,39.83,45.23,1.15,0.564,2.62
LMT-0137,23.0,23.3,0.294,0.0158,7.47,41.11,43.66,0.9,0.489,2.85
LMT-0138,0.0,1.0,0.628,0.0377,49.06,0.75,3.28,9.6,2.852,1.63
LMT-0138,1.0,2.0,0.924,0.0548,51.69,0.96,4.72,8.61,2.95,1.58
LMT-0138,2.0,3.0,0.886,0.0842,47.54,1.97,7.58,6.79,2.825,1.51
LMT-0138,3.0,4.0,0.877,0.1023,47.85,2.25,9.19,6.47,2.707,1.42
LMT-0138,4.0,5.0,0.862,0.0971,45.94,3.08,10.04,4.95,2.01,1.44
LMT-0138,5.0,6.0,1.003,0.1044,44.61,3.61,11.41,5.5,2.251,1.5
LMT-0138,6.0,7.0,1.063,0.1047,42.49,3.95,12.6,5.28,2.386,1.46
LMT-0138,7.0,8.0,1.219,0.1122,41.12,3.81,15.11,5.51,2.307,1.44
LMT-0138,8.0,9.0,1.183,0.136,41.02,5.59,15.59,4.81,2.264,1.66
LMT-0138,9.0,10.0,1.184,0.2328,36.6,6.49,16.01,4.96,2.11,1.58
LMT-0138,10.0,11.0,1.276,0.2964,36.52,7.04,17.44,3.94,2.004,1.67
LMT-0138,11.0,12.0,2.312,0.1477,21.75,11.58,34.68,3.07,1.622,1.53
LMT-0138,12.0,13.0,1.934,0.1134,19.25,13.79,37.13,2.28,1.432,1.7
LMT-0138,13.0,14.0,2.019,0.0638,18.03,13.75,35.78,2.11,1.357,1.53
LMT-0138,14.0,15.0,1.9,0.0462,16.19,16.59,35.63,2.23,1.315,1.75
LMT-0138,15.0,16.0,1.655,0.0478,15.97,22.26,34.93,1.94,1.275,1.73
LMT-0138,16.0,17.0,1.376,0.035,13.76,23.78,38.51,1.65,1.248,1.72
LMT-0138,17.0,18.0,1.219,0.0383,12.53,23.41,41.7,1.55,1.05,1.81
LMT-0138,18.0,19.0,1.063,0.0288,10.26,26.76,42.17,1.29,0.881,1.79
LMT-0138,19.0,20.0,0.274,0.0117,6.64,35.34,43.66,1.13,0.633,2.67
LMT-0138,20.0,21.0,0.287,0.0184,6.55,39.67,43.94,1.03,0.459,2.68
LMT-0138,21.0,22.0,0.247,0.0145,6.67,38.22,44.42,0.75,0.54,2.77
LMT-0138,22.0,22.3,0.254,0.0122,6.67,43.27,43.05,0.86,0.451,2.7
LMT-0139,0.0,1.0,0.546,0.0396,50.85,0.64,3.13,8.75,3.26,1.72
LMT-0139,1.0,2.0,0.802,0.0494,51.64,1.02,4.69,7.11,2.703,1.55
LMT-0139,2.0,3.0,0.937,0.0587,46.83,1.94,7.86,8.31,2.715,1.51
LMT-0139,3.0,4.0,0.924,0.0706,44.71,2.48,8.17,7.42,2.603,1.45
LMT-0139,4.0,5.0,1.065,0.083,49.05,2.78,9.8,5.33,3.093,1.43
LMT-0139,5.0,6.0,1.125,0.0897,48.06,3.62,10.44,5.12,2.751,1.52
LMT-0139,6.0,7.0,1.092,0.0867,43.14,3.96,11.96,5.14,2.205,1.43
LMT-0139,7.0,8.0,1.19,0.1024,43.23,4.46,12.06,5.35,2.491,1.51
LMT-0139,8.0,9.0,1.123,0.0995,41.57,4.88,14.02,4.62,2.105,1.56
LMT-0139,9.0,10.0,1.147,0.1893,38.12,5.12,15.15,4.19,1.902,1.56
LMT-0139,10.0,11.0,1.194,0.2258,38.52,5.73,17.94,4.17,2.559,1.54
LMT-0139,11.0,12.0,1.324,0.2869,37.2,7.08,16.52,2.96,2.212,1.56
LMT-0139,12.0,13.0,1.857,0.1371,18.79,11.54,35.41,2.29,1.546,1.48
LMT-0139,13.0,14.0,2.071,0.0754,16.74,13.55,34.89,2.05,1.215,1.54
LMT-0139,14.0,15.0,1.753,0.0603,17.06,16.15,37.3,1.72,1.364,1.67
LMT-0139,15.0,16.0,1.653,0.0396,14.91,19.22,38.62,1.67,1.134,1.61
LMT-0139,16.0,17.0,1.643,0.03,12.6,23.02,39.11,1.16,0.913,1.9
LMT-0139,17.0,18.0,1.303,0.0313,11.39,21.35,40.45,1.62,1.049,1.68
LMT-0139,18.0,19.0,0.984,0.0282,11.26,24.83,41.4,1.01,1.033,1.91
LMT-0139,19.0,20.0,0.303,0.0149,6.93,34.43,42.58,1.03,0.473,2.68
LMT-0139,20.0,21.0,0.289,0.013,7.19,37.24,45.1,0.73,0.517,2.52
LMT-0139,21.0,22.0,0.31,0.0163,6.18,41.27,41.73,0.94,0.513,2.6
LMT-0140,0.0,1.0,0.558,0.0326,51.17,0.7,3.39,7.41,2.151,1.45
LMT-0140,1.0,2.0,0.703,0.0543,47.34,0.93,4.45,5.77,2.667,1.5
LMT-0140,2.0,3.0,0.932,0.0549,48.48,1.79,6.96,4.87,2.458,1.35
LMT-0140,3.0,4.0,0.94,0.086,43.92,2.25,9.07,4.94,2.424,1.4
LMT-0140,4.0,5.0,0.963,0.063,43.59,2.33,9.46,4.94,1.782,1.48
LMT-0140,5.0,6.0,0.963,0.0829,39.91,2.93,11.33,4.45,2.253,1.36
LMT-0140,6.0,7.0,1.251,0.0988,44.37,3.89,11.96,5.26,1.746,1.43
LMT-0140,7.0,8.0,1.097,0.0979,40.84,4.19,13.43,4.98,1.998,1.4
LMT-0140,8.0,9.0,1.02,0.1562,34.02,4.3,15.56,3.71,1.72,1.45
LMT-0140,9.0,10.0,1.339,0.1956,38.18,5.7,15.39,3.06,1.915,1.48
LMT-0140,10.0,11.0,1.283,0.3393,36.93,6.42,17.07,3.23,1.948,1.53
LMT-0140,11.0,12.0,2.083,0.1204,19.65,9.88,30.25,1.73,1.385,1.57
LMT-0140,12.0,13.0,1.971,0.0792,17.07,13.82,34.3,1.62,1.426,1.53
LMT-0140,13.0,14.0,1.721,0.0421,17.17,15.71,34.6,1.7,1.303,1.61
LMT-0140,14.0,15.0,1.796,0.0317,16.34,18.41,37.5,1.58,1.046,1.66
LMT-0140,15.0,16.0,1.383,0.0371,13.44,16.8,40.41,1.61,1.118,1.69
LMT-0140,16.0,17.0,1.295,0.0272,11.53,21.59,36.32,1.08,0.874,1.76
LMT-0140,17.0,18.0,1.013,0.0301,11.14,26.5,36.46,1.16,0.818,1.78
LMT-0140,18.0,19.0,1.084,0.0236,8.43,23.89,35.76,1.16,0.923,1.85
LMT-0140,19.0,20.0,0.275,0.0127,7.27,34.53,37.13,0.78,0.462,2.44
LMT-0140,20.0,20.9,0.254,0.0099,6.7,36.99,38.83,0.9,0.418,2.61
LMT-0141,0.0,1.0,0.602,0.0216,47.93,0.62,2.94,7.09,2.389,1.48
LMT-0141,1.0,2.0,0.767,0.0452,46.91,0.96,5.01,5.39,2.181,1.49
LMT-0141,2.0,3.0,0.918,0.0609,47.68,1.85,7.75,5.71,2.578,1.35
LMT-0141,3.0,4.0,0.877,0.079,39.02,2.29,8.35,4.61,1.933,1.27
LMT-0141,4.0,5.0,1.104,0.0621,40.24,3.22,9.64,3.71,2.217,1.45
LMT-0141,5.0,6.0,0.939,0.0499,37.34,2.99,11.91,4.04,2.067,1.35
LMT-0141,6.0,7.0,1.025,0.1028,40.72,2.99,11.99,5.46,2.255,1.46
LMT-0141,7.0,8.0,0.923,0.1372,37.06,4.35,14.11,3.02,1.998,1.46
LMT-0141,8.0,9.0,1.084,0.2555,35.07,5.8,14.11,3.21,1.45,1.47
LMT-0141,9.0,10.0,1.981,0.0771,18.84,8.84,29.01,2.13,1.356,1.32
LMT-0141,10.0,11.0,2.072,0.0925,17.77,12.16,27.75,1.71,1.166,1.45
LMT-0141,11.0,12.0,1.529,0.0722,16.73,13.73,31.93,1.89,1.099,1.55
LMT-0141,12.0,13.0,1.691,0.0393,14.19,15.54,34.34,1.45,1.067,1.48
LMT-0141,13.0,14.0,1.442,0.0363,13.9,21.19,33.41,1.58,1.058,1.71
LMT-0141,14.0,15.0,1.668,0.0325,13.04,18.22,35.06,1.52,0.921,1.79
LMT-0141,15.0,16.0,1.436,0.0378,11.39,21.4,36.95,1.23,0.914,1.71
LMT-0141,16.0,17.0,0.885,0.0138,9.62,24.57,36.35,0.81,0.831,1.82
LMT-0141,17.0,18.0,0.269,0.015,6.5,39.62,35.73,0.82,0.347,2.43
LMT-0141,18.0,19.0,0.232,0.0078,6.71,32.66,37.6,1.0,0.418,2.37
LMT-0141,19.0,19.4,0.236,0.0127,6.38,35.48,37.33,0.74,0.435,2.57
LMT-0142,0.0,1.0,0.536,0.0279,49.78,0.67,2.97,7.27,1.823,1.58
LMT-0142,1.0,2.0,0.69,0.0578,45.25,1.02,4.34,5.16,2.681,1.54
LMT-0142,2.0,3.0,1.009,0.0413,42.45,1.82,7.17,6.14,2.541,1.45
LMT-0142,3.0,4.0,1.093,0.0658,43.81,2.2,8.09,4.63,2.27,1.33
LMT-0142,4.0,5.0,1.141,0.0672,40.93,2.5,9.48,4.11,2.553,1.34
LMT-0142,5.0,6.0,0.974,0.0646,40.49,3.24,11.14,3.82,1.93,1.47
LMT-0142,6.0,7.0,1.208,0.0968,37.26,4.61,12.71,2.95,2.008,1.41
LMT-0142,7.0,8.0,1.109,0.1672,35.43,4.65,14.53,3.32,1.836,1.33
LMT-0142,8.0,9.0,0.947,0.2064,37.21,6.29,16.09,2.7,1.758,1.45
LMT-0142,9.0,10.0,2.201,0.13,17.77,9.2,31.03,1.97,1.136,1.36
LMT-0142,10.0,11.0,2.181,0.0715,18.96,11.06,33.9,1.73,1.53,1.42
LMT-0142,11.0,12.0,1.945,0.0421,16.77,16.21,31.31,1.69,1.359,1.44
LMT-0142,12.0,13.0,1.591,0.0318,15.0,17.56,35.73,1.54,0.909,1.47
LMT-0142,13.0,14.0,1.554,0.0168,13.24,21.36,36.21,1.43,0.842,1.63
LMT-0142,14.0,15.0,1.219,0.0215,12.01,21.96,36.52,0.96,0.833,1.64
LMT-0142,15.0,16.0,1.148,0.0243,11.32,20.03,39.74,0.99,0.764,1.68
LMT-0142,16.0,17.0,1.065,0.0254,9.4,22.57,40.59,0.98,0.722,1.78
LMT-0142,17.0,18.0,0.237,0.0118,6.36,35.0,40.42,0.82,0.425,2.57
LMT-0142,18.0,18.9,0.255,0.0083,6.66,34.67,39.02,0.97,0.293,2.44
LMT-0143,0.0,1.0,0.708,0.0379,44.94,0.56,3.22,7.7,2.299,1.58
LMT-0143,1.0,2.0,0.707,0.0362,46.24,0.98,4.09,5.71,2.616,1.45
LMT-0143,2.0,3.0,0.812,0.0611,45.33,1.53,7.14,3.81,2.649,1.36
LMT-0143,3.0,4.0,1.037,0.0737,43.06,2.13,8.35,4.43,1.92,1.35
LMT-0143,4.0,5.0,0.952,0.0396,44.09,3.35,10.43,5.32,2.121,1.46
LMT-0143,5.0,6.0,1.26,0.0655,42.0,3.97,11.09,3.58,2.237,1.4
LMT-0143,6.0,7.0,1.056,0.1016,42.82,4.57,11.77,5.01,2.09,1.4
LMT-0143,7.0,8.0,1.162,0.1062,36.55,4.97,15.82,3.07,1.919,1.48
LMT-0143,8.0,9.0,1.298,0.3039,36.63,5.57,15.43,3.58,1.783,1.45
LMT-0143,9.0,10.0,2.055,0.0844,19.24,10.73,30.05,2.03,1.672,1.51
LMT-0143,10.0,11.0,1.808,0.081,17.19,13.14,31.88,2.09,1.299,1.56
LMT-0143,11.0,12.0,1.583,0.0398,14.58,14.67,34.63,1.37,1.383,1.5
LMT-0143,12.0,13.0,1.621,0.0372,13.24,18.77,36.68,1.05,1.152,1.76
LMT-0143,13.0,14.0,1.322,0.0209,11.4,21.68,38.09,1.22,1.091,1.72
LMT-0143,14.0,15.0,1.064,0.0171,10.74,24.55,37.38,0.8,0.927,1.71
LMT-0143,15.0,16.0,0.248,0.0148,7.18,33.26,35.04,1.04,0.366,2.53
LMT-0143,16.0,17.0,0.295,0.01,6.67,37.27,40.14,0.84,0.381,2.47
LMT-0143,17.0,17.8,0.254,0.0113,5.96,31.13,38.39,0.66,0.451,2.6
LMT-0144,0.0,1.0,0.577,0.0324,45.76,0.7,3.41,6.69,2.515,1.44
LMT-0144,1.0,2.0,0.767,0.0406,46.31,0.94,4.57,7.29,3.185,1.51
LMT-0144,2.0,3.0,1.115,0.0665,45.98,1.65,6.47,5.29,2.461,1.41
LMT-0144,3.0,4.0,1.051,0.0722,44.94,2.51,7.68,6.66,2.753,1.46
LMT-0144,4.0,5.0,1.063,0.0759,40.21,2.82,10.1,4.86,2.665,1.38
LMT-0144,5.0,6.0,1.299,0.0889,42.16,3.53,12.12,4.68,2.613,1.59
LMT-0144,6.0,7.0,1.1,0.0771,39.46,3.79,11.83,4.74,2.056,1.43
LMT-0144,7.0,8.0,1.3,0.0952,37.33,4.95,13.18,3.08,2.143,1.38
LMT-0144,8.0,9.0,1.586,0.1943,38.25,5.83,15.04,4.03,1.834,1.6
LMT-0144,9.0,10.0,1.449,0.3014,39.11,5.41,16.2,2.85,1.32,1.38
LMT-0144,10.0,11.0,1.832,0.1141,17.9,11.36,35.21,2.26,1.326,1.51
LMT-0144,11.0,12.0,2.064,0.0836,17.36,15.94,31.59,1.9,1.391,1.59
LMT-0144,12.0,13.0,1.485,0.0456,13.42,21.68,37.64,1.26,1.1,1.87
LMT-0144,13.0,14.0,1.481,0.0257,11.41,21.14,38.35,1.42,1.065,1.72
LMT-0144,14.0,15.0,0.276,0.0132,6.81,29.51,43.72,0.83,0.464,2.78
LMT-0144,15.0,16.0,0.268,0.0144,6.29,42.73,35.06,0.87,0.432,2.64
LMT-0144,16.0,16.4,0.258,0.0156,6.63,33.98,39.18,1.07,0.45,2.55
LMT-0145,0.0,1.0,0.724,0.0437,51.44,0.84,3.7,7.61,2.793,1.6
LMT-0145,1.0,2.0,1.006,0.0747,44.98,1.35,6.96,8.2,1.848,1.52
LMT-0145,2.0,3.0,1.008,0.072,46.74,2.19,8.44,6.14,2.867,1.49
LMT-0145,3.0,4.0,1.106,0.0662,48.8,2.73,8.92,7.0,2.585,1.57
LMT-0145,4.0,5.0,1.247,0.091,43.36,3.16,10.26,5.85,2.396,1.48
LMT-0145,5.0,6.0,1.311,0.0843,46.99,3.37,10.93,5.45,2.316,1.55
LMT-0145,6.0,7.0,1.264,0.0994,43.05,4.46,12.23,4.53,2.594,1.54
LMT-0145,7.0,8.0,1.287,0.1208,43.0,4.89,14.1,5.23,1.963,1.56
LMT-0145,8.0,9.0,1.256,0.1568,41.91,4.67,15.55,4.24,2.365,1.57
LMT-0145,9.0,10.0,1.4,0.2427,42.69,5.19,17.96,4.18,1.966,1.57
LMT-0145,10.0,11.0,1.509,0.2891,40.66,6.71,17.55,3.5,1.743,1.58
LMT-0145,11.0,12.0,2.495,0.1432,20.87,14.59,32.22,2.29,1.848,1.48
LMT-0145,12.0,13.0,1.814,0.0966,16.14,19.17,39.95,2.01,1.423,1.6
LMT-0145,13.0,14.0,1.608,0.044,12.45,22.63,39.96,1.42,1.12,1.85
LMT-0145,14.0,15.0,0.284,0.0175,7.01,38.42,40.23,1.08,0.524,2.79
LMT-0145,15.0,16.0,0.278,0.0135,6.58,36.46,47.96,1.03,0.535,2.64
LMT-0145,16.0,17.0,0.307,0.0098,7.41,40.4,41.2,1.02,0.489,2.83
LMT-0146,0.0,1.0,0.722,0.0289,50.09,0.83,4.19,8.49,3.009,1.61
LMT-0146,1.0,2.0,0.93,0.0869,48.71,1.8,7.36,6.25,2.771,1.43
LMT-0146,2.0,3.0,1.005,0.0667,45.95,2.47,7.71,6.26,2.568,1.4
LMT-0146,3.0,4.0,1.089,0.0828,41.25,2.61,8.19,6.26,2.553,1.5
LMT-0146,4.0,5.0,1.068,0.0919,46.17,2.92,9.92,6.07,2.612,1.53
LMT-0146,5.0,6.0,1.247,0.0759,42.14,3.47,11.61,5.75,2.85,1.48
LMT-0146,6.0,7.0,1.408,0.0865,44.8,4.03,12.12,4.97,2.588,1.59
LMT-0146,7.0,8.0,1.07,0.0997,43.63,4.23,13.44,5.91,2.261,1.47
LMT-0146,8.0,9.0,1.229,0.1169,43.24,4.33,14.51,5.22,2.043,1.5
LMT-0146,9.0,10.0,1.164,0.1381,39.23,4.84,13.62,5.47,1.995,1.49
LMT-0146,10.0,11.0,1.317,0.1548,40.98,6.37,15.58,3.87,2.104,1.59
LMT-0146,11.0,12.0,1.437,0.3137,39.7,6.43,17.48,3.54,2.456,1.49
LMT-0146,12.0,13.0,2.499,0.1793,22.23,9.38,29.98,2.47,1.556,1.53
LMT-0146,13.0,14.0,2.198,0.1089,18.63,15.78,35.79,2.08,1.344,1.62
LMT-0146,14.0,15.0,1.692,0.054,17.04,16.7,36.79,1.96,1.096,1.64
LMT-0146,15.0,16.0,1.512,0.0292,12.57,21.67,43.7,1.51,1.01,1.78
LMT-0146,16.0,17.0,1.154,0.0262,9.43,30.5,43.78,1.25,0.876,1.85
LMT-0146,17.0,18.0,0.327,0.0147,6.32,40.59,43.09,1.3,0.511,2.82
LMT-0146,18.0,19.0,0.288,0.0157,6.97,38.68,40.56,0.73,0.508,2.67
LMT-0146,19.0,19.9,0.301,0.0152,6.14,39.38,41.69,0.92,0.386,2.74
LMT-0147,0.0,1.0,0.666,0.03,48.88,0.81,4.08,6.79,2.531,1.44
LMT-0147,1.0,2.0,1.028,0.0431,47.64,1.85,7.06,4.89,2.041,1.34
LMT-0147,2.0,3.0,1.153,0.0587,48.34,2.19,8.47,6.11,2.365,1.41
LMT-0147,3.0,4.0,0.889,0.0373,43.89,2.16,9.44,5.48,2.071,1.37
LMT-0147,4.0,5.0,1.004,0.0591,44.22,2.83,9.33,5.15,2.475,1.44
LMT-0147,5.0,6.0,1.19,0.057,41.48,3.35,11.63,6.1,1.814,1.37
LMT-0147,6.0,7.0,1.05,0.0749,42.65,4.02,12.46,4.19,1.949,1.43
LMT-0147,7.0,8.0,1.196,0.0908,40.43,4.16,11.3,5.34,1.88,1.45
LMT-0147,8.0,9.0,1.267,0.114,39.01,4.56,13.72,3.6,1.885,1.49
LMT-0147,9.0,10.0,1.267,0.1172,40.15,4.82,14.94,3.66,1.845,1.46
LMT-0147,10.0,11.0,1.263,0.2471,40.15,5.82,15.16,3.26,2.063,1.42
LMT-0147,11.0,12.0,2.457,0.1287,19.34,10.05,31.55,2.63,1.852,1.36
LMT-0147,12.0,13.0,2.067,0.1124,18.18,12.45,33.49,1.84,1.178,1.55
LMT-0147,13.0,14.0,1.743,0.0607,16.83,14.52,33.02,1.92,1.229,1.62
LMT-0147,14.0,15.0,1.449,0.0336,14.93,17.82,31.94,1.92,0.962,1.63
LMT-0147,15.0,16.0,1.065,0.0322,13.89,23.62,35.27,1.34,0.799,1.75
LMT-0147,16.0,17.0,1.403,0.0229,12.42,23.39,39.56,0.85,1.017,1.78
LMT-0147,17.0,18.0,0.302,0.0153,6.67,36.21,39.06,0.87,0.522,2.63
LMT-0147,18.0,19.0,0.217,0.0108,6.55,35.37,38.53,1.13,0.378,2.55
LMT-0147,19.0,20.1,0.267,0.0151,6.07,34.29,41.99,0.91,0.521,2.5
LMT-0148,0.0,1.0,0.818,0.0404,44.23,0.88,3.73,6.95,2.659,1.53
LMT-0148,1.0,2.0,0.9,0.0654,43.2,1.72,7.46,6.72,2.375,1.34
LMT-0148,2.0,3.0,1.177,0.064,41.33,2.38,8.65,5.97,2.192,1.43
LMT-0148,3.0,4.0,1.006,0.0729,44.48,2.86,10.35,4.55,2.039,1.44
LMT-0148,4.0,5.0,1.088,0.0587,36.21,3.32,10.52,4.16,2.171,1.36
LMT-0148,5.0,6.0,1.237,0.0561,43.38,3.66,11.16,4.17,2.172,1.52
LMT-0148,6.0,7.0,1.293,0.0818,39.99,4.09,13.04,4.68,2.355,1.48
LMT-0148,7.0,8.0,1.186,0.1467,37.72,4.73,15.34,3.26,1.779,1.39
LMT-0148,8.0,9.0,1.096,0.114,37.87,5.79,14.98,2.7,1.761,1.44
LMT-0148,9.0,10.0,1.58,0.3555,36.91,6.26,15.57,3.12,1.75,1.6
LMT-0148,10.0,11.0,2.359,0.1181,19.48,10.74,33.81,1.94,1.433,1.74
LMT-0148,11.0,12.0,2.132,0.0878,17.3,11.62,33.4,1.87,1.232,1.49
LMT-0148,12.0,13.0,2.245,0.0449,14.6,14.37,36.71,1.77,1.418,1.69
LMT-0148,13.0,14.0,1.507,0.037,15.61,21.52,34.3,1.68,1.147,1.5
LMT-0148,14.0,15.0,1.294,0.0317,12.0,20.39,36.86,1.25,1.143,1.7
LMT-0148,15.0,16.0,1.386,0.0213,10.9,22.08,38.95,1.37,0.862,1.78
LMT-0148,16.0,17.0,1.149,0.0214,9.84,26.15,36.14,0.96,0.69,1.89
LMT-0148,17.0,18.0,0.3,0.01,6.43,36.47,44.43,1.04,0.323,2.52
LMT-0148,18.0,19.1,0.248,0.0167,6.09,31.9,37.32,0.73,0.371,2.62
LMT-0149,0.0,1.0,0.954,0.0622,47.84,0.89,4.51,7.37,2.076,1.52
LMT-0149,1.0,2.0,1.027,0.0477,45.48,1.82,7.1,6.89,2.204,1.52
LMT-0149,2.0,3.0,1.124,0.0649,42.34,1.93,7.72,6.06,2.158,1.3
LMT-0149,3.0,4.0,1.102,0.0744,46.05,2.81,9.57,4.97,2.736,1.25
LMT-0149,4.0,5.0,1.188,0.0649,40.39,3.25,9.73,4.83,1.786,1.47
LMT-0149,5.0,6.0,1.134,0.0756,41.75,3.56,10.7,5.2,2.264,1.5
LMT-0149,6.0,7.0,1.226,0.0915,40.52,4.44,12.04,4.72,2.416,1.45
LMT-0149,7.0,8.0,1.166,0.0913,37.85,4.88,14.14,4.71,2.104,1.47
LMT-0149,8.0,9.0,1.684,0.1442,37.11,5.1,15.16,4.67,2.423,1.36
LMT-0149,9.0,10.0,1.443,0.2756,39.34,5.32,16.16,3.97,1.72,1.48
LMT-0149,10.0,11.0,2.491,0.1749,21.03,10.47,31.23,2.0,1.883,1.41
LMT-0149,11.0,12.0,2.287,0.1071,18.53,10.23,35.06,2.19,1.37,1.61
LMT-0149,12.0,13.0,2.036,0.0484,16.31,10.76,35.25,2.17,1.382,1.56
LMT-0149,13.0,14.0,2.08,0.0406,16.94,15.98,32.83,2.01,1.25,1.58
LMT-0149,14.0,15.0,1.999,0.0323,15.13,16.44,34.11,2.09,1.079,1.59
LMT-0149,15.0,16.0,1.934,0.0424,14.91,19.92,39.07,1.41,1.267,1.62
LMT-0149,16.0,17.0,1.551,0.0263,13.45,21.65,39.42,1.14,1.14,1.65
LMT-0149,17.0,18.0,1.378,0.0264,10.34,25.56,38.16,0.88,1.056,1.72
LMT-0149,18.0,19.0,1.067,0.021,10.4,27.68,39.2,0.91,1.04,1.8
LMT-0149,19.0,20.0,0.306,0.0098,7.04,37.65,38.64,0.78,0.405,2.61
LMT-0149,20.0,21.0,0.325,0.0114,6.18,34.48,40.78,0.81,0.43,2.73
LMT-0150,0.0,1.0,0.836,0.0462,52.37,0.86,4.2,7.61,3.239,1.57
LMT-0150,1.0,2.0,0.966,0.0651,49.57,2.06,8.17,5.88,2.689,1.46
LMT-0150,2.0,3.0,1.153,0.0663,43.81,2.07,8.53,6.47,2.31,1.4
LMT-0150,3.0,4.0,1.367,0.0541,46.68,2.43,8.7,5.8,2.337,1.46
LMT-0150,4.0,5.0,1.279,0.07,39.06,3.74,10.78,4.88,2.353,1.47
LMT-0150,5.0,6.0,1.176,0.069,41.41,3.69,11.9,4.11,2.544,1.38
LMT-0150,6.0,7.0,1.466,0.1067,41.87,4.17,12.6,4.29,2.215,1.5
LMT-0150,7.0,8.0,1.45,0.1148,40.92,4.86,13.87,2.93,2.37,1.48
LMT-0150,8.0,9.0,1.485,0.1791,40.91,5.7,14.55,3.33,1.703,1.52
LMT-0150,9.0,10.0,1.442,0.2602,40.31,5.27,15.61,4.05,2.017,1.53
LMT-0150,10.0,11.0,2.517,0.1403,19.79,9.04,31.73,2.85,1.538,1.47
LMT-0150,11.0,12.0,2.28,0.1006,18.17,11.72,32.37,2.35,1.623,1.51
LMT-0150,12.0,13.0,2.384,0.0646,20.09,13.92,35.45,2.3,1.534,1.58
LMT-0150,13.0,14.0,1.85,0.0333,18.84,14.32,35.01,2.29,1.107,1.54
LMT-0150,14.0,15.0,2.228,0.0455,17.13,17.92,38.48,1.95,1.317,1.66
LMT-0150,15.0,16.0,2.056,0.0451,15.94,22.29,34.08,1.48,1.187,1.72
LMT-0150,16.0,17.0,1.774,0.0416,15.87,19.27,33.45,1.73,1.182,1.69
LMT-0150,17.0,18.0,1.78,0.039,13.2,18.52,36.2,1.41,1.156,1.72
LMT-0150,18.0,19.0,1.809,0.0252,12.93,25.54,37.42,1.27,1.072,1.67
LMT-0150,19.0,20.0,1.647,0.0318,12.31,27.19,40.33,1.06,1.106,1.81
LMT-0150,20.0,21.0,1.271,0.026,10.22,25.89,42.62,1.23,0.991,1.74
LMT-0150,21.0,22.0,1.166,0.022,9.89,24.71,39.36,0.99,0.838,1.83
LMT-0150,22.0,23.0,0.348,0.0132,6.29,38.95,43.84,0.95,0.518,2.67
LMT-0150,23.0,24.2,0.258,0.0122,6.51,31.58,41.72,0.93,0.394,2.78
LMT-0151,0.0,1.0,0.742,0.0393,53.51,0.71,3.35,5.96,3.204,1.53
LMT-0151,1.0,2.0,0.883,0.0577,53.13,0.97,4.88,7.18,2.446,1.51
LMT-0151,2.0,3.0,1.084,0.0684,46.44,1.79,7.66,6.23,2.485,1.44
LMT-0151,3.0,4.0,1.306,0.0806,45.09,2.49,9.13,5.85,3.231,1.42
LMT-0151,4.0,5.0,1.361,0.0847,42.47,3.1,10.84,5.32,2.374,1.39
LMT-0151,5.0,6.0,1.564,0.0782,37.68,4.04,12.31,5.05,2.532,1.58
LMT-0151,6.0,7.0,1.505,0.1247,45.08,4.37,13.79,4.89,2.304,1.51
LMT-0151,7.0,8.0,1.537,0.1645,40.69,5.21,15.91,3.79,2.206,1.53
LMT-0151,8.0,9.0,1.51,0.2915,38.74,5.64,18.37,3.98,1.946,1.46
LMT-0151,9.0,10.0,2.847,0.1797,20.84,10.98,33.37,2.48,1.503,1.53
LMT-0151,10.0,11.0,2.73,0.1131,20.16,12.46,35.44,2.92,1.754,1.44
LMT-0151,11.0,12.0,2.171,0.069,21.57,13.99,33.14,1.89,1.483,1.46
LMT-0151,12.0,13.0,1.777,0.0459,17.72,13.8,37.27,1.93,1.328,1.56
LMT-0151,13.0,14.0,2.363,0.0476,17.45,18.15,33.82,1.67,1.212,1.68
LMT-0151,14.0,15.0,2.404,0.0327,16.29,16.06,37.13,1.73,1.306,1.72
LMT-0151,15.0,16.0,1.938,0.0497,15.77,19.18,37.34,1.78,1.417,1.61
LMT-0151,16.0,17.0,1.875,0.039,14.85,18.36,40.41,2.04,1.17,1.63
LMT-0151,17.0,18.0,1.605,0.0375,13.28,21.04,39.83,1.58,1.048,1.71
LMT-0151,18.0,19.0,1.517,0.0316,12.85,21.33,36.38,1.62,0.91,1.83
LMT-0151,19.0,20.0,1.536,0.0354,11.87,22.57,36.48,1.2,0.871,1.78
LMT-0151,20.0,21.0,1.215,0.0253,10.88,27.77,38.15,1.19,0.958,1.81
LMT-0151,21.0,22.0,1.168,0.0253,10.09,24.82,43.6,1.1,0.95,1.83
LMT-0151,22.0,23.0,0.299,0.0158,6.94,32.82,41.03,0.82,0.455,2.61
LMT-0151,23.0,24.0,0.286,0.0155,6.6,40.25,41.97,1.0,0.522,2.72
LMT-0151,24.0,24.7,0.315,0.0152,6.31,39.53,40.31,0.78,0.494,2.66
LMT-0152,0.0,1.0,0.549,0.0334,50.47,0.67,3.55,6.82,3.22,1.74
LMT-0152,1.0,2.0,0.921,0.0517,50.1,0.95,5.04,8.28,2.914,1.48
LMT-0152,2.0,3.0,0.98,0.0766,45.93,1.47,7.67,5.88,2.77,1.45
LMT-0152,3.0,4.0,1.17,0.0798,44.1,2.28,8.63,5.35,2.933,1.45
LMT-0152,4.0,5.0,1.245,0.0796,43.56,3.22,10.23,6.33,2.432,1.43
LMT-0152,5.0,6.0,1.426,0.0716,41.37,3.27,12.37,4.9,2.386,1.46
LMT-0152,6.0,7.0,1.409,0.1041,42.82,3.77,13.09,3.89,2.466,1.54
LMT-0152,7.0,8.0,1.63,0.0973,40.98,3.95,14.11,5.22,2.104,1.5
LMT-0152,8.0,9.0,1.438,0.1238,41.64,4.82,14.18,4.49,1.682,1.51
LMT-0152,9.0,10.0,1.625,0.2365,38.5,4.9,15.3,4.12,2.289,1.53
LMT-0152,10.0,11.0,1.819,0.2458,38.38,6.89,17.62,3.75,1.973,1.44
LMT-0152,11.0,12.0,2.769,0.152,20.21,10.62,31.87,2.46,1.51,1.49
LMT-0152,12.0,13.0,2.396,0.1142,19.84,12.23,33.85,1.69,1.451,1.51
LMT-0152,13.0,14.0,2.026,0.061,18.24,12.94,30.39,2.29,1.342,1.62
LMT-0152,14.0,15.0,2.216,0.0617,18.11,13.68,39.64,2.13,1.576,1.7
LMT-0152,15.0,16.0,2.139,0.0444,17.37,16.18,33.95,1.68,1.367,1.64
LMT-0152,16.0,17.0,1.747,0.0399,14.52,19.17,40.01,1.65,1.262,1.7
LMT-0152,17.0,18.0,1.82,0.0458,15.46,21.84,40.29,2.13,1.057,1.66
LMT-0152,18.0,19.0,1.869,0.0293,14.41,20.67,38.69,1.44,0.941,1.82
LMT-0152,19.0,20.0,1.217,0.0342,12.63,23.13,38.14,1.39,1.319,1.7
LMT-0152,20.0,21.0,1.576,0.0333,12.71,21.98,35.61,1.06,1.117,1.88
LMT-0152,21.0,22.0,1.263,0.0277,10.88,23.62,40.06,0.99,1.066,1.73
LMT-0152,22.0,23.0,1.203,0.0267,9.83,25.59,41.88,1.17,0.836,1.81
LMT-0152,23.0,24.0,0.374,0.014,7.28,35.36,39.41,1.1,0.473,2.62
LMT-0152,24.0,25.0,0.321,0.0156,6.94,36.17,41.05,0.95,0.495,2.73
LMT-0152,25.0,26.0,0.318,0.0116,6.71,41.46,40.64,0.76,0.452,2.64
LMT-0152,26.0,26.5,0.357,0.0128,6.13,42.03,43.57,0.98,0.48,2.66
LMT-0153,0.0,1.0,0.594,0.0477,49.56,0.78,3.4,7.8,2.699,1.68
LMT-0153,1.0,2.0,0.717,0.0665,49.32,1.14,5.06,7.66,2.696,1.64
LMT-0153,2.0,3.0,0.932,0.0788,47.85,1.9,8.3,7.33,3.301,1.47
LMT-0153,3.0,4.0,1.119,0.094,47.17,2.53,9.07,6.36,2.626,1.44
LMT-0153,4.0,5.0,0.976,0.0826,45.25,3.79,12.16,6.13,2.738,1.53
LMT-0153,5.0,6.0,1.066,0.1133,46.05,3.74,12.46,4.33,1.956,1.55
LMT-0153,6.0,7.0,1.146,0.1613,41.98,4.39,14.83,4.35,2.709,1.53
LMT-0153,7.0,8.0,1.403,0.2,41.04,5.44,16.06,4.97,2.688,1.6
LMT-0153,8.0,9.0,1.431,0.3458,41.69,6.59,17.68,4.77,2.098,1.53
LMT-0153,9.0,10.0,1.994,0.1517,22.33,9.95,32.87,2.43,1.788,1.64
LMT-0153,10.0,11.0,2.005,0.0999,20.09,13.98,35.04,2.54,1.643,1.66
LMT-0153,11.0,12.0,1.689,0.0593,19.02,15.59,37.13,2.5,1.364,1.63
LMT-0153,12.0,13.0,1.72,0.0564,17.32,17.78,38.42,2.35,1.517,1.63
LMT-0153,13.0,14.0,1.598,0.0404,15.62,22.37,36.94,1.66,1.121,1.63
LMT-0153,14.0,15.0,1.736,0.0421,15.12,22.15,41.12,1.48,1.26,1.9
LMT-0153,15.0,16.0,1.347,0.0374,12.37,22.84,41.65,1.59,1.143,1.8
LMT-0153,16.0,17.0,1.169,0.0372,12.69,26.19,43.53,1.24,0.996,1.85
LMT-0153,17.0,18.0,1.232,0.0228,10.3,31.7,40.85,1.02,0.952,1.8
LMT-0153,18.0,19.0,0.279,0.016,6.91,42.98,42.1,1.14,0.497,2.85
LMT-0153,19.0,19.8,0.256,0.0154,6.86,37.39,45.21,0.98,0.514,2.76
LMT-0154,0.0,1.0,0.589,0.0445,51.93,0.73,3.65,7.91,2.775,1.56
LMT-0154,1.0,2.0,0.762,0.0453,51.93,0.97,4.71,6.34,2.496,1.59
LMT-0154,2.0,3.0,0.827,0.0731,49.49,1.88,7.13,7.1,2.403,1.44
LMT-0154,3.0,4.0,0.925,0.076,42.92,2.57,8.91,6.45,2.525,1.48
LMT-0154,4.0,5.0,1.007,0.0982,45.57,2.86,10.86,4.2,2.475,1.32
LMT-0154,5.0,6.0,0.88,0.095,42.18,3.64,11.31,6.68,2.454,1.59
LMT-0154,6.0,7.0,1.201,0.1062,40.28,4.35,12.75,4.79,2.159,1.48
LMT-0154,7.0,8.0,1.19,0.1343,42.07,4.46,15.78,5.04,2.123,1.43
LMT-0154,8.0,9.0,1.181,0.2111,39.3,5.37,15.4,4.15,2.27,1.46
LMT-0154,9.0,10.0,1.308,0.277,40.22,5.63,17.05,3.38,2.263,1.64
LMT-0154,10.0,11.0,2.044,0.1651,21.7,10.51,32.27,2.77,1.477,1.6
LMT-0154,11.0,12.0,1.608,0.0796,18.86,14.22,32.94,2.06,1.421,1.64
LMT-0154,12.0,13.0,1.944,0.0517,17.06,13.78,37.56,2.33,1.2,1.57
LMT-0154,13.0,14.0,1.591,0.0437,15.43,17.13,37.32,1.69,1.2,1.64
LMT-0154,14.0,15.0,1.544,0.0355,14.57,20.4,42.08,1.58,1.069,1.62
LMT-0154,15.0,16.0,1.565,0.0319,12.24,25.64,41.1,1.61,0.961,1.75
LMT-0154,16.0,17.0,1.266,0.0302,10.93,26.14,48.85,1.02,1.011,1.82
LMT-0154,17.0,18.0,1.04,0.0206,10.08,27.15,43.37,0.8,0.635,1.85
LMT-0154,18.0,19.0,0.306,0.0116,6.13,35.74,42.82,0.99,0.646,2.57
LMT-0154,19.0,20.0,0.292,0.0179,6.6,32.35,40.78,0.94,0.394,2.39
LMT-0154,20.0,21.0,0.257,0.0139,6.81,38.88,38.03,0.96,0.486,2.65
LMT-0155,0.0,1.0,0.602,0.0344,49.59,0.74,3.06,6.94,2.663,1.55
LMT-0155,1.0,2.0,0.76,0.0618,50.08,0.91,4.73,6.08,2.721,1.47
LMT-0155,2.0,3.0,0.962,0.0522,50.06,1.53,7.42,6.2,2.532,1.38
LMT-0155,3.0,4.0,1.059,0.0511,44.52,2.46,10.03,4.99,2.6,1.44
LMT-0155,4.0,5.0,0.937,0.0835,43.05,3.22,9.03,5.66,2.372,1.44
LMT-0155,5.0,6.0,0.995,0.0726,41.95,3.64,12.37,5.89,2.499,1.48
LMT-0155,6.0,7.0,1.166,0.0777,41.73,3.47,13.38,5.58,1.989,1.5
LMT-0155,7.0,8.0,1.306,0.1259,43.29,4.88,13.99,5.36,2.238,1.45
LMT-0155,8.0,9.0,1.164,0.1733,38.63,5.49,14.99,3.99,2.04,1.56
LMT-0155,9.0,10.0,1.301,0.2984,38.65,5.94,16.3,4.5,1.733,1.53
LMT-0155,10.0,11.0,2.793,0.1486,20.16,11.3,33.83,2.49,1.468,1.42
LMT-0155,11.0,12.0,2.106,0.0904,17.41,12.92,33.94,2.27,1.563,1.68
LMT-0155,12.0,13.0,1.813,0.0633,17.55,15.62,34.94,1.4,1.253,1.51
LMT-0155,13.0,14.0,1.574,0.0367,15.13,19.44,35.68,1.69,1.178,1.6
LMT-0155,14.0,15.0,1.376,0.0375,14.63,22.01,40.05,1.08,1.076,1.66
LMT-0155,15.0,16.0,1.194,0.0215,12.26,24.04,39.27,1.21,1.017,1.75
LMT-0155,16.0,17.0,1.112,0.026,9.3,26.02,38.48,1.0,0.851,1.75
LMT-0155,17.0,18.0,0.288,0.0145,6.59,33.09,41.85,0.91,0.486,2.64
LMT-0155,18.0,19.0,0.266,0.0152,6.86,34.65,42.12,1.02,0.463,2.53
LMT-0155,19.0,19.8,0.272,0.0135,6.33,38.39,40.42,0.98,0.422,2.44
LMT-0156,0.0,1.0,0.568,0.0276,51.93,0.69,3.25,7.66,2.449,1.48
LMT-0156,1.0,2.0,0.828,0.0383,50.68,0.89,4.92,6.87,3.27,1.44
LMT-0156,2.0,3.0,0.955,0.0501,44.6,1.85,7.88,6.45,2.211,1.48
LMT-0156,3.0,4.0,0.972,0.0664,41.47,2.19,8.8,5.74,1.825,1.38
LMT-0156,4.0,5.0,0.957,0.0522,42.32,2.75,9.57,4.14,2.27,1.47
LMT-0156,5.0,6.0,0.934,0.0698,41.24,3.67,11.93,5.11,2.088,1.51
LMT-0156,6.0,7.0,1.062,0.1197,38.74,4.74,12.69,4.45,2.099,1.37
LMT-0156,7.0,8.0,1.208,0.1602,40.04,5.08,13.01,3.88,1.955,1.43
LMT-0156,8.0,9.0,1.323,0.2673,38.93,5.9,15.04,3.76,1.686,1.58
LMT-0156,9.0,10.0,2.255,0.1876,20.93,10.38,26.1,1.49,1.482,1.47
LMT-0156,10.0,11.0,1.868,0.0874,19.73,11.32,33.13,1.92,1.519,1.39
LMT-0156,11.0,12.0,1.885,0.0526,16.82,14.9,31.71,1.97,1.497,1.58
LMT-0156,12.0,13.0,1.905,0.0396,14.3,15.63,33.76,1.3,1.106,1.7
LMT-0156,13.0,14.0,1.536,0.0349,13.21,23.29,33.05,1.3,1.235,1.65
LMT-0156,14.0,15.0,1.12,0.0238,10.29,23.49,36.28,1.37,0.963,1.89
LMT-0156,15.0,16.0,1.212,0.0219,10.63,22.06,40.81,1.2,1.023,1.76
LMT-0156,16.0,17.0,0.272,0.0116,6.62,37.5,39.47,0.79,0.416,2.42
LMT-0156,17.0,18.0,0.278,0.0076,6.57,38.98,39.46,1.06,0.497,2.65
LMT-0156,18.0,19.0,0.256,0.0146,6.41,34.99,42.76,0.9,0.375,2.43
LMT-0156,19.0,19.3,0.248,0.0121,5.85,41.5,38.83,0.71,0.428,2.65
LMT-0157,0.0,1.0,0.603,0.0402,45.12,0.58,3.17,7.69,2.728,1.53
LMT-0157,1.0,2.0,0.878,0.0457,43.49,0.92,4.83,8.06,2.678,1.63
LMT-0157,2.0,3.0,0.933,0.0297,40.7,1.61,7.74,5.6,2.513,1.42
LMT-0157,3.0,4.0,0.869,0.0442,44.35,2.68,9.31,4.32,2.04,1.39
LMT-0157,4.0,5.0,1.027,0.0878,36.66,3.08,10.67,4.28,1.878,1.38
LMT-0157,5.0,6.0,1.136,0.0712,40.77,3.89,12.51,4.89,2.065,1.37
LMT-0157,6.0,7.0,1.161,0.1217,37.53,4.78,14.5,4.35,2.231,1.52
LMT-0157,7.0,8.0,1.064,0.2369,33.12,5.09,13.86,2.97,2.086,1.54
LMT-0157,8.0,9.0,2.559,0.1261,19.66,8.18,31.19,2.07,1.464,1.27
LMT-0157,9.0,10.0,1.759,0.1272,17.86,10.68,33.21,1.46,1.117,1.68
LMT-0157,10.0,11.0,1.769,0.0706,16.12,13.56,32.47,2.09,1.318,1.6
LMT-0157,11.0,12.0,1.72,0.0472,15.29,17.25,35.73,1.62,1.069,1.5
LMT-0157,12.0,13.0,1.289,0.0296,12.07,15.49,37.45,1.69,0.785,1.66
LMT-0157,13.0,14.0,1.338,0.0333,12.94,23.53,40.59,0.98,0.816,1.65
LMT-0157,14.0,15.0,1.186,0.0259,8.78,25.48,35.59,0.91,0.767,1.77
LMT-0157,15.0,16.0,0.252,0.0144,6.6,34.94,35.01,0.89,0.401,2.72
LMT-0157,16.0,17.0,0.255,0.0115,5.88,34.06,42.69,0.78,0.425,2.53
LMT-0157,17.0,17.7,0.271,0.0097,6.08,33.98,39.18,0.74,0.368,2.42
LMT-0158,0.0,1.0,0.635,0.029,43.66,0.69,3.16,6.87,2.721,1.51
LMT-0158,1.0,2.0,0.776,0.0588,46.43,0.99,4.83,6.25,2.219,1.49
LMT-0158,2.0,3.0,0.895,0.0422,43.57,1.95,7.69,6.9,2.221,1.41
LMT-0158,3.0,4.0,1.036,0.0662,46.38,2.93,8.94,4.67,2.152,1.4
LMT-0158,4.0,5.0,1.43,0.0823,37.88,2.29,10.34,4.8,1.924,1.47
LMT-0158,5.0,6.0,1.2,0.0844,40.03,3.86,13.49,5.04,1.99,1.39
LMT-0158,6.0,7.0,1.276,0.1841,37.73,4.5,13.93,3.97,1.725,1.42
LMT-0158,7.0,8.0,1.357,0.2169,34.96,4.98,14.41,3.17,2.0,1.46
LMT-0158,8.0,9.0,2.103,0.1466,20.05,8.83,28.56,1.8,1.22,1.49
LMT-0158,9.0,10.0,2.043,0.1052,17.37,13.64,30.92,1.68,1.416,1.5
LMT-0158,10.0,11.0,1.727,0.081,15.68,14.98,32.5,1.97,1.43,1.61
LMT-0158,11.0,12.0,1.608,0.0334,14.8,16.01,35.22,1.44,0.933,1.6
LMT-0158,12.0,13.0,1.739,0.0299,13.88,18.07,34.76,1.4,0.916,1.66
LMT-0158,13.0,14.0,1.241,0.0253,10.82,22.1,39.69,1.26,0.905,1.75
LMT-0158,14.0,15.0,1.165,0.0249,9.08,23.18,35.71,1.01,0.731,1.68
LMT-0158,15.0,16.0,0.349,0.0123,6.6,34.2,37.04,1.02,0.448,2.42
LMT-0158,16.0,16.9,0.279,0.0113,5.75,35.88,38.17,0.71,0.452,2.55
LMT-0159,0.0,1.0,0.547,0.0311,43.99,0.61,3.24,6.94,2.699,1.5
LMT-0159,1.0,2.0,0.73,0.0499,46.23,1.11,5.47,6.35,2.95,1.59
LMT-0159,2.0,3.0,1.071,0.0598,43.46,1.54,7.47,5.21,1.977,1.34
LMT-0159,3.0,4.0,0.99,0.0716,43.85,2.61,8.82,5.36,2.175,1.3
LMT-0159,4.0,5.0,1.011,0.0563,40.89,3.28,9.9,4.67,1.861,1.51
LMT-0159,5.0,6.0,1.061,0.0675,42.06,3.37,12.5,4.66,1.531,1.41
LMT-0159,6.0,7.0,1.088,0.091,38.84,4.24,12.16,4.8,2.475,1.46
LMT-0159,7.0,8.0,1.318,0.181,38.54,5.14,15.57,2.89,2.165,1.55
LMT-0159,8.0,9.0,1.397,0.2242,37.47,5.65,15.47,2.9,1.896,1.4
LMT-0159,9.0,10.0,2.416,0.1303,17.67,12.15,33.94,1.87,0.971,1.46
LMT-0159,10.0,11.0,2.054,0.0779,14.58,16.19,32.97,1.78,1.367,1.49
LMT-0159,11.0,12.0,1.538,0.0455,14.44,16.99,31.45,1.54,1.434,1.66
LMT-0159,12.0,13.0,1.534,0.0293,12.17,19.85,35.04,1.53,0.959,1.73
LMT-0159,13.0,14.0,1.185,0.0215,11.02,23.39,38.65,0.86,1.056,1.74
LMT-0159,14.0,15.0,0.314,0.0169,5.95,33.78,36.06,0.85,0.388,2.62
LMT-0159,15.0,16.0,0.303,0.0105,6.57,32.87,39.0,1.02,0.42,2.47
LMT-0159,16.0,17.2,0.302,0.0136,6.38,34.49,38.25,0.58,0.341,2.51
LMT-0160,0.0,1.0,0.628,0.0357,50.93,0.67,3.34,8.24,2.915,1.46
LMT-0160,1.0,2.0,0.882,0.0552,46.58,1.05,5.11,5.48,2.428,1.56
LMT-0160,2.0,3.0,1.031,0.0517,49.27,1.79,7.5,6.02,2.849,1.43
LMT-0160,3.0,4.0,0.967,0.0574,41.83,2.06,8.35,5.89,2.487,1.45
LMT-0160,4.0,5.0,1.207,0.0599,46.45,3.14,9.87,5.04,2.596,1.44
LMT-0160,5.0,6.0,1.177,0.0795,45.56,3.72,12.58,5.03,2.315,1.48
LMT-0160,6.0,7.0,1.227,0.0967,43.34,4.07,12.97,4.07,1.878,1.43
LMT-0160,7.0,8.0,1.218,0.0894,37.38,5.16,12.97,3.96,2.507,1.54
LMT-0160,8.0,9.0,1.346,0.2245,39.83,4.41,16.5,2.8,1.839,1.55
LMT-0160,9.0,10.0,1.533,0.3174,35.09,5.29,17.89,4.01,1.795,1.56
LMT-0160,10.0,11.0,2.158,0.1527,19.08,12.32,33.87,2.06,1.267,1.46
LMT-0160,11.0,12.0,2.134,0.0875,16.51,15.23,34.56,1.57,1.096,1.56
LMT-0160,12.0,13.0,1.448,0.0482,14.14,19.58,38.56,1.63,1.02,1.67
LMT-0160,13.0,14.0,1.376,0.0366,10.33,25.21,37.79,0.93,0.902,1.64
LMT-0160,14.0,15.0,0.296,0.0143,6.72,35.56,40.64,0.86,0.506,2.45
LMT-0160,15.0,16.0,0.294,0.0067,6.31,38.88,38.46,1.05,0.523,2.45
LMT-0160,16.0,16.9,0.277,0.013,6.01,36.04,38.74,0.95,0.517,2.62
LMT-0161,0.0,1.0,0.714,0.0436,47.83,0.78,3.54,8.66,3.171,1.67
LMT-0161,1.0,2.0,0.971,0.0788,46.14,1.57,6.46,6.61,2.864,1.46
LMT-0161,2.0,3.0,1.058,0.0833,50.62,2.06,8.36,7.36,2.902,1.52
LMT-0161,3.0,4.0,1.228,0.1045,46.56,2.73,9.28,5.84,2.804,1.34
LMT-0161,4.0,5.0,1.431,0.0654,48.35,2.86,9.47,7.55,2.677,1.45
LMT-0161,5.0,6.0,1.454,0.1069,46.16,3.73,11.4,5.22,1.985,1.53
LMT-0161,6.0,7.0,1.305,0.0978,41.48,3.91,13.22,4.77,2.424,1.55
LMT-0161,7.0,8.0,1.444,0.1103,42.05,4.25,15.17,4.4,2.576,1.45
LMT-0161,8.0,9.0,1.631,0.1065,41.06,5.2,16.37,4.57,1.987,1.71
LMT-0161,9.0,10.0,1.456,0.198,38.21,6.55,17.63,4.3,2.094,1.58
LMT-0161,10.0,11.0,1.676,0.2113,37.85,6.17,17.91,4.39,2.059,1.56
LMT-0161,11.0,12.0,2.274,0.1919,21.23,13.78,37.35,2.21,1.505,1.58
LMT-0161,12.0,13.0,2.186,0.0963,15.86,16.81,39.99,2.01,1.404,1.61
LMT-0161,13.0,14.0,1.651,0.0479,13.69,21.26,39.18,1.31,0.834,1.68
LMT-0161,14.0,15.0,0.392,0.0152,6.84,31.19,42.36,1.16,0.46,2.73
LMT-0161,15.0,16.0,0.246,0.0186,6.58,39.77,41.72,1.09,0.476,2.82
LMT-0161,16.0,16.6,0.346,0.0149,7.26,35.24,43.91,1.23,0.542,2.8
LMT-0162,0.0,1.0,0.726,0.0397,53.3,0.92,4.57,7.92,3.223,1.51
LMT-0162,1.0,2.0,0.981,0.0709,43.86,1.91,6.96,7.15,2.219,1.56
LMT-0162,2.0,3.0,1.041,0.066,41.2,2.37,7.87,6.46,2.79,1.45
LMT-0162,3.0,4.0,1.207,0.0678,42.91,2.55,10.89,6.22,2.572,1.31
LMT-0162,4.0,5.0,1.269,0.1173,44.92,3.44,10.74,5.9,2.055,1.49
LMT-0162,5.0,6.0,1.297,0.0759,41.91,3.99,11.67,4.15,2.139,1.56
LMT-0162,6.0,7.0,1.44,0.1013,45.13,4.06,13.75,4.86,2.458,1.49
LMT-0162,7.0,8.0,1.262,0.1059,39.81,5.14,13.39,3.97,2.225,1.52
LMT-0162,8.0,9.0,1.467,0.1321,44.66,5.94,14.23,4.23,2.566,1.53
LMT-0162,9.0,10.0,1.384,0.1955,40.56,5.84,15.67,4.02,2.022,1.49
LMT-0162,10.0,11.0,1.619,0.3061,34.47,5.86,18.25,3.88,2.568,1.63
LMT-0162,11.0,12.0,2.331,0.1796,20.47,11.76,34.41,2.58,1.223,1.57
LMT-0162,12.0,13.0,2.369,0.0725,17.51,16.66,34.55,2.13,1.36,1.65
LMT-0162,13.0,14.0,2.067,0.0428,14.04,18.82,42.38,1.7,1.111,1.64
LMT-0162,14.0,15.0,1.487,0.0262,12.23,24.97,40.6,1.17,0.954,1.94
LMT-0162,15.0,16.0,0.343,0.016,6.89,38.61,42.87,1.06,0.521,2.64
LMT-0162,16.0,17.2,0.338,0.0149,6.85,43.33,42.3,1.17,0.526,2.78
LMT-0163,0.0,1.0,0.744,0.0433,47.23,0.94,4.22,5.96,2.353,1.62
LMT-0163,1.0,2.0,1.069,0.0673,44.35,1.84,6.94,5.82,2.281,1.46
LMT-0163,2.0,3.0,1.043,0.0861,39.58,2.36,9.32,5.14,2.44,1.44
LMT-0163,3.0,4.0,1.148,0.0743,44.36,2.96,9.74,3.45,2.24,1.44
LMT-0163,4.0,5.0,1.36,0.0583,41.67,3.47,10.94,5.13,1.942,1.35
LMT-0163,5.0,6.0,1.238,0.0874,38.56,3.72,11.49,4.11,2.444,1.43
LMT-0163,6.0,7.0,1.578,0.1195,38.41,5.12,14.29,4.6,1.527,1.54
LMT-0163,7.0,8.0,1.359,0.217,39.07,4.15,15.8,3.08,1.887,1.46
LMT-0163,8.0,9.0,1.273,0.2865,33.43,5.97,17.36,3.32,2.227,1.51
LMT-0163,9.0,10.0,2.205,0.1376,20.88,8.51,31.5,1.55,1.467,1.55
LMT-0163,10.0,11.0,2.391,0.1073,16.95,14.32,34.7,2.01,1.116,1.51
LMT-0163,11.0,12.0,2.095,0.0466,17.31,15.64,36.36,1.43,1.23,1.65
LMT-0163,12.0,13.0,1.718,0.0336,14.36,21.33,36.7,1.52,1.216,1.56
LMT-0163,13.0,14.0,1.592,0.0304,11.82,21.91,34.86,1.49,1.026,1.71
LMT-0163,14.0,15.0,1.292,0.0304,11.02,24.4,37.7,1.09,0.885,1.84
LMT-0163,15.0,16.0,0.327,0.0098,6.51,34.12,40.49,1.07,0.526,2.53
LMT-0163,16.0,17.0,0.296,0.0161,6.42,37.94,37.98,0.95,0.454,2.53
LMT-0163,17.0,17.8,0.326,0.0114,6.56,39.29,42.16,0.82,0.431,2.66
LMT-0164,0.0,1.0,0.852,0.0505,49.38,0.97,4.75,7.76,2.647,1.55
LMT-0164,1.0,2.0,1.06,0.0619,47.26,1.95,7.84,5.76,2.105,1.35
LMT-0164,2.0,3.0,1.176,0.0667,42.89,2.46,8.34,5.45,2.503,1.37
LMT-0164,3.0,4.0,1.208,0.0598,40.05,3.33,9.74,4.72,2.267,1.55
LMT-0164,4.0,5.0,1.162,0.0779,43.24,4.24,12.16,4.52,1.965,1.61
LMT-0164,5.0,6.0,1.289,0.0911,40.24,4.0,14.56,3.36,1.587,1.48
LMT-0164,6.0,7.0,1.369,0.1693,39.73,6.29,15.77,3.8,1.77,1.47
LMT-0164,7.0,8.0,1.368,0.2858,36.55,6.34,15.74,3.5,1.606,1.49
LMT-0164,8.0,9.0,2.467,0.1406,20.42,10.91,33.11,2.67,1.525,1.52
LMT-0164,9.0,10.0,2.066,0.091,18.5,12.5,32.04,2.23,1.261,1.52
LMT-0164,10.0,11.0,1.964,0.0498,14.82,15.51,36.56,1.7,1.056,1.7
LMT-0164,11.0,12.0,1.845,0.0285,14.39,18.65,37.37,1.62,1.02,1.7
LMT-0164,12.0,13.0,1.367,0.028,12.55,20.69,39.44,1.32,0.985,1.76
LMT-0164,13.0,14.0,1.55,0.0308,11.19,24.58,40.81,1.12,0.857,1.8
LMT-0164,14.0,15.0,1.046,0.0141,10.03,22.23,37.7,0.98,0.676,1.73
LMT-0164,15.0,16.0,0.296,0.0155,6.56,33.45,40.51,0.8,0.535,2.65
LMT-0164,16.0,16.9,0.281,0.0149,6.35,32.28,38.74,0.78,0.411,2.42
LMT-0165,0.0,1.0,,,,,,,,1.45
LMT-0165,1.0,2.0,0.99,0.0595,48.64,1.73,8.01,5.15,2.511,1.39
LMT-0165,2.0,3.0,1.265,0.0516,43.86,2.38,8.97,6.55,2.378,1.47
LMT-0165,3.0,4.0,1.346,0.0823,44.09,3.15,10.69,4.94,2.689,1.5
LMT-0165,4.0,5.0,1.158,0.0729,42.21,3.58,11.07,5.18,2.126,1.49
LMT-0165,5.0,6.0,1.207,0.0808,41.52,4.68,12.52,4.83,1.956,1.42
LMT-0165,6.0,7.0,1.214,0.084,38.19,4.74,13.27,4.02,1.805,1.5
LMT-0165,7.0,8.0,1.293,0.1452,37.29,5.09,14.88,3.27,2.191,1.38
LMT-0165,8.0,9.0,1.482,0.3102,38.24,5.37,17.1,3.55,1.465,1.48
LMT-0165,9.0,10.0,3.027,0.1444,20.94,9.57,26.81,1.79,1.445,1.5
LMT-0165,10.0,11.0,2.111,0.0896,19.72,12.05,32.49,2.79,1.446,1.5
LMT-0165,11.0,12.0,2.272,0.079,17.68,12.38,33.05,2.24,1.445,1.51
LMT-0165,12.0,13.0,2.253,0.0368,16.78,16.51,33.75,1.53,1.354,1.48
LMT-0165,13.0,14.0,2.245,0.0415,14.14,18.65,35.0,1.77,1.274,1.64
LMT-0165,14.0,15.0,1.639,0.0296,13.93,20.17,37.25,0.98,1.043,1.69
LMT-0165,15.0,16.0,1.656,0.0291,12.25,19.28,40.86,1.49,1.085,1.61
LMT-0165,16.0,17.0,1.478,0.0228,12.47,20.8,41.09,1.14,0.946,1.81
LMT-0165,17.0,18.0,1.337,0.0224,11.09,22.55,39.68,1.15,0.856,1.71
LMT-0165,18.0,19.0,0.314,0.0134,6.6,41.29,40.49,1.05,0.444,2.51
LMT-0165,19.0,20.0,0.312,0.0169,5.55,31.15,34.15,1.08,0.516,2.63
LMT-0165,20.0,20.9,0.336,0.0145,6.28,40.13,39.07,1.08,0.478,2.53
LMT-0166,0.0,1.0,1.026,0.062,48.69,0.99,5.12,6.83,2.894,1.7
LMT-0166,1.0,2.0,1.203,0.0603,45.7,1.81,7.57,6.33,1.895,1.43
LMT-0166,2.0,3.0,1.04,0.0584,44.01,2.5,8.85,6.94,2.498,1.4
LMT-0166,3.0,4.0,1.152,0.065,43.79,2.87,9.41,3.93,2.488,1.53
LMT-0166,4.0,5.0,1.429,0.0646,41.66,3.36,10.57,4.0,2.31,1.56
LMT-0166,5.0,6.0,1.587,0.0626,45.23,3.72,11.62,3.98,2.478,1.5
LMT-0166,6.0,7.0,1.234,0.0854,41.9,4.34,13.32,3.48,1.971,1.46
LMT-0166,7.0,8.0,1.494,0.1009,42.4,4.57,13.72,4.55,1.772,1.41
LMT-0166,8.0,9.0,1.444,0.1157,39.62,5.18,14.78,4.34,2.024,1.56
LMT-0166,9.0,10.0,1.31,0.151,41.3,5.03,15.87,4.07,2.032,1.52
LMT-0166,10.0,11.0,1.467,0.3474,41.35,5.87,17.56,4.15,2.12,1.56
LMT-0166,11.0,12.0,2.51,0.1666,21.22,9.75,32.77,2.09,1.147,1.51
LMT-0166,12.0,13.0,2.742,0.1114,20.68,10.44,33.08,2.2,1.515,1.51
LMT-0166,13.0,14.0,2.818,0.0678,17.75,13.72,33.44,2.23,1.529,1.59
LMT-0166,14.0,15.0,2.067,0.0459,18.62,12.08,31.86,1.53,1.353,1.62
LMT-0166,15.0,16.0,2.109,0.0596,17.37,16.29,33.97,1.89,1.17,1.54
LMT-0166,16.0,17.0,2.501,0.0359,17.44,15.84,35.12,1.71,1.446,1.61
LMT-0166,17.0,18.0,2.012,0.0393,15.34,16.71,36.42,2.21,1.248,1.54
LMT-0166,18.0,19.0,1.802,0.0372,15.49,18.37,35.3,1.91,1.212,1.59
LMT-0166,19.0,20.0,2.071,0.0413,15.28,18.99,34.67,1.52,1.183,1.74
LMT-0166,20.0,21.0,1.957,0.0245,13.0,19.11,38.46,1.4,1.038,1.75
LMT-0166,21.0,22.0,1.445,0.0279,11.89,21.53,41.34,1.15,0.892,1.75
LMT-0166,22.0,23.0,1.525,0.0304,12.49,23.53,37.14,1.22,1.145,1.76
LMT-0166,23.0,24.0,1.654,0.0299,11.47,22.22,41.42,1.31,0.931,1.93
LMT-0166,24.0,25.0,1.248,0.0274,10.73,21.86,40.99,1.01,0.971,1.86
LMT-0166,25.0,26.0,1.261,0.0198,9.4,28.48,37.95,1.07,0.99,1.83
LMT-0166,26.0,27.0,0.34,0.0157,7.04,37.56,39.95,0.8,0.434,2.51
LMT-0166,27.0,28.0,0.322,0.0098,7.06,35.34,41.82,0.82,0.444,2.72
LMT-0166,28.0,29.1,0.284,0.0108,5.79,38.82,39.87,0.83,0.376,2.47
LMT-0167,0.0,1.0,0.68,0.0397,50.03,0.74,3.52,8.46,3.316,1.58
LMT-0167,1.0,2.0,0.994,0.0723,52.17,1.82,7.79,6.74,2.687,1.5
LMT-0167,2.0,3.0,0.91,0.0774,43.38,1.96,9.45,6.8,2.875,1.57
LMT-0167,3.0,4.0,1.063,0.0752,44.32,3.28,11.08,5.56,2.461,1.39
LMT-0167,4.0,5.0,1.214,0.1042,41.95,3.93,12.6,5.89,2.546,1.56
LMT-0167,5.0,6.0,1.102,0.108,40.87,4.98,13.61,4.88,2.63,1.52
LMT-0167,6.0,7.0,1.311,0.1912,39.23,5.64,15.77,5.39,2.409,1.52
LMT-0167,7.0,8.0,1.289,0.2027,39.09,5.91,16.91,4.3,2.132,1.6
LMT-0167,8.0,9.0,2.397,0.16,22.79,9.22,34.95,1.99,1.639,1.49
LMT-0167,9.0,10.0,2.108,0.0995,22.46,12.68,36.58,2.78,1.441,1.68
LMT-0167,10.0,11.0,2.193,0.0728,19.56,13.86,33.49,2.17,1.665,1.59
LMT-0167,11.0,12.0,1.911,0.0611,18.47,14.19,34.42,2.5,1.357,1.59
LMT-0167,12.0,13.0,1.937,0.0411,17.33,17.93,39.77,2.09,1.517,1.71
LMT-0167,13.0,14.0,1.654,0.0466,16.2,19.27,40.5,1.89,1.448,1.71
LMT-0167,14.0,15.0,1.758,0.0458,13.9,20.64,42.9,1.91,1.111,1.79
LMT-0167,15.0,16.0,1.453,0.0489,14.57,23.14,38.94,1.57,1.217,1.86
LMT-0167,16.0,17.0,1.144,0.0374,12.64,19.92,41.21,1.51,1.053,1.9
LMT-0167,17.0,18.0,1.222,0.0239,11.51,22.61,46.25,1.32,1.06,1.9
LMT-0167,18.0,19.0,1.086,0.0313,10.78,29.13,42.45,1.2,1.131,1.87
LMT-0167,19.0,20.0,0.321,0.0176,6.93,38.88,43.59,1.14,0.53,2.85
LMT-0167,20.0,21.0,0.313,0.0136,6.87,42.69,45.15,0.85,0.619,2.85
LMT-0167,21.0,21.9,0.288,0.014,6.41,39.78,42.31,1.1,0.522,2.58
LMT-0168,0.0,1.0,0.645,0.0457,54.04,0.85,3.53,6.17,3.088,1.63
LMT-0168,1.0,2.0,0.865,0.0625,45.28,1.07,4.93,7.22,2.91,1.54
LMT-0168,2.0,3.0,1.007,0.0892,48.59,2.05,8.18,5.6,2.259,1.47
LMT-0168,3.0,4.0,1.114,0.0932,44.11,3.28,10.97,6.48,2.444,1.49
LMT-0168,4.0,5.0,1.059,0.1674,42.14,4.49,12.8,4.25,2.103,1.51
LMT-0168,5.0,6.0,1.368,0.3001,40.32,6.38,15.95,3.32,2.429,1.52
LMT-0168,6.0,7.0,2.328,0.148,21.87,9.27,32.77,1.82,1.794,1.54
LMT-0168,7.0,8.0,2.265,0.1365,19.97,14.06,33.6,2.51,1.522,1.47
LMT-0168,8.0,9.0,2.075,0.0805,18.46,14.03,33.61,2.06,1.424,1.66
LMT-0168,9.0,10.0,1.713,0.0457,17.08,15.64,38.6,1.69,1.428,1.73
LMT-0168,10.0,11.0,1.744,0.0351,16.6,17.24,37.95,2.39,1.416,1.63
LMT-0168,11.0,12.0,1.75,0.0407,13.89,20.36,41.23,1.32,1.169,1.73
LMT-0168,12.0,13.0,1.423,0.0397,14.07,19.61,35.06,1.3,1.179,1.77
LMT-0168,13.0,14.0,1.268,0.0275,13.3,23.21,42.39,1.68,1.188,1.89
LMT-0168,14.0,15.0,1.24,0.0243,11.4,25.86,39.56,1.13,1.009,1.78
LMT-0168,15.0,16.0,1.08,0.0257,11.45,25.66,41.62,1.09,0.986,1.77
LMT-0168,16.0,17.0,0.316,0.0143,6.93,39.71,40.26,1.06,0.491,2.59
LMT-0168,17.0,18.0,0.292,0.0153,7.53,37.73,40.5,1.05,0.447,2.71
LMT-0168,18.0,18.4,0.243,0.0121,6.69,38.68,40.68,0.93,0.463,2.75
LMT-0169,0.0,1.0,0.501,0.0427,46.32,0.53,3.51,7.22,3.253,1.62
LMT-0169,1.0,2.0,0.848,0.0461,49.04,1.14,4.6,6.26,3.51,1.6
LMT-0169,2.0,3.0,0.851,0.0574,47.54,2.2,7.92,5.04,2.513,1.47
LMT-0169,3.0,4.0,0.836,0.0714,44.96,2.81,9.9,5.07,2.517,1.41
LMT-0169,4.0,5.0,1.081,0.1166,38.47,3.32,12.17,3.42,2.131,1.46
LMT-0169,5.0,6.0,1.149,0.1264,38.21,4.72,11.64,4.06,2.729,1.42
LMT-0169,6.0,7.0,1.258,0.2761,37.0,6.02,15.2,3.75,2.339,1.56
LMT-0169,7.0,8.0,1.984,0.1748,18.32,8.89,32.65,2.59,1.503,1.43
LMT-0169,8.0,9.0,2.12,0.0998,17.69,12.51,34.0,2.12,1.358,1.47
LMT-0169,9.0,10.0,2.185,0.0757,17.59,14.84,35.39,1.88,1.024,1.59
LMT-0169,10.0,11.0,1.742,0.0459,15.13,17.08,34.88,1.37,1.354,1.56
LMT-0169,11.0,12.0,1.685,0.0343,14.38,16.75,39.27,1.62,1.149,1.76
LMT-0169,12.0,13.0,1.465,0.0373,13.34,22.19,39.25,1.64,1.057,1.79
LMT-0169,13.0,14.0,1.33,0.0233,11.28,25.48,38.77,1.24,1.161,1.7
LMT-0169,14.0,15.0,1.158,0.0238,10.47,23.61,41.71,1.02,0.815,1.77
LMT-0169,15.0,16.0,0.254,0.0103,6.76,35.15,39.07,0.92,0.52,2.41
LMT-0169,16.0,17.0,0.251,0.0149,7.17,38.07,42.76,1.02,0.424,2.5
LMT-0169,17.0,18.0,0.287,0.0133,6.35,40.36,40.41,1.03,0.47,2.76
LMT-0169,18.0,18.5,0.236,0.0131,6.57,40.72,41.75,0.9,0.475,2.43
LMT-0170,0.0,1.0,0.563,0.0358,49.06,0.61,3.26,6.03,2.97,1.59
LMT-0170,1.0,2.0,0.743,0.0466,42.61,0.89,4.57,5.83,2.501,1.52
LMT-0170,2.0,3.0,0.814,0.058,44.05,1.67,7.17,5.85,1.967,1.39
LMT-0170,3.0,4.0,0.962,0.0587,43.46,1.99,8.87,4.98,2.107,1.33
LMT-0170,4.0,5.0,0.715,0.0571,38.45,3.01,10.51,3.38,1.924,1.53
LMT-0170,5.0,6.0,1.163,0.0872,43.92,3.47,10.99,4.63,2.003,1.37
LMT-0170,6.0,7.0,1.142,0.1059,40.01,4.21,12.5,4.86,2.178,1.36
LMT-0170,7.0,8.0,1.243,0.1177,36.45,4.82,13.04,3.89,1.962,1.43
LMT-0170,8.0,9.0,1.229,0.1441,35.02,5.93,15.29,2.97,1.785,1.51
LMT-0170,9.0,10.0,1.748,0.1327,19.29,9.03,31.12,1.84,1.468,1.4
LMT-0170,10.0,11.0,1.984,0.0878,17.65,10.34,34.26,1.87,1.239,1.47
LMT-0170,11.0,12.0,1.642,0.066,17.05,14.16,35.09,1.37,1.062,1.55
LMT-0170,12.0,13.0,1.555,0.0296,15.92,17.9,33.54,1.65,1.09,1.44
LMT-0170,13.0,14.0,1.585,0.0437,13.39,17.54,37.1,1.53,0.887,1.65
LMT-0170,14.0,15.0,1.117,0.02,12.24,19.65,36.42,1.27,1.033,1.78
LMT-0170,15.0,16.0,1.143,0.022,12.22,22.87,34.77,1.13,0.8,1.71
LMT-0170,16.0,17.0,0.282,0.0165,6.4,34.13,37.82,0.72,0.388,2.46
LMT-0170,17.0,18.0,0.267,0.0105,6.24,37.11,34.73,0.79,0.465,2.46
LMT-0170,18.0,19.0,0.26,0.0119,6.43,38.2,40.15,0.95,0.398,2.46
LMT-0170,19.0,19.7,0.26,0.0157,5.34,31.47,37.67,0.81,0.455,2.69
LMT-0171,0.0,1.0,0.57,0.039,45.21,0.59,3.0,7.51,2.352,1.42
LMT-0171,1.0,2.0,0.921,0.0419,47.6,1.06,5.09,6.76,2.741,1.43
LMT-0171,2.0,3.0,1.03,0.0453,43.94,1.86,6.96,6.26,2.617,1.54
LMT-0171,3.0,4.0,0.868,0.0467,44.27,1.97,8.41,5.17,2.022,1.39
LMT-0171,4.0,5.0,0.922,0.0657,41.31,2.61,9.02,4.7,2.05,1.43
LMT-0171,5.0,6.0,1.054,0.0521,42.2,3.64,11.05,4.82,2.27,1.42
LMT-0171,6.0,7.0,1.336,0.0581,36.84,3.61,11.99,4.26,1.949,1.39
LMT-0171,7.0,8.0,1.217,0.1092,38.47,4.79,11.7,4.97,1.734,1.43
LMT-0171,8.0,9.0,1.172,0.223,38.47,4.38,14.01,3.59,1.411,1.4
LMT-0171,9.0,10.0,1.305,0.24,35.08,6.37,16.19,3.25,1.804,1.41
LMT-0171,10.0,11.0,2.107,0.1518,20.35,10.84,29.85,2.69,1.087,1.42
LMT-0171,11.0,12.0,2.069,0.0549,17.66,12.02,31.2,2.07,1.156,1.48
LMT-0171,12.0,12.8,1.743,0.0619,17.82,15.96,31.29,1.46,1.275,1.57
LMT-0172,0.0,1.0,0.571,0.0281,50.0,0.58,3.37,7.03,2.971,1.55
LMT-0172,1.0,2.0,0.708,0.0651,48.7,1.09,5.56,6.42,2.4,1.44
LMT-0172,2.0,3.0,0.999,0.0626,48.6,1.81,8.07,4.06,2.711,1.34
LMT-0172,3.0,4.0,1.055,0.0671,41.14,2.17,8.65,4.1,2.03,1.41
LMT-0172,4.0,5.0,1.063,0.0829,40.94,3.2,10.73,4.62,2.375,1.44
LMT-0172,5.0,6.0,1.091,0.0718,43.81,3.57,12.81,4.85,2.409,1.36
LMT-0172,6.0,7.0,1.193,0.0834,37.69,4.32,14.03,4.68,1.837,1.49
LMT-0172,7.0,8.0,1.333,0.139,40.01,4.68,14.8,3.68,1.742,1.47
LMT-0172,8.0,9.0,1.436,0.2145,37.05,5.34,14.81,4.0,1.675,1.59
LMT-0172,9.0,10.0,1.468,0.1998,38.4,6.5,16.36,3.59,1.791,1.57
LMT-0172,10.0,11.0,2.005,0.1324,17.65,13.46,30.42,2.0,1.483,1.43
LMT-0172,11.0,12.0,2.107,0.0797,16.11,13.52,38.08,1.97,1.214,1.45
LMT-0172,12.0,13.0,1.446,0.0381,15.7,16.52,35.76,1.79,1.165,1.63
LMT-0172,13.0,14.0,1.657,0.0329,16.14,20.24,37.75,1.49,1.204,1.64
LMT-0172,14.0,15.0,1.358,0.0328,12.84,21.47,39.51,1.33,1.292,1.63
LMT-0172,15.0,16.0,1.33,0.0287,12.13,22.73,40.79,1.2,0.957,1.8
LMT-0172,16.0,17.0,1.245,0.0177,10.36,22.59,36.12,1.13,0.92,1.83
LMT-0172,17.0,18.0,0.275,0.014,6.71,32.37,40.34,1.1,0.503,2.56
LMT-0172,18.0,19.2,0.308,0.0126,6.37,35.11,42.04,1.02,0.449,2.74
LMT-0173,0.0,1.0,0.723,0.0434,52.79,0.66,3.63,10.0,2.719,1.52
LMT-0173,1.0,2.0,1.069,0.0523,53.57,1.03,5.07,8.01,3.396,1.4
LMT-0173,2.0,3.0,1.241,0.074,43.2,2.2,8.84,6.06,2.691,1.35
LMT-0173,3.0,4.0,1.078,0.0777,48.91,3.1,9.02,4.9,2.262,1.35
LMT-0173,4.0,5.0,1.159,0.0875,41.28,3.59,11.19,5.64,1.937,1.51
LMT-0173,5.0,6.0,1.441,0.1039,47.27,4.29,12.01,4.24,2.107,1.53
LMT-0173,6.0,7.0,1.432,0.1101,40.88,4.49,13.35,4.77,2.245,1.5
LMT-0173,7.0,8.0,1.49,0.1354,39.22,5.08,15.34,4.38,2.166,1.46
LMT-0173,8.0,9.0,1.361,0.2823,39.92,4.99,18.1,3.62,2.005,1.61
LMT-0173,9.0,10.0,2.49,0.1593,20.62,11.07,27.95,1.78,1.407,1.5
LMT-0173,10.0,11.0,2.24,0.0969,19.75,12.01,30.63,2.42,1.27,1.48
LMT-0173,11.0,12.0,1.899,0.0627,18.31,16.24,32.6,2.35,1.336,1.54
LMT-0173,12.0,12.6,2.097,0.0592,15.6,18.25,31.96,1.96,1.392,1.69
LMT-0174,0.0,1.0,0.753,0.0459,51.82,0.74,3.57,8.66,2.539,1.61
LMT-0174,1.0,2.0,0.992,0.0569,52.17,1.26,4.55,8.24,3.319,1.59
LMT-0174,2.0,3.0,0.949,0.0768,50.48,2.03,8.72,6.23,2.421,1.52
LMT-0174,3.0,4.0,1.105,0.0589,45.21,2.32,9.69,7.17,2.249,1.49
LMT-0174,4.0,5.0,1.235,0.0887,45.58,3.03,10.8,5.0,2.676,1.6
LMT-0174,5.0,6.0,1.464,0.0756,44.66,3.7,13.31,5.9,2.875,1.46
LMT-0174,6.0,7.0,1.153,0.1035,46.17,4.28,13.82,5.25,2.461,1.54
LMT-0174,7.0,8.0,1.369,0.1649,39.48,5.33,13.74,4.58,2.225,1.55
LMT-0174,8.0,9.0,1.61,0.2282,38.64,5.72,14.32,4.72,2.231,1.62
LMT-0174,9.0,10.0,1.674,0.3879,37.35,6.81,18.74,3.93,1.792,1.63
LMT-0174,10.0,11.0,2.758,0.1783,21.03,11.31,35.0,2.48,1.342,1.61
LMT-0174,11.0,12.0,2.2,0.1181,20.4,15.03,37.56,2.41,1.399,1.6
LMT-0174,12.0,13.0,1.966,0.0682,17.03,17.54,34.66,1.94,1.408,1.74
LMT-0174,13.0,14.0,1.953,0.0483,14.94,19.16,38.37,1.88,1.472,1.64
LMT-0174,14.0,15.0,1.454,0.0293,13.65,21.94,43.66,1.79,1.134,1.73
LMT-0174,15.0,16.0,1.513,0.0302,11.46,25.31,39.94,1.32,1.191,1.8
LMT-0174,16.0,17.0,0.341,0.0183,6.54,42.06,43.6,1.15,0.564,2.63
LMT-0174,17.0,18.0,0.302,0.0136,7.14,37.01,40.49,1.04,0.582,2.62
LMT-0174,18.0,18.4,0.339,0.0161,6.47,40.89,42.04,1.19,0.527,2.45
LMT-0175,0.0,1.0,0.778,0.0409,50.12,0.69,3.4,9.32,3.272,1.62
LMT-0175,1.0,2.0,0.779,0.0628,48.17,1.15,5.44,7.98,2.923,1.62
LMT-0175,2.0,3.0,1.009,0.0639,45.75,2.06,7.61,7.16,2.146,1.51
LMT-0175,3.0,4.0,1.072,0.0837,46.63,2.33,9.19,6.22,2.301,1.43
LMT-0175,4.0,5.0,1.313,0.0917,45.95,2.82,9.63,6.9,2.836,1.41
LMT-0175,5.0,6.0,1.23,0.0886,45.02,3.47,11.61,5.07,2.316,1.52
LMT-0175,6.0,7.0,1.297,0.1099,45.07,4.43,11.59,4.82,2.413,1.52
LMT-0175,7.0,8.0,1.507,0.1196,41.32,4.48,14.26,4.15,2.353,1.48
LMT-0175,8.0,9.0,1.393,0.1367,39.39,6.04,14.78,4.87,2.051,1.61
LMT-0175,9.0,10.0,1.417,0.1954,39.04,5.79,16.79,3.5,1.969,1.65
LMT-0175,10.0,11.0,2.287,0.1965,21.98,11.72,33.07,1.82,1.719,1.53
LMT-0175,11.0,12.0,2.353,0.086,18.78,13.56,32.03,2.18,1.51,1.58
LMT-0175,12.0,13.0,1.834,0.0608,17.19,17.43,37.61,1.53,1.199,1.87
LMT-0175,13.0,14.0,1.362,0.031,13.22,23.56,39.25,1.72,0.957,1.74
LMT-0175,14.0,15.0,1.208,0.0185,10.94,27.76,44.64,0.98,1.008,1.84
LMT-0175,15.0,16.0,0.266,0.0155,7.23,34.04,42.35,0.98,0.52,2.61
LMT-0175,16.0,17.0,0.341,0.0129,6.79,39.3,39.47,1.03,0.451,2.74
LMT-0175,17.0,17.6,0.337,0.0118,6.8,37.55,43.42,0.79,0.389,2.74
LMT-0176,0.0,1.0,0.647,0.0406,49.42,0.81,3.6,10.31,3.059,1.49
LMT-0176,1.0,2.0,0.979,0.0684,45.94,1.19,6.49,6.54,2.939,1.33
LMT-0176,2.0,3.0,1.269,0.0562,48.96,2.05,8.32,6.94,2.959,1.51
LMT-0176,3.0,4.0,1.194,0.0667,44.99,2.15,9.0,6.37,2.436,1.39
LMT-0176,4.0,5.0,1.104,0.0936,43.45,3.0,10.05,5.71,2.454,1.45
LMT-0176,5.0,6.0,1.407,0.0805,42.88,3.55,11.51,4.97,2.749,1.49
LMT-0176,6.0,7.0,1.141,0.0766,44.21,3.78,13.73,5.27,2.596,1.56
LMT-0176,7.0,8.0,1.464,0.0905,38.88,4.47,13.01,4.54,2.424,1.43
LMT-0176,8.0,9.0,1.268,0.1246,40.11,4.55,13.86,3.8,2.356,1.5
LMT-0176,9.0,10.0,1.258,0.2375,39.9,6.15,14.29,4.76,2.025,1.5
LMT-0176,10.0,11.0,1.555,0.3097,37.35,6.05,17.06,3.64,2.083,1.54
LMT-0176,11.0,12.0,2.198,0.1304,17.74,13.13,31.53,1.81,1.682,1.55
LMT-0176,12.0,13.0,1.845,0.0904,16.43,17.38,36.62,1.73,1.413,1.61
LMT-0176,13.0,14.0,1.474,0.0388,10.8,24.37,43.82,1.2,0.819,1.77
LMT-0176,14.0,15.0,0.38,0.0103,7.4,35.9,39.89,0.88,0.612,2.59
LMT-0176,15.0,15.9,0.307,0.0145,6.68,38.94,43.37,1.09,0.449,2.69
LMT-0177,0.0,1.0,0.58,0.0456,47.25,0.74,3.93,8.0,2.926,1.54
LMT-0177,1.0,2.0,1.188,0.0604,43.62,1.68,6.96,6.21,2.867,1.38
LMT-0177,2.0,3.0,1.109,0.0589,41.51,2.03,7.8,7.03,2.301,1.42
LMT-0177,3.0,4.0,0.976,0.0781,45.87,2.65,9.77,5.07,2.497,1.51
LMT-0177,4.0,5.0,1.258,0.067,46.2,3.34,10.58,5.59,2.177,1.46
LMT-0177,5.0,6.0,1.286,0.0578,47.91,3.18,12.39,5.82,2.411,1.49
LMT-0177,6.0,7.0,1.42,0.0651,39.93,3.87,12.3,4.95,2.598,1.54
LMT-0177,7.0,8.0,1.295,0.0932,41.12,4.33,13.38,5.04,2.095,1.61
LMT-0177,8.0,9.0,1.476,0.1471,42.76,5.24,14.19,4.43,2.333,1.37
LMT-0177,9.0,10.0,1.666,0.1841,39.36,5.27,15.92,3.75,1.96,1.44
LMT-0177,10.0,11.0,1.48,0.2769,38.08,6.75,15.78,4.96,1.521,1.48
LMT-0177,11.0,12.0,2.378,0.1572,20.61,10.96,31.12,1.97,1.565,1.43
LMT-0177,12.0,13.0,2.287,0.0785,18.05,14.16,35.2,1.98,1.299,1.61
LMT-0177,13.0,14.0,1.667,0.048,14.3,18.3,37.72,1.86,1.171,1.72
LMT-0177,14.0,15.0,1.289,0.0282,11.43,25.3,42.21,0.85,0.925,1.77
LMT-0177,15.0,16.0,0.33,0.0126,6.94,36.12,39.91,0.89,0.535,2.65
LMT-0177,16.0,17.0,0.278,0.0134,6.89,33.16,37.2,1.05,0.506,2.49
LMT-0177,17.0,18.0,0.359,0.012,6.6,43.38,46.2,0.92,0.465,2.68
LMT-0177,18.0,18.3,0.285,0.0122,6.94,36.27,41.5,0.96,0.424,2.51
LMT-0178,0.0,1.0,0.89,0.0463,52.37,1.1,4.68,7.86,2.673,1.58
LMT-0178,1.0,2.0,1.113,0.0695,44.65,2.02,8.23,6.48,2.88,1.44
LMT-0178,2.0,3.0,1.328,0.0698,43.99,2.29,8.53,5.54,2.505,1.59
LMT-0178,3.0,4.0,1.392,0.0773,41.6,3.18,11.43,6.98,2.298,1.46
LMT-0178,4.0,5.0,1.309,0.104,43.17,3.78,10.54,4.57,1.859,1.42
LMT-0178,5.0,6.0,1.189,0.1153,43.29,4.12,12.41,4.89,2.464,1.51
LMT-0178,6.0,7.0,,,,,,,,1.49
LMT-0178,7.0,8.0,1.519,0.1128,43.0,5.67,17.12,4.22,2.262,1.46
LMT-0178,8.0,9.0,1.706,0.1979,36.85,5.45,16.13,3.81,1.883,1.51
LMT-0178,9.0,10.0,1.652,0.3501,37.34,6.38,17.59,4.05,2.442,1.55
LMT-0178,10.0,11.0,2.729,0.1367,20.4,12.24,34.69,1.94,1.359,1.52
LMT-0178,11.0,12.0,2.376,0.0911,16.49,17.82,33.6,2.21,1.531,1.63
LMT-0178,12.0,13.0,2.003,0.0442,15.45,18.55,37.32,1.66,1.316,1.73
LMT-0178,13.0,14.0,1.646,0.0345,14.07,22.7,35.94,1.4,1.151,1.76
LMT-0178,14.0,15.0,1.346,0.0322,10.17,26.84,42.17,1.11,0.93,1.84
LMT-0178,15.0,16.0,0.411,0.018,6.51,41.35,38.28,0.89,0.498,2.69
LMT-0178,16.0,17.0,0.361,0.0151,6.78,33.24,39.99,1.0,0.443,2.8
LMT-0178,17.0,17.4,0.354,0.0089,6.71,41.68,41.72,0.91,0.51,2.71
LMT-0179,0.0,1.0,0.978,0.0625,45.37,1.47,7.21,7.51,2.727,1.48
LMT-0179,1.0,2.0,1.18,0.0624,43.56,2.38,7.71,5.06,2.897,1.49
LMT-0179,2.0,3.0,1.143,0.0758,46.46,2.97,9.13,5.3,2.776,1.5
LMT-0179,3.0,4.0,1.197,0.0921,43.87,3.8,11.0,5.37,2.544,1.44
LMT-0179,4.0,5.0,1.478,0.1037,43.3,4.0,12.34,5.11,2.374,1.46
LMT-0179,5.0,6.0,1.266,0.1013,41.02,4.94,15.17,4.67,2.341,1.48
LMT-0179,6.0,7.0,1.511,0.1735,42.84,5.14,15.38,4.77,1.793,1.59
LMT-0179,7.0,8.0,1.811,0.3462,40.81,6.72,16.78,3.65,2.289,1.57
LMT-0179,8.0,9.0,2.835,0.1749,22.83,11.16,32.82,2.49,1.603,1.6
LMT-0179,9.0,10.0,2.608,0.0975,20.22,12.6,34.84,2.18,1.462,1.59
LMT-0179,10.0,11.0,2.373,0.0744,19.08,17.53,36.82,1.74,1.21,1.64
LMT-0179,11.0,12.0,1.902,0.0373,16.75,18.61,38.5,2.13,1.177,1.6
LMT-0179,12.0,13.0,2.153,0.0423,14.21,20.14,40.08,1.67,1.361,1.78
LMT-0179,13.0,14.0,1.656,0.0367,13.23,24.95,40.57,1.51,1.1,1.77
LMT-0179,14.0,15.0,1.371,0.0288,11.76,27.16,41.43,1.52,0.94,1.82
LMT-0179,15.0,16.0,0.361,0.016,6.47,41.58,41.87,0.95,0.436,2.54
LMT-0179,16.0,17.0,0.379,0.0153,6.74,36.39,38.71,1.14,0.526,2.85
LMT-0179,17.0,18.0,0.384,0.0138,6.93,40.79,39.76,0.9,0.411,2.71
LMT-0179,18.0,18.6,0.344,0.0142,6.67,40.21,39.64,0.88,0.438,2.81
LMT-0180,0.0,1.0,1.031,0.0486,49.21,1.16,5.16,7.08,2.837,1.65
LMT-0180,1.0,2.0,1.076,0.074,50.8,2.31,8.27,6.32,2.478,1.47
LMT-0180,2.0,3.0,1.375,0.0795,47.47,2.69,9.64,5.24,2.301,1.54
LMT-0180,3.0,4.0,1.263,0.0748,42.25,3.86,11.49,5.3,2.369,1.44
LMT-0180,4.0,5.0,1.412,0.0881,43.74,4.12,11.54,4.39,2.482,1.52
LMT-0180,5.0,6.0,1.547,0.1122,43.71,4.76,13.92,5.3,2.256,1.51
LMT-0180,6.0,7.0,1.379,0.2202,42.88,5.41,16.28,4.7,2.367,1.77
LMT-0180,7.0,8.0,1.882,0.3135,35.79,6.86,17.62,2.9,1.887,1.55
LMT-0180,8.0,9.0,2.447,0.1585,20.58,11.46,32.88,2.11,1.554,1.51
LMT-0180,9.0,10.0,2.265,0.1081,20.5,13.08,33.31,2.45,1.351,1.59
LMT-0180,10.0,11.0,2.194,0.0696,17.51,15.47,34.34,2.18,1.312,1.57
LMT-0180,11.0,12.0,1.962,0.0434,16.72,14.88,35.15,2.28,1.282,1.53
LMT-0180,12.0,13.0,1.818,0.0485,14.57,19.65,35.7,1.77,1.059,1.7
LMT-0180,13.0,14.0,1.568,0.0344,14.11,21.87,40.94,1.47,1.078,1.7
LMT-0180,14.0,15.0,1.463,0.0386,12.44,21.63,37.66,1.37,1.177,1.81
LMT-0180,15.0,16.0,1.411,0.0264,10.84,25.2,42.65,1.06,1.053,1.8
LMT-0180,16.0,17.0,1.385,0.0198,9.1,26.81,39.68,1.09,0.939,1.9
LMT-0180,17.0,18.0,0.341,0.013,6.78,43.52,39.36,0.94,0.547,2.67
LMT-0180,18.0,18.8,0.337,0.0156,6.33,39.41,44.71,1.08,0.504,2.58
LMT-0181,0.0,1.0,0.987,0.0486,50.89,1.06,5.33,6.9,2.752,1.44
LMT-0181,1.0,2.0,1.075,0.0769,44.24,2.07,7.93,7.23,2.837,1.31
LMT-0181,2.0,3.0,1.239,0.0703,43.05,2.54,8.8,5.01,2.235,1.48
LMT-0181,3.0,4.0,1.215,0.061,43.95,3.19,10.48,5.2,2.697,1.54
LMT-0181,4.0,5.0,1.374,0.0686,43.4,3.66,10.86,4.93,1.937,1.56
LMT-0181,5.0,6.0,1.321,0.0972,42.53,4.43,13.88,4.33,2.02,1.44
LMT-0181,6.0,7.0,1.433,0.1251,37.52,5.06,13.64,4.41,2.149,1.67
LMT-0181,7.0,8.0,1.665,0.1533,40.32,6.03,15.29,3.08,2.132,1.56
LMT-0181,8.0,9.0,1.475,0.2938,36.92,6.14,15.22,3.6,2.141,1.44
LMT-0181,9.0,10.0,3.008,0.1303,19.63,10.01,30.47,2.37,1.269,1.55
LMT-0181,10.0,11.0,2.434,0.0804,19.91,11.16,34.25,1.88,1.367,1.53
LMT-0181,11.0,12.0,2.328,0.0649,17.96,14.58,37.04,1.93,1.386,1.66
LMT-0181,12.0,13.0,2.61,0.0508,17.81,14.16,36.04,1.75,1.214,1.5
LMT-0181,13.0,14.0,2.511,0.0382,17.48,16.31,35.58,2.03,1.379,1.7
LMT-0181,14.0,15.0,2.117,0.04,15.97,15.76,36.26,1.75,1.177,1.67
LMT-0181,15.0,16.0,1.861,0.0253,16.64,18.28,35.28,1.51,1.16,1.79
LMT-0181,16.0,17.0,1.909,0.0393,14.28,19.53,37.8,2.02,1.131,1.61
LMT-0181,17.0,18.0,1.677,0.0352,12.11,19.52,32.4,1.32,1.083,1.72
LMT-0181,18.0,19.0,1.707,0.0323,12.18,22.86,40.67,1.38,1.078,1.92
LMT-0181,19.0,20.0,1.467,0.0259,11.18,24.75,39.5,1.31,1.143,1.62
LMT-0181,20.0,21.0,1.387,0.0186,10.52,29.13,40.13,1.08,0.915,1.98
LMT-0181,21.0,22.0,0.291,0.0153,6.55,42.53,37.55,1.08,0.564,2.76
LMT-0181,22.0,23.0,0.361,0.0157,6.61,39.62,38.06,0.86,0.557,2.56
LMT-0181,23.0,24.2,0.325,0.0141,6.61,33.42,42.55,0.88,0.401,2.84
LMT-0182,0.0,1.0,0.938,0.0421,50.7,0.96,4.45,7.62,2.633,1.51
LMT-0182,1.0,2.0,1.049,0.0588,45.31,1.58,7.21,6.68,2.299,1.44
LMT-0182,2.0,3.0,1.241,0.0732,41.72,2.43,7.84,6.61,2.336,1.44
LMT-0182,3.0,4.0,1.332,0.0652,46.14,2.6,8.25,5.24,2.268,1.39
LMT-0182,4.0,5.0,1.192,0.0704,46.44,3.04,10.08,7.31,2.389,1.36
LMT-0182,5.0,6.0,1.319,0.0913,42.4,3.06,10.27,5.91,1.992,1.55
LMT-0182,6.0,7.0,1.233,0.0824,41.31,3.94,11.34,4.82,2.296,1.4
LMT-0182,7.0,8.0,1.539,0.0614,37.29,4.2,13.34,3.9,2.343,1.41
LMT-0182,8.0,9.0,1.545,0.0873,39.03,4.89,14.54,3.06,2.329,1.55
LMT-0182,9.0,10.0,1.644,0.1749,40.94,5.23,15.77,3.47,2.15,1.41
LMT-0182,10.0,11.0,1.688,0.2995,37.6,5.48,15.69,3.28,1.918,1.47
LMT-0182,11.0,12.0,2.801,0.1771,19.88,9.58,31.82,2.74,1.284,1.41
LMT-0182,12.0,13.0,3.065,0.1164,19.39,10.35,31.26,2.34,1.699,1.54
LMT-0182,13.0,14.0,2.814,0.0862,18.64,10.08,35.46,1.85,1.841,1.52
LMT-0182,14.0,15.0,2.736,0.0542,19.57,11.87,34.69,2.04,1.328,1.51
LMT-0182,15.0,16.0,2.507,0.0554,18.91,13.87,34.62,1.97,1.364,1.54
LMT-0182,16.0,17.0,2.093,0.0383,16.52,15.17,34.56,1.75,1.162,1.46
LMT-0182,17.0,18.0,2.348,0.0402,17.71,15.91,37.21,2.08,1.309,1.62
LMT-0182,18.0,19.0,2.484,0.0383,17.07,14.89,38.76,2.14,1.295,1.68
LMT-0182,19.0,20.0,2.162,0.0444,14.97,17.0,35.65,1.49,1.203,1.5
LMT-0182,20.0,21.0,2.063,0.0433,14.78,16.97,37.79,1.87,1.059,1.64
LMT-0182,21.0,22.0,1.903,0.0394,14.07,23.95,36.47,1.44,0.919,1.64
LMT-0182,22.0,23.0,1.834,0.0327,13.25,20.43,37.88,1.47,1.157,1.61
LMT-0182,23.0,24.0,1.503,0.039,12.79,22.84,37.56,1.38,1.033,1.81
LMT-0182,24.0,25.0,1.649,0.0272,11.68,20.67,39.81,1.4,0.861,1.74
LMT-0182,25.0,26.0,1.497,0.0348,11.59,24.38,38.02,1.0,1.006,1.73
LMT-0182,26.0,27.0,1.411,0.0296,10.95,26.39,42.68,1.37,0.94,1.88
LMT-0182,27.0,28.0,1.457,0.0219,10.33,23.01,40.24,1.09,1.058,1.79
LMT-0182,28.0,29.0,1.37,0.025,9.92,29.12,39.87,0.95,0.81,1.82
LMT-0182,29.0,30.0,0.344,0.012,6.21,33.41,40.53,1.13,0.557,2.57
LMT-0182,30.0,31.0,0.366,0.015,6.59,37.06,40.51,0.81,0.41,2.82
LMT-0182,31.0,31.9,0.357,0.0096,6.14,35.64,38.38,0.89,0.378,2.61
LMT-0183,0.0,1.0,0.845,0.0463,51.63,0.99,3.91,8.06,2.482,1.5
LMT-0183,1.0,2.0,1.086,0.0631,43.14,1.76,6.77,6.1,2.842,1.32
LMT-0183,2.0,3.0,1.177,0.0608,48.51,2.04,7.5,5.71,2.089,1.37
LMT-0183,3.0,4.0,1.032,0.0696,43.72,2.59,8.9,4.48,2.918,1.46
LMT-0183,4.0,5.0,1.183,0.0958,44.44,2.39,9.2,5.78,2.044,1.44
LMT-0183,5.0,6.0,1.265,0.083,37.44,3.35,9.75,5.66,1.995,1.31
LMT-0183,6.0,7.0,1.481,0.0493,40.9,3.56,12.19,4.09,2.006,1.37
LMT-0183,7.0,8.0,1.257,0.0781,47.31,4.0,12.5,4.99,2.429,1.42
LMT-0183,8.0,9.0,,,,,,,,1.46
LMT-0183,9.0,10.0,1.341,0.0985,40.73,4.45,13.31,4.17,2.016,1.48
LMT-0183,10.0,11.0,1.5,0.1153,37.25,4.37,14.71,4.87,1.722,1.47
LMT-0183,11.0,12.0,1.6,0.1672,38.62,4.76,16.06,3.37,1.968,1.4
LMT-0183,12.0,13.0,1.548,0.2993,38.43,5.59,16.53,3.6,1.781,1.58
LMT-0183,13.0,14.0,2.628,0.1334,22.53,8.79,33.01,2.49,1.405,1.61
LMT-0183,14.0,15.0,2.738,0.1098,19.84,10.98,35.44,2.55,1.243,1.46
LMT-0183,15.0,16.0,2.562,0.0634,20.78,10.66,32.06,2.19,1.547,1.51
LMT-0183,16.0,17.0,2.844,0.0612,18.63,12.86,32.8,2.42,1.489,1.52
LMT-0183,17.0,18.0,2.687,0.0495,17.24,12.07,33.29,2.61,1.37,1.52
LMT-0183,18.0,19.0,2.223,0.0497,17.75,13.35,35.48,1.8,1.481,1.66
LMT-0183,19.0,20.0,1.84,0.0355,18.41,13.77,33.28,2.39,1.053,1.66
LMT-0183,20.0,21.0,2.294,0.0494,16.5,16.55,32.83,2.11,1.313,1.67
LMT-0183,21.0,22.0,2.262,0.0384,17.45,16.82,34.15,2.0,1.257,1.52
LMT-0183,22.0,23.0,1.894,0.0413,15.49,16.77,35.7,1.99,1.366,1.69
LMT-0183,23.0,24.0,2.032,0.0478,15.34,17.88,35.37,1.56,1.265,1.64
LMT-0183,24.0,25.0,2.355,0.0342,14.31,16.52,35.2,1.48,1.225,1.63
LMT-0183,25.0,26.0,1.686,0.0299,14.11,17.79,34.33,1.81,1.135,1.58
LMT-0183,26.0,27.0,1.75,0.0248,15.05,18.88,39.3,1.52,1.109,1.66
LMT-0183,27.0,28.0,1.409,0.0439,14.88,19.27,38.77,1.32,0.835,1.73
LMT-0183,28.0,29.0,1.802,0.0301,14.2,20.8,37.8,1.61,1.026,1.6
LMT-0183,29.0,30.0,1.661,0.0301,12.13,23.67,40.52,1.46,0.981,1.82
LMT-0183,30.0,31.0,1.591,0.02,12.12,22.14,38.15,1.19,0.956,1.72
LMT-0183,31.0,32.0,1.734,0.0287,10.96,25.02,39.1,1.13,0.95,1.89
LMT-0183,32.0,33.0,1.422,0.0271,10.99,26.53,37.03,1.28,0.902,1.83
LMT-0183,33.0,34.0,1.457,0.0176,10.6,24.27,40.62,1.11,0.828,1.86
LMT-0183,34.0,35.0,1.174,0.0196,10.14,23.14,40.53,1.0,0.831,1.73
LMT-0183,35.0,36.0,0.367,0.0144,7.01,35.48,37.14,0.78,0.459,2.72
LMT-0183,36.0,37.0,0.324,0.0108,6.51,40.68,37.21,0.53,0.449,2.45
LMT-0183,37.0,37.5,0.334,0.0119,6.7,34.43,40.07,0.88,0.451,2.55
LMT-0184,0.0,1.0,0.744,0.0353,45.63,0.65,3.85,7.24,2.424,1.46
LMT-0184,1.0,2.0,1.121,0.0626,42.75,1.59,6.17,6.36,2.657,1.5
LMT-0184,2.0,3.0,1.249,0.0621,43.95,2.04,7.8,6.14,2.255,1.44
LMT-0184,3.0,4.0,1.159,0.0904,44.02,2.4,8.62,5.16,2.296,1.45
LMT-0184,4.0,5.0,1.463,0.084,45.45,3.15,9.85,4.56,2.765,1.39
LMT-0184,5.0,6.0,1.369,0.0744,43.46,3.26,10.76,5.96,2.162,1.5
LMT-0184,6.0,7.0,1.536,0.0817,38.43,4.56,11.67,5.17,2.43,1.53
LMT-0184,7.0,8.0,1.707,0.1044,45.07,4.45,13.99,4.57,2.521,1.41
LMT-0184,8.0,9.0,1.456,0.0953,45.87,4.81,15.98,3.55,2.157,1.48
LMT-0184,9.0,10.0,1.648,0.1779,40.84,6.12,15.59,4.55,2.058,1.51
LMT-0184,10.0,11.0,1.725,0.3791,39.95,7.09,15.39,3.71,2.367,1.49
LMT-0184,11.0,12.0,2.706,0.1621,20.41,10.05,30.56,2.04,1.542,1.39
LMT-0184,12.0,13.0,2.378,0.1061,17.78,11.59,33.54,2.79,1.669,1.47
LMT-0184,13.0,14.0,2.451,0.0601,19.74,10.8,33.87,2.18,1.447,1.51
LMT-0184,14.0,15.0,2.699,0.0562,19.93,12.07,34.76,1.92,1.396,1.56
LMT-0184,15.0,16.0,2.394,0.0553,18.67,15.37,33.55,2.38,1.353,1.44
LMT-0184,16.0,17.0,2.307,0.0455,17.61,13.67,33.81,1.9,1.323,1.57
LMT-0184,17.0,18.0,1.924,0.0427,18.23,15.49,36.48,2.13,1.158,1.67
LMT-0184,18.0,19.0,1.918,0.0281,15.27,17.97,37.27,1.62,1.44,1.73
LMT-0184,19.0,20.0,1.977,0.039,15.52,19.47,39.64,1.88,1.316,1.6
LMT-0184,20.0,21.0,1.907,0.0273,15.42,20.23,35.88,1.73,1.394,1.63
LMT-0184,21.0,22.0,1.861,0.0411,14.04,19.77,39.23,1.53,1.008,1.59
LMT-0184,22.0,23.0,1.66,0.0238,12.48,22.09,36.31,1.57,1.041,1.73
LMT-0184,23.0,24.0,1.96,0.0278,12.48,21.67,38.83,1.59,1.027,1.75
LMT-0184,24.0,25.0,1.673,0.0371,11.79,21.19,37.31,1.32,0.927,1.65
LMT-0184,25.0,26.0,1.75,0.0312,11.63,25.31,42.7,1.25,0.918,1.77
LMT-0184,26.0,27.0,1.627,0.0214,11.01,25.64,38.07,1.28,0.979,1.77
LMT-0184,27.0,28.0,1.275,0.0259,9.01,25.37,41.29,0.86,0.873,1.85
LMT-0184,28.0,29.0,1.262,0.0232,8.38,26.58,44.07,1.16,0.868,1.93
LMT-0184,29.0,30.0,0.375,0.0092,6.9,33.42,40.27,0.97,0.421,2.45
LMT-0184,30.0,31.0,0.326,0.0126,6.87,36.68,40.41,1.05,0.475,2.73
LMT-0184,31.0,31.7,0.323,0.0156,6.72,38.66,42.13,0.77,0.457,2.68
LMT-0185,0.0,1.0,0.853,0.0379,50.09,0.6,3.6,7.06,2.99,1.56
LMT-0185,1.0,2.0,1.028,0.0506,47.1,1.06,5.24,6.55,2.721,1.58
LMT-0185,2.0,3.0,1.3,0.0663,45.24,2.04,8.72,7.52,2.563,1.3
LMT-0185,3.0,4.0,1.172,0.0649,43.25,2.49,9.65,5.07,2.833,1.44
LMT-0185,4.0,5.0,1.35,0.0812,44.94,3.15,10.11,6.29,2.491,1.4
LMT-0185,5.0,6.0,1.195,0.0861,39.78,3.29,11.92,4.48,1.79,1.38
LMT-0185,6.0,7.0,1.472,0.0966,45.28,3.74,12.86,4.78,2.46,1.43
LMT-0185,7.0,8.0,1.602,0.099,41.17,4.42,13.93,4.48,1.804,1.55
LMT-0185,8.0,9.0,1.545,0.178,39.24,5.17,15.19,3.23,1.626,1.53
LMT-0185,9.0,10.0,1.464,0.297,38.68,5.1,17.38,2.69,2.136,1.45
LMT-0185,10.0,11.0,2.957,0.1681,20.12,10.18,32.28,2.29,1.504,1.6
LMT-0185,11.0,12.0,2.875,0.1147,18.34,11.35,30.76,2.42,1.496,1.46
LMT-0185,12.0,13.0,2.288,0.055,17.58,11.84,34.61,2.02,1.405,1.6
LMT-0185,13.0,14.0,2.457,0.0408,17.61,15.72,34.07,1.95,1.232,1.65
LMT-0185,14.0,15.0,2.302,0.0313,17.57,15.89,34.31,1.9,1.159,1.53
LMT-0185,15.0,16.0,2.291,0.0411,14.71,17.98,36.52,2.01,1.288,1.54
LMT-0185,16.0,17.0,1.933,0.0301,14.49,18.54,36.22,1.81,1.105,1.76
LMT-0185,17.0,18.0,1.934,0.0272,12.9,20.98,37.62,1.45,1.0,1.63
LMT-0185,18.0,19.0,1.651,0.0362,12.14,22.54,39.58,1.35,0.896,1.69
LMT-0185,19.0,20.0,1.236,0.0269,11.81,26.01,40.12,1.04,1.01,1.81
LMT-0185,20.0,21.0,1.312,0.0208,10.62,26.44,40.55,1.26,0.848,1.74
LMT-0185,21.0,22.0,0.336,0.0118,6.24,37.23,39.08,0.93,0.446,2.58
LMT-0185,22.0,23.0,0.279,0.0121,6.2,35.73,39.64,0.83,0.447,2.5
LMT-0185,23.0,23.5,0.378,0.0117,6.31,35.83,40.94,0.9,0.534,2.61
LMT-0186,0.0,1.0,0.9,0.0513,49.63,0.75,3.5,7.5,2.766,1.56
LMT-0186,1.0,2.0,1.059,0.0648,47.78,1.57,6.19,6.68,2.588,1.44
LMT-0186,2.0,3.0,1.523,0.0769,45.17,2.1,8.12,7.84,2.649,1.38
LMT-0186,3.0,4.0,1.375,0.079,44.9,2.31,8.66,5.65,2.417,1.5
LMT-0186,4.0,5.0,1.466,0.0733,40.12,3.28,10.09,6.01,2.536,1.59
LMT-0186,5.0,6.0,1.438,0.0808,43.78,3.68,11.81,5.64,2.484,1.51
LMT-0186,6.0,7.0,1.288,0.0653,44.62,4.68,12.92,4.47,1.823,1.57
LMT-0186,7.0,8.0,1.532,0.1386,42.29,4.77,13.31,4.55,2.307,1.48
LMT-0186,8.0,9.0,1.644,0.1855,41.56,5.23,15.32,2.98,2.233,1.47
LMT-0186,9.0,10.0,1.791,0.3063,37.67,5.33,17.02,3.5,2.362,1.57
LMT-0186,10.0,11.0,1.703,0.3672,40.34,6.03,16.59,4.16,1.882,1.49
LMT-0186,11.0,12.0,3.279,0.1591,19.82,11.08,32.65,2.57,1.528,1.54
LMT-0186,12.0,13.0,2.962,0.1016,18.87,13.77,33.62,2.0,1.49,1.5
LMT-0186,13.0,14.0,2.515,0.0607,18.53,13.13,34.72,1.5,1.414,1.64
LMT-0186,14.0,15.0,2.436,0.058,16.33,17.25,33.5,2.27,1.455,1.65
LMT-0186,15.0,16.0,2.204,0.0502,16.54,19.88,34.89,1.66,1.254,1.69
LMT-0186,16.0,17.0,2.183,0.0378,16.23,18.83,37.74,2.03,1.297,1.66
LMT-0186,17.0,18.0,2.04,0.0321,14.47,20.41,39.7,1.93,1.192,1.71
LMT-0186,18.0,19.0,1.916,0.0337,12.08,21.08,37.98,1.23,0.98,1.66
LMT-0186,19.0,20.0,1.604,0.0266,12.65,22.76,44.22,1.33,1.098,1.83
LMT-0186,20.0,21.0,1.386,0.0225,11.45,27.35,40.3,1.41,0.815,1.81
LMT-0186,21.0,22.0,1.73,0.0274,10.43,27.76,41.53,0.97,0.801,1.91
LMT-0186,22.0,23.0,0.381,0.0172,7.03,35.72,41.69,0.94,0.452,2.78
LMT-0186,23.0,24.0,0.388,0.0115,6.5,40.88,40.18,0.81,0.459,2.81
LMT-0186,24.0,24.3,,,,,,,,2.76
LMT-0187,0.0,1.0,0.648,0.0388,45.33,0.63,3.27,6.53,2.891,1.36
LMT-0187,1.0,2.0,0.745,0.0334,42.23,0.79,4.69,4.26,2.364,1.48
LMT-0187,2.0,3.0,0.872,0.047,40.46,1.81,7.1,4.18,2.314,1.37
LMT-0187,3.0,4.0,0.828,0.0588,42.55,2.21,7.98,5.45,2.332,1.39
LMT-0187,4.0,5.0,0.767,0.0632,40.55,2.82,9.88,3.77,1.607,1.27
LMT-0187,5.0,6.0,0.882,0.0479,38.2,3.53,9.98,4.12,2.036,1.46
LMT-0187,6.0,7.0,1.062,0.0569,38.39,3.48,11.94,2.63,1.509,1.35
LMT-0187,7.0,8.0,1.322,0.129,39.78,4.07,14.49,3.07,1.494,1.38
LMT-0187,8.0,9.0,1.215,0.1845,34.0,5.05,14.92,2.56,1.766,1.44
LMT-0187,9.0,10.0,1.82,0.0896,18.97,8.46,27.01,2.18,1.408,1.36
LMT-0187,10.0,11.0,1.668,0.0855,18.19,11.65,30.66,1.71,1.155,1.25
LMT-0187,11.0,12.0,1.65,0.0367,17.54,12.22,29.01,1.81,1.368,1.44
LMT-0187,12.0,13.0,1.409,0.0315,15.46,12.18,32.98,1.58,1.02,1.45
LMT-0187,13.0,14.0,1.421,0.0337,13.71,16.21,28.72,1.09,0.957,1.68
LMT-0187,14.0,15.0,1.426,0.0224,12.43,19.01,31.35,1.6,0.746,1.61
LMT-0187,15.0,16.0,1.216,0.0192,10.9,19.0,36.06,1.07,0.886,1.43
LMT-0187,16.0,17.0,1.238,0.014,10.59,22.21,38.85,0.92,0.797,1.57
LMT-0187,17.0,18.0,0.702,0.0183,9.41,21.01,36.2,0.86,0.598,1.67
LMT-0187,18.0,19.0,0.265,0.0093,5.84,29.33,38.03,0.84,0.38,2.51
LMT-0187,19.0,20.0,0.29,0.0079,6.23,36.33,37.65,0.69,0.369,2.44
LMT-0188,0.0,1.0,0.518,0.0207,46.29,0.57,3.25,5.78,2.459,1.35
LMT-0188,1.0,2.0,0.781,0.0279,48.75,0.99,4.58,4.58,2.312,1.55
LMT-0188,2.0,3.0,0.675,0.0584,39.61,1.68,6.92,4.61,2.232,1.32
LMT-0188,3.0,4.0,0.826,0.0503,39.47,2.17,7.87,2.97,2.152,1.32
LMT-0188,4.0,5.0,0.854,0.0609,39.12,2.48,9.01,2.96,1.44,1.29
LMT-0188,5.0,6.0,1.189,0.0418,37.95,2.87,10.88,3.34,1.926,1.39
LMT-0188,6.0,7.0,1.163,0.0534,38.85,3.67,11.45,3.33,1.092,1.29
LMT-0188,7.0,8.0,1.229,0.0653,33.89,4.37,10.3,3.21,1.651,1.37
LMT-0188,8.0,9.0,1.235,0.1389,35.19,4.53,13.84,3.83,2.153,1.41
LMT-0188,9.0,10.0,1.1,0.1496,35.97,4.59,13.99,2.24,1.851,1.5
LMT-0188,10.0,11.0,1.599,0.0966,20.23,7.34,27.48,1.39,1.151,1.36
LMT-0188,11.0,12.0,2.084,0.093,16.27,10.9,30.07,1.2,1.084,1.26
LMT-0188,12.0,13.0,1.365,0.0479,14.5,12.46,31.43,1.44,1.073,1.38
LMT-0188,13.0,14.0,1.64,0.0264,14.54,15.4,27.7,1.23,1.113,1.45
LMT-0188,14.0,15.0,1.118,0.0131,13.63,15.88,30.07,1.17,1.003,1.42
LMT-0188,15.0,16.0,1.07,0.0126,11.41,16.58,38.09,1.17,0.797,1.66
LMT-0188,16.0,17.0,1.214,0.0179,8.74,22.04,33.4,1.21,0.749,1.64
LMT-0188,17.0,18.0,0.885,0.0146,9.29,24.0,34.89,0.73,0.597,1.74
LMT-0188,18.0,19.0,0.245,0.0108,5.89,33.01,34.83,0.57,0.226,2.18
LMT-0188,19.0,20.0,0.24,0.0077,5.7,37.93,33.97,0.83,0.345,2.45
LMT-0188,20.0,20.9,0.239,0.0091,6.03,32.53,34.07,0.64,0.412,2.45
LMT-0189,0.0,1.0,0.572,0.0358,44.63,0.69,3.18,7.64,2.726,1.5
LMT-0189,1.0,2.0,0.989,0.0471,47.84,1.02,4.4,7.66,2.83,1.51
LMT-0189,2.0,3.0,1.003,0.0663,43.72,1.7,7.1,6.24,2.484,1.38
LMT-0189,3.0,4.0,1.115,0.0706,43.17,2.37,8.81,6.6,2.186,1.56
LMT-0189,4.0,5.0,1.118,0.0751,43.51,2.65,8.66,5.49,2.74,1.54
LMT-0189,5.0,6.0,1.111,0.0961,44.05,3.42,11.5,5.32,2.264,1.42
LMT-0189,6.0,7.0,1.244,0.0729,43.83,4.4,12.53,5.41,2.131,1.46
LMT-0189,7.0,8.0,1.353,0.087,41.61,4.27,14.56,4.23,2.381,1.33
LMT-0189,8.0,9.0,1.304,0.1647,39.37,4.9,14.77,3.49,1.908,1.49
LMT-0189,9.0,10.0,1.556,0.2772,41.71,6.22,15.79,4.27,2.107,1.45
LMT-0189,10.0,11.0,1.551,0.2949,39.79,5.86,16.53,3.74,1.982,1.61
LMT-0189,11.0,12.0,2.437,0.1354,20.15,12.25,34.94,1.82,1.422,1.59
LMT-0189,12.0,13.0,2.274,0.081,18.02,13.96,34.13,1.8,1.363,1.54
LMT-0189,13.0,14.0,1.922,0.0459,17.12,19.45,36.81,1.98,0.944,1.63
LMT-0189,14.0,15.0,1.858,0.0294,14.71,18.47,39.36,1.48,1.03,1.69
LMT-0189,15.0,16.0,1.425,0.0358,13.42,21.1,43.52,1.5,1.015,1.86
LMT-0189,16.0,17.0,1.399,0.0248,12.06,23.24,34.9,1.37,1.084,1.63
LMT-0189,17.0,18.0,1.207,0.026,10.39,23.33,42.78,1.25,0.777,1.82
LMT-0189,18.0,19.0,0.354,0.0099,6.86,34.6,37.34,0.91,0.551,2.6
LMT-0189,19.0,20.0,0.312,0.0155,6.71,35.98,38.47,0.97,0.483,2.66
LMT-0189,20.0,20.9,0.247,0.0117,6.85,39.62,40.14,0.97,0.458,2.47
LMT-0190,0.0,1.0,0.762,0.0436,54.1,0.7,3.82,9.47,3.262,1.66
LMT-0190,1.0,2.0,0.964,0.0609,50.77,1.19,5.35,9.86,3.21,1.64
LMT-0190,2.0,3.0,1.103,0.0836,46.07,1.89,7.41,8.17,3.096,1.47
LMT-0190,3.0,4.0,1.224,0.0789,47.16,2.92,9.99,6.86,2.292,1.5
LMT-0190,4.0,5.0,1.2,0.0822,44.72,3.02,11.15,6.42,2.812,1.44
LMT-0190,5.0,6.0,1.445,0.0845,47.05,3.74,12.19,5.78,2.252,1.55
LMT-0190,6.0,7.0,1.62,0.0938,44.51,4.31,12.85,4.71,2.561,1.52
LMT-0190,7.0,8.0,1.256,0.127,43.12,5.18,14.03,5.1,1.974,1.52
LMT-0190,8.0,9.0,1.593,0.1634,44.97,5.55,15.89,5.78,2.319,1.59
LMT-0190,9.0,10.0,1.472,0.2922,39.73,5.46,15.83,3.99,2.011,1.65
LMT-0190,10.0,11.0,1.552,0.3259,41.62,6.11,18.75,4.15,2.206,1.56
LMT-0190,11.0,12.0,2.567,0.1406,21.06,11.34,33.0,3.18,1.694,1.71
LMT-0190,12.0,13.0,2.508,0.0989,18.86,15.61,35.8,2.33,1.705,1.73
LMT-0190,13.0,14.0,2.319,0.053,16.74,18.29,38.82,1.83,1.846,1.77
LMT-0190,14.0,15.0,1.858,0.0447,15.26,19.69,40.87,2.14,1.162,1.82
LMT-0190,15.0,16.0,1.808,0.0372,14.36,23.01,37.26,1.68,1.224,1.8
LMT-0190,16.0,17.0,1.696,0.0333,12.77,24.23,41.64,1.3,1.192,1.84
LMT-0190,17.0,18.0,1.299,0.0325,11.01,24.43,39.49,1.56,0.949,1.93
LMT-0190,18.0,19.0,0.347,0.0227,7.12,41.34,40.64,0.98,0.486,2.56
LMT-0190,19.0,20.0,0.303,0.0172,6.98,37.98,41.66,1.06,0.511,2.63
LMT-0190,20.0,21.0,0.353,0.015,6.39,45.0,42.04,0.93,0.562,2.8
LMT-0190,21.0,21.4,0.334,0.0126,6.3,39.58,42.64,1.0,0.469,2.83
LMT-0191,0.0,1.0,0.766,0.0412,53.82,0.73,3.9,8.49,3.402,1.62
LMT-0191,1.0,2.0,1.074,0.0691,45.91,1.5,7.71,9.69,2.687,1.5
LMT-0191,2.0,3.0,1.265,0.0849,47.76,2.4,8.65,9.48,3.021,1.58
LMT-0191,3.0,4.0,1.315,0.0721,48.16,2.56,10.05,7.17,2.881,1.51
LMT-0191,4.0,5.0,1.513,0.0918,47.48,3.05,10.92,6.4,2.953,1.56
LMT-0191,5.0,6.0,1.498,0.1095,48.18,3.52,11.6,6.13,2.524,1.42
LMT-0191,6.0,7.0,1.247,0.1055,46.89,4.21,13.6,5.07,2.56,1.62
LMT-0191,7.0,8.0,1.62,0.0762,44.84,4.87,14.5,4.66,2.833,1.64
LMT-0191,8.0,9.0,1.552,0.1293,43.97,4.87,15.86,5.61,2.394,1.66
LMT-0191,9.0,10.0,1.494,0.1871,40.68,6.3,17.21,5.24,2.63,1.71
LMT-0191,10.0,11.0,1.684,0.2535,42.0,6.75,18.05,4.54,1.955,1.56
LMT-0191,11.0,12.0,1.819,0.4257,40.51,7.01,18.56,4.36,2.355,1.59
LMT-0191,12.0,13.0,2.742,0.1485,21.02,11.46,38.35,2.93,1.686,1.65
LMT-0191,13.0,14.0,2.427,0.1296,20.47,16.68,39.15,2.68,1.78,1.7
LMT-0191,14.0,15.0,2.142,0.0535,16.76,17.93,36.54,2.29,1.671,1.78
LMT-0191,15.0,16.0,2.15,0.0558,15.18,20.76,37.78,1.68,1.362,1.73
LMT-0191,16.0,17.0,1.773,0.0479,14.98,28.32,42.87,1.89,1.302,1.89
LMT-0191,17.0,18.0,1.557,0.0313,13.7,21.88,44.24,1.48,1.076,1.94
LMT-0191,18.0,19.0,1.392,0.0284,10.66,29.6,45.46,1.49,1.021,1.87
LMT-0191,19.0,20.0,0.353,0.0149,7.45,38.34,42.75,1.19,0.645,2.85
LMT-0191,20.0,21.0,0.352,0.017,7.17,42.88,47.32,0.99,0.517,2.84
LMT-0191,21.0,22.0,0.339,0.0157,7.21,41.01,45.33,1.15,0.539,2.8
LMT-0192,0.0,1.0,0.802,0.0459,54.18,0.82,3.56,8.46,3.452,1.58
LMT-0192,1.0,2.0,1.103,0.0671,49.02,1.64,7.52,5.15,2.937,1.49
LMT-0192,2.0,3.0,1.054,0.0833,50.37,2.03,8.01,6.55,3.123,1.47
LMT-0192,3.0,4.0,1.345,0.0926,51.45,2.67,8.86,6.86,3.1,1.57
LMT-0192,4.0,5.0,1.231,0.0654,45.97,3.11,10.29,5.49,2.797,1.54
LMT-0192,5.0,6.0,1.483,0.1008,45.31,3.31,10.64,7.44,2.449,1.55
LMT-0192,6.0,7.0,1.442,0.1127,45.02,3.83,12.04,6.62,2.368,1.5
LMT-0192,7.0,8.0,1.462,0.1084,48.3,4.53,12.89,6.71,2.887,1.47
LMT-0192,8.0,9.0,1.393,0.1068,42.84,4.75,13.87,5.38,2.609,1.66
LMT-0192,9.0,10.0,1.535,0.1303,43.42,5.64,13.93,5.0,2.564,1.5
LMT-0192,10.0,11.0,1.471,0.2115,45.58,5.56,17.47,5.14,2.087,1.56
LMT-0192,11.0,12.0,1.428,0.262,35.18,6.78,17.05,4.63,2.06,1.57
LMT-0192,12.0,13.0,3.067,0.1931,20.17,10.62,34.68,2.89,2.17,1.56
LMT-0192,13.0,14.0,2.24,0.1139,19.87,13.8,35.0,2.28,1.866,1.63
LMT-0192,14.0,15.0,2.126,0.0689,19.05,17.07,34.9,2.39,1.552,1.7
LMT-0192,15.0,16.0,1.918,0.0447,16.66,19.42,37.02,1.66,1.227,1.82
LMT-0192,16.0,17.0,1.514,0.0325,13.87,25.41,38.8,1.57,1.042,1.92
LMT-0192,17.0,18.0,1.739,0.0206,11.41,27.21,47.79,1.33,1.018,2.1
LMT-0192,18.0,19.0,0.353,0.0173,6.96,31.81,41.29,1.16,0.551,2.85
LMT-0192,19.0,20.0,0.356,0.0158,7.24,43.86,43.41,1.24,0.496,2.85
LMT-0192,20.0,21.0,0.351,0.0136,7.04,38.27,46.09,0.97,0.527,2.54
LMT-0192,21.0,21.5,0.364,0.0151,6.84,41.32,42.38,0.88,0.49,2.71
LMT-0193,0.0,1.0,0.745,0.0426,51.61,0.84,3.67,7.2,2.869,1.56
LMT-0193,1.0,2.0,1.088,0.0811,50.69,1.58,6.76,6.55,2.982,1.45
LMT-0193,2.0,3.0,1.196,0.0589,46.04,2.2,8.45,7.4,2.4,1.46
LMT-0193,3.0,4.0,0.927,0.0621,47.32,2.42,8.77,7.09,2.661,1.39
LMT-0193,4.0,5.0,1.176,0.0966,45.62,3.09,9.62,5.32,2.706,1.54
LMT-0193,5.0,6.0,1.434,0.0861,47.65,3.21,10.73,5.75,2.689,1.57
LMT-0193,6.0,7.0,1.411,0.1008,45.37,3.9,12.8,5.13,2.544,1.54
LMT-0193,7.0,8.0,1.504,0.1066,44.03,4.51,14.14,6.66,2.403,1.49
LMT-0193,8.0,9.0,1.756,0.0832,41.62,4.35,14.77,5.53,2.55,1.48
LMT-0193,9.0,10.0,1.735,0.0992,43.02,5.17,15.18,3.91,2.28,1.55
LMT-0193,10.0,11.0,1.512,0.1125,40.72,5.44,16.01,3.96,2.55,1.5
LMT-0193,11.0,12.0,1.659,0.2346,36.83,6.45,15.61,4.66,1.987,1.58
LMT-0193,12.0,13.0,1.516,0.3579,39.28,6.26,17.04,4.03,1.852,1.7
LMT-0193,13.0,14.0,2.565,0.1554,21.71,14.42,34.12,2.79,1.521,1.66
LMT-0193,14.0,15.0,2.085,0.0852,17.14,16.41,36.67,2.11,1.625,1.71
LMT-0193,15.0,16.0,2.061,0.0614,14.22,22.66,37.49,1.76,1.073,1.78
LMT-0193,16.0,17.0,1.538,0.0278,11.57,27.16,43.05,1.21,1.138,1.9
LMT-0193,17.0,18.0,0.351,0.0143,6.64,40.37,42.24,0.92,0.524,2.82
LMT-0193,18.0,19.0,0.36,0.0129,7.0,42.45,38.55,0.99,0.629,2.78
LMT-0193,19.0,19.4,0.271,0.0149,6.85,42.84,38.84,1.02,0.501,2.59
LMT-0194,0.0,1.0,0.877,0.047,49.56,0.85,4.11,8.26,3.134,1.64
LMT-0194,1.0,2.0,1.267,0.0483,49.24,1.79,7.2,6.73,2.825,1.47
LMT-0194,2.0,3.0,1.293,0.0729,48.01,2.16,9.4,6.35,2.316,1.46
LMT-0194,3.0,4.0,1.22,0.072,46.74,2.75,9.5,7.07,2.395,1.45
LMT-0194,4.0,5.0,1.196,0.088,43.44,3.46,10.32,5.88,2.33,1.41
LMT-0194,5.0,6.0,1.315,0.0951,43.29,3.38,10.32,5.75,2.442,1.4
LMT-0194,6.0,7.0,1.421,0.0856,45.49,3.89,10.85,5.43,2.152,1.53
LMT-0194,7.0,8.0,1.353,0.0797,42.6,4.17,13.75,6.08,2.319,1.59
LMT-0194,8.0,9.0,1.715,0.107,40.06,4.49,13.13,4.08,2.029,1.57
LMT-0194,9.0,10.0,1.359,0.0945,40.2,5.36,13.72,4.73,2.16,1.65
LMT-0194,10.0,11.0,1.713,0.1056,42.12,5.47,16.23,4.29,2.083,1.52
LMT-0194,11.0,12.0,1.752,0.2528,37.44,6.59,17.16,4.08,1.995,1.5
LMT-0194,12.0,13.0,3.103,0.1906,22.84,9.41,29.27,2.08,1.805,1.45
LMT-0194,13.0,14.0,2.333,0.1222,18.69,12.37,37.13,2.23,1.626,1.58
LMT-0194,14.0,15.0,2.29,0.0635,16.44,14.74,36.96,2.31,1.563,1.74
LMT-0194,15.0,16.0,2.281,0.046,16.09,19.55,38.68,2.0,1.357,1.56
LMT-0194,16.0,17.0,1.943,0.0377,12.46,24.81,43.02,1.35,0.939,1.78
LMT-0194,17.0,18.0,1.499,0.0348,11.47,25.85,41.59,1.25,0.93,1.94
LMT-0194,18.0,19.0,0.335,0.013,6.77,35.82,39.55,0.79,0.485,2.78
LMT-0194,19.0,20.0,0.438,0.0117,6.64,44.28,43.67,0.97,0.506,2.52
LMT-0194,20.0,20.5,0.299,0.0124,6.64,39.9,40.39,1.08,0.472,2.78
LMT-0195,0.0,1.0,1.19,0.0544,47.17,1.47,6.9,7.83,2.617,1.37
LMT-0195,1.0,2.0,1.168,0.0807,47.49,1.95,8.39,8.36,2.974,1.5
LMT-0195,2.0,3.0,1.119,0.0745,42.46,2.46,8.24,5.62,2.412,1.47
LMT-0195,3.0,4.0,1.282,0.0734,47.26,3.08,9.57,6.72,2.355,1.42
LMT-0195,4.0,5.0,1.582,0.1066,38.76,3.21,11.26,5.76,2.823,1.48
LMT-0195,5.0,6.0,1.424,0.0992,43.39,4.12,12.7,4.94,2.524,1.52
LMT-0195,6.0,7.0,1.433,0.116,41.14,4.6,14.16,4.38,2.439,1.5
LMT-0195,7.0,8.0,1.644,0.1218,34.83,5.36,15.49,4.55,1.795,1.61
LMT-0195,8.0,9.0,1.574,0.2039,41.88,4.79,17.16,4.09,2.129,1.58
LMT-0195,9.0,10.0,1.537,0.2671,39.79,6.01,17.39,3.58,2.407,1.53
LMT-0195,10.0,11.0,2.867,0.1967,22.43,10.19,33.01,2.43,1.62,1.55
LMT-0195,11.0,12.0,,,,,,,,1.59
LMT-0195,12.0,13.0,2.526,0.0716,18.32,15.93,35.28,1.87,1.508,1.64
LMT-0195,13.0,14.0,2.242,0.047,16.75,18.41,36.74,1.6,1.301,1.72
LMT-0195,14.0,15.0,1.815,0.0365,14.81,22.75,33.2,1.91,1.19,1.62
LMT-0195,15.0,16.0,1.718,0.0357,12.26,22.91,37.42,1.38,1.258,1.77
LMT-0195,16.0,17.0,1.387,0.0256,11.45,24.97,41.7,1.1,0.762,1.72
LMT-0195,17.0,18.0,0.32,0.0159,6.88,40.51,38.92,1.0,0.525,2.67
LMT-0195,18.0,19.0,0.351,0.0124,5.82,40.1,44.19,0.95,0.528,2.43
LMT-0195,19.0,20.0,0.321,0.0147,6.7,38.45,40.07,0.97,0.474,2.51
LMT-0195,20.0,20.5,0.378,0.0141,6.41,35.51,43.99,0.86,0.521,2.8
LMT-0196,0.0,1.0,1.312,0.0522,43.19,1.33,7.1,7.28,2.818,1.48
LMT-0196,1.0,2.0,1.239,0.0693,48.05,1.84,7.8,7.12,2.402,1.42
LMT-0196,2.0,3.0,1.465,0.0815,48.99,3.11,9.4,6.51,2.536,1.52
LMT-0196,3.0,4.0,1.061,0.0961,43.09,3.13,11.11,4.63,2.807,1.52
LMT-0196,4.0,5.0,1.66,0.103,40.59,3.46,11.99,5.62,2.791,1.57
LMT-0196,5.0,6.0,1.538,0.0971,43.3,4.88,13.77,5.33,2.148,1.44
LMT-0196,6.0,7.0,1.632,0.1374,37.32,4.29,15.22,5.04,2.579,1.59
LMT-0196,7.0,8.0,1.513,0.2031,41.53,5.7,14.78,3.85,2.188,1.48
LMT-0196,8.0,9.0,1.698,0.2595,38.76,6.63,19.71,4.08,2.115,1.45
LMT-0196,9.0,10.0,2.748,0.1399,19.79,11.62,33.56,2.32,1.755,1.53
LMT-0196,10.0,11.0,2.464,0.1145,19.34,13.67,35.5,2.25,1.579,1.6
LMT-0196,11.0,12.0,2.658,0.0623,19.61,15.4,35.57,2.49,1.551,1.53
LMT-0196,12.0,13.0,2.385,0.0526,17.24,15.78,37.16,1.59,1.28,1.7
LMT-0196,13.0,14.0,2.376,0.0507,15.6,17.93,36.62,1.82,1.329,1.7
LMT-0196,14.0,15.0,1.617,0.0308,16.19,19.58,39.16,1.46,1.14,1.65
LMT-0196,15.0,16.0,1.825,0.0312,13.69,25.01,40.3,1.74,1.09,1.85
LMT-0196,16.0,17.0,1.51,0.0243,11.2,20.85,39.57,1.34,1.11,1.77
LMT-0196,17.0,18.0,1.708,0.0327,11.38,27.18,40.36,1.24,0.908,1.8
LMT-0196,18.0,19.0,0.344,0.0106,6.89,38.22,39.71,1.13,0.356,2.79
LMT-0196,19.0,20.0,0.319,0.0139,6.75,37.84,39.72,1.25,0.479,2.75
LMT-0196,20.0,21.0,0.414,0.0139,6.61,40.56,42.68,1.0,0.448,2.8
LMT-0196,21.0,21.7,0.386,0.0177,6.69,41.39,41.28,0.83,0.523,2.85
LMT-0197,0.0,1.0,1.053,0.0557,50.58,1.04,5.74,6.22,2.382,1.59
LMT-0197,1.0,2.0,1.203,0.0859,47.69,2.17,8.08,7.01,2.592,1.53
LMT-0197,2.0,3.0,1.342,0.0675,45.9,2.36,9.46,5.85,3.243,1.51
LMT-0197,3.0,4.0,1.577,0.0947,46.34,3.3,10.27,6.2,2.56,1.5
LMT-0197,4.0,5.0,1.273,0.1186,41.42,4.16,12.4,6.1,2.952,1.57
LMT-0197,5.0,6.0,1.855,0.1046,43.44,4.23,13.73,5.7,2.718,1.52
LMT-0197,6.0,7.0,1.806,0.1753,41.01,4.78,14.47,5.17,2.261,1.61
LMT-0197,7.0,8.0,1.823,0.19,41.12,5.21,15.37,3.35,2.73,1.63
LMT-0197,8.0,9.0,1.852,0.3711,37.46,6.46,19.09,3.63,2.173,1.55
LMT-0197,9.0,10.0,3.108,0.13,21.33,11.4,38.43,2.54,1.693,1.53
LMT-0197,10.0,11.0,2.722,0.0972,20.76,13.27,34.23,2.11,1.957,1.53
LMT-0197,11.0,12.0,2.526,0.0626,19.76,13.57,36.67,2.19,1.841,1.63
LMT-0197,12.0,13.0,2.725,0.0465,18.13,18.12,36.31,2.21,1.501,1.73
LMT-0197,13.0,14.0,2.747,0.0472,17.21,18.62,36.47,2.39,1.348,1.69
LMT-0197,14.0,15.0,1.949,0.0389,15.35,19.02,37.14,1.9,1.202,1.71
LMT-0197,15.0,16.0,2.303,0.0353,16.17,21.04,39.44,1.76,1.137,1.8
LMT-0197,16.0,17.0,2.12,0.0332,12.78,27.2,40.12,1.53,1.304,1.72
LMT-0197,17.0,18.0,1.997,0.0375,12.66,25.67,41.6,1.39,1.119,1.83
LMT-0197,18.0,19.0,1.607,0.0311,11.01,27.34,40.79,1.44,0.912,1.87
LMT-0197,19.0,20.0,1.463,0.0331,10.35,31.15,44.35,1.27,1.076,1.8
LMT-0197,20.0,21.0,0.456,0.0154,7.05,41.27,44.38,1.13,0.515,2.85
LMT-0197,21.0,22.0,0.323,0.0166,7.52,39.3,43.88,1.02,0.401,2.62
LMT-0197,22.0,23.0,0.385,0.0159,6.45,42.27,45.68,1.04,0.387,2.62
LMT-0198,0.0,1.0,1.203,0.0621,51.13,1.15,5.17,6.46,2.884,1.59
LMT-0198,1.0,2.0,1.343,0.065,48.77,2.25,8.18,7.29,2.958,1.46
LMT-0198,2.0,3.0,1.516,0.0878,43.98,2.78,9.27,6.88,2.756,1.52
LMT-0198,3.0,4.0,1.545,0.1133,45.23,3.51,10.38,5.73,1.873,1.58
LMT-0198,4.0,5.0,1.645,0.1108,46.59,4.0,11.21,5.14,2.632,1.48
LMT-0198,5.0,6.0,1.659,0.1274,44.73,4.91,14.55,6.95,2.647,1.53
LMT-0198,6.0,7.0,1.573,0.1116,40.3,5.57,14.68,4.72,2.219,1.72
LMT-0198,7.0,8.0,1.807,0.2835,38.48,5.52,16.04,4.47,2.148,1.59
LMT-0198,8.0,9.0,1.83,0.342,39.28,6.15,17.52,4.63,2.3,1.62
LMT-0198,9.0,10.0,3.338,0.215,21.77,12.2,34.94,2.14,1.967,1.62
LMT-0198,10.0,11.0,2.796,0.1279,19.4,14.22,38.38,2.68,1.715,1.61
LMT-0198,11.0,12.0,2.974,0.0844,18.29,14.02,34.02,2.92,1.829,1.73
LMT-0198,12.0,13.0,2.595,0.052,20.33,14.48,37.87,2.29,1.68,1.71
LMT-0198,13.0,14.0,2.443,0.0589,17.81,16.89,37.0,1.98,1.505,1.65
LMT-0198,14.0,15.0,2.389,0.0468,17.49,19.82,37.13,1.99,1.613,1.67
LMT-0198,15.0,16.0,2.584,0.0445,16.63,19.48,41.25,1.82,1.475,1.78
LMT-0198,16.0,17.0,2.021,0.0443,15.98,18.14,41.21,1.88,1.014,1.73
LMT-0198,17.0,18.0,1.871,0.0548,15.72,25.41,41.08,1.33,1.207,1.74
LMT-0198,18.0,19.0,1.97,0.0403,14.17,22.62,43.09,1.69,1.145,1.84
LMT-0198,19.0,20.0,2.036,0.0321,13.05,25.05,43.9,1.77,1.128,1.7
LMT-0198,20.0,21.0,1.899,0.0282,12.71,28.19,45.87,1.35,1.182,1.82
LMT-0198,21.0,22.0,1.642,0.0315,10.31,30.63,42.62,1.24,0.866,1.9
LMT-0198,22.0,23.0,1.545,0.0294,9.61,30.82,40.74,1.19,0.993,1.84
LMT-0198,23.0,24.0,0.418,0.0174,7.35,42.65,46.96,1.08,0.528,2.85
LMT-0198,24.0,25.0,0.388,0.0156,6.77,43.15,42.98,1.08,0.521,2.62
LMT-0198,25.0,25.8,0.367,0.0167,7.3,43.14,43.59,0.94,0.428,2.72
LMT-0199,0.0,1.0,1.25,0.0683,53.05,0.96,4.69,8.47,2.69,1.63
LMT-0199,1.0,2.0,1.253,0.0671,49.86,1.82,8.59,7.56,2.713,1.45
LMT-0199,2.0,3.0,1.162,0.0817,49.19,2.57,9.4,6.8,2.593,1.43
LMT-0199,3.0,4.0,1.403,0.084,45.6,3.16,10.39,5.65,2.93,1.53
LMT-0199,4.0,5.0,1.446,0.075,42.52,3.37,10.97,6.01,2.562,1.5
LMT-0199,5.0,6.0,1.511,0.0981,37.99,3.72,12.49,5.69,2.377,1.45
LMT-0199,6.0,7.0,1.483,0.1052,40.08,4.59,13.52,4.86,2.276,1.57
LMT-0199,7.0,8.0,1.64,0.1301,41.82,5.13,13.15,4.38,2.018,1.41
LMT-0199,8.0,9.0,1.942,0.2188,39.26,5.63,15.53,4.16,2.265,1.55
LMT-0199,9.0,10.0,1.753,0.2926,36.52,5.98,18.01,4.02,2.043,1.68
LMT-0199,10.0,11.0,3.295,0.1798,22.93,10.66,33.5,2.54,1.668,1.71
LMT-0199,11.0,12.0,2.894,0.1262,22.18,12.69,33.9,2.68,1.552,1.69
LMT-0199,12.0,13.0,2.702,0.0654,19.24,13.02,33.4,2.74,1.542,1.66
LMT-0199,13.0,14.0,2.423,0.0586,19.53,13.0,37.0,2.18,1.589,1.48
LMT-0199,14.0,15.0,2.74,0.0472,18.23,17.08,32.55,1.95,1.473,1.66
LMT-0199,15.0,16.0,2.345,0.0373,18.58,15.86,33.54,2.31,1.747,1.79
LMT-0199,16.0,17.0,2.474,0.0401,16.27,17.75,37.85,1.98,1.446,1.69
LMT-0199,17.0,18.0,2.222,0.0453,15.65,18.8,37.07,1.96,1.487,1.8
LMT-0199,18.0,19.0,2.23,0.0427,16.38,19.86,38.23,1.83,1.304,1.73
LMT-0199,19.0,20.0,2.431,0.0465,14.39,19.99,40.34,2.09,1.138,1.72
LMT-0199,20.0,21.0,1.961,0.0319,15.28,21.93,38.54,1.67,1.227,1.7
LMT-0199,21.0,22.0,1.7,0.0329,13.16,22.71,42.58,1.34,0.984,1.93
LMT-0199,22.0,23.0,1.796,0.0428,13.49,21.83,46.25,1.53,0.973,1.82
LMT-0199,23.0,24.0,1.38,0.0318,12.05,25.09,40.52,1.29,0.978,1.89
LMT-0199,24.0,25.0,,,,,,,,1.87
LMT-0199,25.0,26.0,1.699,0.0364,11.63,29.94,42.72,1.06,1.174,1.84
LMT-0199,26.0,27.0,1.465,0.0213,10.26,29.27,43.16,0.89,1.108,1.87
LMT-0199,27.0,28.0,0.394,0.017,6.98,38.36,43.83,1.13,0.479,2.81
LMT-0199,28.0,29.0,0.368,0.0151,7.23,37.98,40.3,1.14,0.562,2.65
LMT-0199,29.0,29.7,0.388,0.0139,7.08,45.0,45.94,0.89,0.434,2.66
LMT-0200,0.0,1.0,0.984,0.0446,51.92,0.75,3.99,7.65,2.876,1.5
LMT-0200,1.0,2.0,1.059,0.0647,44.63,1.66,7.81,5.2,2.807,1.58
LMT-0200,2.0,3.0,1.236,0.0741,44.28,2.35,9.28,5.69,3.132,1.47
LMT-0200,3.0,4.0,1.218,0.0789,45.49,2.61,9.2,4.33,2.538,1.45
LMT-0200,4.0,5.0,1.181,0.0952,44.78,3.04,10.53,6.12,2.709,1.47
LMT-0200,5.0,6.0,1.254,0.0704,45.76,3.16,10.99,4.85,2.131,1.46
LMT-0200,6.0,7.0,1.55,0.0811,45.28,3.71,12.84,4.88,2.488,1.44
LMT-0200,7.0,8.0,1.518,0.0815,45.75,5.1,13.92,4.98,2.675,1.54
LMT-0200,8.0,9.0,1.506,0.1117,46.11,5.28,15.01,5.01,2.458,1.55
LMT-0200,9.0,10.0,1.993,0.1302,43.44,5.43,13.4,4.16,1.876,1.55
LMT-0200,10.0,11.0,1.496,0.1617,36.81,4.82,16.65,3.35,2.152,1.47
LMT-0200,11.0,12.0,1.716,0.2515,37.64,6.58,18.02,2.79,1.795,1.59
LMT-0200,12.0,13.0,3.298,0.1697,20.22,9.47,32.19,2.28,1.563,1.48
LMT-0200,13.0,14.0,2.639,0.0795,20.49,11.65,32.62,2.03,1.714,1.48
LMT-0200,14.0,15.0,2.75,0.0505,20.92,11.99,34.61,2.65,1.306,1.55
LMT-0200,15.0,16.0,2.942,0.0413,19.05,13.96,34.68,2.78,1.414,1.63
LMT-0200,16.0,17.0,2.779,0.0565,18.8,14.9,33.91,2.07,1.575,1.66
LMT-0200,17.0,18.0,2.573,0.0395,16.89,13.91,38.04,2.12,1.43,1.54
LMT-0200,18.0,19.0,2.691,0.0487,18.52,14.56,35.16,1.99,1.516,1.66
LMT-0200,19.0,20.0,2.571,0.048,17.34,16.31,36.7,1.88,1.546,1.56
LMT-0200,20.0,21.0,2.368,0.0371,17.82,16.53,35.17,2.63,1.272,1.7
LMT-0200,21.0,22.0,2.183,0.0448,16.52,17.24,36.98,1.71,1.185,1.55
LMT-0200,22.0,23.0,2.242,0.0392,14.76,18.21,35.1,1.55,1.174,1.72
LMT-0200,23.0,24.0,2.055,0.0432,16.04,19.19,39.05,1.26,1.362,1.65
LMT-0200,24.0,25.0,1.94,0.0411,14.37,20.86,37.66,1.73,1.051,1.7
LMT-0200,25.0,26.0,1.902,0.0388,14.6,18.61,40.61,1.87,1.016,1.67
LMT-0200,26.0,27.0,1.817,0.0354,13.04,22.2,34.37,1.64,1.137,1.81
LMT-0200,27.0,28.0,1.53,0.0289,11.61,22.7,43.67,1.19,0.994,1.81
LMT-0200,28.0,29.0,1.777,0.0295,11.94,23.52,40.53,1.05,0.987,1.87
LMT-0200,29.0,30.0,1.73,0.0289,10.6,25.22,37.72,1.28,0.925,1.77
LMT-0200,30.0,31.0,1.6,0.0294,11.96,26.12,35.84,1.11,0.949,1.7
LMT-0200,31.0,32.0,1.312,0.018,10.44,27.34,38.19,1.45,0.984,1.91
LMT-0200,32.0,33.0,1.432,0.0234,9.87,24.16,39.82,1.22,0.996,2.0
LMT-0200,33.0,34.0,0.353,0.0141,7.12,34.8,44.08,1.16,0.589,2.44
LMT-0200,34.0,35.0,0.36,0.0178,6.75,35.29,38.21,1.02,0.526,2.51
LMT-0200,35.0,36.2,0.338,0.0156,6.54,38.18,44.29,0.88,0.629,2.58
LMT-0201,0.0,1.0,0.619,0.0401,49.17,0.7,3.35,7.61,2.454,1.64
LMT-0201,1.0,2.0,0.989,0.0584,46.21,1.46,6.48,6.77,2.933,1.46
LMT-0201,2.0,3.0,1.121,0.0878,47.38,2.23,9.46,5.86,2.416,1.46
LMT-0201,3.0,4.0,1.14,0.0881,44.46,2.78,9.55,6.61,2.64,1.45
LMT-0201,4.0,5.0,1.146,0.0769,43.54,3.59,11.89,5.19,2.224,1.48
LMT-0201,5.0,6.0,1.291,0.1454,45.38,4.19,13.42,4.14,2.598,1.54
LMT-0201,6.0,7.0,1.296,0.2446,35.77,4.76,15.06,3.23,2.002,1.5
LMT-0201,7.0,8.0,1.299,0.3185,39.05,5.73,15.1,3.01,1.498,1.42
LMT-0201,8.0,9.0,2.381,0.1145,19.66,8.76,31.91,1.99,1.573,1.37
LMT-0201,9.0,10.0,2.053,0.1121,17.41,9.76,35.78,2.09,1.369,1.59
LMT-0201,10.0,11.0,2.16,0.0721,19.91,11.13,29.71,2.08,1.488,1.48
LMT-0201,11.0,12.0,2.107,0.0611,19.6,13.43,36.63,1.65,1.458,1.58
LMT-0201,12.0,13.0,2.114,0.0563,18.58,12.49,31.47,2.27,1.34,1.48
LMT-0201,13.0,14.0,2.22,0.0387,17.38,15.47,35.95,2.53,1.394,1.71
LMT-0201,14.0,15.0,1.872,0.0439,16.32,15.76,37.72,2.04,1.651,1.72
LMT-0201,15.0,16.0,1.952,0.0437,17.07,15.71,39.48,1.95,1.015,1.67
LMT-0201,16.0,17.0,1.874,0.0379,15.81,17.28,32.08,2.0,1.323,1.51
LMT-0201,17.0,18.0,1.546,0.0309,15.94,18.42,34.53,1.58,1.173,1.62
LMT-0201,18.0,19.0,1.389,0.0387,15.35,18.57,37.49,1.51,1.192,1.81
LMT-0201,19.0,20.0,1.691,0.0306,15.19,19.86,39.46,1.51,1.087,1.82
LMT-0201,20.0,21.0,1.509,0.0394,14.65,22.65,37.85,1.84,1.119,1.75
LMT-0201,21.0,22.0,1.467,0.0327,12.72,22.99,39.34,1.16,1.094,1.71
LMT-0201,22.0,23.0,1.366,0.037,12.81,25.38,38.95,1.47,1.047,1.74
LMT-0201,23.0,24.0,1.419,0.0345,11.71,24.28,37.17,1.24,0.949,1.89
LMT-0201,24.0,25.0,1.412,0.0353,12.12,23.59,42.99,1.23,0.951,1.69
LMT-0201,25.0,26.0,1.089,0.0221,11.25,22.0,40.55,1.07,0.777,1.79
LMT-0201,26.0,27.0,0.977,0.026,10.45,28.12,45.28,1.09,1.189,1.86
LMT-0201,27.0,28.0,1.165,0.0219,9.94,26.28,43.7,1.02,0.942,1.81
LMT-0201,28.0,29.0,0.297,0.0148,7.21,39.97,42.46,1.07,0.477,2.59
LMT-0201,29.0,30.0,0.313,0.0161,6.61,44.59,45.44,0.99,0.446,2.7
LMT-0201,30.0,31.2,0.322,0.0116,6.41,41.25,43.95,0.85,0.406,2.85
LMT-0202,0.0,1.0,0.556,0.0259,42.25,0.6,3.08,3.47,2.265,1.34
LMT-0202,1.0,2.0,0.796,0.0596,39.94,1.0,5.95,4.35,2.158,1.29
LMT-0202,2.0,3.0,0.794,0.0644,42.58,1.68,7.01,6.51,2.274,1.26
LMT-0202,3.0,4.0,0.8,0.0474,39.6,2.39,7.21,3.32,2.533,1.31
LMT-0202,4.0,5.0,0.798,0.0652,38.61,2.26,8.38,4.11,1.977,1.22
LMT-0202,5.0,6.0,0.767,0.0668,36.26,3.57,9.34,3.04,1.758,1.26
LMT-0202,6.0,7.0,0.885,0.0649,36.81,3.07,12.12,3.76,1.795,1.32
LMT-0202,7.0,8.0,1.104,0.0815,32.64,4.28,14.08,2.81,1.669,1.47
LMT-0202,8.0,9.0,1.076,0.1606,37.85,4.07,14.26,3.15,1.09,1.32
LMT-0202,9.0,10.0,1.023,0.1533,33.19,4.65,13.78,3.28,1.374,1.27
LMT-0202,10.0,11.0,1.821,0.0981,18.0,9.42,32.14,1.89,1.335,1.27
LMT-0202,11.0,12.0,1.642,0.0585,17.08,10.37,29.94,1.32,1.171,1.43
LMT-0202,12.0,13.0,1.507,0.0359,16.35,11.19,29.88,1.27,1.041,1.47
LMT-0202,13.0,14.0,1.705,0.0396,15.01,13.86,27.52,1.16,0.842,1.39
LMT-0202,14.0,15.0,1.282,0.0255,13.87,15.49,29.22,1.2,0.977,1.56
LMT-0202,15.0,16.0,1.187,0.0251,12.63,14.3,31.15,1.42,0.882,1.54
LMT-0202,16.0,17.0,1.594,0.0294,12.33,17.32,35.13,1.53,0.886,1.66
LMT-0202,17.0,18.0,1.13,0.0153,11.73,19.87,30.31,0.9,0.912,1.7
LMT-0202,18.0,19.0,1.094,0.0159,10.11,16.48,34.12,1.14,0.785,1.58
LMT-0202,19.0,20.0,1.022,0.0165,9.0,23.0,37.91,0.69,0.754,1.81
LMT-0202,20.0,21.0,0.235,0.0069,6.61,28.82,36.4,0.43,0.445,2.57
LMT-0202,21.0,22.0,0.228,0.0104,5.82,32.26,36.51,0.7,0.327,2.48
LMT-0202,22.0,23.2,0.261,0.0135,6.38,35.07,37.83,0.5,0.343,2.43
LMT-0203,0.0,1.0,0.55,0.0261,41.2,0.6,2.71,4.41,1.834,1.36
LMT-0203,1.0,2.0,0.753,0.0165,41.29,0.83,4.34,5.93,2.127,1.31
LMT-0203,2.0,3.0,0.664,0.0551,42.31,1.25,6.51,5.27,1.669,1.3
LMT-0203,3.0,4.0,0.692,0.0283,35.97,2.06,7.7,3.92,1.971,1.28
LMT-0203,4.0,5.0,0.822,0.0451,37.46,2.28,9.69,3.71,1.979,1.27
LMT-0203,5.0,6.0,1.094,0.0375,40.83,3.14,10.41,2.96,1.813,1.28
LMT-0203,6.0,7.0,0.787,0.0619,36.75,2.96,11.27,2.47,1.88,1.27
LMT-0203,7.0,8.0,0.881,0.0835,32.93,3.53,11.71,2.44,1.552,1.29
LMT-0203,8.0,9.0,1.019,0.0411,33.8,4.36,13.1,2.99,1.346,1.3
LMT-0203,9.0,10.0,1.327,0.0811,32.19,4.41,13.78,3.52,1.24,1.3
LMT-0203,10.0,11.0,1.288,0.2271,32.01,5.28,14.44,2.25,1.428,1.2
LMT-0203,11.0,12.0,2.224,0.0638,17.43,9.37,27.88,1.68,0.994,1.35
LMT-0203,12.0,13.0,1.773,0.028,15.57,10.63,26.92,1.56,0.977,1.47
LMT-0203,13.0,14.0,1.669,0.0367,16.46,12.24,31.07,1.19,0.743,1.45
LMT-0203,14.0,15.0,1.426,0.0312,13.38,15.32,30.54,1.12,0.796,1.39
LMT-0203,15.0,16.0,1.102,0.0237,12.86,15.22,29.3,0.87,0.688,1.52
LMT-0203,16.0,17.0,1.332,0.0191,10.56,15.94,29.78,0.9,0.858,1.57
LMT-0203,17.0,18.0,1.214,0.0225,9.93,20.06,34.23,0.96,0.778,1.57
LMT-0203,18.0,19.0,0.959,0.0077,9.43,15.91,33.58,0.75,0.723,1.65
LMT-0203,19.0,20.0,0.244,0.0036,6.36,28.1,34.52,0.65,0.323,2.48
LMT-0203,20.0,21.0,0.225,0.0104,5.79,26.99,35.77,0.6,0.358,2.29
LMT-0203,21.0,22.0,0.248,0.0097,5.13,32.84,33.12,0.47,0.298,2.45
LMT-0204,0.0,1.0,0.671,0.0379,49.83,0.58,3.1,7.77,2.959,1.58
LMT-0204,1.0,2.0,0.854,0.0625,48.96,0.94,4.79,7.46,2.665,1.46
LMT-0204,2.0,3.0,1.066,0.0601,43.64,1.82,7.31,4.62,2.66,1.35
LMT-0204,3.0,4.0,1.11,0.0644,45.11,2.23,8.54,4.71,2.611,1.35
LMT-0204,4.0,5.0,1.014,0.0691,42.31,2.74,9.84,6.5,2.648,1.41
LMT-0204,5.0,6.0,1.277,0.0768,44.4,3.19,11.16,4.26,2.481,1.49
LMT-0204,6.0,7.0,1.378,0.0848,41.72,4.34,12.49,5.23,2.272,1.41
LMT-0204,7.0,8.0,1.487,0.1164,42.37,4.45,12.93,4.31,2.161,1.5
LMT-0204,8.0,9.0,1.52,0.1196,37.8,4.74,12.27,3.69,2.124,1.5
LMT-0204,9.0,10.0,1.496,0.1428,34.9,4.97,16.16,4.02,1.974,1.42
LMT-0204,10.0,11.0,1.652,0.2465,40.48,5.66,16.9,4.12,2.018,1.52
LMT-0204,11.0,12.0,2.281,0.1249,20.58,11.83,34.24,2.33,1.451,1.5
LMT-0204,12.0,13.0,2.38,0.1058,19.57,11.62,31.42,2.04,1.388,1.68
LMT-0204,13.0,14.0,2.107,0.0523,16.0,14.21,31.08,1.99,1.218,1.63
LMT-0204,14.0,15.0,2.267,0.0358,15.88,16.54,37.82,1.93,1.346,1.63
LMT-0204,15.0,16.0,1.86,0.032,15.29,17.93,41.45,1.38,1.117,1.69
LMT-0204,16.0,17.0,1.929,0.0356,13.32,18.45,37.5,1.44,1.207,1.71
LMT-0204,17.0,18.0,1.359,0.0247,11.74,21.53,40.02,1.07,0.898,1.79
LMT-0204,18.0,19.0,1.305,0.0287,10.01,24.15,41.05,1.11,0.632,1.74
LMT-0204,19.0,20.0,0.311,0.0123,6.56,38.0,38.78,1.01,0.444,2.85
LMT-0204,20.0,21.0,0.301,0.0114,6.62,36.37,37.25,0.93,0.481,2.55
LMT-0204,21.0,21.3,0.333,0.0129,6.31,39.87,42.18,0.77,0.447,2.6
LMT-0205,0.0,1.0,0.765,0.0435,50.63,0.65,3.87,8.03,3.694,1.69
LMT-0205,1.0,2.0,0.947,0.0775,51.21,1.17,5.26,7.6,3.378,1.63
LMT-0205,2.0,3.0,1.196,0.0919,50.04,1.68,8.07,5.97,2.681,1.53
LMT-0205,3.0,4.0,1.007,0.1043,47.88,2.57,8.67,6.99,2.577,1.36
LMT-0205,4.0,5.0,1.296,0.0896,47.31,3.5,11.2,6.36,2.709,1.5
LMT-0205,5.0,6.0,1.288,0.1005,44.68,3.65,11.83,6.1,2.698,1.43
LMT-0205,6.0,7.0,1.331,0.1202,43.83,4.11,12.44,5.28,2.306,1.53
LMT-0205,7.0,8.0,1.446,0.0839,44.63,4.52,14.97,6.17,2.414,1.53
LMT-0205,8.0,9.0,1.551,0.1455,41.54,4.82,15.38,5.12,2.389,1.54
LMT-0205,9.0,10.0,1.426,0.1884,42.21,6.29,16.25,5.31,2.305,1.57
LMT-0205,10.0,11.0,1.825,0.2846,38.76,6.11,18.15,3.28,1.808,1.54
LMT-0205,11.0,12.0,2.379,0.1507,20.73,11.26,36.79,2.91,1.828,1.57
LMT-0205,12.0,13.0,2.4,0.1189,21.02,12.85,35.3,1.95,1.501,1.61
LMT-0205,13.0,14.0,2.396,0.0699,19.92,14.44,34.05,2.15,1.396,1.73
LMT-0205,14.0,15.0,2.291,0.0561,15.77,15.99,36.25,1.67,1.608,1.78
LMT-0205,15.0,16.0,2.041,0.031,14.77,21.55,41.46,1.71,1.263,1.69
LMT-0205,16.0,17.0,1.74,0.0401,15.06,21.36,36.55,1.58,1.114,1.8
LMT-0205,17.0,18.0,1.501,0.0364,13.24,25.53,39.15,1.57,1.235,1.87
LMT-0205,18.0,19.0,1.376,0.037,11.28,26.85,44.42,1.44,1.135,1.84
LMT-0205,19.0,20.0,0.382,0.0171,7.14,41.08,40.8,1.05,0.472,2.85
LMT-0205,20.0,21.0,0.327,0.0103,6.73,37.99,42.89,1.1,0.455,2.73
LMT-0205,21.0,22.0,0.369,0.0188,7.12,39.45,43.9,0.88,0.618,2.67
LMT-0206,0.0,1.0,0.725,0.0436,51.37,0.72,3.6,9.81,3.337,1.56
LMT-0206,1.0,2.0,1.056,0.0754,44.59,1.53,7.01,8.29,2.788,1.44
LMT-0206,2.0,3.0,1.423,0.0828,48.39,1.71,7.91,7.02,2.675,1.45
LMT-0206,3.0,4.0,1.268,0.0711,46.07,2.72,8.68,7.11,2.781,1.35
LMT-0206,4.0,5.0,1.307,0.0767,45.6,2.9,10.24,7.49,2.809,1.55
LMT-0206,5.0,6.0,1.63,0.0596,49.13,3.56,10.62,6.32,2.994,1.48
LMT-0206,6.0,7.0,1.447,0.1042,44.12,4.32,12.73,4.46,2.949,1.59
LMT-0206,7.0,8.0,1.531,0.1248,43.7,5.01,14.58,5.78,2.484,1.57
LMT-0206,8.0,9.0,1.556,0.1245,42.74,5.48,14.45,4.73,2.526,1.48
LMT-0206,9.0,10.0,1.482,0.1522,43.79,6.02,15.78,4.74,2.685,1.54
LMT-0206,10.0,11.0,1.618,0.2861,39.68,6.56,17.33,4.01,1.674,1.57
LMT-0206,11.0,12.0,1.767,0.4098,38.81,7.12,17.01,4.09,2.127,1.49
LMT-0206,12.0,13.0,2.631,0.1182,21.65,11.19,35.84,3.04,1.892,1.63
LMT-0206,13.0,14.0,2.509,0.0976,20.99,15.11,38.99,2.83,1.631,1.69
LMT-0206,14.0,15.0,2.512,0.0637,18.22,16.14,33.51,2.09,1.39,1.62
LMT-0206,15.0,16.0,2.274,0.0481,18.15,19.17,42.58,1.92,1.397,1.69
LMT-0206,16.0,17.0,2.062,0.0386,16.57,24.2,39.04,1.67,1.468,1.82
LMT-0206,17.0,18.0,1.832,0.0477,13.0,22.98,38.52,1.86,1.34,1.75
LMT-0206,18.0,19.0,1.524,0.0377,12.0,26.41,38.66,1.53,1.195,1.82
LMT-0206,19.0,20.0,1.386,0.037,11.08,23.7,42.95,1.55,1.01,2.03
LMT-0206,20.0,21.0,1.146,0.0242,10.11,32.49,47.28,1.21,1.112,1.91
LMT-0206,21.0,22.0,0.328,0.0169,7.14,37.36,42.12,0.99,0.521,2.75
LMT-0206,22.0,22.9,0.385,0.0153,7.32,42.0,41.07,1.19,0.59,2.67
LMT-0207,0.0,1.0,0.817,0.0426,54.34,0.79,3.84,7.79,3.097,1.58
LMT-0207,1.0,2.0,1.203,0.0613,51.52,1.54,7.41,8.18,2.454,1.48
LMT-0207,2.0,3.0,0.998,0.0725,48.4,1.82,7.81,6.24,2.35,1.54
LMT-0207,3.0,4.0,1.106,0.0845,48.81,2.29,9.23,7.18,2.833,1.58
LMT-0207,4.0,5.0,1.155,0.0799,44.09,2.77,9.35,7.23,2.379,1.54
LMT-0207,5.0,6.0,1.231,0.0911,45.63,3.53,11.67,5.41,2.744,1.58
LMT-0207,6.0,7.0,1.399,0.1056,45.0,3.95,11.65,6.38,2.871,1.45
LMT-0207,7.0,8.0,1.274,0.0917,43.4,4.07,12.15,7.1,2.215,1.51
LMT-0207,8.0,9.0,1.434,0.114,43.55,4.47,14.14,5.0,2.139,1.59
LMT-0207,9.0,10.0,1.561,0.1174,43.09,5.18,14.38,4.94,2.124,1.63
LMT-0207,10.0,11.0,1.579,0.1002,42.48,5.29,15.08,3.92,1.908,1.58
LMT-0207,11.0,12.0,1.523,0.2281,43.36,6.4,17.14,4.12,1.983,1.52
LMT-0207,12.0,13.0,1.352,0.3375,40.5,7.63,18.83,3.87,2.062,1.64
LMT-0207,13.0,14.0,2.784,0.1792,20.2,10.45,35.59,2.63,1.655,1.62
LMT-0207,14.0,15.0,2.657,0.1482,20.41,14.57,33.22,2.32,1.624,1.68
LMT-0207,15.0,16.0,2.228,0.0681,17.81,13.75,36.94,2.35,1.263,1.54
LMT-0207,16.0,17.0,2.327,0.0397,15.74,16.5,39.0,2.24,1.614,1.74
LMT-0207,17.0,18.0,1.856,0.0541,16.06,19.93,38.16,1.75,1.3,1.78
LMT-0207,18.0,19.0,1.887,0.0327,14.65,19.34,37.77,1.67,1.245,1.85
LMT-0207,19.0,20.0,1.805,0.0402,13.3,24.73,41.16,1.54,0.997,1.84
LMT-0207,20.0,21.0,1.453,0.0384,12.94,23.45,41.6,1.13,0.935,2.0
LMT-0207,21.0,22.0,1.341,0.0305,11.26,26.94,39.78,1.11,0.94,1.98
LMT-0207,22.0,23.0,0.362,0.0198,7.38,39.49,42.34,1.4,0.552,2.71
LMT-0207,23.0,24.0,0.355,0.0206,6.49,45.0,42.94,1.0,0.511,2.8
LMT-0207,24.0,25.1,0.329,0.0136,7.13,41.08,44.66,1.08,0.499,2.85
LMT-0208,0.0,1.0,0.788,0.0393,50.14,0.68,3.55,8.75,2.577,1.63
LMT-0208,1.0,2.0,0.908,0.0863,47.28,1.38,7.35,7.08,2.712,1.55
LMT-0208,2.0,3.0,1.248,0.0876,45.07,2.01,7.11,6.79,2.98,1.45
LMT-0208,3.0,4.0,1.248,0.0749,44.93,2.39,9.32,6.53,2.616,1.52
LMT-0208,4.0,5.0,,,,,,,,1.53
LMT-0208,5.0,6.0,1.346,0.0842,43.34,3.05,10.52,7.3,2.716,1.43
LMT-0208,6.0,7.0,1.465,0.1026,47.2,3.44,11.34,5.94,2.469,1.52
LMT-0208,7.0,8.0,1.335,0.0946,44.29,3.47,12.68,4.64,2.095,1.4
LMT-0208,8.0,9.0,1.411,0.1231,43.39,4.75,13.43,5.42,2.3,1.56
LMT-0208,9.0,10.0,1.561,0.108,47.56,5.26,13.93,4.73,2.633,1.44
LMT-0208,10.0,11.0,1.449,0.1261,41.42,4.63,14.37,5.71,2.06,1.54
LMT-0208,11.0,12.0,1.705,0.1112,41.63,5.96,14.63,5.05,2.01,1.63
LMT-0208,12.0,13.0,1.686,0.1569,40.93,7.09,14.56,4.0,2.09,1.64
LMT-0208,13.0,14.0,1.602,0.3347,40.22,5.78,18.05,3.76,2.296,1.58
LMT-0208,14.0,15.0,3.08,0.1894,20.35,10.2,30.6,3.14,1.705,1.72
LMT-0208,15.0,16.0,2.778,0.1695,22.82,13.12,37.06,2.51,1.302,1.6
LMT-0208,16.0,17.0,2.242,0.0629,19.71,14.78,35.4,2.23,1.638,1.67
LMT-0208,17.0,18.0,2.093,0.0513,17.88,15.72,36.14,1.91,1.248,1.64
LMT-0208,18.0,18.8,2.3,0.0446,15.04,22.42,36.11,2.01,1.386,1.72
LMT-0209,0.0,1.0,0.912,0.0452,52.94,0.89,4.3,6.75,3.077,1.57
LMT-0209,1.0,2.0,0.993,0.0649,52.29,1.88,7.08,7.11,2.984,1.46
LMT-0209,2.0,3.0,1.374,0.0844,49.51,2.08,7.97,7.1,3.203,1.53
LMT-0209,3.0,4.0,1.275,0.0982,44.17,2.45,9.03,6.07,3.066,1.53
LMT-0209,4.0,5.0,1.487,0.0637,48.06,2.59,10.38,6.56,2.74,1.45
LMT-0209,5.0,6.0,1.484,0.0887,45.34,3.32,10.53,6.12,2.933,1.42
LMT-0209,6.0,7.0,1.414,0.0811,45.66,3.66,12.65,5.25,2.671,1.56
LMT-0209,7.0,8.0,1.34,0.1,45.84,4.67,12.77,4.64,2.007,1.47
LMT-0209,8.0,9.0,1.499,0.1172,45.03,4.17,13.18,4.7,2.191,1.43
LMT-0209,9.0,10.0,1.531,0.1027,40.68,5.21,13.98,5.04,2.202,1.52
LMT-0209,10.0,11.0,1.703,0.1596,40.41,5.72,16.89,4.96,1.838,1.62
LMT-0209,11.0,12.0,1.596,0.2427,39.41,5.85,17.22,4.65,1.976,1.68
LMT-0209,12.0,13.0,1.715,0.3537,40.43,7.22,19.22,4.02,2.104,1.58
LMT-0209,13.0,14.0,3.122,0.1729,20.53,10.93,34.79,2.84,2.107,1.57
LMT-0209,14.0,15.0,2.807,0.1063,20.79,14.34,32.66,2.54,1.648,1.63
LMT-0209,15.0,16.0,2.133,0.0682,17.93,15.39,36.55,1.93,1.298,1.6
LMT-0209,16.0,17.0,2.149,0.0465,17.44,16.58,37.5,1.91,1.567,1.65
LMT-0209,17.0,18.0,2.153,0.0444,15.88,21.61,42.45,1.58,1.358,1.82
LMT-0209,18.0,19.0,1.787,0.0338,14.98,23.48,39.14,1.53,1.21,1.82
LMT-0209,19.0,20.0,1.877,0.0369,13.45,25.58,43.99,1.36,1.063,1.91
LMT-0209,20.0,21.0,1.352,0.0304,12.11,27.13,40.57,1.31,1.123,1.77
LMT-0209,21.0,22.0,1.4,0.0282,9.94,26.35,42.87,1.25,0.896,1.86
LMT-0209,22.0,23.0,0.373,0.0171,6.91,37.45,44.17,0.98,0.505,2.7
LMT-0209,23.0,24.2,0.362,0.0175,7.19,43.66,41.66,0.98,0.431,2.61
LMT-0210,0.0,1.0,1.053,0.0542,47.18,1.02,4.92,7.03,2.744,1.6
LMT-0210,1.0,2.0,1.036,0.0662,46.49,1.74,7.14,7.26,2.478,1.57
LMT-0210,2.0,3.0,1.303,0.0743,47.44,2.29,8.68,6.78,2.236,1.51
LMT-0210,3.0,4.0,1.4,0.0791,47.62,2.64,9.49,5.97,2.573,1.53
LMT-0210,4.0,5.0,1.372,0.0899,41.75,3.24,11.98,5.05,2.42,1.42
LMT-0210,5.0,6.0,1.621,0.0925,40.62,3.8,13.25,5.41,2.827,1.59
LMT-0210,6.0,7.0,1.641,0.0854,41.27,4.2,12.0,5.41,2.496,1.57
LMT-0210,7.0,8.0,1.408,0.1115,42.56,5.19,14.27,4.73,2.493,1.55
LMT-0210,8.0,9.0,1.426,0.1549,37.29,5.52,15.69,4.89,2.292,1.51
LMT-0210,9.0,10.0,1.759,0.1727,41.15,6.13,15.18,4.07,2.003,1.58
LMT-0210,10.0,11.0,1.489,0.317,38.11,7.51,16.83,3.42,2.635,1.52
LMT-0210,11.0,12.0,3.011,0.1559,21.77,10.21,33.63,2.06,1.546,1.59
LMT-0210,12.0,13.0,2.613,0.0898,18.9,14.64,35.33,2.08,1.766,1.52
LMT-0210,13.0,14.0,2.325,0.0576,19.15,15.52,39.95,2.57,1.525,1.65
LMT-0210,14.0,15.0,2.837,0.0419,15.97,16.65,36.15,2.03,1.434,1.54
LMT-0210,15.0,16.0,2.296,0.046,15.42,17.5,42.18,1.53,1.319,1.61
LMT-0210,16.0,17.0,2.177,0.0441,14.72,24.08,37.94,1.65,1.257,1.82
LMT-0210,17.0,18.0,1.806,0.0437,12.58,21.41,41.25,1.47,1.071,1.96
LMT-0210,18.0,19.0,1.639,0.0233,11.05,24.06,39.97,1.4,1.109,1.77
LMT-0210,19.0,20.0,1.425,0.0287,12.24,25.55,42.79,1.36,1.069,1.89
LMT-0210,20.0,21.0,0.376,0.013,6.63,35.99,37.81,1.4,0.51,2.51
LMT-0210,21.0,22.0,0.353,0.0162,6.98,36.57,43.7,1.01,0.548,2.63
LMT-0210,22.0,22.8,0.401,0.0161,7.18,38.83,46.73,0.95,0.472,2.7
LMT-0211,0.0,1.0,0.89,0.0648,45.96,0.98,4.71,5.61,2.144,1.55
LMT-0211,1.0,2.0,0.934,0.0719,44.34,1.54,6.82,7.04,2.433,1.5
LMT-0211,2.0,3.0,1.399,0.0768,46.21,2.37,8.91,5.27,2.42,1.39
LMT-0211,3.0,4.0,1.465,0.0722,42.13,2.79,9.87,5.66,2.071,1.46
LMT-0211,4.0,5.0,1.463,0.088,42.24,3.57,10.74,5.26,2.585,1.4
LMT-0211,5.0,6.0,1.243,0.0513,43.5,3.91,13.75,4.42,2.519,1.5
LMT-0211,6.0,7.0,1.232,0.0743,43.98,4.22,13.92,4.3,1.745,1.52
LMT-0211,7.0,8.0,1.515,0.1242,35.86,4.17,14.77,4.36,1.73,1.41
LMT-0211,8.0,9.0,1.492,0.1843,36.76,5.54,15.68,3.34,2.302,1.43
LMT-0211,9.0,10.0,1.335,0.2921,38.79,4.68,17.0,3.61,1.774,1.5
LMT-0211,10.0,11.0,2.221,0.1547,21.23,9.32,31.04,2.33,1.554,1.44
LMT-0211,11.0,12.0,2.492,0.0899,19.26,11.48,31.23,2.15,1.326,1.52
LMT-0211,12.0,13.0,2.805,0.1083,18.5,11.47,33.14,1.84,1.159,1.58
LMT-0211,13.0,14.0,2.458,0.04,16.54,13.94,35.31,2.2,1.115,1.5
LMT-0211,14.0,15.0,2.347,0.0559,17.08,14.03,34.76,1.58,1.217,1.62
LMT-0211,15.0,16.0,1.801,0.0365,15.75,15.83,35.62,1.91,1.02,1.65
LMT-0211,16.0,17.0,1.875,0.045,15.66,19.0,37.5,1.76,1.161,1.71
LMT-0211,17.0,18.0,2.006,0.033,13.28,18.12,35.14,1.29,0.867,1.78
LMT-0211,18.0,19.0,1.507,0.0276,12.98,20.6,37.56,1.31,1.179,1.62
LMT-0211,19.0,20.0,1.668,0.0264,11.46,23.77,36.73,1.25,0.866,1.64
LMT-0211,20.0,21.0,1.555,0.0246,10.47,22.36,37.77,1.22,1.026,1.91
LMT-0211,21.0,22.0,1.325,0.02,10.03,25.41,37.91,1.09,0.929,1.76
LMT-0211,22.0,23.0,0.347,0.0119,6.94,41.97,37.93,1.14,0.42,2.55
LMT-0211,23.0,24.0,0.361,0.0121,5.86,42.15,37.54,0.8,0.451,2.56
LMT-0211,24.0,25.0,0.274,0.0103,6.68,34.41,41.33,0.97,0.494,2.56
LMT-0211,25.0,25.6,0.307,0.0097,5.87,40.18,41.15,0.88,0.393,2.67
LMT-0212,0.0,1.0,1.03,0.0628,44.7,0.96,4.79,7.73,3.378,1.67
LMT-0212,1.0,2.0,1.315,0.0796,49.16,1.99,8.51,6.64,2.345,1.48
LMT-0212,2.0,3.0,1.434,0.0868,45.49,2.53,8.92,4.95,2.515,1.52
LMT-0212,3.0,4.0,1.273,0.0821,45.75,2.96,10.39,8.16,2.571,1.49
LMT-0212,4.0,5.0,1.412,0.0873,48.23,3.41,11.65,7.44,2.074,1.7
LMT-0212,5.0,6.0,1.344,0.0873,43.03,4.21,13.04,5.79,2.649,1.56
LMT-0212,6.0,7.0,1.592,0.1288,44.29,4.56,13.57,6.06,2.785,1.47
LMT-0212,7.0,8.0,1.512,0.1598,40.87,5.45,15.09,4.91,2.333,1.53
LMT-0212,8.0,9.0,1.599,0.2292,38.92,5.55,17.5,3.69,2.38,1.6
LMT-0212,9.0,10.0,1.754,0.2774,41.56,7.15,16.67,4.13,2.583,1.67
LMT-0212,10.0,11.0,3.512,0.1316,21.02,10.73,36.52,2.89,1.719,1.56
LMT-0212,11.0,12.0,3.391,0.127,20.49,13.1,36.25,2.44,1.745,1.55
LMT-0212,12.0,13.0,2.418,0.0662,18.65,14.61,36.57,2.52,1.673,1.64
LMT-0212,13.0,14.0,2.831,0.0636,18.44,17.23,32.65,2.3,1.483,1.59
LMT-0212,14.0,15.0,2.666,0.0474,17.72,16.57,39.77,2.29,1.29,1.72
LMT-0212,15.0,16.0,2.909,0.0354,15.92,20.12,37.38,2.67,1.436,1.76
LMT-0212,16.0,17.0,2.594,0.045,15.39,18.48,39.69,2.08,1.537,1.74
LMT-0212,17.0,18.0,2.446,0.0384,14.87,18.26,35.71,1.57,1.262,1.92
LMT-0212,18.0,19.0,1.864,0.0383,14.42,21.21,38.75,1.8,1.244,1.72
LMT-0212,19.0,20.0,2.218,0.0461,13.82,23.98,37.28,1.68,1.231,1.88
LMT-0212,20.0,21.0,1.613,0.0382,13.18,23.26,40.16,1.5,1.301,1.94
LMT-0212,21.0,22.0,1.448,0.0404,13.03,27.85,39.76,1.64,1.059,1.85
LMT-0212,22.0,23.0,1.502,0.0325,12.0,27.12,42.33,1.48,1.023,1.88
LMT-0212,23.0,24.0,1.419,0.021,11.24,28.1,41.72,1.17,1.046,1.82
LMT-0212,24.0,25.0,,,,,,,,2.51
LMT-0212,25.0,26.0,0.408,0.0189,6.97,38.9,37.66,1.13,0.513,2.69
LMT-0212,26.0,26.5,0.38,0.0165,6.86,33.67,44.75,1.0,0.477,2.71
LMT-0213,0.0,1.0,1.099,0.0587,52.54,1.18,4.68,8.69,2.995,1.65
LMT-0213,1.0,2.0,1.273,0.0973,50.36,2.24,8.32,7.97,3.241,1.45
LMT-0213,2.0,3.0,1.355,0.097,51.41,2.71,9.73,7.44,3.624,1.55
LMT-0213,3.0,4.0,1.546,0.0945,49.73,3.41,11.19,6.24,2.43,1.65
LMT-0213,4.0,5.0,1.562,0.0933,46.63,4.35,12.89,6.37,2.783,1.72
LMT-0213,5.0,6.0,1.684,0.1173,46.85,4.24,14.86,6.35,2.687,1.67
LMT-0213,6.0,7.0,1.894,0.1434,45.84,5.5,15.42,5.32,2.626,1.55
LMT-0213,7.0,8.0,1.605,0.2189,43.51,6.38,16.5,4.41,2.505,1.53
LMT-0213,8.0,9.0,2.04,0.2659,42.37,6.75,17.47,5.02,2.596,1.67
LMT-0213,9.0,10.0,3.662,0.2279,23.57,10.96,36.55,2.21,2.097,1.65
LMT-0213,10.0,11.0,3.892,0.1815,22.18,12.6,36.84,2.43,1.74,1.54
LMT-0213,11.0,12.0,3.222,0.0883,22.85,14.95,37.49,2.52,1.348,1.74
LMT-0213,12.0,13.0,2.832,0.065,19.97,16.66,36.41,2.61,1.687,1.67
LMT-0213,13.0,14.0,2.839,0.0648,20.09,16.55,36.7,2.3,1.421,1.72
LMT-0213,14.0,15.0,2.913,0.0595,18.28,18.64,40.67,2.54,1.652,1.8
LMT-0213,15.0,16.0,2.841,0.0534,16.98,20.03,40.1,2.38,1.428,1.72
LMT-0213,16.0,17.0,2.275,0.0414,17.44,20.36,39.95,2.38,1.496,1.68
LMT-0213,17.0,18.0,2.085,0.0428,16.88,21.39,42.16,1.93,1.381,1.86
LMT-0213,18.0,19.0,2.817,0.0436,15.47,23.4,42.58,1.99,1.356,1.78
LMT-0213,19.0,20.0,2.297,0.0463,14.83,24.25,43.4,1.96,1.518,1.85
LMT-0213,20.0,21.0,2.458,0.0455,14.36,29.47,46.08,1.71,1.145,1.93
LMT-0213,21.0,22.0,1.802,0.0338,13.88,29.0,45.89,1.81,1.333,1.8
LMT-0213,22.0,23.0,1.744,0.0396,12.51,26.14,45.82,1.63,1.13,1.86
LMT-0213,23.0,24.0,1.553,0.0402,11.85,27.83,47.3,1.34,1.106,1.96
LMT-0213,24.0,25.0,1.469,0.0299,11.28,26.42,46.11,1.08,1.033,1.96
LMT-0213,25.0,26.0,0.475,0.0185,6.92,39.96,44.39,1.31,0.658,2.85
LMT-0213,26.0,27.0,0.446,0.0201,7.88,45.0,44.93,1.12,0.607,2.73
LMT-0213,27.0,27.9,0.424,0.0171,6.84,45.0,44.67,1.09,0.504,2.85
LMT-0214,0.0,1.0,1.027,0.0488,50.23,0.99,5.25,9.34,3.73,1.65
LMT-0214,1.0,2.0,1.421,0.0785,53.53,2.12,7.81,6.77,2.927,1.51
LMT-0214,2.0,3.0,1.204,0.0667,48.66,2.6,8.91,7.62,2.977,1.51
LMT-0214,3.0,4.0,1.559,0.079,47.31,3.27,11.73,6.96,2.621,1.45
LMT-0214,4.0,5.0,1.256,0.0865,43.8,3.95,12.32,5.32,2.462,1.63
LMT-0214,5.0,6.0,1.452,0.1274,42.33,4.74,14.77,4.62,2.333,1.54
LMT-0214,6.0,7.0,1.819,0.1239,46.24,5.01,16.6,5.67,2.274,1.51
LMT-0214,7.0,8.0,1.879,0.2669,41.66,5.36,16.5,4.21,2.42,1.51
LMT-0214,8.0,9.0,1.793,0.3444,41.03,6.21,16.95,4.4,1.996,1.68
LMT-0214,9.0,10.0,3.083,0.1638,22.83,10.21,32.12,3.12,1.622,1.49
LMT-0214,10.0,11.0,2.652,0.1176,22.29,12.49,33.65,2.8,1.952,1.53
LMT-0214,11.0,12.0,3.227,0.0731,19.28,12.41,34.68,3.16,1.617,1.56
LMT-0214,12.0,13.0,2.853,0.0541,21.46,14.54,39.1,2.12,1.797,1.68
LMT-0214,13.0,14.0,3.217,0.0557,20.27,17.48,37.82,2.31,1.551,1.66
LMT-0214,14.0,15.0,2.649,0.0692,18.27,17.77,37.99,2.08,1.422,1.56
LMT-0214,15.0,16.0,2.394,0.0534,18.09,18.11,40.7,2.17,1.287,1.65
LMT-0214,16.0,17.0,2.638,0.0459,16.58,19.98,37.8,2.11,1.353,1.77
LMT-0214,17.0,18.0,2.3,0.0517,15.51,22.08,36.81,1.8,1.264,1.81
LMT-0214,18.0,19.0,2.073,0.037,15.58,21.46,39.57,1.8,1.515,1.79
LMT-0214,19.0,20.0,1.828,0.0429,14.66,27.31,42.53,1.67,1.176,1.68
LMT-0214,20.0,21.0,2.075,0.0386,13.34,26.26,42.68,1.78,1.206,1.75
LMT-0214,21.0,22.0,1.74,0.0372,12.76,25.33,42.96,1.37,1.254,1.85
LMT-0214,22.0,23.0,1.655,0.0308,11.78,26.41,44.51,1.48,1.05,1.87
LMT-0214,23.0,24.0,1.558,0.0307,11.41,28.16,42.21,1.16,1.017,2.01
LMT-0214,24.0,25.0,0.425,0.0159,7.52,41.57,42.96,1.1,0.536,2.68
LMT-0214,25.0,26.0,0.303,0.0119,7.06,37.57,43.57,0.92,0.526,2.74
LMT-0214,26.0,27.0,0.366,0.0164,6.81,40.18,44.09,0.98,0.527,2.65
LMT-0214,27.0,27.8,0.417,0.0176,6.64,42.56,46.66,1.11,0.502,2.76
LMT-0215,0.0,1.0,0.933,0.041,47.05,0.89,4.81,6.85,2.508,1.6
LMT-0215,1.0,2.0,1.222,0.0715,50.83,1.8,7.83,5.62,2.959,1.48
LMT-0215,2.0,3.0,1.281,0.0826,46.34,2.8,9.14,5.64,2.129,1.63
LMT-0215,3.0,4.0,1.352,0.0798,44.98,3.25,10.7,6.41,2.654,1.45
LMT-0215,4.0,5.0,1.691,0.0906,42.24,4.01,13.36,4.49,2.833,1.49
LMT-0215,5.0,6.0,1.576,0.0957,42.36,4.55,13.25,5.57,2.472,1.62
LMT-0215,6.0,7.0,1.621,0.1272,42.65,5.8,16.3,4.65,2.404,1.48
LMT-0215,7.0,8.0,1.58,0.2515,39.43,5.2,17.54,4.57,1.874,1.63
LMT-0215,8.0,9.0,1.735,0.3396,37.88,6.64,17.69,3.4,2.342,1.51
LMT-0215,9.0,10.0,2.791,0.1499,20.8,10.2,32.94,3.34,1.549,1.52
LMT-0215,10.0,11.0,2.674,0.1007,21.54,11.63,36.12,2.48,1.442,1.58
LMT-0215,11.0,12.0,2.91,0.0642,20.85,11.58,33.36,2.22,1.775,1.5
LMT-0215,12.0,13.0,2.678,0.0563,20.47,15.44,39.29,2.45,1.64,1.5
LMT-0215,13.0,14.0,2.928,0.0669,19.27,13.97,37.18,2.44,1.102,1.49
LMT-0215,14.0,15.0,2.693,0.0504,18.89,15.04,35.93,2.2,1.534,1.75
LMT-0215,15.0,16.0,2.431,0.0549,18.79,18.28,36.93,2.23,1.407,1.53
LMT-0215,16.0,17.0,2.102,0.0479,16.48,17.83,39.39,1.75,1.473,1.72
LMT-0215,17.0,18.0,2.595,0.0394,16.19,18.16,34.94,1.78,1.246,1.75
LMT-0215,18.0,19.0,2.548,0.0472,15.4,22.01,38.13,1.78,1.083,1.77
LMT-0215,19.0,20.0,1.85,0.0441,14.9,21.03,37.79,1.46,1.145,1.81
LMT-0215,20.0,21.0,2.278,0.0479,13.59,22.5,40.49,1.74,1.294,1.75
LMT-0215,21.0,22.0,1.843,0.039,14.37,24.02,40.38,1.81,1.072,1.79
LMT-0215,22.0,23.0,1.858,0.0298,13.3,25.61,39.74,1.21,0.94,1.72
LMT-0215,23.0,24.0,1.7,0.0335,11.4,21.95,42.54,1.27,1.072,1.87
LMT-0215,24.0,25.0,1.675,0.0261,12.59,25.79,41.77,1.1,0.955,1.9
LMT-0215,25.0,26.0,1.422,0.0256,11.69,26.77,41.61,1.26,1.0,1.79
LMT-0215,26.0,27.0,1.684,0.0297,10.77,30.56,43.52,1.08,1.092,1.8
LMT-0215,27.0,28.0,1.371,0.0317,10.09,27.53,45.74,1.14,0.897,1.89
LMT-0215,28.0,29.0,0.344,0.0119,6.49,36.41,45.86,1.11,0.586,2.65
LMT-0215,29.0,30.0,0.369,0.0153,6.99,40.16,40.6,0.81,0.461,2.6
LMT-0215,30.0,30.4,0.417,0.0138,6.62,40.02,39.9,1.06,0.49,2.4
LMT-0216,0.0,1.0,0.921,0.0437,54.39,0.96,3.8,8.9,2.436,1.57
LMT-0216,1.0,2.0,1.216,0.0688,48.43,1.59,7.18,6.62,3.041,1.38
LMT-0216,2.0,3.0,1.202,0.085,43.38,2.47,8.31,6.06,2.498,1.47
LMT-0216,3.0,4.0,1.308,0.0786,43.74,2.66,10.77,5.97,2.169,1.47
LMT-0216,4.0,5.0,1.431,0.0611,42.7,4.03,11.24,5.46,2.89,1.56
LMT-0216,5.0,6.0,1.327,0.0952,44.71,3.8,12.51,4.64,2.326,1.57
LMT-0216,6.0,7.0,1.654,0.0974,42.91,4.51,13.75,4.81,2.412,1.44
LMT-0216,7.0,8.0,1.703,0.165,43.1,4.71,17.58,3.6,1.997,1.47
LMT-0216,8.0,9.0,1.539,0.2897,37.27,6.51,15.67,3.4,1.902,1.63
LMT-0216,9.0,10.0,2.921,0.1416,20.42,8.86,32.32,3.23,1.787,1.48
LMT-0216,10.0,11.0,2.495,0.1213,21.65,10.37,33.62,2.73,1.653,1.59
LMT-0216,11.0,12.0,2.544,0.1033,21.23,11.29,31.94,2.58,1.351,1.59
LMT-0216,12.0,13.0,3.004,0.056,19.8,11.78,35.5,2.85,1.685,1.64
LMT-0216,13.0,14.0,2.719,0.0604,20.88,12.07,33.16,2.03,1.582,1.6
LMT-0216,14.0,15.0,3.001,0.0601,20.41,12.02,35.84,2.35,1.301,1.45
LMT-0216,15.0,16.0,2.609,0.0604,18.68,12.22,35.0,2.05,1.483,1.61
LMT-0216,16.0,17.0,2.741,0.0638,18.47,15.09,34.14,2.53,1.292,1.61
LMT-0216,17.0,18.0,2.064,0.042,16.46,16.35,34.86,2.11,1.373,1.62
LMT-0216,18.0,19.0,2.37,0.0489,17.42,15.89,34.54,1.87,1.537,1.64
LMT-0216,19.0,20.0,2.451,0.0376,17.03,19.7,31.35,1.68,1.165,1.68
LMT-0216,20.0,21.0,2.1,0.0403,17.23,20.26,40.0,1.99,1.346,1.7
LMT-0216,21.0,22.0,1.89,0.0381,14.97,18.99,34.74,1.68,1.51,1.66
LMT-0216,22.0,23.0,1.994,0.0433,15.46,18.81,37.7,1.66,1.325,1.7
LMT-0216,23.0,24.0,2.44,0.0269,14.97,19.45,39.73,1.58,1.098,1.77
LMT-0216,24.0,25.0,2.216,0.0295,15.09,19.98,39.08,1.97,1.229,1.63
LMT-0216,25.0,26.0,1.797,0.0408,14.24,21.97,39.75,1.48,1.273,1.77
LMT-0216,26.0,27.0,1.875,0.03,12.8,22.82,40.34,1.55,1.216,1.64
LMT-0216,27.0,28.0,1.889,0.0336,13.15,25.14,41.62,1.42,1.092,1.75
LMT-0216,28.0,29.0,1.9,0.0343,12.61,21.66,40.41,1.49,0.933,1.77
LMT-0216,29.0,30.0,1.656,0.0313,11.9,25.97,43.22,1.34,1.185,1.88
LMT-0216,30.0,31.0,1.653,0.0329,12.26,24.34,44.35,1.33,0.965,1.76
LMT-0216,31.0,32.0,1.466,0.0318,11.18,26.2,40.69,1.3,0.875,1.85
LMT-0216,32.0,33.0,1.527,0.0267,10.79,22.64,38.45,1.38,1.063,1.84
LMT-0216,33.0,34.0,1.512,0.0261,10.27,27.54,45.75,1.08,0.82,2.02
LMT-0216,34.0,35.0,1.507,0.0187,9.92,26.78,41.52,1.0,0.835,1.77
LMT-0216,35.0,36.0,0.394,0.0157,6.4,36.82,43.91,1.16,0.513,2.72
LMT-0216,36.0,37.0,0.342,0.0116,6.1,33.02,41.35,1.0,0.494,2.65
LMT-0216,37.0,37.8,0.347,0.0153,6.91,37.16,42.37,0.99,0.536,2.64
LMT-0217,0.0,1.0,0.825,0.0485,49.46,0.83,3.58,7.87,2.403,1.54
LMT-0217,1.0,2.0,0.996,0.0447,45.06,1.66,6.71,7.64,3.113,1.43
LMT-0217,2.0,3.0,1.386,0.0604,44.34,2.26,8.27,5.61,1.946,1.41
LMT-0217,3.0,4.0,1.441,0.0774,43.32,2.43,8.83,6.05,2.018,1.55
LMT-0217,4.0,5.0,1.418,0.053,41.87,3.18,10.66,4.73,2.333,1.42
LMT-0217,5.0,6.0,1.392,0.1051,43.76,3.91,11.4,6.14,2.526,1.64
LMT-0217,6.0,7.0,1.705,0.1035,42.01,4.17,13.6,3.91,2.415,1.52
LMT-0217,7.0,8.0,1.601,0.0885,38.85,4.68,14.95,4.83,2.408,1.5
LMT-0217,8.0,9.0,1.719,0.192,39.42,5.4,14.49,3.92,1.799,1.61
LMT-0217,9.0,10.0,1.725,0.2542,38.37,5.87,17.05,4.25,2.114,1.52
LMT-0217,10.0,11.0,2.975,0.1617,20.19,9.72,35.55,2.06,1.567,1.48
LMT-0217,11.0,12.0,2.77,0.1105,21.72,12.21,33.94,2.57,1.466,1.37
LMT-0217,12.0,13.0,2.976,0.0854,20.01,12.79,34.18,2.16,1.26,1.58
LMT-0217,13.0,14.0,2.592,0.0522,18.61,14.23,32.03,1.72,1.405,1.63
LMT-0217,14.0,15.0,2.502,0.0468,17.14,14.6,32.36,2.2,1.456,1.66
LMT-0217,15.0,16.0,2.308,0.0407,17.22,16.15,32.95,2.23,1.332,1.69
LMT-0217,16.0,17.0,2.179,0.0451,17.65,17.27,36.97,1.82,1.18,1.63
LMT-0217,17.0,18.0,2.464,0.0307,15.14,20.57,39.96,1.63,1.256,1.76
LMT-0217,18.0,19.0,2.242,0.0312,13.2,17.96,37.98,1.73,1.116,1.61
LMT-0217,19.0,20.0,1.778,0.0305,14.06,21.92,40.09,1.26,0.993,1.64
LMT-0217,20.0,21.0,1.989,0.0305,11.63,25.81,40.26,1.07,1.076,1.66
LMT-0217,21.0,22.0,1.439,0.0282,11.73,25.82,42.08,1.41,1.01,1.96
LMT-0217,22.0,23.0,1.646,0.0271,10.48,26.32,39.57,1.04,0.895,1.94
LMT-0217,23.0,24.0,1.146,0.0212,9.66,25.04,44.51,0.9,0.826,1.77
LMT-0217,24.0,25.0,0.418,0.0127,6.8,39.12,37.25,1.01,0.393,2.66
LMT-0217,25.0,26.0,0.311,0.0161,6.42,43.19,39.31,1.17,0.481,2.68
LMT-0217,26.0,26.7,0.341,0.0117,6.34,38.43,39.12,0.88,0.421,2.41
LMT-0218,0.0,1.0,0.872,0.0372,48.24,0.8,3.88,8.28,2.561,1.59
LMT-0218,1.0,2.0,1.077,0.0771,47.16,1.43,6.85,6.88,2.679,1.44
LMT-0218,2.0,3.0,1.39,0.0577,47.49,2.18,8.42,6.47,2.623,1.48
LMT-0218,3.0,4.0,1.588,0.0766,43.27,2.3,8.86,5.44,2.327,1.51
LMT-0218,4.0,5.0,1.287,0.0698,45.16,2.99,10.27,5.2,2.727,1.47
LMT-0218,5.0,6.0,1.423,0.0978,47.14,3.92,10.93,4.38,2.445,1.5
LMT-0218,6.0,7.0,1.668,0.1199,37.91,4.45,12.02,4.62,1.859,1.59
LMT-0218,7.0,8.0,1.503,0.1003,40.74,4.11,13.22,4.72,2.267,1.46
LMT-0218,8.0,9.0,1.558,0.0908,43.81,5.63,14.89,3.29,2.104,1.55
LMT-0218,9.0,10.0,1.59,0.1825,36.41,5.58,14.42,3.37,2.31,1.57
LMT-0218,10.0,11.0,1.746,0.2532,36.57,6.05,16.23,4.06,2.063,1.66
LMT-0218,11.0,12.0,2.481,0.1489,20.79,9.74,34.09,2.31,1.249,1.53
LMT-0218,12.0,13.0,2.89,0.1026,17.75,11.75,33.12,2.43,1.438,1.52
LMT-0218,13.0,14.0,2.632,0.0522,17.09,15.31,34.74,1.74,1.435,1.51
LMT-0218,14.0,15.0,2.381,0.0365,17.5,15.76,35.59,2.16,1.256,1.65
LMT-0218,15.0,16.0,2.205,0.0371,14.58,14.8,36.45,1.7,1.148,1.69
LMT-0218,16.0,17.0,2.041,0.0359,16.32,19.07,31.8,1.86,1.127,1.64
LMT-0218,17.0,18.0,2.053,0.0311,14.33,21.04,37.66,1.6,1.151,1.83
LMT-0218,18.0,19.0,1.712,0.0275,13.09,23.74,38.34,1.52,1.319,1.77
LMT-0218,19.0,20.0,1.637,0.0281,11.8,23.05,39.48,1.32,0.911,1.8
LMT-0218,20.0,21.0,1.574,0.0272,10.91,23.23,38.74,0.91,0.905,1.87
LMT-0218,21.0,22.0,1.427,0.0221,10.47,26.54,40.14,1.07,0.898,1.91
LMT-0218,22.0,23.0,0.371,0.0155,7.31,43.97,39.32,0.93,0.474,2.75
LMT-0218,23.0,24.0,0.359,0.0127,6.45,35.32,40.1,0.93,0.361,2.66
LMT-0218,24.0,25.0,0.408,0.0127,6.71,35.76,38.52,0.67,0.457,2.55
LMT-0219,0.0,1.0,0.602,0.0249,40.24,0.58,3.0,5.87,2.412,1.4
LMT-0219,1.0,2.0,0.772,0.0299,40.06,0.84,4.21,6.43,2.398,1.49
LMT-0219,2.0,3.0,1.103,0.0552,41.96,1.65,6.93,4.12,1.978,1.38
LMT-0219,3.0,4.0,1.052,0.0447,42.29,1.89,7.97,4.78,2.202,1.35
LMT-0219,4.0,5.0,0.979,0.0658,40.12,2.81,9.07,4.59,2.159,1.39
LMT-0219,5.0,6.0,0.999,0.0748,36.25,2.46,10.44,4.28,1.638,1.42
LMT-0219,6.0,7.0,1.125,0.0607,38.69,3.64,10.67,4.44,1.541,1.41
LMT-0219,7.0,8.0,1.112,0.0686,35.37,4.18,13.26,4.21,1.417,1.43
LMT-0219,8.0,9.0,1.1,0.1144,32.18,3.83,13.12,3.29,1.966,1.36
LMT-0219,9.0,10.0,1.001,0.1283,32.57,5.22,14.39,3.11,1.356,1.54
LMT-0219,10.0,11.0,2.239,0.0652,18.9,8.43,25.74,1.9,1.086,1.47
LMT-0219,11.0,12.0,2.047,0.0955,17.78,11.56,31.69,1.44,1.011,1.44
LMT-0219,12.0,13.0,1.728,0.0254,16.55,11.37,29.59,1.81,1.197,1.6
LMT-0219,13.0,14.0,1.678,0.0312,15.04,14.14,26.85,1.46,1.161,1.53
LMT-0219,14.0,15.0,1.805,0.0359,14.06,15.81,35.56,1.46,0.758,1.66
LMT-0219,15.0,16.0,1.532,0.0237,12.56,18.99,31.86,1.61,0.892,1.51
LMT-0219,16.0,17.0,1.139,0.023,10.93,19.02,38.46,1.01,0.722,1.54
LMT-0219,17.0,18.0,1.1,0.0175,10.42,19.44,34.73,0.78,0.809,1.66
LMT-0219,18.0,19.0,0.266,0.0089,6.06,32.01,39.58,0.72,0.354,2.55
LMT-0219,19.0,20.0,0.259,0.0093,6.02,34.05,33.39,0.69,0.398,2.34
LMT-0219,20.0,20.4,0.259,0.0092,6.35,32.42,35.77,0.66,0.463,2.43
LMT-0220,0.0,1.0,0.773,0.0466,51.77,0.73,3.48,7.88,2.926,1.58
LMT-0220,1.0,2.0,1.016,0.0522,53.37,1.02,5.15,9.45,3.023,1.64
LMT-0220,2.0,3.0,1.164,0.063,46.12,1.75,7.16,7.67,3.062,1.39
LMT-0220,3.0,4.0,0.994,0.0642,43.65,2.32,8.66,6.39,2.24,1.59
LMT-0220,4.0,5.0,1.062,0.0877,41.02,2.44,9.57,5.46,2.552,1.37
LMT-0220,5.0,6.0,1.081,0.0752,43.28,3.59,11.56,5.71,2.796,1.61
LMT-0220,6.0,7.0,1.414,0.0793,43.6,4.04,13.39,6.09,2.211,1.48
LMT-0220,7.0,8.0,1.268,0.106,40.37,4.76,13.03,4.71,1.637,1.52
LMT-0220,8.0,9.0,1.417,0.1638,40.17,5.54,15.11,4.16,1.973,1.51
LMT-0220,9.0,10.0,1.325,0.1798,41.5,6.69,16.1,4.07,2.124,1.5
LMT-0220,10.0,11.0,1.521,0.3608,40.89,6.6,19.07,3.07,2.17,1.42
LMT-0220,11.0,12.0,2.481,0.1653,20.36,12.69,32.32,2.23,1.711,1.49
LMT-0220,12.0,13.0,2.469,0.0738,20.52,13.23,33.15,2.19,1.566,1.66
LMT-0220,13.0,14.0,2.187,0.0509,18.57,13.45,38.0,2.47,1.449,1.68
LMT-0220,14.0,15.0,1.97,0.0619,16.4,18.68,35.64,1.95,1.151,1.69
LMT-0220,15.0,16.0,1.711,0.0458,14.48,21.23,38.34,1.76,1.369,1.65
LMT-0220,16.0,17.0,1.639,0.0329,14.45,22.1,34.88,1.48,1.296,1.71
LMT-0220,17.0,18.0,1.497,0.0278,12.7,23.36,40.21,1.41,1.009,1.64
LMT-0220,18.0,19.0,1.335,0.0273,11.11,21.68,42.64,1.32,0.982,1.9
LMT-0220,19.0,20.0,1.297,0.0187,10.79,30.76,44.61,1.08,0.806,1.85
LMT-0220,20.0,21.0,0.28,0.0179,7.16,35.45,36.95,1.16,0.5,2.85
LMT-0220,21.0,22.0,0.258,0.016,6.67,36.38,40.51,1.09,0.524,2.8
LMT-0220,22.0,22.8,0.338,0.0147,6.74,40.36,43.69,1.05,0.496,2.74
LMT-0221,0.0,1.0,0.693,0.0429,55.88,0.77,3.59,11.05,3.704,1.52
LMT-0221,1.0,2.0,0.991,0.0567,50.15,1.16,5.09,8.18,3.26,1.53
LMT-0221,2.0,3.0,1.23,0.0789,49.8,1.9,7.95,7.18,2.842,1.46
LMT-0221,3.0,4.0,1.097,0.0754,48.33,2.51,9.47,7.47,2.72,1.51
LMT-0221,4.0,5.0,1.23,0.0984,45.51,3.34,11.83,5.48,2.661,1.53
LMT-0221,5.0,6.0,1.315,0.1121,46.83,4.31,12.39,6.04,2.133,1.42
LMT-0221,6.0,7.0,1.413,0.0858,47.04,4.38,12.67,6.88,2.235,1.54
LMT-0221,7.0,8.0,1.389,0.1481,42.15,5.17,14.72,4.22,2.433,1.61
LMT-0221,8.0,9.0,1.557,0.167,40.2,5.98,16.16,5.12,2.246,1.68
LMT-0221,9.0,10.0,1.644,0.3048,44.26,5.75,18.23,4.84,2.167,1.58
LMT-0221,10.0,11.0,1.744,0.3963,38.77,6.09,18.04,4.28,2.103,1.59
LMT-0221,11.0,12.0,3.069,0.1841,22.97,11.43,34.17,2.55,1.883,1.58
LMT-0221,12.0,13.0,2.417,0.0757,20.86,14.26,33.75,2.54,1.704,1.69
LMT-0221,13.0,14.0,2.493,0.0704,19.68,15.73,35.31,2.44,1.411,1.61
LMT-0221,14.0,15.0,2.272,0.0428,19.05,17.26,38.21,2.32,1.634,1.65
LMT-0221,15.0,16.0,1.951,0.0484,16.36,17.01,38.61,1.98,1.347,1.72
LMT-0221,16.0,17.0,1.876,0.0522,16.81,20.32,37.18,1.67,1.195,1.88
LMT-0221,17.0,18.0,1.864,0.048,13.65,22.57,41.68,1.34,1.157,1.7
LMT-0221,18.0,19.0,1.762,0.0329,14.95,26.88,38.89,1.62,1.109,1.84
LMT-0221,19.0,20.0,1.387,0.0402,11.87,22.91,46.64,1.3,1.186,1.96
LMT-0221,20.0,21.0,1.422,0.0262,12.05,27.69,43.74,1.19,1.099,1.9
LMT-0221,21.0,22.0,1.097,0.0281,9.66,29.15,46.29,1.1,0.894,1.86
LMT-0221,22.0,23.0,0.36,0.0182,7.24,39.71,44.31,1.29,0.504,2.59
LMT-0221,23.0,24.0,0.323,0.0162,7.22,40.59,37.14,1.13,0.479,2.7
LMT-0222,0.0,1.0,0.728,0.0431,52.61,0.78,3.71,8.09,2.74,1.52
LMT-0222,1.0,2.0,1.108,0.0558,48.52,1.4,6.87,7.38,2.777,1.51
LMT-0222,2.0,3.0,1.335,0.0717,49.34,1.72,8.47,6.9,2.654,1.55
LMT-0222,3.0,4.0,1.149,0.0711,47.84,2.81,9.14,6.29,2.515,1.57
LMT-0222,4.0,5.0,1.167,0.1001,48.82,3.22,11.13,6.55,2.222,1.47
LMT-0222,5.0,6.0,1.492,0.0732,45.68,3.45,13.12,5.13,2.461,1.48
LMT-0222,6.0,7.0,1.235,0.0952,43.65,4.14,12.98,6.38,2.59,1.54
LMT-0222,7.0,8.0,1.439,0.1169,42.15,5.07,15.2,5.99,2.479,1.48
LMT-0222,8.0,9.0,1.5,0.1625,42.41,5.79,16.0,5.29,2.421,1.61
LMT-0222,9.0,10.0,1.416,0.3324,42.03,5.63,17.95,4.37,2.333,1.49
LMT-0222,10.0,11.0,1.312,0.3472,39.76,6.74,18.78,4.15,2.042,1.57
LMT-0222,11.0,12.0,2.9,0.1346,20.55,11.71,36.13,2.97,1.55,1.64
LMT-0222,12.0,13.0,2.64,0.1294,18.35,12.28,30.44,2.3,1.747,1.69
LMT-0222,13.0,14.0,2.368,0.0751,19.44,13.2,38.12,2.58,1.673,1.67
LMT-0222,14.0,15.0,2.453,0.0456,19.43,17.12,34.36,2.45,1.403,1.74
LMT-0222,15.0,16.0,2.316,0.0484,19.04,18.27,37.14,1.97,1.501,1.59
LMT-0222,16.0,17.0,2.073,0.0489,15.89,20.27,37.83,2.28,1.61,1.72
LMT-0222,17.0,18.0,2.307,0.044,14.82,18.94,36.24,1.76,1.467,1.87
LMT-0222,18.0,19.0,1.92,0.046,15.08,22.61,41.05,1.6,1.286,1.69
LMT-0222,19.0,20.0,1.854,0.0344,15.09,22.36,40.24,2.05,1.17,1.63
LMT-0222,20.0,21.0,1.661,0.0426,13.65,26.47,40.92,1.6,1.283,1.85
LMT-0222,21.0,22.0,1.726,0.0315,12.82,26.17,39.15,1.62,1.028,1.82
LMT-0222,22.0,23.0,1.562,0.0361,11.9,23.28,45.24,1.48,1.131,1.96
LMT-0222,23.0,24.0,1.232,0.027,10.96,29.96,45.62,1.27,1.003,1.88
LMT-0222,24.0,25.0,1.359,0.0258,10.27,28.5,40.98,1.14,1.103,1.97
LMT-0222,25.0,26.0,0.341,0.0158,7.01,34.7,44.24,1.02,0.464,2.85
LMT-0222,26.0,27.0,0.349,0.0137,6.09,41.33,43.35,0.82,0.489,2.71
LMT-0223,0.0,1.0,0.7,0.0397,55.92,0.85,4.02,9.86,3.005,1.58
LMT-0223,1.0,2.0,1.058,0.0829,48.11,1.17,6.87,6.07,2.685,1.5
LMT-0223,2.0,3.0,1.211,0.0933,48.67,2.06,8.66,7.52,3.078,1.48
LMT-0223,3.0,4.0,1.245,0.0781,45.46,2.84,9.61,7.12,2.785,1.45
LMT-0223,4.0,5.0,1.33,0.0951,44.44,3.06,11.28,6.84,2.598,1.51
LMT-0223,5.0,6.0,1.306,0.0899,43.6,3.84,11.88,5.8,2.614,1.52
LMT-0223,6.0,7.0,1.395,0.1134,41.47,4.59,14.99,6.5,2.498,1.64
LMT-0223,7.0,8.0,1.407,0.1174,43.64,5.16,14.78,5.47,2.431,1.53
LMT-0223,8.0,9.0,1.568,0.1757,42.14,5.19,16.63,5.86,2.297,1.48
LMT-0223,9.0,10.0,1.507,0.2487,40.93,5.08,15.53,4.22,2.274,1.54
LMT-0223,10.0,11.0,1.632,0.4092,38.03,6.29,18.05,3.96,2.326,1.52
LMT-0223,11.0,12.0,2.635,0.1527,21.51,10.47,33.19,2.42,1.658,1.59
LMT-0223,12.0,13.0,2.325,0.1125,20.2,13.2,34.65,2.57,1.451,1.59
LMT-0223,13.0,14.0,2.672,0.0768,18.59,12.47,35.66,2.44,1.791,1.53
LMT-0223,14.0,15.0,2.06,0.0702,19.42,15.38,36.37,2.43,1.495,1.49
LMT-0223,15.0,16.0,2.328,0.0485,18.46,17.42,39.25,2.31,1.311,1.74
LMT-0223,16.0,17.0,1.889,0.0433,18.13,18.93,34.77,2.11,1.356,1.6
LMT-0223,17.0,18.0,2.024,0.0469,15.72,22.85,37.57,1.91,1.319,1.7
LMT-0223,18.0,19.0,1.996,0.0409,16.24,20.25,43.52,2.01,1.227,1.79
LMT-0223,19.0,20.0,1.939,0.0313,14.1,20.99,39.18,1.42,1.272,1.67
LMT-0223,20.0,21.0,1.782,0.0307,13.03,26.29,42.68,1.57,1.03,1.94
LMT-0223,21.0,22.0,1.622,0.0302,12.97,23.41,42.72,1.33,1.214,1.76
LMT-0223,22.0,23.0,1.346,0.0286,10.67,26.91,41.45,1.32,0.986,2.0
LMT-0223,23.0,24.0,1.42,0.0341,10.74,25.87,45.7,1.18,0.971,1.91
LMT-0223,24.0,25.0,0.37,0.0178,6.99,40.79,43.15,0.99,0.584,2.76
LMT-0223,25.0,26.0,0.341,0.0135,7.04,37.86,43.47,0.98,0.474,2.68
LMT-0223,26.0,26.5,0.327,0.0144,7.07,39.46,43.77,1.02,0.506,2.81
LMT-0224,0.0,1.0,0.854,0.0494,50.42,0.76,3.6,9.03,2.987,1.58
LMT-0224,1.0,2.0,1.09,0.0784,53.08,1.37,6.69,6.57,2.231,1.45
LMT-0224,2.0,3.0,1.088,0.0787,49.54,2.07,8.49,6.33,2.691,1.44
LMT-0224,3.0,4.0,0.993,0.0755,43.87,2.93,9.35,6.31,2.357,1.49
LMT-0224,4.0,5.0,1.342,0.0679,43.19,3.52,9.73,5.6,2.826,1.55
LMT-0224,5.0,6.0,1.268,0.1022,43.44,4.07,10.89,3.93,2.811,1.51
LMT-0224,6.0,7.0,1.344,0.1027,44.81,4.05,12.46,4.76,2.723,1.51
LMT-0224,7.0,8.0,1.649,0.1126,41.19,3.96,13.22,4.58,2.334,1.51
LMT-0224,8.0,9.0,1.59,0.1502,43.05,5.42,16.67,4.24,2.25,1.48
LMT-0224,9.0,10.0,1.653,0.2364,41.9,6.3,16.27,3.65,2.418,1.47
LMT-0224,10.0,11.0,1.631,0.3472,36.86,5.8,16.52,3.79,2.02,1.61
LMT-0224,11.0,12.0,3.062,0.1721,20.84,8.6,30.16,2.61,1.571,1.54
LMT-0224,12.0,13.0,2.65,0.1269,21.33,11.29,37.41,2.77,1.392,1.64
LMT-0224,13.0,14.0,2.433,0.0742,19.34,14.51,36.44,2.22,1.54,1.72
LMT-0224,14.0,15.0,2.412,0.0616,18.68,15.29,35.11,1.98,1.38,1.69
LMT-0224,15.0,16.0,2.209,0.0379,16.66,18.09,36.34,2.02,1.262,1.7
LMT-0224,16.0,17.0,2.044,0.0482,16.52,19.2,38.29,2.1,1.478,1.76
LMT-0224,17.0,18.0,2.147,0.0475,14.33,20.33,40.84,1.97,1.373,1.59
LMT-0224,18.0,19.0,1.651,0.0379,15.06,20.0,39.99,1.96,1.19,1.77
LMT-0224,19.0,20.0,1.697,0.0253,13.26,25.41,43.46,1.44,1.055,1.69
LMT-0224,20.0,21.0,1.661,0.0321,10.84,26.18,37.4,1.44,0.947,1.8
LMT-0224,21.0,22.0,1.358,0.0306,11.33,28.69,39.83,1.23,1.021,1.82
LMT-0224,22.0,23.0,1.315,0.0201,9.97,26.57,45.01,0.9,0.923,1.86
LMT-0224,23.0,24.0,0.39,0.02,6.82,40.4,42.38,1.11,0.495,2.59
LMT-0224,24.0,25.0,0.337,0.0186,6.99,37.1,36.78,1.13,0.476,2.79
LMT-0224,25.0,25.9,0.366,0.0139,6.94,38.59,41.69,1.03,0.449,2.85
LMT-0225,0.0,1.0,0.756,0.0403,52.15,0.81,3.89,8.38,2.633,1.63
LMT-0225,1.0,2.0,1.142,0.0783,46.25,1.93,6.91,6.13,1.854,1.42
LMT-0225,2.0,3.0,1.185,0.0699,45.56,2.21,8.14,6.94,2.386,1.44
LMT-0225,3.0,4.0,1.229,0.0976,46.01,2.69,8.22,7.18,1.954,1.5
LMT-0225,4.0,5.0,1.049,0.0752,43.72,2.98,10.78,6.46,2.289,1.4
LMT-0225,5.0,6.0,1.159,0.0944,41.02,3.38,11.59,4.05,2.077,1.38
LMT-0225,6.0,7.0,1.338,0.0812,37.97,4.16,13.46,5.51,2.171,1.5
LMT-0225,7.0,8.0,1.388,0.1119,39.6,4.78,15.31,4.95,1.941,1.56
LMT-0225,8.0,9.0,1.428,0.1678,35.15,6.1,15.56,4.18,2.296,1.5
LMT-0225,9.0,10.0,1.561,0.2364,40.69,5.65,17.99,3.72,1.711,1.59
LMT-0225,10.0,11.0,2.942,0.1549,21.16,8.67,33.47,2.25,1.62,1.58
LMT-0225,11.0,12.0,3.238,0.107,20.99,10.37,29.47,1.95,1.47,1.44
LMT-0225,12.0,13.0,2.567,0.0558,19.28,12.87,31.9,2.24,1.466,1.66
LMT-0225,13.0,14.0,2.44,0.0738,18.49,13.96,35.41,1.97,1.371,1.59
LMT-0225,14.0,15.0,2.274,0.0417,16.51,16.21,36.62,1.94,1.236,1.74
LMT-0225,15.0,16.0,2.012,0.0391,15.29,14.91,35.43,1.62,1.15,1.71
LMT-0225,16.0,17.0,2.166,0.0344,15.07,20.13,40.83,1.36,1.26,1.66
LMT-0225,17.0,18.0,1.655,0.0321,14.77,21.96,34.47,1.68,0.957,1.8
LMT-0225,18.0,19.0,1.557,0.0353,12.99,22.37,38.46,1.15,1.131,1.84
LMT-0225,19.0,20.0,1.274,0.025,11.7,22.01,39.69,1.19,1.271,1.79
LMT-0225,20.0,21.0,1.492,0.0224,11.54,25.75,38.77,0.88,0.995,1.83
LMT-0225,21.0,22.0,1.151,0.023,9.95,30.1,42.43,1.04,0.867,1.91
LMT-0225,22.0,23.0,0.304,0.018,6.86,33.32,39.74,0.85,0.427,2.61
LMT-0225,23.0,23.9,0.369,0.009,6.66,34.48,37.36,0.9,0.515,2.76
LMT-0226,0.0,1.0,0.884,0.0415,48.38,1.05,4.33,7.91,3.093,1.61
LMT-0226,1.0,2.0,1.081,0.059,45.21,1.87,7.87,5.48,2.136,1.39
LMT-0226,2.0,3.0,1.355,0.0698,47.9,2.52,9.16,6.3,2.202,1.42
LMT-0226,3.0,4.0,1.357,0.0569,41.79,2.85,9.49,6.08,2.139,1.33
LMT-0226,4.0,5.0,1.511,0.0744,40.27,3.39,11.48,6.22,2.483,1.42
LMT-0226,5.0,6.0,1.636,0.0971,38.02,4.38,12.42,3.84,2.16,1.46
LMT-0226,6.0,7.0,1.411,0.1299,39.36,4.57,13.15,4.64,2.163,1.55
LMT-0226,7.0,8.0,1.662,0.2125,34.99,4.77,15.18,4.25,2.077,1.54
LMT-0226,8.0,9.0,1.801,0.2785,37.71,4.68,15.51,4.47,1.992,1.55
LMT-0226,9.0,10.0,2.813,0.1256,19.73,10.71,33.51,2.28,1.399,1.52
LMT-0226,10.0,11.0,2.965,0.102,19.63,12.91,35.4,2.23,1.688,1.59
LMT-0226,11.0,12.0,2.863,0.0649,18.08,14.83,32.09,2.23,1.241,1.5
LMT-0226,12.0,13.0,2.007,0.0459,18.06,14.96,33.84,1.75,1.488,1.62
LMT-0226,13.0,14.0,1.835,0.0465,15.81,17.49,37.08,1.97,1.092,1.72
LMT-0226,14.0,15.0,2.013,0.0328,14.92,18.2,35.45,1.13,1.24,1.61
LMT-0226,15.0,16.0,1.816,0.0302,13.89,21.45,41.0,1.66,1.221,1.72
LMT-0226,16.0,17.0,1.675,0.0312,13.85,20.34,37.44,1.45,1.046,1.79
LMT-0226,17.0,18.0,1.44,0.0316,12.02,25.38,38.17,1.2,0.978,1.8
LMT-0226,18.0,19.0,1.487,0.0226,10.53,26.63,40.61,1.27,1.071,1.85
LMT-0226,19.0,20.0,1.032,0.0249,9.86,20.01,38.77,1.09,0.833,1.89
LMT-0226,20.0,21.0,0.365,0.0165,6.97,40.2,38.85,0.9,0.411,2.66
LMT-0226,21.0,22.0,0.316,0.0145,6.39,32.49,38.34,1.07,0.496,2.75
LMT-0226,22.0,23.0,0.323,0.01,6.84,45.0,43.09,0.87,0.434,2.59
LMT-0227,0.0,1.0,0.894,0.0493,48.27,0.95,4.12,8.74,2.919,1.61
LMT-0227,1.0,2.0,0.895,0.0491,49.08,2.06,7.81,6.9,2.658,1.49
LMT-0227,2.0,3.0,1.412,0.091,43.59,2.34,8.86,5.33,2.416,1.34
LMT-0227,3.0,4.0,1.352,0.08,46.47,3.32,11.25,7.61,2.645,1.5
LMT-0227,4.0,5.0,1.443,0.0949,45.31,3.78,11.74,6.15,2.578,1.52
LMT-0227,5.0,6.0,1.454,0.0987,43.74,3.97,13.0,5.92,2.333,1.4
LMT-0227,6.0,7.0,1.687,0.1368,41.6,5.07,14.25,5.01,2.499,1.6
LMT-0227,7.0,8.0,1.625,0.1972,42.22,5.77,16.55,4.6,1.893,1.54
LMT-0227,8.0,9.0,1.577,0.3265,40.8,5.38,16.84,4.26,2.201,1.53
LMT-0227,9.0,10.0,2.952,0.1741,20.79,11.43,31.48,2.36,1.736,1.56
LMT-0227,10.0,11.0,2.58,0.0896,20.28,12.89,34.05,2.74,1.623,1.55
LMT-0227,11.0,12.0,2.534,0.0506,18.5,13.87,35.36,2.57,1.629,1.66
LMT-0227,12.0,13.0,2.632,0.0576,18.29,14.71,35.6,2.01,1.525,1.68
LMT-0227,13.0,14.0,2.33,0.0365,15.68,17.83,35.22,1.95,1.227,1.72
LMT-0227,14.0,15.0,2.077,0.0472,15.33,19.06,40.94,1.96,1.45,1.53
LMT-0227,15.0,16.0,1.884,0.0265,15.04,20.81,34.76,1.23,1.288,1.76
LMT-0227,16.0,17.0,1.832,0.0369,13.44,24.14,41.78,1.55,1.132,1.77
LMT-0227,17.0,18.0,1.615,0.0304,12.37,23.47,41.61,1.51,0.956,1.89
LMT-0227,18.0,19.0,1.654,0.0238,10.24,28.78,37.9,1.27,1.012,1.96
LMT-0227,19.0,20.0,1.214,0.0253,10.48,27.15,42.88,1.05,0.793,1.82
LMT-0227,20.0,21.0,0.355,0.0128,6.69,41.64,39.33,1.21,0.513,2.61
LMT-0227,21.0,22.0,0.36,0.0159,6.84,35.19,42.23,0.92,0.431,2.5
LMT-0227,22.0,22.7,0.35,0.0143,6.23,38.82,43.46,0.86,0.413,2.85
LMT-0228,0.0,1.0,0.976,0.0547,52.12,0.79,4.78,8.9,3.229,1.54
LMT-0228,1.0,2.0,1.284,0.0749,50.01,1.84,8.35,5.41,2.721,1.49
LMT-0228,2.0,3.0,1.214,0.0943,45.48,2.71,9.14,6.56,2.878,1.52
LMT-0228,3.0,4.0,1.333,0.0629,48.33,3.27,9.96,6.94,3.112,1.55
LMT-0228,4.0,5.0,1.469,0.1019,45.9,3.41,12.5,6.7,2.255,1.35
LMT-0228,5.0,6.0,1.697,0.108,44.46,4.78,13.68,5.19,2.288,1.61
LMT-0228,6.0,7.0,1.797,0.1624,40.55,5.45,15.11,4.66,2.451,1.47
LMT-0228,7.0,8.0,1.705,0.2258,44.01,6.61,15.51,5.33,2.561,1.53
LMT-0228,8.0,9.0,1.973,0.303,38.56,7.02,18.65,4.3,2.374,1.63
LMT-0228,9.0,10.0,2.923,0.1382,21.55,11.06,32.84,2.88,1.941,1.52
LMT-0228,10.0,11.0,2.87,0.1254,20.42,11.14,34.77,2.38,1.517,1.66
LMT-0228,11.0,12.0,3.069,0.0767,19.43,14.48,36.91,2.41,1.57,1.67
LMT-0228,12.0,13.0,2.517,0.0631,19.06,15.68,37.71,2.23,1.612,1.65
LMT-0228,13.0,14.0,2.468,0.0628,18.56,18.05,33.54,2.25,1.545,1.72
LMT-0228,14.0,15.0,2.569,0.0525,17.59,18.82,35.42,2.22,1.486,1.69
LMT-0228,15.0,16.0,2.202,0.0459,15.54,24.38,35.53,1.93,1.315,1.77
LMT-0228,16.0,17.0,2.335,0.0425,14.93,22.16,40.06,1.86,1.262,1.69
LMT-0228,17.0,18.0,2.227,0.039,14.36,20.45,40.29,1.77,1.268,1.81
LMT-0228,18.0,19.0,1.826,0.0352,13.45,25.75,38.73,1.53,1.105,1.89
LMT-0228,19.0,20.0,1.822,0.0325,12.51,27.63,45.33,1.35,1.195,1.83
LMT-0228,20.0,21.0,1.622,0.0303,12.1,26.75,42.12,1.37,1.042,1.89
LMT-0228,21.0,22.0,1.487,0.0215,10.95,31.09,43.85,1.23,1.012,1.89
LMT-0228,22.0,23.0,0.358,0.0114,7.53,41.0,42.22,1.15,0.509,2.62
LMT-0228,23.0,24.2,0.405,0.0155,6.98,41.04,39.64,0.87,0.499,2.71
LMT-0229,0.0,1.0,0.995,0.063,50.51,0.97,4.03,9.51,3.288,1.61
LMT-0229,1.0,2.0,1.363,0.0844,46.78,1.92,8.22,7.73,2.538,1.55
LMT-0229,2.0,3.0,1.353,0.0981,45.9,2.46,9.96,7.01,2.267,1.52
LMT-0229,3.0,4.0,1.465,0.0825,47.39,3.78,10.71,6.83,2.548,1.53
LMT-0229,4.0,5.0,1.667,0.1125,42.83,4.46,13.25,5.12,2.833,1.61
LMT-0229,5.0,6.0,1.508,0.1354,45.1,5.1,15.32,5.39,2.527,1.66
LMT-0229,6.0,7.0,1.52,0.2376,42.86,5.51,16.73,5.45,2.458,1.52
LMT-0229,7.0,8.0,2.239,0.301,41.34,6.05,18.34,4.64,1.913,1.58
LMT-0229,8.0,9.0,3.123,0.172,20.88,11.41,36.48,2.66,1.656,1.62
LMT-0229,9.0,10.0,3.095,0.1301,20.63,13.26,34.89,2.34,1.721,1.74
LMT-0229,10.0,11.0,2.807,0.1159,20.7,13.26,38.77,2.98,1.598,1.65
LMT-0229,11.0,12.0,2.816,0.057,19.41,15.0,35.37,2.02,1.598,1.73
LMT-0229,12.0,13.0,2.814,0.0493,17.88,17.1,37.57,2.07,1.682,1.74
LMT-0229,13.0,14.0,2.707,0.0571,16.54,19.1,36.35,2.2,1.401,1.78
LMT-0229,14.0,15.0,2.48,0.0587,16.81,20.66,38.72,2.18,1.467,1.8
LMT-0229,15.0,16.0,2.396,0.052,15.58,22.53,39.61,1.86,1.244,1.76
LMT-0229,16.0,17.0,2.126,0.0429,15.07,21.66,38.0,1.69,1.332,1.75
LMT-0229,17.0,18.0,2.004,0.0464,14.94,25.03,40.59,1.88,1.121,1.96
LMT-0229,18.0,19.0,2.023,0.0344,13.19,25.58,44.98,1.58,1.149,1.82
LMT-0229,19.0,20.0,1.998,0.0431,12.5,25.31,42.65,1.64,1.015,1.8
LMT-0229,20.0,21.0,1.652,0.031,13.15,23.87,44.08,1.53,0.866,1.7
LMT-0229,21.0,22.0,1.497,0.027,11.34,30.13,43.25,1.26,1.055,1.91
LMT-0229,22.0,23.0,0.437,0.0225,7.52,40.65,41.42,1.26,0.505,2.69
LMT-0229,23.0,24.0,0.431,0.018,7.2,39.23,40.77,1.24,0.429,2.83
LMT-0229,24.0,24.6,0.387,0.0151,7.04,39.27,43.96,1.1,0.53,2.71
LMT-0230,0.0,1.0,,,,,,,,1.59
LMT-0230,1.0,2.0,1.332,0.0738,43.07,2.17,8.95,6.73,2.523,1.53
LMT-0230,2.0,3.0,1.279,0.0671,46.58,2.62,10.17,6.54,2.761,1.56
LMT-0230,3.0,4.0,1.449,0.0732,47.71,3.69,11.89,5.88,2.293,1.46
LMT-0230,4.0,5.0,1.706,0.1506,41.12,4.24,14.58,6.07,2.448,1.53
LMT-0230,5.0,6.0,1.947,0.1757,45.7,5.7,15.37,4.42,2.12,1.57
LMT-0230,6.0,7.0,1.644,0.3192,40.36,6.11,17.73,3.21,2.07,1.44
LMT-0230,7.0,8.0,2.707,0.1408,20.29,10.47,31.65,2.41,1.951,1.52
LMT-0230,8.0,9.0,2.98,0.1026,20.78,12.31,32.54,2.34,1.5,1.44
LMT-0230,9.0,10.0,2.78,0.0546,22.32,12.43,34.67,2.19,1.399,1.62
LMT-0230,10.0,11.0,2.619,0.0558,18.04,15.02,38.79,2.1,1.254,1.69
LMT-0230,11.0,12.0,2.078,0.0469,18.09,15.2,31.64,1.92,1.411,1.65
LMT-0230,12.0,13.0,2.394,0.0346,16.49,18.74,38.64,1.88,1.18,1.66
LMT-0230,13.0,14.0,2.102,0.0446,15.2,19.43,34.8,1.9,1.297,1.67
LMT-0230,14.0,15.0,2.051,0.0346,15.49,20.49,37.29,1.95,1.215,1.84
LMT-0230,15.0,16.0,2.009,0.0344,12.37,22.98,39.56,1.4,1.001,1.75
LMT-0230,16.0,17.0,1.76,0.0283,11.48,23.31,37.5,1.38,1.101,1.71
LMT-0230,17.0,18.0,1.716,0.0323,13.2,24.2,44.74,1.38,1.124,1.73
LMT-0230,18.0,19.0,1.663,0.0303,11.07,25.86,44.44,1.07,0.951,1.83
LMT-0230,19.0,20.0,1.301,0.026,10.74,31.44,41.53,1.08,0.969,1.81
LMT-0230,20.0,21.0,0.437,0.017,6.82,34.64,36.58,0.98,0.449,2.57
LMT-0230,21.0,22.2,0.326,0.0165,6.72,34.73,42.76,1.11,0.487,2.62
LMT-0231,0.0,1.0,0.998,0.0381,50.3,0.81,4.33,7.67,2.755,1.5
LMT-0231,1.0,2.0,1.293,0.046,47.16,2.06,7.33,5.43,2.37,1.47
LMT-0231,2.0,3.0,1.437,0.079,43.78,2.97,9.3,5.51,2.403,1.5
LMT-0231,3.0,4.0,1.302,0.1055,44.39,3.83,11.97,4.78,1.941,1.49
LMT-0231,4.0,5.0,1.634,0.1654,41.07,4.6,13.76,4.1,1.66,1.43
LMT-0231,5.0,6.0,1.58,0.2722,35.4,6.1,16.79,3.44,2.2,1.48
LMT-0231,6.0,7.0,2.793,0.1751,20.92,9.67,31.23,2.1,1.527,1.48
LMT-0231,7.0,8.0,2.644,0.1301,18.25,10.67,33.89,2.69,1.574,1.45
LMT-0231,8.0,9.0,2.341,0.0589,18.4,12.33,31.35,2.13,1.357,1.61
LMT-0231,9.0,10.0,2.476,0.0469,19.13,12.06,36.37,2.07,1.684,1.64
LMT-0231,10.0,11.0,2.163,0.0401,15.74,12.88,35.02,2.17,1.254,1.66
LMT-0231,11.0,12.0,2.239,0.0379,15.93,16.32,35.43,1.62,1.325,1.62
LMT-0231,12.0,13.0,2.352,0.0471,14.57,14.64,39.67,1.92,1.013,1.72
LMT-0231,13.0,14.0,2.17,0.0325,16.26,18.17,37.53,2.12,1.298,1.69
LMT-0231,14.0,15.0,2.147,0.0303,14.44,20.99,42.51,1.36,0.995,1.69
LMT-0231,15.0,16.0,1.952,0.0374,13.16,23.65,37.48,1.45,1.172,1.71
LMT-0231,16.0,17.0,1.78,0.0318,12.86,24.21,38.14,1.5,0.969,1.62
LMT-0231,17.0,18.0,1.587,0.0299,11.82,23.17,38.01,1.42,1.089,1.65
LMT-0231,18.0,19.0,1.482,0.0337,11.06,27.94,40.41,1.15,0.843,1.84
LMT-0231,19.0,20.0,1.253,0.025,10.96,26.2,44.35,1.05,0.899,1.68
LMT-0231,20.0,21.0,1.572,0.0235,10.02,31.43,42.65,1.05,0.98,1.98
LMT-0231,21.0,22.0,0.267,0.0133,6.41,39.19,40.06,1.03,0.457,2.58
LMT-0231,22.0,23.0,0.313,0.0123,6.66,37.19,39.77,0.95,0.547,2.64
LMT-0231,23.0,23.3,0.372,0.0092,7.12,34.54,38.44,0.87,0.462,2.6
LMT-0232,0.0,1.0,0.677,0.0252,49.15,0.75,3.29,6.99,2.459,1.62
LMT-0232,1.0,2.0,1.171,0.0498,41.6,1.71,7.66,6.72,2.655,1.47
LMT-0232,2.0,3.0,1.341,0.0587,40.76,2.8,9.08,5.53,2.517,1.38
LMT-0232,3.0,4.0,1.192,0.0786,40.53,3.12,11.88,4.61,2.254,1.34
LMT-0232,4.0,5.0,1.37,0.1022,38.2,4.81,13.44,3.16,2.123,1.42
LMT-0232,5.0,6.0,1.598,0.2257,36.27,4.79,14.62,3.91,1.674,1.43
LMT-0232,6.0,7.0,2.495,0.144,20.09,9.77,33.73,2.07,1.263,1.37
LMT-0232,7.0,8.0,2.246,0.1185,19.92,10.0,32.35,2.35,1.502,1.52
LMT-0232,8.0,9.0,2.815,0.0679,20.8,10.96,29.83,2.06,1.421,1.53
LMT-0232,9.0,10.0,2.359,0.0446,17.43,12.14,30.8,1.77,1.361,1.48
LMT-0232,10.0,11.0,2.102,0.0445,16.01,13.31,29.41,2.25,1.374,1.6
LMT-0232,11.0,12.0,2.552,0.0385,18.41,12.37,33.15,1.53,1.242,1.59
LMT-0232,12.0,13.0,1.978,0.0468,16.76,14.9,34.18,1.8,1.329,1.54
LMT-0232,13.0,14.0,2.169,0.032,14.44,15.16,34.49,1.4,1.024,1.6
LMT-0232,14.0,15.0,1.767,0.04,15.03,18.91,36.67,1.53,1.349,1.61
LMT-0232,15.0,16.0,2.195,0.0291,13.93,18.38,35.13,1.36,1.141,1.75
LMT-0232,16.0,17.0,2.151,0.0408,14.11,20.06,40.96,1.33,1.238,1.62
LMT-0232,17.0,18.0,1.743,0.0357,13.28,20.84,39.93,1.51,0.932,1.7
LMT-0232,18.0,19.0,1.541,0.0205,13.17,22.66,37.02,1.0,0.781,1.68
LMT-0232,19.0,20.0,1.422,0.0287,12.11,23.08,36.5,1.2,0.894,1.66
LMT-0232,20.0,21.0,,,,,,,,1.92
LMT-0232,21.0,22.0,1.312,0.0241,10.31,22.32,41.48,1.11,0.831,1.83
LMT-0232,22.0,23.0,1.191,0.0241,9.86,27.83,41.09,0.88,0.721,1.69
LMT-0232,23.0,24.0,0.312,0.0133,6.03,35.8,36.29,0.94,0.485,2.31
LMT-0232,24.0,25.0,0.352,0.0126,6.24,35.1,37.55,1.19,0.484,2.36
LMT-0232,25.0,26.2,0.313,0.0109,6.56,39.06,39.81,0.86,0.44,2.73
LMT-0233,0.0,1.0,0.648,0.0253,45.15,0.51,3.28,7.18,2.358,1.53
LMT-0233,1.0,2.0,0.786,0.0698,43.94,1.49,6.6,5.34,2.148,1.4
LMT-0233,2.0,3.0,0.891,0.0564,41.74,1.78,8.07,5.16,2.281,1.46
LMT-0233,3.0,4.0,1.02,0.0746,38.52,2.57,8.98,5.1,1.743,1.41
LMT-0233,4.0,5.0,1.063,0.0594,37.5,3.1,10.56,4.56,2.025,1.39
LMT-0233,5.0,6.0,1.057,0.0486,40.91,3.48,10.58,4.08,1.368,1.41
LMT-0233,6.0,7.0,1.158,0.0894,39.69,4.01,13.71,4.33,1.984,1.49
LMT-0233,7.0,8.0,1.223,0.1099,35.98,4.51,13.79,3.53,1.927,1.27
LMT-0233,8.0,9.0,1.398,0.1784,33.83,5.51,14.54,2.47,1.737,1.44
LMT-0233,9.0,10.0,1.657,0.1579,18.27,7.81,30.46,1.89,1.369,1.55
LMT-0233,10.0,11.0,2.303,0.0919,17.84,10.73,29.72,1.52,1.273,1.46
LMT-0233,11.0,12.0,2.159,0.0526,17.45,11.99,31.3,1.71,1.047,1.49
LMT-0233,12.0,13.0,1.915,0.042,15.58,13.5,34.06,1.55,1.43,1.67
LMT-0233,13.0,14.0,1.497,0.0299,15.64,13.85,33.19,1.71,1.121,1.51
LMT-0233,14.0,15.0,1.37,0.028,15.1,16.42,35.73,1.67,1.069,1.62
LMT-0233,15.0,16.0,1.507,0.0258,14.5,14.17,35.8,1.47,1.068,1.5
LMT-0233,16.0,17.0,1.23,0.0232,13.37,17.69,33.23,1.25,1.012,1.62
LMT-0233,17.0,18.0,1.469,0.0295,12.57,21.61,36.62,1.15,0.804,1.65
LMT-0233,18.0,19.0,1.014,0.0244,9.95,23.56,35.45,0.95,0.804,1.8
LMT-0233,19.0,20.0,1.104,0.0143,9.29,25.74,33.13,1.16,0.794,1.71
LMT-0233,20.0,21.0,0.264,0.0112,6.44,34.72,35.92,0.8,0.393,2.31
LMT-0233,21.0,22.0,0.255,0.0161,6.22,31.87,37.18,0.65,0.362,2.56
LMT-0233,22.0,22.9,0.25,0.0104,6.57,31.53,36.78,0.54,0.376,2.53
LMT-0234,0.0,1.0,0.567,0.0318,51.86,0.61,3.09,7.84,2.696,1.57
LMT-0234,1.0,2.0,0.962,0.0382,43.13,1.12,5.15,7.71,2.474,1.51
LMT-0234,2.0,3.0,1.184,0.0543,39.85,1.91,8.01,5.5,2.035,1.34
LMT-0234,3.0,4.0,1.055,0.0647,41.49,2.48,8.93,5.17,2.183,1.4
LMT-0234,4.0,5.0,1.029,0.0626,41.18,2.83,9.64,5.2,2.322,1.3
LMT-0234,5.0,6.0,1.21,0.0678,40.15,3.31,12.25,5.23,1.829,1.42
LMT-0234,6.0,7.0,1.093,0.1163,37.63,4.51,12.7,3.15,2.118,1.35
LMT-0234,7.0,8.0,1.162,0.1595,42.5,4.16,15.11,4.24,2.148,1.45
LMT-0234,8.0,9.0,0.982,0.1752,36.24,4.72,15.2,3.3,2.224,1.56
LMT-0234,9.0,10.0,1.24,0.2062,34.8,5.99,18.19,3.52,1.867,1.55
LMT-0234,10.0,11.0,2.044,0.1106,17.95,10.43,35.2,2.28,1.317,1.56
LMT-0234,11.0,12.0,1.896,0.073,17.14,12.29,36.73,2.19,1.528,1.54
LMT-0234,12.0,13.0,1.724,0.0458,17.64,13.87,34.14,1.95,1.075,1.53
LMT-0234,13.0,14.0,1.766,0.0296,15.56,17.72,35.0,1.58,1.228,1.49
LMT-0234,14.0,15.0,1.42,0.032,15.15,17.4,36.61,1.57,1.224,1.66
LMT-0234,15.0,16.0,1.513,0.0304,14.19,17.3,38.2,1.33,1.037,1.64
LMT-0234,16.0,17.0,1.367,0.024,12.37,23.0,39.5,1.3,0.898,1.44
LMT-0234,17.0,18.0,1.115,0.0161,11.52,24.58,41.4,1.01,1.032,1.86
LMT-0234,18.0,19.0,1.088,0.0201,11.06,22.93,40.05,1.22,0.919,1.88
LMT-0234,19.0,20.0,0.296,0.0137,6.55,40.39,41.24,0.78,0.359,2.55
LMT-0234,20.0,21.0,0.306,0.0124,6.79,33.52,39.56,0.8,0.504,2.61
LMT-0234,21.0,21.5,0.307,0.0103,6.33,37.22,40.5,0.81,0.393,2.52
LMT-0235,0.0,1.0,0.73,0.046,50.2,0.71,3.68,9.8,3.402,1.57
LMT-0235,1.0,2.0,0.823,0.0549,51.58,0.99,5.11,7.16,2.973,1.72
LMT-0235,2.0,3.0,1.037,0.0753,46.15,1.85,7.12,6.94,2.926,1.54
LMT-0235,3.0,4.0,1.291,0.0856,48.29,2.63,9.77,7.22,2.381,1.59
LMT-0235,4.0,5.0,1.291,0.092,47.01,3.32,9.77,7.1,2.985,1.55
LMT-0235,5.0,6.0,1.07,0.0972,40.31,3.69,13.34,5.54,2.266,1.5
LMT-0235,6.0,7.0,1.319,0.1207,41.04,4.29,15.18,5.78,2.023,1.51
LMT-0235,7.0,8.0,1.506,0.1867,44.43,5.16,14.97,4.23,1.588,1.47
LMT-0235,8.0,9.0,1.419,0.2805,40.18,5.97,16.73,4.21,2.601,1.58
LMT-0235,9.0,10.0,2.443,0.1779,22.62,10.41,33.76,2.63,1.574,1.39
LMT-0235,10.0,11.0,2.621,0.1477,20.53,13.48,35.0,2.82,1.799,1.56
LMT-0235,11.0,12.0,2.694,0.0536,19.4,11.85,37.82,2.39,1.654,1.45
LMT-0235,12.0,13.0,2.448,0.0555,19.26,14.36,31.89,2.24,1.6,1.61
LMT-0235,13.0,14.0,1.852,0.0517,17.86,14.92,36.92,2.09,1.421,1.65
LMT-0235,14.0,15.0,2.326,0.0515,16.82,17.81,35.03,1.9,1.436,1.73
LMT-0235,15.0,16.0,1.785,0.0426,15.76,19.91,39.66,1.96,1.259,1.68
LMT-0235,16.0,17.0,1.742,0.0356,14.5,23.16,39.76,1.42,1.168,1.75
LMT-0235,17.0,18.0,1.493,0.0376,13.3,24.42,39.31,1.41,1.182,1.88
LMT-0235,18.0,19.0,1.657,0.035,12.56,25.53,42.18,1.4,1.038,1.77
LMT-0235,19.0,20.0,1.478,0.0355,11.38,26.46,38.92,1.17,1.118,1.84
LMT-0235,20.0,21.0,1.267,0.0268,10.26,29.16,42.89,1.12,0.944,1.95
LMT-0235,21.0,22.0,0.354,0.019,6.74,40.67,41.26,1.0,0.476,2.85
LMT-0235,22.0,23.0,0.324,0.0144,7.09,40.98,40.5,0.99,0.507,2.68
LMT-0235,23.0,24.1,0.285,0.0126,6.73,38.1,43.88,1.16,0.471,2.62
LMT-0236,0.0,1.0,0.769,0.0418,51.07,0.71,3.57,8.08,3.05,1.6
LMT-0236,1.0,2.0,1.065,0.0782,49.83,1.55,7.14,6.92,2.812,1.5
LMT-0236,2.0,3.0,0.924,0.0597,47.33,2.2,8.83,5.78,2.994,1.55
LMT-0236,3.0,4.0,1.097,0.0663,46.71,2.89,9.9,7.08,2.517,1.58
LMT-0236,4.0,5.0,1.351,0.0973,44.04,3.71,11.74,5.28,2.815,1.41
LMT-0236,5.0,6.0,1.384,0.0809,40.03,4.36,13.02,4.76,2.206,1.49
LMT-0236,6.0,7.0,1.381,0.1087,43.08,4.43,14.49,4.13,2.4,1.56
LMT-0236,7.0,8.0,1.435,0.1937,44.52,5.23,13.71,6.15,2.176,1.64
LMT-0236,8.0,9.0,1.348,0.3416,39.36,5.52,18.48,3.59,2.413,1.51
LMT-0236,9.0,10.0,2.828,0.1925,20.33,9.94,29.08,2.65,1.551,1.49
LMT-0236,10.0,11.0,2.573,0.0968,21.77,13.39,37.69,2.44,1.679,1.51
LMT-0236,11.0,12.0,2.463,0.0675,18.47,12.89,33.05,2.82,1.617,1.56
LMT-0236,12.0,13.0,2.409,0.0448,19.46,12.27,33.88,2.32,1.572,1.61
LMT-0236,13.0,14.0,2.075,0.0605,18.24,14.56,33.75,1.9,1.347,1.6
LMT-0236,14.0,15.0,1.893,0.0425,17.23,16.2,37.25,1.81,1.393,1.79
LMT-0236,15.0,16.0,2.314,0.0511,15.55,16.96,37.93,1.99,1.374,1.56
LMT-0236,16.0,17.0,1.823,0.0406,15.12,15.08,38.23,1.65,1.647,1.69
LMT-0236,17.0,18.0,1.732,0.0405,14.22,18.91,38.51,1.86,1.41,1.69
LMT-0236,18.0,19.0,1.859,0.0375,14.38,22.55,38.71,1.7,1.366,1.83
LMT-0236,19.0,20.0,1.636,0.0384,12.56,24.02,42.09,1.45,1.257,1.73
LMT-0236,20.0,21.0,1.437,0.0401,12.1,24.67,42.02,1.36,0.978,1.92
LMT-0236,21.0,22.0,1.325,0.0292,12.06,26.44,44.05,1.42,1.035,1.84
LMT-0236,22.0,23.0,1.337,0.0262,10.81,27.96,42.6,1.02,0.976,1.86
LMT-0236,23.0,24.0,1.248,0.0269,10.26,29.18,42.93,1.05,0.998,1.97
LMT-0236,24.0,25.0,0.348,0.0137,7.04,37.85,42.99,1.09,0.544,2.81
LMT-0236,25.0,26.0,0.36,0.0133,6.82,36.38,42.12,1.04,0.419,2.65
LMT-0236,26.0,26.3,0.288,0.0131,6.8,39.13,46.87,0.98,0.455,2.55
LMT-0237,0.0,1.0,0.816,0.033,43.82,0.77,3.8,7.61,2.853,1.5
LMT-0237,1.0,2.0,1.045,0.0777,42.76,1.43,6.96,7.08,2.567,1.38
LMT-0237,2.0,3.0,1.25,0.0773,44.15,2.51,8.6,6.36,2.885,1.45
LMT-0237,3.0,4.0,1.154,0.0813,44.32,2.53,9.1,5.7,2.308,1.36
LMT-0237,4.0,5.0,1.22,0.1087,44.55,3.58,11.09,6.29,3.061,1.57
LMT-0237,5.0,6.0,1.225,0.0928,38.29,4.41,12.5,5.16,2.371,1.45
LMT-0237,6.0,7.0,1.212,0.101,41.33,4.68,13.45,4.19,2.368,1.55
LMT-0237,7.0,8.0,1.419,0.2105,39.34,6.16,14.22,3.9,2.396,1.56
LMT-0237,8.0,9.0,1.431,0.2783,41.87,5.8,15.69,3.36,2.222,1.56
LMT-0237,9.0,10.0,2.804,0.187,21.53,9.63,32.15,2.95,1.56,1.63
LMT-0237,10.0,11.0,2.272,0.1355,18.57,10.78,34.59,2.03,1.691,1.4
LMT-0237,11.0,12.0,2.455,0.0827,20.48,14.06,34.19,2.72,1.531,1.57
LMT-0237,12.0,13.0,2.367,0.0536,18.16,12.2,34.65,2.05,1.473,1.5
LMT-0237,13.0,14.0,2.214,0.0665,19.49,13.56,33.0,2.2,1.49,1.53
LMT-0237,14.0,15.0,2.623,0.0513,18.89,17.67,36.09,2.12,1.397,1.57
LMT-0237,15.0,16.0,2.222,0.0479,15.15,15.37,35.14,1.9,1.361,1.58
LMT-0237,16.0,17.0,2.362,0.0551,16.69,15.19,36.21,1.66,1.347,1.64
LMT-0237,17.0,18.0,2.019,0.0396,16.55,17.0,37.11,1.56,1.303,1.76
LMT-0237,18.0,19.0,1.621,0.044,16.31,18.36,38.35,1.89,1.244,1.67
LMT-0237,19.0,20.0,2.03,0.0257,15.66,22.78,39.27,1.69,1.122,1.7
LMT-0237,20.0,21.0,1.651,0.0382,15.33,19.83,36.02,1.62,1.243,1.65
LMT-0237,21.0,22.0,1.385,0.0316,13.28,26.1,43.76,1.53,1.138,1.75
LMT-0237,22.0,23.0,1.58,0.0292,13.09,25.95,35.45,1.62,1.083,1.79
LMT-0237,23.0,24.0,1.546,0.029,10.77,23.28,37.73,1.07,1.091,1.87
LMT-0237,24.0,25.0,1.412,0.0284,11.68,24.65,40.49,1.2,1.092,1.82
LMT-0237,25.0,26.0,1.093,0.0302,10.09,27.23,43.73,1.14,0.935,1.87
LMT-0237,26.0,27.0,1.116,0.028,9.99,24.9,42.44,1.18,0.877,1.82
LMT-0237,27.0,28.0,0.363,0.0148,7.09,36.1,41.59,0.98,0.473,2.51
LMT-0237,28.0,29.0,0.293,0.0157,6.8,37.8,38.66,0.93,0.592,2.71
LMT-0237,29.0,29.5,0.28,0.0132,6.29,39.4,36.32,0.9,0.468,2.72
LMT-0238,0.0,1.0,0.686,0.0427,52.98,0.78,3.52,8.61,3.034,1.55
LMT-0238,1.0,2.0,1.076,0.0604,49.28,1.59,6.35,6.98,2.363,1.43
LMT-0238,2.0,3.0,,,,,,,,1.48
LMT-0238,3.0,4.0,1.223,0.0659,42.89,3.05,9.96,6.5,2.189,1.46
LMT-0238,4.0,5.0,1.111,0.0889,43.19,3.33,12.28,5.61,2.477,1.52
LMT-0238,5.0,6.0,1.372,0.1065,42.55,4.73,13.75,4.77,2.597,1.57
LMT-0238,6.0,7.0,1.256,0.1846,39.14,4.93,15.35,4.57,1.898,1.45
LMT-0238,7.0,8.0,1.548,0.253,38.82,6.06,17.79,4.1,2.295,1.48
LMT-0238,8.0,9.0,2.282,0.1498,21.02,9.83,33.12,2.34,1.37,1.4
LMT-0238,9.0,10.0,2.731,0.117,21.19,10.9,33.0,2.45,1.351,1.47
LMT-0238,10.0,11.0,2.412,0.0804,18.07,11.03,32.58,2.34,1.442,1.54
LMT-0238,11.0,12.0,2.156,0.052,18.37,13.69,36.75,2.14,1.391,1.63
LMT-0238,12.0,13.0,2.69,0.0637,18.56,15.52,32.39,2.07,1.383,1.61
LMT-0238,13.0,14.0,2.424,0.0442,18.65,16.44,31.62,1.93,1.481,1.63
LMT-0238,14.0,15.0,1.933,0.0407,16.93,15.14,36.97,1.72,1.281,1.75
LMT-0238,15.0,16.0,1.925,0.0364,14.87,14.55,38.3,1.79,1.504,1.58
LMT-0238,16.0,17.0,2.258,0.0461,16.5,18.69,35.55,1.71,1.075,1.7
LMT-0238,17.0,18.0,1.603,0.043,15.02,24.5,39.72,1.6,1.078,1.76
LMT-0238,18.0,19.0,1.796,0.0293,13.93,19.29,40.62,1.58,1.092,1.87
LMT-0238,19.0,20.0,1.396,0.0371,13.75,21.98,40.73,1.56,1.009,1.86
LMT-0238,20.0,21.0,1.592,0.0241,12.91,24.38,37.7,1.27,1.03,1.78
LMT-0238,21.0,22.0,1.16,0.0308,11.88,26.29,38.43,1.21,0.786,1.73
LMT-0238,22.0,23.0,1.415,0.0252,10.7,28.78,41.3,1.26,1.014,1.75
LMT-0238,23.0,24.0,1.072,0.0368,10.35,28.32,40.97,1.23,1.009,1.78
LMT-0238,24.0,25.0,0.315,0.0152,6.53,34.43,42.22,0.86,0.438,2.67
LMT-0238,25.0,26.0,0.34,0.017,6.85,39.15,43.89,1.06,0.51,2.61
LMT-0238,26.0,27.0,0.267,0.0146,6.63,41.12,43.6,0.79,0.445,2.79
LMT-0238,27.0,27.7,0.341,0.0159,6.1,33.68,43.16,0.85,0.395,2.67
LMT-0239,0.0,1.0,0.74,0.0333,46.27,0.7,3.24,8.28,2.403,1.63
LMT-0239,1.0,2.0,0.893,0.0673,44.16,1.45,6.9,4.8,2.662,1.47
LMT-0239,2.0,3.0,1.012,0.0938,45.88,2.29,8.49,4.82,2.484,1.41
LMT-0239,3.0,4.0,1.053,0.059,38.33,3.29,9.7,5.38,2.308,1.43
LMT-0239,4.0,5.0,1.172,0.0951,37.14,4.25,12.39,4.88,2.384,1.47
LMT-0239,5.0,6.0,1.313,0.1293,41.01,3.83,13.03,4.2,1.828,1.45
LMT-0239,6.0,7.0,1.41,0.2021,38.31,4.48,16.23,4.07,2.158,1.45
LMT-0239,7.0,8.0,2.48,0.141,21.46,9.73,31.46,2.64,1.215,1.49
LMT-0239,8.0,9.0,2.292,0.1161,20.73,10.38,30.15,2.4,1.463,1.5
LMT-0239,9.0,10.0,2.208,0.0769,18.67,10.71,31.81,1.92,1.337,1.51
LMT-0239,10.0,11.0,2.116,0.0499,18.66,11.89,37.08,1.87,1.241,1.58
LMT-0239,11.0,12.0,2.025,0.0513,17.31,14.02,32.93,2.3,1.422,1.49
LMT-0239,12.0,13.0,2.164,0.0354,16.51,16.32,38.14,1.84,1.404,1.6
LMT-0239,13.0,14.0,1.966,0.0509,17.05,15.96,33.54,2.07,1.315,1.51
LMT-0239,14.0,15.0,1.992,0.0348,14.95,18.26,33.72,1.49,1.109,1.66
LMT-0239,15.0,16.0,1.735,0.046,14.27,18.57,37.18,1.53,1.04,1.64
LMT-0239,16.0,17.0,1.562,0.033,13.95,22.06,37.37,1.41,0.827,1.75
LMT-0239,17.0,18.0,1.452,0.0219,12.21,21.61,37.91,1.38,1.041,1.72
LMT-0239,18.0,19.0,1.48,0.0323,12.2,22.76,38.76,1.28,0.935,1.91
LMT-0239,19.0,20.0,1.212,0.0282,10.88,24.15,40.58,1.28,1.027,1.69
LMT-0239,20.0,21.0,1.304,0.0293,10.06,23.38,36.29,1.06,0.675,1.82
LMT-0239,21.0,22.0,1.174,0.0233,9.32,26.17,42.67,1.02,1.066,1.88
LMT-0239,22.0,23.0,0.288,0.0138,6.12,37.04,41.45,0.92,0.447,2.56
LMT-0239,23.0,24.2,0.277,0.0122,6.45,37.94,36.42,0.67,0.419,2.54
LMT-0240,0.0,1.0,0.575,0.0251,46.19,0.59,3.2,5.05,2.53,1.46
LMT-0240,1.0,2.0,0.909,0.0469,46.15,1.44,7.21,5.42,2.365,1.28
LMT-0240,2.0,3.0,1.021,0.0383,41.08,2.08,8.02,4.54,2.28,1.31
LMT-0240,3.0,4.0,1.055,0.0566,40.2,3.13,10.25,5.31,2.191,1.33
LMT-0240,4.0,5.0,1.443,0.0582,34.37,4.2,11.41,3.45,1.671,1.36
LMT-0240,5.0,6.0,1.098,0.0929,37.5,3.84,13.96,3.61,1.97,1.46
LMT-0240,6.0,7.0,1.093,0.2304,33.94,5.26,15.58,3.06,1.646,1.45
LMT-0240,7.0,8.0,2.301,0.1126,22.32,9.39,27.09,1.56,1.655,1.38
LMT-0240,8.0,9.0,2.098,0.1077,19.37,10.4,29.95,1.52,1.162,1.56
LMT-0240,9.0,10.0,2.402,0.0572,18.32,11.93,30.07,1.32,1.169,1.47
LMT-0240,10.0,11.0,1.877,0.0459,16.45,10.72,30.06,1.34,1.149,1.4
LMT-0240,11.0,12.0,1.732,0.0381,15.98,13.16,33.51,1.79,0.933,1.51
LMT-0240,12.0,13.0,2.033,0.0244,14.64,13.23,33.53,0.87,1.18,1.39
LMT-0240,13.0,14.0,1.494,0.0303,14.72,16.11,30.79,1.99,1.185,1.48
LMT-0240,14.0,15.0,1.464,0.033,14.47,16.86,34.39,1.16,1.229,1.53
LMT-0240,15.0,16.0,1.615,0.0309,13.18,17.37,35.45,1.62,1.139,1.59
LMT-0240,16.0,17.0,1.402,0.0307,12.58,19.87,35.56,1.27,0.998,1.54
LMT-0240,17.0,18.0,1.272,0.0168,11.89,18.63,34.96,1.27,1.078,1.56
LMT-0240,18.0,19.0,1.054,0.0214,12.21,17.24,38.93,0.8,0.77,1.8
LMT-0240,19.0,20.0,1.068,0.0206,10.38,22.09,36.12,0.98,0.638,1.75
LMT-0240,20.0,21.0,1.082,0.018,9.33,20.34,32.68,0.95,0.539,1.63
LMT-0240,21.0,22.0,0.262,0.0078,6.04,33.52,35.24,0.95,0.38,2.47
LMT-0240,22.0,23.0,0.275,0.0082,6.2,33.17,38.15,0.69,0.419,2.55
LMT-0240,23.0,24.0,0.289,0.0116,5.68,32.57,35.17,0.7,0.316,2.63
LMT-0240,24.0,24.6,0.266,0.0129,6.13,32.89,35.62,0.83,0.384,2.39
LMT-0241,0.0,1.0,0.66,0.0426,44.47,0.79,3.92,5.95,2.643,1.47
LMT-0241,1.0,2.0,1.016,0.0552,40.78,1.76,7.11,5.25,1.932,1.3
LMT-0241,2.0,3.0,1.157,0.0661,42.05,2.44,8.58,5.51,2.373,1.34
LMT-0241,3.0,4.0,1.044,0.0786,37.4,3.2,10.29,5.08,1.998,1.42
LMT-0241,4.0,5.0,1.135,0.0814,43.51,3.91,13.09,4.38,1.346,1.49
LMT-0241,5.0,6.0,1.178,0.1511,36.65,4.11,13.83,3.63,2.088,1.49
LMT-0241,6.0,7.0,1.392,0.169,37.65,4.38,15.11,2.99,1.934,1.4
LMT-0241,7.0,8.0,2.549,0.1783,19.99,8.0,31.83,1.73,1.683,1.45
LMT-0241,8.0,9.0,2.576,0.1088,20.9,11.17,29.61,1.73,1.178,1.35
LMT-0241,9.0,10.0,2.018,0.059,19.1,11.25,32.92,1.9,1.345,1.44
LMT-0241,10.0,11.0,1.84,0.0363,17.7,12.45,31.23,1.83,1.147,1.63
LMT-0241,11.0,12.0,2.009,0.0365,17.08,14.1,31.8,1.74,1.039,1.52
LMT-0241,12.0,13.0,1.986,0.0316,15.27,14.8,36.22,1.53,1.06,1.59
LMT-0241,13.0,14.0,1.75,0.0243,14.42,19.06,34.63,1.39,0.954,1.54
LMT-0241,14.0,15.0,1.175,0.0248,13.38,20.36,37.34,1.19,1.052,1.63
LMT-0241,15.0,16.0,1.484,0.0161,13.27,21.14,37.32,1.17,0.877,1.57
LMT-0241,16.0,17.0,1.511,0.029,12.15,19.21,36.84,1.17,0.75,1.61
LMT-0241,17.0,18.0,1.256,0.0242,10.41,24.22,38.02,1.04,0.86,1.53
LMT-0241,18.0,19.0,1.1,0.0159,9.59,21.51,37.38,0.98,0.829,1.8
LMT-0241,19.0,20.0,1.18,0.0163,8.27,23.7,34.18,1.09,0.604,1.76
LMT-0241,20.0,21.0,0.319,0.0109,6.66,38.65,38.64,0.97,0.364,2.54
LMT-0241,21.0,22.0,0.236,0.0086,6.2,34.14,37.73,0.78,0.379,2.34
LMT-0241,22.0,22.6,0.286,0.0092,6.36,35.44,35.47,0.63,0.292,2.6
LMT-0242,0.0,1.0,0.923,0.0519,52.18,0.98,4.24,6.51,2.545,1.58
LMT-0242,1.0,2.0,1.082,0.0722,44.85,1.94,7.3,6.39,3.059,1.43
LMT-0242,2.0,3.0,1.157,0.0723,44.41,2.84,9.3,5.14,2.12,1.42
LMT-0242,3.0,4.0,1.079,0.0815,41.77,3.24,11.31,4.81,2.264,1.52
LMT-0242,4.0,5.0,1.347,0.1016,42.41,3.74,13.63,5.05,2.132,1.36
LMT-0242,5.0,6.0,1.529,0.1358,38.73,4.68,15.28,4.7,2.125,1.56
LMT-0242,6.0,7.0,1.709,0.2131,36.59,6.58,16.16,3.81,2.341,1.59
LMT-0242,7.0,8.0,2.679,0.1127,21.06,9.58,33.68,1.83,1.702,1.5
LMT-0242,8.0,9.0,2.377,0.1158,19.49,10.7,30.33,1.73,1.668,1.5
LMT-0242,9.0,10.0,2.541,0.0541,19.86,13.17,33.78,2.01,1.71,1.54
LMT-0242,10.0,11.0,2.387,0.0453,17.87,14.33,33.49,1.94,1.392,1.44
LMT-0242,11.0,12.0,2.108,0.0532,17.17,18.24,35.38,1.89,1.238,1.68
LMT-0242,12.0,13.0,1.836,0.0382,15.41,18.85,39.84,2.0,1.106,1.59
LMT-0242,13.0,14.0,1.669,0.0326,15.58,18.96,35.97,1.85,1.223,1.63
LMT-0242,14.0,15.0,1.772,0.0366,13.81,20.91,37.65,1.53,1.041,1.81
LMT-0242,15.0,16.0,1.594,0.0366,12.38,21.87,42.98,1.52,1.073,1.75
LMT-0242,16.0,17.0,1.357,0.0246,11.05,25.36,45.77,1.18,0.858,1.82
LMT-0242,17.0,18.0,1.32,0.0267,10.29,28.82,32.93,1.17,0.995,1.91
LMT-0242,18.0,19.0,0.302,0.0148,7.16,32.85,40.77,1.01,0.5,2.84
LMT-0242,19.0,20.0,0.284,0.0126,6.43,38.2,45.15,0.97,0.447,2.52
LMT-0242,20.0,20.3,0.299,0.0131,6.35,38.66,38.56,0.95,0.371,2.67
LMT-0243,0.0,1.0,0.734,0.054,50.64,0.85,4.28,6.76,3.53,1.6
LMT-0243,1.0,2.0,1.069,0.066,44.75,1.95,8.12,7.53,2.348,1.36
LMT-0243,2.0,3.0,1.092,0.0905,44.86,2.47,9.4,5.09,2.035,1.36
LMT-0243,3.0,4.0,1.154,0.0776,39.19,3.21,10.39,4.4,2.197,1.5
LMT-0243,4.0,5.0,1.475,0.0712,40.89,3.85,13.18,4.77,2.171,1.56
LMT-0243,5.0,6.0,1.349,0.1861,40.37,4.51,15.54,4.71,2.461,1.55
LMT-0243,6.0,7.0,,,,,,,,1.51
LMT-0243,7.0,8.0,,,,,,,,1.46
LMT-0243,8.0,9.0,2.482,0.102,19.73,11.1,36.44,1.76,1.683,1.51
LMT-0243,9.0,10.0,2.949,0.0751,19.42,12.26,32.67,2.35,1.489,1.49
LMT-0243,10.0,11.0,2.359,0.0493,17.05,13.23,30.8,2.31,1.579,1.63
LMT-0243,11.0,12.0,2.49,0.0343,16.88,16.57,33.5,1.84,1.04,1.61
LMT-0243,12.0,13.0,2.253,0.044,17.33,17.37,32.23,2.36,1.197,1.63
LMT-0243,13.0,14.0,2.118,0.031,15.7,16.11,36.99,1.9,1.208,1.66
LMT-0243,14.0,15.0,1.753,0.0433,15.46,15.94,35.86,1.46,1.337,1.68
LMT-0243,15.0,16.0,1.968,0.0373,13.27,22.19,41.24,1.57,0.882,1.79
LMT-0243,16.0,17.0,1.728,0.0219,12.54,22.98,41.41,1.11,0.989,1.68
LMT-0243,17.0,18.0,1.683,0.0276,11.91,25.88,38.9,1.63,0.971,1.91
LMT-0243,18.0,19.0,1.497,0.0288,11.33,25.97,41.86,1.26,1.046,1.79
LMT-0243,19.0,20.0,1.137,0.0225,9.88,24.25,41.33,1.01,0.835,1.93
LMT-0243,20.0,21.0,0.344,0.0146,6.74,33.33,40.99,1.28,0.47,2.85
LMT-0243,21.0,22.0,0.362,0.0133,6.55,39.17,41.24,1.15,0.522,2.52
LMT-0243,22.0,23.1,0.302,0.0145,6.29,38.34,40.85,0.72,0.454,2.65
LMT-0244,0.0,1.0,0.749,0.0464,50.92,0.8,3.81,7.06,2.43,1.45
LMT-0244,1.0,2.0,1.005,0.0574,46.29,1.72,7.65,7.68,2.165,1.45
LMT-0244,2.0,3.0,1.301,0.0712,43.33,2.78,10.0,4.45,2.504,1.44
LMT-0244,3.0,4.0,1.395,0.0734,43.41,3.87,11.59,4.71,2.514,1.56
LMT-0244,4.0,5.0,1.409,0.1172,41.38,4.33,11.85,4.47,2.256,1.44
LMT-0244,5.0,6.0,1.438,0.1898,39.23,4.93,13.43,4.23,1.687,1.48
LMT-0244,6.0,7.0,1.443,0.2579,38.6,5.81,14.74,3.86,1.984,1.39
LMT-0244,7.0,8.0,2.82,0.1672,20.24,8.54,35.33,2.76,1.366,1.48
LMT-0244,8.0,9.0,2.322,0.0577,18.94,10.53,33.83,2.55,1.267,1.58
LMT-0244,9.0,10.0,1.973,0.0668,18.65,11.56,31.9,2.17,1.457,1.58
LMT-0244,10.0,11.0,2.87,0.0498,18.35,11.97,31.68,1.69,1.216,1.57
LMT-0244,11.0,12.0,2.004,0.0365,17.67,16.79,35.57,2.09,1.252,1.64
LMT-0244,12.0,13.0,2.44,0.0465,17.3,18.92,33.72,1.66,1.34,1.62
LMT-0244,13.0,14.0,2.043,0.0293,14.99,19.93,38.25,1.33,1.291,1.63
LMT-0244,14.0,15.0,2.034,0.0345,14.0,22.14,37.97,1.28,1.218,1.74
LMT-0244,15.0,16.0,1.659,0.0248,12.91,24.2,37.69,1.54,1.285,1.8
LMT-0244,16.0,17.0,1.341,0.0219,13.1,24.71,39.62,1.0,0.885,1.75
LMT-0244,17.0,18.0,1.282,0.0283,11.86,23.2,36.13,1.52,1.156,1.75
LMT-0244,18.0,19.0,1.595,0.018,11.16,25.97,40.53,1.02,0.709,1.87
LMT-0244,19.0,20.0,1.311,0.0138,9.75,30.56,44.24,0.96,0.836,1.75
LMT-0244,20.0,21.0,0.382,0.0117,6.89,34.52,40.93,1.18,0.352,2.51
LMT-0244,21.0,22.0,0.361,0.0103,6.39,35.26,38.59,0.83,0.465,2.6
LMT-0244,22.0,23.0,0.282,0.012,6.52,38.54,41.73,0.89,0.399,2.47
LMT-0245,0.0,1.0,0.817,0.0342,46.61,0.82,4.39,6.03,2.397,1.54
LMT-0245,1.0,2.0,0.93,0.0638,45.37,1.81,8.69,4.59,1.956,1.37
LMT-0245,2.0,3.0,1.471,0.1142,45.45,2.85,10.09,4.99,2.525,1.42
LMT-0245,3.0,4.0,1.264,0.1215,38.91,3.28,12.63,4.48,1.949,1.45
LMT-0245,4.0,5.0,1.498,0.21,36.53,4.89,14.91,4.01,1.987,1.53
LMT-0245,5.0,6.0,1.625,0.2347,34.46,5.65,17.39,2.87,1.776,1.53
LMT-0245,6.0,7.0,2.691,0.1441,19.71,9.85,32.5,1.7,1.479,1.43
LMT-0245,7.0,8.0,2.817,0.0669,19.71,11.25,33.62,2.01,1.288,1.43
LMT-0245,8.0,9.0,2.282,0.0569,18.3,11.07,33.0,2.02,1.405,1.56
LMT-0245,9.0,10.0,2.056,0.0324,17.11,12.83,34.84,1.91,1.125,1.48
LMT-0245,10.0,11.0,1.76,0.0375,16.23,16.78,33.43,1.67,1.172,1.48
LMT-0245,11.0,12.0,1.797,0.0322,14.83,19.39,37.28,1.69,1.17,1.71
LMT-0245,12.0,13.0,1.745,0.0363,14.46,19.75,42.4,1.45,1.053,1.6
LMT-0245,13.0,14.0,1.856,0.0399,13.0,19.98,39.64,1.29,1.037,1.73
LMT-0245,14.0,15.0,1.65,0.0334,11.66,20.95,35.99,1.29,0.844,1.77
LMT-0245,15.0,16.0,1.434,0.0191,11.14,24.51,38.21,1.41,1.077,1.7
LMT-0245,16.0,17.0,1.197,0.0213,10.48,24.06,39.51,1.19,0.885,1.74
LMT-0245,17.0,18.0,1.235,0.0201,9.06,27.81,39.29,0.83,0.751,1.73
LMT-0245,18.0,19.0,0.312,0.0092,5.5,36.99,41.9,1.06,0.459,2.43
LMT-0245,19.0,20.0,0.334,0.0112,6.58,32.25,36.25,0.77,0.37,2.44
LMT-0245,20.0,21.0,0.316,0.0115,6.39,38.21,41.62,0.74,0.356,2.4
LMT-0246,0.0,1.0,0.664,0.0421,45.61,1.0,4.11,7.26,2.868,1.59
LMT-0246,1.0,2.0,1.25,0.0662,42.66,2.19,8.86,6.31,2.165,1.49
LMT-0246,2.0,3.0,1.606,0.1,40.66,3.01,10.79,5.33,2.369,1.45
LMT-0246,3.0,4.0,1.539,0.1933,41.43,4.36,12.49,3.8,1.724,1.52
LMT-0246,4.0,5.0,1.514,0.2086,36.55,5.36,15.85,3.31,2.035,1.44
LMT-0246,5.0,6.0,2.923,0.0788,19.64,9.87,32.98,1.93,1.308,1.37
LMT-0246,6.0,7.0,2.478,0.0841,18.09,13.18,32.5,1.57,1.243,1.48
LMT-0246,7.0,8.0,2.388,0.052,18.04,11.53,28.2,1.82,1.399,1.58
LMT-0246,8.0,9.0,1.961,0.0431,17.55,12.43,34.02,2.32,1.332,1.56
LMT-0246,9.0,10.0,2.41,0.0458,15.9,16.01,34.41,1.83,1.099,1.54
LMT-0246,10.0,11.0,2.023,0.0329,15.97,17.04,38.71,1.97,1.236,1.56
LMT-0246,11.0,12.0,2.241,0.0269,14.19,18.68,34.72,1.27,1.281,1.74
LMT-0246,12.0,13.0,1.794,0.0268,14.45,17.34,35.18,1.25,0.912,1.67
LMT-0246,13.0,14.0,1.528,0.0281,11.96,22.39,39.4,1.09,0.915,1.73
LMT-0246,14.0,15.0,1.469,0.0228,12.64,20.83,36.54,1.01,1.069,1.68
LMT-0246,15.0,16.0,1.594,0.0178,11.75,20.99,41.54,1.17,0.987,1.81
LMT-0246,16.0,17.0,1.282,0.0272,9.71,25.02,40.04,1.08,1.045,1.81
LMT-0246,17.0,18.0,0.281,0.014,6.3,35.8,36.88,0.83,0.482,2.52
LMT-0246,18.0,19.0,0.334,0.0155,6.05,32.97,39.68,0.96,0.501,2.6
LMT-0246,19.0,19.7,0.311,0.0126,6.79,36.06,38.56,0.82,0.359,2.4
LMT-0247,0.0,1.0,0.73,0.0369,51.75,0.76,4.16,7.53,2.353,1.6
LMT-0247,1.0,2.0,1.163,0.0581,38.79,1.96,7.66,4.79,1.923,1.33
LMT-0247,2.0,3.0,1.202,0.0781,36.61,3.25,8.68,5.38,2.321,1.41
LMT-0247,3.0,4.0,1.229,0.1603,40.35,4.34,11.71,3.93,1.813,1.48
LMT-0247,4.0,5.0,1.5,0.1467,37.76,5.79,14.9,3.67,2.125,1.38
LMT-0247,5.0,6.0,2.276,0.1185,19.29,9.5,30.69,2.4,1.57,1.36
LMT-0247,6.0,7.0,2.438,0.0944,19.07,11.35,29.59,2.09,1.368,1.47
LMT-0247,7.0,8.0,2.696,0.0435,18.78,10.95,32.89,2.0,1.02,1.53
LMT-0247,8.0,9.0,2.146,0.0332,17.95,13.77,30.79,2.15,1.211,1.51
LMT-0247,9.0,10.0,1.797,0.0299,16.05,14.82,32.67,1.3,1.329,1.59
LMT-0247,10.0,11.0,1.954,0.027,15.08,17.58,34.54,1.55,1.292,1.55
LMT-0247,11.0,12.0,2.01,0.0347,14.78,16.8,33.97,1.15,1.174,1.5
LMT-0247,12.0,13.0,1.553,0.0281,13.03,18.97,32.61,1.13,0.867,1.6
LMT-0247,13.0,14.0,2.075,0.0365,12.81,20.81,34.41,1.31,1.137,1.79
LMT-0247,14.0,15.0,1.505,0.0254,11.13,20.96,32.46,1.22,1.062,1.79
LMT-0247,15.0,16.0,1.27,0.0337,11.85,20.51,39.77,1.25,0.91,1.78
LMT-0247,16.0,17.0,1.118,0.0258,11.24,29.0,35.03,0.77,0.727,1.77
LMT-0247,17.0,18.0,1.196,0.0218,9.4,25.58,37.21,0.94,0.828,1.72
LMT-0247,18.0,19.0,0.317,0.0116,6.3,26.4,40.04,0.92,0.532,2.52
LMT-0247,19.0,20.0,0.305,0.0109,6.19,30.54,37.19,0.7,0.393,2.47
LMT-0247,20.0,21.2,0.294,0.0101,5.63,33.88,40.62,0.54,0.357,2.45
LMT-0248,0.0,1.0,0.773,0.039,47.85,0.75,3.62,6.53,2.651,1.45
LMT-0248,1.0,2.0,1.059,0.0537,46.86,1.56,6.69,5.44,2.235,1.41
LMT-0248,2.0,3.0,1.233,0.0717,42.99,2.99,9.54,5.66,1.87,1.48
LMT-0248,3.0,4.0,1.167,0.1196,40.67,3.34,10.91,5.27,2.326,1.49
LMT-0248,4.0,5.0,1.545,0.161,40.44,4.96,14.27,3.49,1.906,1.52
LMT-0248,5.0,6.0,1.643,0.2739,34.2,5.48,14.37,3.89,1.892,1.51
LMT-0248,6.0,7.0,2.545,0.128,19.23,9.8,32.42,2.2,1.339,1.52
LMT-0248,7.0,8.0,2.316,0.0886,18.79,11.72,30.65,2.38,1.419,1.38
LMT-0248,8.0,9.0,2.217,0.053,18.79,13.86,37.94,1.96,1.45,1.61
LMT-0248,9.0,10.0,2.528,0.039,17.37,14.94,31.01,1.99,1.22,1.51
LMT-0248,10.0,11.0,2.268,0.0435,16.95,13.03,34.65,1.76,1.112,1.68
LMT-0248,11.0,12.0,2.2,0.0373,14.92,17.89,34.49,2.41,0.931,1.6
LMT-0248,12.0,13.0,2.353,0.0246,15.45,19.51,34.66,1.78,0.925,1.65
LMT-0248,13.0,14.0,2.055,0.0402,13.99,21.46,34.54,1.41,1.129,1.65
LMT-0248,14.0,15.0,1.649,0.0306,13.43,17.04,38.5,1.18,1.078,1.77
LMT-0248,15.0,16.0,1.746,0.0342,11.48,22.12,38.21,1.05,0.898,1.69
LMT-0248,16.0,17.0,1.658,0.0246,11.43,27.01,37.98,0.91,0.841,1.79
LMT-0248,17.0,18.0,1.254,0.0287,9.82,24.65,40.07,0.76,0.667,1.84
LMT-0248,18.0,19.0,0.308,0.0156,6.08,39.01,43.55,0.89,0.438,2.51
LMT-0248,19.0,20.0,0.388,0.0167,6.76,37.67,40.54,0.96,0.449,2.62
LMT-0248,20.0,21.0,0.333,0.0107,6.78,40.23,39.57,0.76,0.358,2.61
LMT-0248,21.0,21.4,0.304,0.0141,6.15,31.01,42.49,0.8,0.39,2.71
LMT-0249,0.0,1.0,0.846,0.0311,51.26,0.69,3.6,6.39,3.122,1.58
LMT-0249,1.0,2.0,1.171,0.0808,47.4,1.68,6.29,6.7,2.652,1.41
LMT-0249,2.0,3.0,1.277,0.0622,48.71,2.23,8.08,5.87,2.245,1.48
LMT-0249,3.0,4.0,1.42,0.0833,42.38,2.46,10.37,5.91,2.388,1.41
LMT-0249,4.0,5.0,1.221,0.0735,43.44,3.36,12.0,5.64,2.397,1.51
LMT-0249,5.0,6.0,1.754,0.0964,44.1,4.0,13.31,5.21,2.343,1.45
LMT-0249,6.0,7.0,1.417,0.1529,43.36,4.76,13.59,4.13,2.158,1.57
LMT-0249,7.0,8.0,1.863,0.2344,36.75,5.13,15.52,3.56,1.908,1.57
LMT-0249,8.0,9.0,1.761,0.263,38.59,6.34,17.47,4.26,2.242,1.49
LMT-0249,9.0,10.0,3.096,0.1529,20.02,10.35,30.52,2.7,1.585,1.56
LMT-0249,10.0,11.0,2.801,0.0997,19.72,12.05,31.67,2.27,1.606,1.53
LMT-0249,11.0,12.0,2.747,0.0528,18.14,13.63,32.14,1.9,1.438,1.62
LMT-0249,12.0,13.0,2.557,0.0522,17.57,12.52,36.08,2.23,1.563,1.62
LMT-0249,13.0,14.0,2.339,0.0512,16.26,16.47,35.46,1.66,1.422,1.66
LMT-0249,14.0,15.0,1.953,0.0401,17.03,17.17,35.38,1.95,1.337,1.61
LMT-0249,15.0,16.0,1.985,0.0419,16.14,19.91,38.52,1.75,1.209,1.73
LMT-0249,16.0,17.0,2.035,0.0335,13.76,19.76,36.99,1.63,1.17,1.68
LMT-0249,17.0,18.0,1.861,0.0375,13.46,21.69,40.61,1.37,1.173,1.57
LMT-0249,18.0,19.0,1.569,0.0264,12.35,26.25,40.04,1.34,1.262,1.67
LMT-0249,19.0,20.0,1.549,0.0268,11.46,24.92,43.1,1.39,0.956,1.7
LMT-0249,20.0,21.0,1.589,0.0331,11.17,23.94,41.47,1.22,1.004,1.75
LMT-0249,21.0,22.0,1.287,0.0222,9.49,23.42,42.02,0.94,0.934,1.93
LMT-0249,22.0,23.0,0.377,0.013,7.12,38.25,44.19,0.95,0.446,2.61
LMT-0249,23.0,24.0,0.356,0.0135,6.52,37.57,40.4,0.82,0.426,2.67
LMT-0249,24.0,24.8,0.365,0.0126,6.85,38.37,37.37,0.88,0.423,2.66
LMT-0250,0.0,1.0,0.823,0.0342,52.11,0.68,3.66,8.78,2.614,1.53
LMT-0250,1.0,2.0,1.107,0.0646,44.52,1.48,7.03,6.46,2.433,1.43
LMT-0250,2.0,3.0,1.173,0.0599,48.58,1.93,7.98,5.2,2.41,1.43
LMT-0250,3.0,4.0,1.319,0.0772,47.1,2.19,8.37,5.06,2.739,1.43
LMT-0250,4.0,5.0,1.229,0.0916,47.34,2.56,9.09,5.96,2.647,1.44
LMT-0250,5.0,6.0,1.201,0.0544,40.94,2.69,8.92,6.35,2.488,1.44
LMT-0250,6.0,7.0,1.466,0.0759,42.05,3.0,10.16,4.98,2.085,1.52
LMT-0250,7.0,8.0,1.131,0.0762,43.2,3.4,11.14,4.99,2.243,1.52
LMT-0250,8.0,9.0,1.419,0.0828,40.96,3.77,13.74,6.38,2.147,1.51
LMT-0250,9.0,10.0,1.516,0.0888,40.72,3.54,12.27,5.97,1.908,1.55
LMT-0250,10.0,11.0,1.305,0.081,43.08,4.44,14.17,4.78,2.035,1.54
LMT-0250,11.0,12.0,1.614,0.0924,44.09,5.35,14.55,4.41,2.05,1.47
LMT-0250,12.0,13.0,1.609,0.1246,38.65,4.97,15.53,3.95,1.897,1.57
LMT-0250,13.0,14.0,1.491,0.1609,35.93,5.68,14.87,3.45,1.946,1.5
LMT-0250,14.0,15.0,1.54,0.2402,39.47,5.49,16.51,3.42,2.257,1.44
LMT-0250,15.0,16.0,1.671,0.2275,35.85,5.33,15.57,3.22,1.962,1.51
LMT-0250,16.0,17.0,2.969,0.1531,20.79,10.1,32.54,2.28,1.527,1.52
LMT-0250,17.0,18.0,2.56,0.1204,18.84,10.39,34.86,2.54,1.658,1.56
LMT-0250,18.0,19.0,2.626,0.0623,18.52,12.68,35.25,2.1,1.577,1.62
LMT-0250,19.0,20.0,2.319,0.039,18.9,13.46,34.84,2.17,1.33,1.55
LMT-0250,20.0,21.0,2.207,0.0706,18.55,11.87,35.73,2.72,1.458,1.52
LMT-0250,21.0,22.0,2.632,0.0506,16.63,16.66,37.52,1.83,1.276,1.66
LMT-0250,22.0,23.0,2.201,0.0395,17.45,16.44,34.91,2.45,1.045,1.65
LMT-0250,23.0,24.0,2.259,0.0511,15.95,15.97,33.5,2.16,1.064,1.74
LMT-0250,24.0,25.0,1.998,0.0347,17.12,18.01,33.99,1.85,1.296,1.6
LMT-0250,25.0,26.0,2.015,0.0401,16.41,17.23,38.35,2.0,1.261,1.78
LMT-0250,26.0,27.0,2.255,0.0306,15.13,20.03,33.11,1.86,0.983,1.66
LMT-0250,27.0,28.0,1.766,0.0314,14.04,23.13,40.5,1.51,1.049,1.77
LMT-0250,28.0,29.0,1.933,0.0342,14.06,19.31,39.5,1.12,0.997,1.71
LMT-0250,29.0,30.0,1.648,0.0354,12.24,22.87,36.34,1.06,1.053,1.88
LMT-0250,30.0,31.0,1.494,0.027,12.65,24.21,42.39,1.53,0.965,1.72
LMT-0250,31.0,32.0,1.775,0.0266,11.41,26.67,45.08,1.18,1.028,1.81
LMT-0250,32.0,33.0,1.384,0.0225,11.54,26.08,41.64,1.19,0.905,1.71
LMT-0250,33.0,34.0,1.423,0.0262,9.96,28.97,40.5,0.72,0.924,1.87
LMT-0250,34.0,35.0,0.412,0.0169,6.67,39.89,39.48,0.81,0.435,2.63
LMT-0250,35.0,36.0,0.356,0.0144,7.24,36.22,37.08,0.92,0.5,2.7
LMT-0250,36.0,37.2,0.32,0.0124,7.29,40.02,38.91,0.68,0.525,2.77
LMT-0251,0.0,1.0,0.798,0.0339,44.93,0.73,3.23,8.64,2.984,1.5
LMT-0251,1.0,2.0,1.002,0.0671,48.57,1.62,6.51,4.78,2.457,1.32
LMT-0251,2.0,3.0,1.059,0.0637,44.99,2.01,7.9,5.19,2.543,1.44
LMT-0251,3.0,4.0,1.011,0.073,41.85,2.63,8.99,5.01,2.149,1.4
LMT-0251,4.0,5.0,1.131,0.0881,42.72,2.85,10.8,5.72,2.067,1.48
LMT-0251,5.0,6.0,1.097,0.0746,42.07,4.06,12.07,5.32,1.814,1.46
LMT-0251,6.0,7.0,1.195,0.0859,36.21,4.41,12.52,4.23,2.244,1.33
LMT-0251,7.0,8.0,1.241,0.1376,39.14,5.14,14.36,3.84,1.896,1.54
LMT-0251,8.0,9.0,1.251,0.2086,38.41,5.13,17.13,3.61,2.092,1.52
LMT-0251,9.0,10.0,1.589,0.2576,36.24,6.18,16.27,2.73,2.409,1.48
LMT-0251,10.0,11.0,1.858,0.1502,19.44,9.13,31.51,1.98,1.671,1.54
LMT-0251,11.0,12.0,1.834,0.0503,19.41,10.87,32.02,2.35,1.483,1.5
LMT-0251,12.0,13.0,1.79,0.0494,19.14,11.57,32.74,2.13,1.124,1.35
LMT-0251,13.0,14.0,2.151,0.0458,16.35,12.76,33.18,1.92,1.462,1.59
LMT-0251,14.0,15.0,1.771,0.0414,15.74,14.97,33.26,1.49,1.358,1.53
LMT-0251,15.0,16.0,1.784,0.0371,16.22,16.29,32.73,1.84,1.195,1.6
LMT-0251,16.0,17.0,1.758,0.0398,15.72,17.66,36.27,1.61,1.35,1.65
LMT-0251,17.0,18.0,1.641,0.0311,15.32,16.11,34.14,1.72,1.089,1.65
LMT-0251,18.0,19.0,1.469,0.0321,15.46,20.01,34.47,1.57,1.045,1.85
LMT-0251,19.0,20.0,1.599,0.0243,14.01,20.24,38.41,1.45,1.089,1.77
LMT-0251,20.0,21.0,1.27,0.0249,12.79,22.56,35.4,1.57,1.195,1.72
LMT-0251,21.0,22.0,1.61,0.0353,12.72,20.64,39.09,1.31,0.993,1.75
LMT-0251,22.0,23.0,1.431,0.031,11.52,24.56,35.98,1.42,0.907,1.84
LMT-0251,23.0,24.0,1.372,0.0295,11.22,27.18,35.43,1.06,0.918,1.74
LMT-0251,24.0,25.0,1.31,0.0272,11.0,24.36,41.35,1.18,0.799,1.74
LMT-0251,25.0,26.0,1.165,0.0216,9.38,30.14,39.4,0.93,0.797,1.75
LMT-0251,26.0,27.0,0.293,0.0142,6.99,29.43,39.51,0.82,0.461,2.4
LMT-0251,27.0,28.0,0.302,0.0127,6.46,40.29,38.59,0.92,0.348,2.59
LMT-0251,28.0,28.3,0.289,0.0149,6.86,31.72,38.77,0.97,0.389,2.67
LMT-0252,0.0,1.0,0.644,0.0308,50.31,0.76,3.95,7.6,3.132,1.68
LMT-0252,1.0,2.0,0.793,0.0655,46.21,1.59,6.84,6.67,2.336,1.43
LMT-0252,2.0,3.0,0.842,0.0759,42.8,2.13,8.47,5.2,2.527,1.43
LMT-0252,3.0,4.0,1.158,0.0736,46.39,2.61,10.52,5.88,2.269,1.45
LMT-0252,4.0,5.0,1.022,0.0752,44.15,3.37,10.23,5.91,2.649,1.48
LMT-0252,5.0,6.0,1.235,0.112,40.16,4.01,11.86,4.32,2.51,1.43
LMT-0252,6.0,7.0,1.376,0.1393,37.92,4.35,13.13,4.27,1.939,1.5
LMT-0252,7.0,8.0,1.515,0.23,37.84,5.71,14.75,3.68,2.247,1.5
LMT-0252,8.0,9.0,1.453,0.1597,37.53,6.0,17.19,3.64,1.686,1.53
LMT-0252,9.0,10.0,2.533,0.1301,19.88,9.46,31.61,2.2,1.649,1.35
LMT-0252,10.0,11.0,2.285,0.1041,19.87,10.55,33.0,2.18,1.452,1.54
LMT-0252,11.0,12.0,2.33,0.0605,20.86,11.62,36.77,1.93,1.508,1.47
LMT-0252,12.0,13.0,2.198,0.051,17.15,14.51,37.11,2.36,1.355,1.7
LMT-0252,13.0,14.0,2.172,0.0345,18.17,15.1,33.87,1.95,1.47,1.6
LMT-0252,14.0,15.0,1.771,0.0435,16.75,16.4,38.73,1.9,1.109,1.65
LMT-0252,15.0,16.0,2.031,0.0372,15.66,16.43,35.36,2.02,1.026,1.54
LMT-0252,16.0,17.0,1.566,0.0333,15.92,18.1,35.6,1.82,1.443,1.67
LMT-0252,17.0,18.0,1.724,0.0392,14.64,17.18,32.99,1.5,1.005,1.49
LMT-0252,18.0,19.0,1.54,0.0366,14.74,21.22,35.14,1.62,1.244,1.63
LMT-0252,19.0,20.0,1.58,0.0382,13.1,23.52,39.81,1.28,1.109,1.86
LMT-0252,20.0,21.0,1.533,0.026,12.19,23.05,39.18,1.22,1.107,1.67
LMT-0252,21.0,22.0,1.244,0.0182,12.06,21.3,34.4,1.27,0.96,1.82
LMT-0252,22.0,23.0,1.512,0.0304,10.93,26.0,37.84,1.06,1.088,1.71
LMT-0252,23.0,24.0,1.116,0.0261,11.01,24.65,41.7,0.94,0.978,1.77
LMT-0252,24.0,25.0,0.792,0.0249,10.1,27.0,39.98,1.12,0.965,1.96
LMT-0252,25.0,26.0,0.262,0.014,6.62,37.44,41.5,1.04,0.503,2.58
LMT-0252,26.0,27.0,0.257,0.0149,6.57,38.08,38.18,0.96,0.407,2.58
LMT-0252,27.0,27.5,0.298,0.0103,6.67,32.83,39.64,0.84,0.395,2.35
LMT-0253,0.0,1.0,0.594,0.0357,46.22,0.75,3.68,6.21,2.968,1.47
LMT-0253,1.0,2.0,1.036,0.0646,42.68,1.56,6.62,5.78,2.336,1.42
LMT-0253,2.0,3.0,0.978,0.0764,41.52,1.94,8.49,4.96,1.989,1.36
LMT-0253,3.0,4.0,1.02,0.0535,42.51,3.21,9.79,4.24,1.823,1.43
LMT-0253,4.0,5.0,1.043,0.0649,38.88,3.82,11.78,4.76,2.141,1.4
LMT-0253,5.0,6.0,1.021,0.099,42.2,3.89,13.86,3.57,2.092,1.41
LMT-0253,6.0,7.0,1.153,0.1849,36.87,5.46,14.3,3.51,2.342,1.42
LMT-0253,7.0,8.0,1.118,0.2281,39.12,5.27,15.12,3.76,1.606,1.55
LMT-0253,8.0,9.0,2.54,0.158,20.64,9.97,32.03,2.04,1.554,1.47
LMT-0253,9.0,10.0,2.264,0.0956,18.39,9.91,30.97,2.0,1.239,1.5
LMT-0253,10.0,11.0,2.246,0.0683,20.01,11.12,33.97,2.09,1.422,1.58
LMT-0253,11.0,12.0,2.189,0.0454,17.32,13.28,32.38,1.61,1.224,1.58
LMT-0253,12.0,13.0,1.905,0.0505,16.62,13.19,32.69,2.01,1.231,1.55
LMT-0253,13.0,14.0,2.032,0.0486,17.17,14.06,32.37,2.28,1.152,1.55
LMT-0253,14.0,15.0,1.995,0.0352,17.25,13.95,32.77,1.92,1.285,1.57
LMT-0253,15.0,16.0,1.612,0.0471,13.36,14.52,35.81,1.67,1.227,1.69
LMT-0253,16.0,17.0,1.471,0.0384,16.0,19.68,35.81,1.62,1.071,1.76
LMT-0253,17.0,18.0,1.567,0.0281,14.51,19.98,35.56,1.42,1.244,1.55
LMT-0253,18.0,19.0,1.405,0.029,13.3,19.02,38.91,1.3,1.05,1.54
LMT-0253,19.0,20.0,1.634,0.0302,12.21,21.85,37.17,1.12,1.058,1.73
LMT-0253,20.0,21.0,1.4,0.0244,11.75,26.02,34.87,1.2,1.02,1.71
LMT-0253,21.0,22.0,1.239,0.0337,11.25,22.03,38.03,1.37,1.03,1.77
LMT-0253,22.0,23.0,1.249,0.0213,11.41,23.57,40.4,0.88,0.742,1.74
LMT-0253,23.0,24.0,1.098,0.0257,10.31,28.73,39.01,0.82,0.764,1.7
LMT-0253,24.0,25.0,1.044,0.0275,9.71,27.32,41.93,0.77,0.713,1.82
LMT-0253,25.0,26.0,0.28,0.0147,6.77,37.59,34.59,0.99,0.466,2.51
LMT-0253,26.0,27.0,0.259,0.0126,6.67,35.24,40.72,0.89,0.478,2.8
LMT-0254,0.0,1.0,0.655,0.0404,45.86,0.69,3.62,6.53,2.206,1.28
LMT-0254,1.0,2.0,0.871,0.0601,43.56,1.55,6.65,4.11,2.109,1.24
LMT-0254,2.0,3.0,0.955,0.0539,41.27,2.16,9.21,5.48,2.078,1.38
LMT-0254,3.0,4.0,0.833,0.0772,35.74,2.78,10.12,3.81,1.835,1.27
LMT-0254,4.0,5.0,1.06,0.0826,39.7,3.33,12.76,3.69,1.785,1.33
LMT-0254,5.0,6.0,1.07,0.1397,38.85,4.14,12.43,2.82,1.458,1.45
LMT-0254,6.0,7.0,1.296,0.2071,36.76,5.39,16.5,3.15,1.343,1.35
LMT-0254,7.0,8.0,2.103,0.1328,19.46,9.13,29.31,1.61,1.542,1.31
LMT-0254,8.0,9.0,1.975,0.0625,18.48,11.19,30.09,2.05,1.098,1.41
LMT-0254,9.0,10.0,2.002,0.0544,18.01,11.57,29.17,2.29,1.088,1.4
LMT-0254,10.0,11.0,1.799,0.0445,16.75,12.5,31.72,1.99,1.192,1.45
LMT-0254,11.0,12.0,1.86,0.0299,15.77,14.83,32.83,1.89,1.314,1.58
LMT-0254,12.0,13.0,1.811,0.0336,15.68,13.75,31.53,1.7,1.226,1.49
LMT-0254,13.0,14.0,1.596,0.0443,16.83,15.89,31.65,1.64,1.085,1.52
LMT-0254,14.0,15.0,1.462,0.0259,13.84,14.8,33.71,1.66,1.011,1.46
LMT-0254,15.0,16.0,1.527,0.0342,13.41,18.22,33.88,1.25,0.991,1.68
LMT-0254,16.0,17.0,1.35,0.0311,13.65,16.9,35.28,1.43,1.017,1.6
LMT-0254,17.0,18.0,1.511,0.0252,12.25,22.19,35.04,1.14,0.729,1.6
LMT-0254,18.0,19.0,1.257,0.0288,11.64,20.16,34.46,1.16,0.868,1.73
LMT-0254,19.0,20.0,1.185,0.0182,11.71,19.73,35.91,1.49,0.73,1.8
LMT-0254,20.0,21.0,1.208,0.0183,10.66,23.42,39.86,1.05,0.819,1.66
LMT-0254,21.0,22.0,1.167,0.0202,10.18,23.54,36.1,1.0,0.923,1.63
LMT-0254,22.0,23.0,1.101,0.0176,9.38,28.74,37.45,0.89,0.566,1.71
LMT-0254,23.0,24.0,0.268,0.0169,6.22,31.36,39.62,0.96,0.461,2.45
LMT-0254,24.0,25.0,0.243,0.0132,6.45,37.58,36.73,0.59,0.426,2.26
LMT-0254,25.0,25.4,0.267,0.0081,5.37,34.71,36.55,0.77,0.427,2.54
LMT-0255,0.0,1.0,0.637,0.0178,49.92,0.6,3.2,4.68,2.337,1.38
LMT-0255,1.0,2.0,0.93,0.0906,42.67,1.49,6.67,5.68,2.737,1.27
LMT-0255,2.0,3.0,0.909,0.0732,37.57,2.28,8.55,5.07,1.766,1.29
LMT-0255,3.0,4.0,1.158,0.0757,40.5,3.13,10.67,4.79,1.758,1.42
LMT-0255,4.0,5.0,1.068,0.0978,35.19,4.19,12.61,2.66,1.774,1.46
LMT-0255,5.0,6.0,1.066,0.179,34.35,4.27,15.27,3.77,1.968,1.39
LMT-0255,6.0,7.0,1.763,0.1217,18.16,7.34,27.98,2.37,0.907,1.38
LMT-0255,7.0,8.0,2.047,0.0639,18.76,10.2,29.1,1.6,1.18,1.32
LMT-0255,8.0,9.0,2.042,0.0538,17.12,10.62,29.95,2.08,1.104,1.43
LMT-0255,9.0,10.0,1.561,0.0341,16.41,11.17,32.44,1.37,1.37,1.48
LMT-0255,10.0,11.0,1.381,0.0351,15.57,12.56,31.28,1.96,0.99,1.55
LMT-0255,11.0,12.0,1.402,0.0281,14.89,13.61,32.29,1.86,1.068,1.51
LMT-0255,12.0,13.0,1.181,0.0383,15.66,12.41,30.95,1.45,0.963,1.39
LMT-0255,13.0,14.0,1.233,0.0379,13.17,12.85,35.2,1.26,0.897,1.55
LMT-0255,14.0,15.0,1.605,0.0247,13.81,16.97,31.99,1.38,0.859,1.62
LMT-0255,15.0,16.0,1.199,0.0185,13.25,16.44,33.36,1.04,1.09,1.61
LMT-0255,16.0,17.0,1.296,0.0278,13.5,18.4,33.36,1.25,0.904,1.52
LMT-0255,17.0,18.0,1.239,0.0208,10.61,22.07,39.65,0.98,0.86,1.62
LMT-0255,18.0,19.0,1.052,0.0261,10.56,19.95,35.25,0.81,0.793,1.58
LMT-0255,19.0,20.0,1.209,0.0197,10.85,19.89,37.33,0.81,0.745,1.69
LMT-0255,20.0,21.0,1.184,0.0186,10.32,22.13,35.72,0.67,0.682,1.54
LMT-0255,21.0,22.0,0.947,0.0163,9.13,22.64,40.85,0.7,0.705,1.58
LMT-0255,22.0,23.0,0.278,0.0142,6.2,30.08,32.25,0.79,0.425,2.28
LMT-0255,23.0,24.0,0.236,0.0081,5.72,29.43,35.14,1.02,0.331,2.44
LMT-0255,24.0,24.5,0.22,0.0101,5.9,32.62,36.94,0.82,0.385,2.0
LMT-0256,0.0,1.0,0.476,0.0242,41.65,0.63,3.18,5.97,2.096,1.36
LMT-0256,1.0,2.0,0.831,0.0232,42.34,1.42,6.42,3.75,1.976,1.31
LMT-0256,2.0,3.0,0.558,0.0301,36.11,2.4,8.65,2.93,1.434,1.27
LMT-0256,3.0,4.0,1.063,0.059,36.64,2.41,10.31,3.21,1.289,1.31
LMT-0256,4.0,5.0,1.074,0.0118,32.31,3.75,13.84,2.42,1.624,1.37
LMT-0256,5.0,6.0,0.907,0.1573,31.48,4.57,13.77,2.66,1.399,1.42
LMT-0256,6.0,7.0,1.914,0.0941,17.63,8.58,27.19,1.89,0.962,1.38
LMT-0256,7.0,8.0,2.03,0.0419,17.01,9.38,26.98,1.63,0.951,1.29
LMT-0256,8.0,9.0,1.505,0.0177,15.97,10.14,28.79,1.3,0.93,1.33
LMT-0256,9.0,10.0,1.479,0.0199,15.76,12.01,30.39,1.78,0.955,1.4
LMT-0256,10.0,11.0,1.412,0.0286,14.89,10.91,28.18,1.36,0.879,1.34
LMT-0256,11.0,12.0,1.454,0.0281,15.13,14.99,26.35,0.9,1.136,1.44
LMT-0256,12.0,13.0,1.353,0.0243,12.96,14.66,29.02,1.14,0.829,1.48
LMT-0256,13.0,14.0,1.568,0.0267,13.64,15.03,32.44,1.52,1.029,1.44
LMT-0256,14.0,15.0,1.301,0.0236,12.63,15.34,31.48,0.82,0.683,1.5
LMT-0256,15.0,16.0,1.224,0.0223,12.37,15.97,32.84,0.99,0.848,1.57
LMT-0256,16.0,17.0,0.971,0.0264,11.22,18.37,36.27,0.76,0.804,1.65
LMT-0256,17.0,18.0,1.043,0.0208,9.5,19.12,31.74,0.88,0.619,1.47
LMT-0256,18.0,19.0,1.108,0.0171,10.64,18.13,34.91,0.61,0.871,1.59
LMT-0256,19.0,20.0,0.853,0.0088,10.04,20.07,29.17,0.78,0.609,1.54
LMT-0256,20.0,21.0,0.799,0.016,8.98,24.72,33.62,0.55,0.644,1.65
LMT-0256,21.0,22.0,0.255,0.0097,5.96,27.48,30.66,0.71,0.308,2.38
LMT-0256,22.0,23.2,0.229,0.0075,5.32,25.56,32.57,0.74,0.295,2.43
LMT-0257,0.0,1.0,0.503,0.0144,40.3,0.76,3.38,6.53,2.16,1.35
LMT-0257,1.0,2.0,,,,,,,,1.39
LMT-0257,2.0,3.0,0.975,0.0596,43.97,2.01,8.13,3.75,1.992,1.34
LMT-0257,3.0,4.0,0.965,0.0884,38.27,3.06,10.47,3.96,1.726,1.41
LMT-0257,4.0,5.0,1.194,0.1556,31.26,4.12,12.53,3.24,1.59,1.29
LMT-0257,5.0,6.0,1.057,0.1971,35.49,5.22,15.22,2.85,1.375,1.36
LMT-0257,6.0,7.0,1.884,0.059,16.5,8.36,26.85,1.52,1.115,1.24
LMT-0257,7.0,8.0,2.132,0.0454,17.81,9.53,30.04,1.6,1.075,1.34
LMT-0257,8.0,9.0,2.033,0.0382,17.88,9.89,30.28,1.4,1.222,1.45
LMT-0257,9.0,10.0,1.619,0.0367,16.44,10.51,27.94,1.6,1.076,1.47
LMT-0257,10.0,11.0,1.862,0.0161,15.61,12.21,30.45,1.26,1.342,1.47
LMT-0257,11.0,12.0,1.518,0.0312,14.21,12.29,29.45,1.31,0.934,1.52
LMT-0257,12.0,13.0,1.671,0.0261,14.44,14.07,28.93,1.42,0.936,1.38
LMT-0257,13.0,14.0,1.161,0.026,15.43,11.93,32.45,0.95,0.937,1.51
LMT-0257,14.0,15.0,1.442,0.0312,12.74,14.69,32.15,0.94,0.975,1.54
LMT-0257,15.0,16.0,1.26,0.0234,12.81,13.55,33.03,1.32,0.957,1.61
LMT-0257,16.0,17.0,1.018,0.0202,11.62,16.14,30.34,1.25,1.11,1.59
LMT-0257,17.0,18.0,1.076,0.0112,10.65,19.48,30.87,0.87,0.841,1.51
LMT-0257,18.0,19.0,0.97,0.0238,11.2,23.43,36.07,0.85,0.75,1.53
LMT-0257,19.0,20.0,0.953,0.0148,10.35,20.29,33.88,0.83,0.765,1.58
LMT-0257,20.0,21.0,1.01,0.0174,8.91,23.92,35.54,0.7,0.727,1.48
LMT-0257,21.0,22.0,0.904,0.0134,8.63,21.91,37.53,0.59,0.563,1.69
LMT-0257,22.0,23.0,0.229,0.0108,5.66,30.64,37.07,0.67,0.328,2.37
LMT-0257,23.0,24.0,0.22,0.0091,5.79,30.62,32.67,0.91,0.312,2.43
LMT-0257,24.0,24.3,0.207,0.0095,5.24,25.73,32.13,0.68,0.43,2.49
LMT-0258,0.0,1.0,0.604,0.0176,48.65,0.77,3.82,5.68,2.867,1.4
LMT-0258,1.0,2.0,0.856,0.0358,40.08,1.53,6.48,4.29,2.004,1.34
LMT-0258,2.0,3.0,0.848,0.0467,38.18,2.67,8.38,4.08,2.223,1.29
LMT-0258,3.0,4.0,0.981,0.0427,35.94,3.02,11.64,3.97,2.047,1.32
LMT-0258,4.0,5.0,1.006,0.1534,37.53,3.54,12.99,2.25,1.433,1.3
LMT-0258,5.0,6.0,0.918,0.2117,33.38,5.2,15.07,2.71,1.36,1.46
LMT-0258,6.0,7.0,2.475,0.0662,17.4,9.1,28.87,1.93,1.304,1.4
LMT-0258,7.0,8.0,1.896,0.0731,18.58,9.79,30.99,1.96,1.443,1.46
LMT-0258,8.0,9.0,1.794,0.0402,16.58,8.57,29.27,1.52,1.017,1.51
LMT-0258,9.0,10.0,1.824,0.0283,15.76,9.46,32.97,1.36,1.229,1.41
LMT-0258,10.0,11.0,2.002,0.0252,15.18,9.53,26.32,1.17,1.165,1.55
LMT-0258,11.0,12.0,1.73,0.0435,15.17,16.13,31.2,0.97,1.203,1.4
LMT-0258,12.0,13.0,1.659,0.0334,15.06,14.15,28.68,1.33,0.921,1.53
LMT-0258,13.0,14.0,1.438,0.0207,14.21,15.49,33.47,1.28,1.072,1.56
LMT-0258,14.0,15.0,1.303,0.0251,12.15,16.24,34.83,1.0,0.987,1.6
LMT-0258,15.0,16.0,1.423,0.0144,12.0,17.68,34.53,1.12,1.073,1.52
LMT-0258,16.0,17.0,1.171,0.023,11.51,19.24,34.56,1.24,0.888,1.51
LMT-0258,17.0,18.0,1.331,0.0192,11.96,20.71,34.72,0.9,0.755,1.61
LMT-0258,18.0,19.0,1.024,0.0204,10.17,18.39,34.75,0.95,0.772,1.57
LMT-0258,19.0,20.0,0.944,0.0164,8.72,20.53,33.22,0.72,0.655,1.66
LMT-0258,20.0,21.0,1.116,0.0171,9.73,24.53,38.33,1.02,0.653,1.6
LMT-0258,21.0,22.0,0.864,0.0133,8.67,16.87,34.69,0.65,0.871,1.76
LMT-0258,22.0,23.0,0.305,0.0118,5.63,35.1,34.91,0.86,0.401,2.26
LMT-0258,23.0,24.0,0.234,0.01,6.2,26.88,33.77,0.65,0.383,2.4
LMT-0258,24.0,25.1,0.276,0.0106,6.06,33.44,38.86,0.68,0.334,2.3
LMT-0259,0.0,1.0,0.61,0.0306,43.82,0.68,3.71,5.53,1.98,1.43
LMT-0259,1.0,2.0,0.811,0.0564,41.0,1.54,7.23,3.41,2.132,1.25
LMT-0259,2.0,3.0,0.948,0.0422,40.7,2.66,9.19,3.2,2.176,1.43
LMT-0259,3.0,4.0,1.129,0.0702,41.8,2.82,10.92,3.46,1.879,1.33
LMT-0259,4.0,5.0,1.09,0.089,35.02,3.39,12.15,5.08,1.556,1.24
LMT-0259,5.0,6.0,1.163,0.1799,35.45,4.35,12.68,3.08,1.614,1.39
LMT-0259,6.0,7.0,1.21,0.1806,32.89,5.06,15.31,2.38,1.442,1.34
LMT-0259,7.0,8.0,1.886,0.0881,18.58,9.08,29.57,1.34,1.147,1.34
LMT-0259,8.0,9.0,1.384,0.0618,17.66,9.37,27.52,1.8,1.133,1.42
LMT-0259,9.0,10.0,1.394,0.0347,17.43,9.67,27.52,0.89,1.046,1.45
LMT-0259,10.0,11.0,2.068,0.0409,17.3,12.48,32.63,1.67,1.267,1.46
LMT-0259,11.0,12.0,1.778,0.0247,16.08,14.69,27.82,1.61,0.863,1.46
LMT-0259,12.0,13.0,1.68,0.0444,15.19,15.76,28.35,1.78,1.115,1.57
LMT-0259,13.0,14.0,1.336,0.0293,15.23,16.37,33.12,1.6,0.799,1.58
LMT-0259,14.0,15.0,1.523,0.0306,14.25,14.37,37.41,0.97,0.896,1.53
LMT-0259,15.0,16.0,1.717,0.0152,12.08,14.3,36.44,1.37,0.804,1.5
LMT-0259,16.0,17.0,1.294,0.0324,12.98,17.16,32.36,0.94,0.744,1.57
LMT-0259,17.0,18.0,1.622,0.018,11.85,18.33,35.23,0.83,0.756,1.68
LMT-0259,18.0,19.0,1.304,0.0249,10.49,19.82,38.72,0.66,0.694,1.53
LMT-0259,19.0,20.0,1.246,0.0145,9.14,21.72,38.29,0.97,0.746,1.74
LMT-0259,20.0,21.0,1.05,0.0188,8.67,20.4,38.43,0.9,0.63,1.57
LMT-0259,21.0,22.0,0.206,0.0123,6.03,32.22,38.61,0.79,0.426,2.38
LMT-0259,22.0,23.0,0.252,0.0094,5.88,34.34,39.21,0.55,0.276,2.4
LMT-0259,23.0,24.0,0.243,0.0105,6.04,27.11,35.5,0.61,0.361,2.12
LMT-0259,24.0,24.3,0.2,0.0118,5.23,27.1,37.05,0.6,0.386,2.42
LMT-0260,0.0,1.0,0.615,0.0382,41.11,0.74,3.49,6.46,1.757,1.43
LMT-0260,1.0,2.0,0.855,0.0394,42.63,1.63,6.61,3.63,0.697,1.35
LMT-0260,2.0,3.0,1.007,0.0565,37.67,2.13,8.26,3.78,1.562,1.28
LMT-0260,3.0,4.0,1.031,0.048,33.77,3.7,10.6,3.29,1.437,1.31
LMT-0260,4.0,5.0,0.864,0.0431,33.63,3.53,11.07,2.43,1.448,1.33
LMT-0260,5.0,6.0,1.032,0.1243,35.75,3.59,13.44,2.7,1.594,1.37
LMT-0260,6.0,7.0,1.39,0.1331,31.56,4.78,13.31,3.08,1.734,1.28
LMT-0260,7.0,8.0,2.104,0.1235,17.3,8.97,28.75,1.11,1.079,1.36
LMT-0260,8.0,9.0,2.115,0.0463,16.69,9.01,28.91,2.09,0.98,1.35
LMT-0260,9.0,10.0,2.149,0.037,14.78,11.54,31.5,1.24,1.054,1.2
LMT-0260,10.0,11.0,1.797,0.0228,14.56,11.35,32.79,1.75,1.284,1.44
LMT-0260,11.0,12.0,1.571,0.0231,15.38,12.26,32.43,1.7,1.019,1.52
LMT-0260,12.0,13.0,1.555,0.0212,15.4,11.79,30.4,1.33,1.013,1.5
LMT-0260,13.0,14.0,1.482,0.0212,13.52,12.39,32.07,1.0,1.034,1.43
LMT-0260,14.0,15.0,1.427,0.0246,13.38,16.14,34.86,0.83,0.902,1.62
LMT-0260,15.0,16.0,1.337,0.0128,12.12,16.73,32.98,1.02,0.95,1.45
LMT-0260,16.0,17.0,1.136,0.0231,12.47,16.1,32.98,0.94,0.851,1.57
LMT-0260,17.0,18.0,1.166,0.0215,11.04,15.92,35.33,0.73,0.873,1.51
LMT-0260,18.0,19.0,1.031,0.0141,10.12,24.4,35.2,1.02,0.682,1.65
LMT-0260,19.0,20.0,0.888,0.016,9.41,21.65,35.5,0.87,0.634,1.71
LMT-0260,20.0,21.0,0.284,0.0082,6.05,31.79,30.93,0.82,0.332,2.43
LMT-0260,21.0,22.0,0.266,0.0063,6.2,30.56,33.45,0.52,0.385,2.49
LMT-0260,22.0,23.0,0.215,0.0075,6.37,32.7,33.9,0.57,0.254,2.35
LMT-0260,23.0,23.6,0.282,0.0078,5.74,31.3,38.06,0.73,0.298,2.49
LMT-0261,0.0,1.0,0.749,0.0295,40.92,0.63,3.02,6.12,2.427,1.32
LMT-0261,1.0,2.0,0.842,0.0579,38.96,1.59,6.34,4.52,1.938,1.26
LMT-0261,2.0,3.0,0.922,0.0191,36.37,2.45,8.0,3.92,1.739,1.24
LMT-0261,3.0,4.0,1.067,0.051,37.55,3.41,9.26,3.81,1.798,1.38
LMT-0261,4.0,5.0,1.119,0.1058,35.7,3.96,12.64,3.56,1.574,1.34
LMT-0261,5.0,6.0,0.898,0.1261,32.86,4.55,12.36,2.82,1.349,1.39
LMT-0261,6.0,7.0,1.341,0.0831,31.25,5.4,14.83,1.95,1.541,1.35
LMT-0261,7.0,8.0,2.371,0.0665,19.6,7.29,28.56,1.79,1.28,1.31
LMT-0261,8.0,9.0,2.563,0.0525,16.51,8.9,30.55,1.18,1.156,1.19
LMT-0261,9.0,10.0,1.372,0.0449,16.17,9.92,27.04,1.0,0.865,1.42
LMT-0261,10.0,11.0,1.847,0.0354,14.53,10.42,29.02,1.26,0.77,1.44
LMT-0261,11.0,12.0,1.604,0.0233,15.59,12.77,30.31,0.99,1.044,1.42
LMT-0261,12.0,13.0,1.572,0.0223,13.14,14.66,31.17,1.3,0.935,1.41
LMT-0261,13.0,14.0,1.286,0.0292,12.98,15.33,30.44,0.93,0.965,1.53
LMT-0261,14.0,15.0,1.378,0.0239,11.94,15.03,34.98,1.13,0.634,1.48
LMT-0261,15.0,16.0,1.442,0.0182,11.88,21.12,31.24,0.94,0.689,1.51
LMT-0261,16.0,17.0,0.967,0.0216,10.59,19.18,35.47,0.57,0.91,1.5
LMT-0261,17.0,18.0,1.181,0.0168,9.52,21.48,32.51,0.65,0.744,1.54
LMT-0261,18.0,19.0,0.916,0.0155,8.65,23.6,30.62,0.85,0.552,1.55
LMT-0261,19.0,20.0,1.003,0.0099,8.56,22.88,37.42,0.58,0.751,1.48
LMT-0261,20.0,21.0,0.255,0.009,5.68,32.06,33.76,0.54,0.379,2.38
LMT-0261,21.0,22.0,0.236,0.0076,6.11,32.99,33.82,0.7,0.313,2.23
LMT-0261,22.0,22.3,0.225,0.0082,5.66,30.84,40.6,0.64,0.304,2.27
LMT-0262,0.0,1.0,0.83,0.0454,46.07,0.88,4.38,5.72,2.667,1.48
LMT-0262,1.0,2.0,1.05,0.0688,48.27,1.94,7.6,6.93,2.141,1.38
LMT-0262,2.0,3.0,1.362,0.0866,42.78,3.16,10.45,5.83,2.43,1.52
LMT-0262,3.0,4.0,1.241,0.1171,39.53,3.72,10.84,5.45,2.296,1.45
LMT-0262,4.0,5.0,1.356,0.2258,37.03,4.86,14.36,4.4,1.838,1.37
LMT-0262,5.0,6.0,1.687,0.2596,34.89,6.31,16.91,3.61,2.037,1.48
LMT-0262,6.0,7.0,2.914,0.1191,19.12,10.49,30.79,2.4,1.585,1.39
LMT-0262,7.0,8.0,2.388,0.0847,18.31,10.01,34.46,1.82,1.301,1.52
LMT-0262,8.0,9.0,2.482,0.0459,17.71,11.13,33.22,2.59,1.358,1.53
LMT-0262,9.0,10.0,2.501,0.0447,18.18,12.76,33.16,2.06,1.3,1.51
LMT-0262,10.0,11.0,2.597,0.0393,18.07,16.78,34.49,2.0,1.461,1.52
LMT-0262,11.0,12.0,2.214,0.0525,16.67,16.49,32.67,1.67,1.144,1.6
LMT-0262,12.0,13.0,2.071,0.0419,15.28,17.82,36.5,1.87,1.144,1.67
LMT-0262,13.0,14.0,2.112,0.0387,14.81,17.13,35.5,1.65,0.965,1.62
LMT-0262,14.0,15.0,1.836,0.0328,14.8,20.96,32.72,1.52,1.19,1.74
LMT-0262,15.0,16.0,1.609,0.029,13.82,20.19,39.69,1.34,0.892,1.67
LMT-0262,16.0,17.0,1.452,0.0302,12.43,20.96,39.09,1.26,1.058,1.71
LMT-0262,17.0,18.0,1.582,0.0295,11.47,21.65,40.99,1.21,0.883,1.78
LMT-0262,18.0,19.0,1.314,0.021,10.1,26.44,36.19,1.53,1.019,1.54
LMT-0262,19.0,20.0,1.659,0.0185,9.47,26.68,42.09,1.15,0.941,1.76
LMT-0262,20.0,21.0,0.35,0.0165,6.47,35.6,39.13,1.16,0.455,2.75
LMT-0262,21.0,22.0,0.32,0.0105,6.4,37.77,39.54,0.92,0.443,2.64
LMT-0262,22.0,23.0,0.306,0.0125,6.07,36.2,37.14,0.9,0.363,2.72
LMT-0263,0.0,1.0,0.913,0.0554,51.98,0.89,4.47,10.15,3.051,1.56
LMT-0263,1.0,2.0,1.118,0.0675,46.69,2.01,8.93,7.0,3.029,1.43
LMT-0263,2.0,3.0,1.434,0.0982,44.05,3.55,11.27,5.29,2.159,1.53
LMT-0263,3.0,4.0,1.577,0.1923,42.67,4.42,13.2,5.18,2.352,1.64
LMT-0263,4.0,5.0,1.789,0.2394,40.16,6.17,18.02,4.45,2.175,1.58
LMT-0263,5.0,6.0,2.944,0.1906,20.98,10.64,31.87,2.35,1.572,1.53
LMT-0263,6.0,7.0,3.074,0.0894,20.24,12.03,33.05,2.55,1.744,1.51
LMT-0263,7.0,8.0,2.78,0.0891,20.7,14.76,33.59,2.93,1.515,1.58
LMT-0263,8.0,9.0,2.738,0.0536,18.09,14.08,38.97,2.35,1.577,1.55
LMT-0263,9.0,10.0,2.561,0.0504,16.94,14.97,34.75,2.1,1.121,1.73
LMT-0263,10.0,11.0,2.301,0.0548,17.96,16.76,35.6,1.75,1.399,1.6
LMT-0263,11.0,12.0,1.905,0.0508,17.39,16.84,35.21,1.86,1.346,1.72
LMT-0263,12.0,13.0,2.161,0.0485,14.53,19.39,43.07,1.73,1.309,1.8
LMT-0263,13.0,14.0,2.137,0.0373,16.37,19.83,43.96,2.02,1.36,1.71
LMT-0263,14.0,15.0,1.973,0.0367,14.71,23.19,36.85,1.84,1.301,1.73
LMT-0263,15.0,16.0,1.908,0.029,13.28,23.86,40.14,1.66,1.024,1.87
LMT-0263,16.0,17.0,1.628,0.0333,13.11,26.88,41.3,1.26,1.051,1.86
LMT-0263,17.0,18.0,1.638,0.0296,12.63,27.22,38.98,1.66,0.991,1.93
LMT-0263,18.0,19.0,1.34,0.0251,11.18,27.36,46.36,1.3,0.887,1.78
LMT-0263,19.0,20.0,1.508,0.019,10.33,28.3,46.23,1.22,0.856,1.92
LMT-0263,20.0,21.0,1.189,0.0218,10.06,25.72,43.18,0.98,0.831,1.87
LMT-0263,21.0,22.0,0.408,0.0128,7.05,37.2,42.27,1.02,0.481,2.67
LMT-0263,22.0,23.0,0.388,0.0138,6.82,35.94,39.33,1.05,0.507,2.69
LMT-0263,23.0,23.8,0.35,0.0187,6.93,43.79,41.09,0.91,0.398,2.85
LMT-0264,0.0,1.0,0.912,0.0471,49.59,0.69,4.21,9.26,2.833,1.6
LMT-0264,1.0,2.0,1.154,0.0734,40.82,1.76,7.44,6.92,2.496,1.49
LMT-0264,2.0,3.0,1.311,0.0887,44.91,2.81,9.45,4.62,2.412,1.58
LMT-0264,3.0,4.0,1.408,0.1422,41.82,4.2,12.41,4.29,2.351,1.49
LMT-0264,4.0,5.0,1.66,0.1835,37.86,5.17,14.56,4.23,1.67,1.44
LMT-0264,5.0,6.0,2.596,0.1867,21.89,10.35,33.44,2.89,1.534,1.5
LMT-0264,6.0,7.0,2.744,0.142,20.38,10.83,34.2,2.01,1.642,1.59
LMT-0264,7.0,8.0,3.161,0.0907,19.17,13.16,33.28,2.34,1.444,1.46
LMT-0264,8.0,9.0,2.629,0.0576,19.17,11.35,35.5,2.1,1.406,1.68
LMT-0264,9.0,10.0,2.265,0.0517,17.8,14.29,35.01,1.99,1.425,1.56
LMT-0264,10.0,11.0,2.419,0.0515,18.28,15.7,33.95,2.43,1.236,1.64
LMT-0264,11.0,12.0,2.486,0.0576,16.42,16.06,33.63,1.82,1.488,1.76
LMT-0264,12.0,13.0,2.371,0.0336,17.32,17.66,40.74,1.74,1.082,1.62
LMT-0264,13.0,14.0,2.053,0.0294,15.8,17.66,36.84,1.52,1.208,1.66
LMT-0264,14.0,15.0,1.965,0.0341,13.5,20.08,36.16,1.68,1.188,1.79
LMT-0264,15.0,16.0,1.639,0.0259,12.91,23.71,38.05,1.54,1.118,1.74
LMT-0264,16.0,17.0,2.098,0.0322,12.8,19.32,39.57,1.7,1.153,1.64
LMT-0264,17.0,18.0,1.359,0.0316,11.2,22.57,38.83,1.21,0.992,1.64
LMT-0264,18.0,19.0,1.595,0.0191,10.96,26.98,38.21,1.24,0.891,1.79
LMT-0264,19.0,20.0,1.387,0.0238,9.77,24.44,36.62,1.14,0.974,1.88
LMT-0264,20.0,21.0,1.416,0.0222,9.99,26.38,39.66,1.31,0.961,1.82
LMT-0264,21.0,22.0,0.366,0.0131,6.59,36.16,39.39,0.81,0.456,2.57
LMT-0264,22.0,23.0,0.323,0.0154,6.57,42.94,39.88,0.83,0.468,2.8
LMT-0264,23.0,24.0,0.267,0.0135,6.55,34.14,39.35,0.96,0.428,2.66
LMT-0264,24.0,24.3,0.326,0.0136,6.64,37.13,37.7,1.09,0.4,2.83
LMT-0265,0.0,1.0,0.868,0.0437,49.45,0.72,3.52,8.9,2.847,1.45
LMT-0265,1.0,2.0,1.314,0.0561,49.05,1.58,7.08,6.08,2.113,1.47
LMT-0265,2.0,3.0,1.277,0.0921,41.6,2.66,9.34,4.9,2.553,1.46
LMT-0265,3.0,4.0,1.41,0.138,43.18,3.52,11.86,5.3,2.354,1.54
LMT-0265,4.0,5.0,1.599,0.1853,38.37,4.8,14.84,4.86,2.438,1.51
LMT-0265,5.0,6.0,1.799,0.3108,36.69,5.77,16.05,4.2,2.438,1.56
LMT-0265,6.0,7.0,2.576,0.1644,22.93,9.46,29.67,2.42,1.616,1.43
LMT-0265,7.0,8.0,3.026,0.1328,19.27,12.46,34.84,2.92,1.448,1.54
LMT-0265,8.0,9.0,2.655,0.082,19.99,12.7,34.49,1.78,1.469,1.52
LMT-0265,9.0,10.0,2.791,0.0493,18.77,14.43,38.31,1.8,1.342,1.58
LMT-0265,10.0,11.0,2.448,0.0423,18.71,14.01,35.26,2.03,1.386,1.71
LMT-0265,11.0,12.0,1.995,0.0491,16.33,16.11,34.47,1.87,1.372,1.59
LMT-0265,12.0,13.0,2.145,0.0522,17.01,18.25,40.4,1.75,1.247,1.75
LMT-0265,13.0,14.0,1.887,0.0397,14.96,20.18,35.4,1.41,1.234,1.78
LMT-0265,14.0,15.0,1.433,0.0244,15.02,21.47,38.04,1.49,1.13,1.79
LMT-0265,15.0,16.0,1.886,0.0252,13.36,23.08,37.52,1.3,1.041,1.89
LMT-0265,16.0,17.0,1.66,0.0349,11.86,22.33,36.05,1.24,1.116,1.86
LMT-0265,17.0,18.0,1.872,0.0236,11.8,20.27,42.94,1.23,1.049,1.75
LMT-0265,18.0,19.0,1.743,0.023,10.65,24.64,43.22,1.42,0.948,1.78
LMT-0265,19.0,20.0,1.274,0.0222,10.34,29.46,42.49,1.02,0.876,1.83
LMT-0265,20.0,21.0,0.414,0.0145,6.65,36.18,40.02,1.03,0.482,2.79
LMT-0265,21.0,22.0,0.37,0.0174,6.8,34.23,39.98,0.95,0.417,2.35
LMT-0265,22.0,23.0,0.371,0.0138,6.37,38.07,38.5,0.95,0.487,2.84
LMT-0265,23.0,23.6,0.375,0.0141,6.39,40.1,41.21,0.98,0.436,2.51
LMT-0266,0.0,1.0,0.733,0.038,49.74,0.53,3.93,7.34,3.129,1.43
LMT-0266,1.0,2.0,1.043,0.0524,43.67,1.53,6.28,7.36,2.674,1.38
LMT-0266,2.0,3.0,0.96,0.051,48.25,2.07,8.37,4.81,2.113,1.29
LMT-0266,3.0,4.0,1.018,0.07,45.41,2.41,9.08,6.1,2.531,1.43
LMT-0266,4.0,5.0,0.887,0.0721,43.78,2.48,9.53,5.76,1.619,1.41
LMT-0266,5.0,6.0,1.129,0.0875,43.2,3.77,12.04,5.09,2.154,1.41
LMT-0266,6.0,7.0,1.03,0.0913,40.92,4.25,11.46,4.43,2.382,1.41
LMT-0266,7.0,8.0,1.048,0.0798,38.62,4.41,12.88,4.49,2.386,1.44
LMT-0266,8.0,9.0,1.192,0.1017,38.38,4.81,14.28,4.17,2.115,1.39
LMT-0266,9.0,10.0,1.309,0.1997,40.83,5.49,15.2,4.0,2.27,1.5
LMT-0266,10.0,11.0,1.308,0.3166,32.99,5.98,17.58,3.57,2.203,1.51
LMT-0266,11.0,12.0,2.376,0.0927,20.75,8.12,33.3,2.3,1.612,1.48
LMT-0266,12.0,13.0,2.093,0.1422,20.16,10.87,34.36,2.4,1.368,1.45
LMT-0266,13.0,14.0,2.091,0.0632,18.29,10.11,30.02,1.96,1.217,1.5
LMT-0266,14.0,15.0,2.067,0.0586,19.16,13.85,37.93,2.29,1.463,1.58
LMT-0266,15.0,16.0,2.001,0.0502,18.09,15.5,31.23,2.75,1.164,1.54
LMT-0266,16.0,17.0,1.708,0.0364,16.71,13.88,34.94,2.33,1.186,1.37
LMT-0266,17.0,18.0,1.73,0.0463,17.2,16.89,37.45,2.29,1.229,1.65
LMT-0266,18.0,19.0,1.94,0.046,17.23,15.7,36.2,2.18,1.009,1.54
LMT-0266,19.0,20.0,1.818,0.0406,16.52,17.45,33.99,1.73,1.449,1.63
LMT-0266,20.0,21.0,1.573,0.0294,15.65,16.39,36.82,1.68,1.007,1.54
LMT-0266,21.0,22.0,1.375,0.0337,14.15,19.23,40.93,1.7,1.194,1.62
LMT-0266,22.0,23.0,1.281,0.0332,13.42,18.85,36.64,1.3,1.07,1.66
LMT-0266,23.0,24.0,1.296,0.0273,13.08,21.11,36.13,1.58,0.819,1.76
LMT-0266,24.0,25.0,1.356,0.0325,12.64,21.54,35.9,1.22,0.954,1.76
LMT-0266,25.0,26.0,1.147,0.0337,12.03,21.6,41.01,1.21,1.146,1.74
LMT-0266,26.0,27.0,1.268,0.0269,11.4,22.72,39.34,1.22,0.958,1.72
LMT-0266,27.0,28.0,1.06,0.0232,9.91,23.6,38.15,1.09,0.969,1.8
LMT-0266,28.0,29.0,1.088,0.027,10.0,27.68,39.39,1.19,0.948,1.8
LMT-0266,29.0,30.0,0.997,0.0257,9.18,26.88,37.85,0.96,0.862,1.84
LMT-0266,30.0,31.0,0.278,0.0089,6.56,40.01,37.21,0.76,0.478,2.45
LMT-0266,31.0,32.0,0.232,0.0126,6.94,31.22,40.23,0.83,0.434,2.56
LMT-0266,32.0,33.0,0.258,0.0117,5.65,33.93,42.65,0.71,0.482,2.75
LMT-0267,0.0,1.0,0.614,0.0471,47.35,0.78,4.54,7.88,2.936,1.63
LMT-0267,1.0,2.0,1.035,0.0637,48.63,1.81,7.84,6.87,3.095,1.44
LMT-0267,2.0,3.0,0.979,0.0587,42.72,2.63,8.83,6.88,2.655,1.48
LMT-0267,3.0,4.0,1.217,0.0932,39.69,3.24,10.58,6.3,2.663,1.4
LMT-0267,4.0,5.0,1.264,0.0801,42.04,3.02,11.53,4.8,2.618,1.52
LMT-0267,5.0,6.0,1.396,0.0773,41.53,5.03,12.87,4.67,2.401,1.43
LMT-0267,6.0,7.0,1.108,0.1534,37.98,5.04,14.77,3.15,2.427,1.58
LMT-0267,7.0,8.0,1.399,0.2362,35.84,5.8,16.46,2.88,2.129,1.59
LMT-0267,8.0,9.0,2.113,0.1514,18.95,9.44,33.05,2.39,1.715,1.53
LMT-0267,9.0,10.0,1.995,0.1294,20.79,11.64,32.7,2.67,1.319,1.48
LMT-0267,10.0,11.0,2.677,0.0909,19.74,12.17,35.2,1.95,1.431,1.51
LMT-0267,11.0,12.0,2.355,0.0476,19.22,13.61,29.33,2.42,1.429,1.58
LMT-0267,12.0,13.0,1.932,0.0519,18.1,13.86,36.08,2.48,1.156,1.59
LMT-0267,13.0,14.0,2.124,0.0462,17.18,14.01,36.59,2.0,1.334,1.64
LMT-0267,14.0,15.0,2.161,0.0397,17.42,15.89,31.94,1.83,1.4,1.58
LMT-0267,15.0,16.0,2.026,0.0419,16.73,16.38,39.6,1.96,1.526,1.6
LMT-0267,16.0,17.0,1.597,0.0349,15.25,19.19,36.85,1.89,1.094,1.76
LMT-0267,17.0,18.0,1.877,0.0438,14.91,19.0,37.67,1.85,1.231,1.68
LMT-0267,18.0,19.0,1.739,0.0441,14.25,20.49,37.28,1.59,0.998,1.7
LMT-0267,19.0,20.0,1.605,0.0445,15.29,20.48,40.92,1.54,1.176,1.78
LMT-0267,20.0,21.0,1.263,0.0302,12.89,21.67,38.17,1.58,1.193,1.76
LMT-0267,21.0,22.0,1.319,0.0308,12.73,24.8,38.09,1.38,1.083,1.81
LMT-0267,22.0,23.0,1.504,0.0248,12.41,22.69,37.67,0.92,1.055,1.85
LMT-0267,23.0,24.0,1.266,0.0281,11.45,24.71,42.94,1.19,0.86,1.72
LMT-0267,24.0,25.0,1.415,0.0254,11.19,26.25,37.79,1.41,1.009,1.99
LMT-0267,25.0,26.0,1.096,0.0179,9.67,25.9,39.4,1.09,0.758,1.83
LMT-0267,26.0,27.0,0.34,0.0132,6.84,38.44,38.07,1.16,0.459,2.58
LMT-0267,27.0,28.0,0.302,0.0137,6.63,39.12,35.87,0.91,0.404,2.56
LMT-0267,28.0,29.0,0.322,0.0143,6.34,35.25,42.81,0.93,0.423,2.55
LMT-0267,29.0,29.4,0.292,0.0144,6.26,35.22,39.83,0.86,0.485,2.74
LMT-0268,0.0,1.0,0.722,0.0258,48.36,0.86,4.19,8.32,2.632,1.45
LMT-0268,1.0,2.0,1.139,0.0607,46.35,1.55,7.6,5.65,2.359,1.25
LMT-0268,2.0,3.0,1.054,0.0772,42.16,2.53,8.64,6.21,2.562,1.38
LMT-0268,3.0,4.0,1.214,0.0906,43.44,3.05,10.9,4.92,2.005,1.42
LMT-0268,4.0,5.0,1.187,0.092,42.44,3.65,12.28,4.26,2.211,1.48
LMT-0268,5.0,6.0,1.275,0.1204,37.46,4.39,14.49,4.23,1.899,1.52
LMT-0268,6.0,7.0,1.198,0.2301,39.25,4.76,16.26,3.08,1.989,1.5
LMT-0268,7.0,8.0,2.116,0.1602,18.77,8.92,32.56,2.47,1.596,1.46
LMT-0268,8.0,9.0,2.097,0.1196,20.07,11.86,30.23,2.14,1.171,1.5
LMT-0268,9.0,10.0,2.484,0.063,19.39,11.15,32.64,2.85,1.508,1.48
LMT-0268,10.0,11.0,1.98,0.054,17.88,11.84,29.7,2.3,1.223,1.4
LMT-0268,11.0,12.0,1.618,0.0388,17.34,13.79,34.76,1.98,1.327,1.59
LMT-0268,12.0,13.0,2.027,0.0444,17.73,13.86,29.77,2.07,1.393,1.63
LMT-0268,13.0,14.0,1.818,0.0346,17.38,14.8,34.6,1.49,1.227,1.52
LMT-0268,14.0,15.0,1.336,0.0384,14.83,15.09,36.11,1.43,1.247,1.62
LMT-0268,15.0,16.0,1.657,0.0397,15.85,18.54,34.1,2.26,1.374,1.55
LMT-0268,16.0,17.0,1.611,0.0473,14.02,18.45,37.87,1.79,0.896,1.62
LMT-0268,17.0,18.0,1.46,0.0287,15.25,17.26,38.18,1.54,1.103,1.66
LMT-0268,18.0,19.0,1.306,0.0291,14.35,20.05,34.83,1.57,0.958,1.52
LMT-0268,19.0,20.0,1.153,0.034,12.94,24.0,38.22,1.56,1.186,1.64
LMT-0268,20.0,21.0,1.193,0.0333,12.35,22.97,39.15,1.43,0.861,1.83
LMT-0268,21.0,22.0,,,,,,,,1.79
LMT-0268,22.0,23.0,1.285,0.0233,11.33,25.7,41.23,1.26,0.866,1.84
LMT-0268,23.0,24.0,1.151,0.0286,10.22,27.16,37.84,1.22,0.793,1.73
LMT-0268,24.0,25.0,1.21,0.0193,9.21,29.25,39.4,1.09,0.776,1.79
LMT-0268,25.0,26.0,0.334,0.0137,6.33,37.74,35.18,0.94,0.376,2.5
LMT-0268,26.0,27.0,0.27,0.0106,6.4,36.53,41.58,0.75,0.53,2.62
LMT-0268,27.0,27.5,0.243,0.0142,6.47,39.9,36.1,0.87,0.438,2.64
LMT-0269,0.0,1.0,0.761,0.0493,44.32,0.77,3.56,7.93,2.591,1.5
LMT-0269,1.0,2.0,0.783,0.0587,42.38,1.61,7.01,6.99,2.354,1.3
LMT-0269,2.0,3.0,1.114,0.0733,43.76,2.75,9.92,3.13,2.161,1.48
LMT-0269,3.0,4.0,1.067,0.0652,42.66,3.33,11.16,4.01,1.936,1.34
LMT-0269,4.0,5.0,1.065,0.1857,37.5,4.65,12.77,4.09,2.305,1.48
LMT-0269,5.0,6.0,1.392,0.2816,33.73,5.7,16.8,2.69,1.986,1.43
LMT-0269,6.0,7.0,2.435,0.1465,18.4,9.36,30.49,1.52,1.259,1.42
LMT-0269,7.0,8.0,2.11,0.0869,18.39,10.5,35.75,2.15,1.571,1.44
LMT-0269,8.0,9.0,1.707,0.0508,18.75,11.72,31.34,1.76,1.222,1.48
LMT-0269,9.0,10.0,1.91,0.0357,17.06,11.85,28.36,1.34,1.331,1.56
LMT-0269,10.0,11.0,1.578,0.0323,16.05,12.95,34.43,1.87,1.461,1.46
LMT-0269,11.0,12.0,2.103,0.0507,15.45,17.67,33.7,1.73,1.279,1.63
LMT-0269,12.0,13.0,1.417,0.0327,14.84,12.98,34.19,1.78,1.229,1.65
LMT-0269,13.0,14.0,1.764,0.0308,14.35,17.4,31.2,1.18,1.083,1.56
LMT-0269,14.0,15.0,1.55,0.0356,13.21,18.19,33.38,1.39,1.008,1.67
LMT-0269,15.0,16.0,1.278,0.0296,13.28,20.44,35.59,1.78,0.98,1.54
LMT-0269,16.0,17.0,1.272,0.0241,11.09,18.53,35.66,1.42,0.903,1.68
LMT-0269,17.0,18.0,1.311,0.0263,10.72,17.59,37.83,1.41,0.892,1.68
LMT-0269,18.0,19.0,1.177,0.0244,10.97,19.56,39.14,0.82,0.83,1.82
LMT-0269,19.0,20.0,1.134,0.0215,9.65,21.76,35.76,1.12,0.935,1.73
LMT-0269,20.0,21.0,1.255,0.0166,9.95,24.76,43.4,0.84,0.832,1.91
LMT-0269,21.0,22.0,0.272,0.0139,6.18,31.24,36.13,0.79,0.378,2.48
LMT-0269,22.0,23.0,0.271,0.0107,6.88,35.36,39.88,0.86,0.446,2.56
LMT-0269,23.0,23.9,0.275,0.0093,6.53,37.58,36.41,0.82,0.428,2.47
LMT-0270,0.0,1.0,0.573,0.0349,47.94,0.75,4.22,7.19,2.089,1.35
LMT-0270,1.0,2.0,0.888,0.0653,42.2,2.2,8.42,4.41,1.797,1.23
LMT-0270,2.0,3.0,0.93,0.107,39.15,3.43,10.68,4.59,1.854,1.28
LMT-0270,3.0,4.0,1.158,0.0985,36.98,4.64,12.58,4.38,1.547,1.38
LMT-0270,4.0,5.0,2.015,0.1211,20.43,9.11,30.63,1.84,1.621,1.5
LMT-0270,5.0,6.0,1.955,0.0325,17.04,10.17,30.5,1.8,1.279,1.42
LMT-0270,6.0,7.0,1.623,0.0602,16.91,10.67,28.61,1.42,1.361,1.47
LMT-0270,7.0,8.0,1.479,0.0415,14.94,11.68,28.42,2.07,1.133,1.54
LMT-0270,8.0,9.0,1.68,0.0348,17.15,12.95,32.28,1.76,1.053,1.51
LMT-0270,9.0,10.0,1.505,0.0355,16.47,15.88,32.71,1.43,0.979,1.54
LMT-0270,10.0,11.0,1.513,0.0368,14.36,17.12,36.27,1.14,0.886,1.39
LMT-0270,11.0,12.0,1.379,0.0269,13.59,15.76,33.68,1.36,0.83,1.6
LMT-0270,12.0,13.0,1.386,0.027,13.49,18.69,34.91,1.3,1.012,1.6
LMT-0270,13.0,14.0,1.351,0.0295,12.62,19.43,35.33,1.08,0.566,1.63
LMT-0270,14.0,15.0,1.245,0.0219,11.53,20.22,37.43,1.16,0.797,1.64
LMT-0270,15.0,16.0,1.076,0.0231,9.69,16.79,38.04,1.1,0.735,1.65
LMT-0270,16.0,17.0,1.115,0.0178,9.92,19.65,37.52,1.07,0.644,1.66
LMT-0270,17.0,18.0,0.912,0.0172,8.98,24.74,40.11,0.94,0.672,1.76
LMT-0270,18.0,19.0,0.247,0.0125,6.11,32.51,33.63,0.52,0.372,2.47
LMT-0270,19.0,20.0,0.261,0.0091,6.58,30.7,40.53,0.81,0.345,2.48
LMT-0270,20.0,20.4,0.246,0.0103,5.98,39.13,32.44,0.65,0.343,2.65
LMT-0271,0.0,1.0,0.502,0.0307,43.44,0.72,3.96,4.4,2.288,1.44
LMT-0271,1.0,2.0,0.809,0.0744,39.49,2.0,8.08,3.71,1.758,1.25
LMT-0271,2.0,3.0,0.809,0.116,37.24,3.55,10.52,2.41,1.686,1.42
LMT-0271,3.0,4.0,1.063,0.2448,33.75,5.11,15.72,2.11,1.252,1.47
LMT-0271,4.0,5.0,1.446,0.0838,19.13,7.16,26.79,1.34,0.936,1.3
LMT-0271,5.0,6.0,1.633,0.0639,17.07,10.5,29.57,2.11,0.908,1.31
LMT-0271,6.0,7.0,1.907,0.0244,16.58,10.98,26.67,1.28,0.832,1.24
LMT-0271,7.0,8.0,1.597,0.0231,15.46,11.98,31.1,1.1,1.069,1.4
LMT-0271,8.0,9.0,1.288,0.0212,14.57,13.71,31.39,1.15,0.863,1.39
LMT-0271,9.0,10.0,1.396,0.0204,14.33,12.56,34.02,1.14,0.7,1.46
LMT-0271,10.0,11.0,1.388,0.0199,13.05,16.6,28.77,1.33,0.886,1.48
LMT-0271,11.0,12.0,1.046,0.0196,12.68,15.03,31.64,1.2,0.893,1.48
LMT-0271,12.0,13.0,1.195,0.0222,11.01,16.99,33.9,1.06,0.842,1.62
LMT-0271,13.0,14.0,1.019,0.0208,10.4,18.57,30.23,0.63,0.792,1.58
LMT-0271,14.0,15.0,1.023,0.0165,9.71,19.04,35.21,0.85,0.784,1.49
LMT-0271,15.0,16.0,0.796,0.0222,10.07,21.35,32.99,0.79,0.635,1.61
LMT-0271,16.0,17.0,0.234,0.0084,5.15,28.52,37.91,0.75,0.367,2.21
LMT-0271,17.0,18.0,0.237,0.0105,6.3,32.67,35.24,0.71,0.39,2.43
LMT-0271,18.0,18.8,0.168,0.006,6.15,28.43,32.22,0.68,0.374,2.35
LMT-0272,0.0,1.0,0.534,0.0368,44.84,0.75,3.93,5.35,2.486,1.42
LMT-0272,1.0,2.0,0.948,0.0593,43.0,2.01,8.92,4.56,1.966,1.2
LMT-0272,2.0,3.0,0.756,0.0766,38.16,3.18,11.23,2.8,1.898,1.24
LMT-0272,3.0,4.0,1.268,0.1894,32.31,4.48,13.64,3.13,1.772,1.38
LMT-0272,4.0,5.0,1.843,0.1314,19.73,9.12,26.51,1.03,1.21,1.4
LMT-0272,5.0,6.0,2.119,0.0575,18.28,10.65,30.69,1.82,1.209,1.36
LMT-0272,6.0,7.0,1.806,0.0283,16.89,11.39,27.05,1.93,1.023,1.47
LMT-0272,7.0,8.0,1.748,0.0485,16.08,11.52,33.49,1.49,0.819,1.42
LMT-0272,8.0,9.0,1.535,0.0392,15.78,11.33,28.62,1.66,0.638,1.5
LMT-0272,9.0,10.0,1.606,0.0334,15.07,13.36,32.02,1.03,1.135,1.43
LMT-0272,10.0,11.0,1.477,0.0226,14.53,14.01,31.42,1.01,1.006,1.51
LMT-0272,11.0,12.0,1.492,0.0233,12.2,17.22,31.89,1.18,0.704,1.68
LMT-0272,12.0,13.0,1.193,0.0309,12.9,20.03,34.04,0.85,0.928,1.56
LMT-0272,13.0,14.0,0.92,0.0256,11.34,19.59,34.17,0.76,0.77,1.62
LMT-0272,14.0,15.0,1.007,0.0227,11.99,18.7,35.58,0.85,0.762,1.51
LMT-0272,15.0,16.0,1.182,0.0125,10.15,21.41,35.15,0.67,0.874,1.63
LMT-0272,16.0,17.0,0.91,0.0197,10.34,22.07,36.28,0.73,0.655,1.4
LMT-0272,17.0,18.0,0.856,0.0145,8.25,24.0,35.81,0.7,0.833,1.74
LMT-0272,18.0,19.0,0.257,0.0097,6.48,30.4,33.89,0.93,0.338,2.35
LMT-0272,19.0,20.0,0.259,0.0121,6.06,28.93,41.73,0.71,0.465,2.47
LMT-0272,20.0,20.5,0.187,0.0111,5.41,32.41,37.17,0.79,0.372,2.41
LMT-0273,0.0,1.0,0.543,0.0422,43.27,0.68,3.78,4.33,2.037,1.46
LMT-0273,1.0,2.0,0.747,0.0316,37.69,2.16,7.55,3.79,1.945,1.41
LMT-0273,2.0,3.0,0.931,0.0574,40.06,3.19,10.47,2.86,1.462,1.47
LMT-0273,3.0,4.0,1.241,0.1516,39.01,2.99,12.14,2.46,1.88,1.34
LMT-0273,4.0,5.0,1.101,0.1238,32.62,4.73,16.42,2.21,1.523,1.37
LMT-0273,5.0,6.0,2.15,0.0899,19.46,6.74,30.07,1.66,1.279,1.39
LMT-0273,6.0,7.0,2.023,0.053,17.91,9.01,33.6,1.37,1.07,1.29
LMT-0273,7.0,8.0,1.555,0.0364,17.57,10.15,26.81,1.89,1.084,1.36
LMT-0273,8.0,9.0,1.896,0.0269,16.65,11.64,26.28,1.26,1.022,1.44
LMT-0273,9.0,10.0,1.484,0.0183,16.39,10.81,31.24,1.04,1.062,1.48
LMT-0273,10.0,11.0,1.627,0.0317,14.0,9.67,36.24,1.35,0.779,1.44
LMT-0273,11.0,12.0,1.315,0.0235,15.98,12.74,31.57,0.93,1.001,1.55
LMT-0273,12.0,13.0,1.525,0.0179,14.44,15.41,29.69,1.16,0.832,1.41
LMT-0273,13.0,14.0,1.245,0.0304,13.88,13.68,35.02,1.55,0.937,1.53
LMT-0273,14.0,15.0,1.19,0.0259,12.0,17.88,34.02,1.05,0.874,1.61
LMT-0273,15.0,16.0,1.542,0.0234,11.96,20.03,34.01,0.96,0.743,1.43
LMT-0273,16.0,17.0,1.202,0.0195,10.68,21.29,36.8,0.62,0.709,1.46
LMT-0273,17.0,18.0,1.126,0.0228,11.11,20.65,36.88,0.97,0.925,1.63
LMT-0273,18.0,19.0,0.955,0.0164,9.51,18.95,35.19,0.97,0.543,1.59
LMT-0273,19.0,20.0,0.915,0.0166,9.53,22.76,35.28,1.01,0.753,1.6
LMT-0273,20.0,21.0,0.968,0.012,8.06,21.97,35.6,0.82,0.803,1.66
LMT-0273,21.0,22.0,0.262,0.0101,6.08,27.92,34.56,0.57,0.318,2.4
LMT-0273,22.0,22.9,0.234,0.0081,6.02,30.06,35.36,0.61,0.335,2.44
LMT-0274,0.0,1.0,0.523,0.0276,43.07,0.8,4.01,4.32,2.214,1.35
LMT-0274,1.0,2.0,0.703,0.039,39.6,1.85,7.18,3.65,1.766,1.31
LMT-0274,2.0,3.0,0.952,0.0337,39.72,2.57,7.94,3.98,1.678,1.33
LMT-0274,3.0,4.0,0.829,0.0751,37.28,3.0,8.95,5.06,1.647,1.24
LMT-0274,4.0,5.0,0.916,0.1026,35.59,3.41,12.19,1.66,1.585,1.3
LMT-0274,5.0,6.0,1.29,0.1466,34.4,5.04,12.87,2.56,1.497,1.26
LMT-0274,6.0,7.0,1.872,0.059,19.46,6.67,25.65,1.96,1.467,1.29
LMT-0274,7.0,8.0,2.033,0.0768,16.75,8.85,28.93,1.55,1.141,1.46
LMT-0274,8.0,9.0,1.586,0.0448,18.2,10.02,26.81,1.52,1.269,1.3
LMT-0274,9.0,10.0,2.341,0.035,15.23,11.07,26.68,1.13,1.124,1.32
LMT-0274,10.0,11.0,1.856,0.0273,17.64,11.39,29.16,1.29,1.01,1.48
LMT-0274,11.0,12.0,1.752,0.0281,15.15,14.14,31.5,1.38,1.01,1.49
LMT-0274,12.0,13.0,1.36,0.0295,13.86,11.94,30.98,1.41,0.995,1.45
LMT-0274,13.0,14.0,1.463,0.0262,14.78,13.41,32.41,1.29,0.776,1.38
LMT-0274,14.0,15.0,1.327,0.0255,14.31,13.97,31.34,1.14,1.086,1.42
LMT-0274,15.0,16.0,1.141,0.0223,12.44,14.96,35.27,1.11,0.791,1.6
LMT-0274,16.0,17.0,1.272,0.0137,12.42,17.87,32.26,1.4,0.859,1.58
LMT-0274,17.0,18.0,1.051,0.0219,12.12,19.68,29.98,1.16,0.677,1.6
LMT-0274,18.0,19.0,1.285,0.0224,12.44,18.12,37.46,1.15,0.952,1.6
LMT-0274,19.0,20.0,1.052,0.0255,10.92,18.11,31.15,0.93,0.634,1.68
LMT-0274,20.0,21.0,0.771,0.0124,10.86,19.34,37.03,0.78,0.644,1.56
LMT-0274,21.0,22.0,0.999,0.0136,9.37,18.58,37.07,0.87,0.689,1.6
LMT-0274,22.0,23.0,0.955,0.0159,9.12,23.2,35.37,1.03,0.884,1.75
LMT-0274,23.0,24.0,0.925,0.0197,7.99,21.13,34.17,0.79,0.484,1.53
LMT-0274,24.0,25.0,0.229,0.0116,6.09,32.64,35.45,0.61,0.411,2.21
LMT-0274,25.0,26.0,0.206,0.0114,5.74,31.71,35.37,0.67,0.371,2.38
LMT-0274,26.0,26.9,0.274,0.0073,5.67,33.31,37.28,0.45,0.389,2.31
LMT-0275,0.0,1.0,0.635,0.0279,43.52,0.64,3.81,6.5,1.736,1.35
LMT-0275,1.0,2.0,0.881,0.0491,41.43,1.67,6.28,3.4,1.675,1.31
LMT-0275,2.0,3.0,0.604,0.0507,34.83,2.52,8.43,3.06,1.985,1.34
LMT-0275,3.0,4.0,0.951,0.0691,37.28,3.27,9.5,3.57,2.103,1.24
LMT-0275,4.0,5.0,0.986,0.1005,32.81,3.68,10.44,3.7,1.592,1.36
LMT-0275,5.0,6.0,0.922,0.114,32.38,4.37,11.88,2.41,1.519,1.22
LMT-0275,6.0,7.0,0.905,0.0892,32.24,4.99,13.19,2.15,1.59,1.36
LMT-0275,7.0,8.0,2.124,0.1088,19.42,9.14,26.42,1.31,1.126,1.35
LMT-0275,8.0,9.0,1.953,0.0453,16.72,9.46,30.22,1.3,1.074,1.42
LMT-0275,9.0,10.0,1.77,0.0551,16.23,10.49,29.46,1.22,0.879,1.45
LMT-0275,10.0,11.0,1.646,0.0344,16.12,12.27,28.85,1.34,0.972,1.41
LMT-0275,11.0,12.0,1.506,0.0313,15.09,15.41,28.31,1.55,0.984,1.37
LMT-0275,12.0,13.0,1.908,0.0374,15.01,14.38,28.18,1.76,0.975,1.39
LMT-0275,13.0,14.0,1.463,0.031,13.03,14.36,30.57,1.45,0.957,1.41
LMT-0275,14.0,15.0,1.5,0.0197,14.4,14.75,31.91,0.76,1.021,1.57
LMT-0275,15.0,16.0,1.626,0.0309,12.47,16.37,31.53,1.4,0.992,1.55
LMT-0275,16.0,17.0,1.381,0.0254,11.32,16.75,33.91,1.18,0.918,1.71
LMT-0275,17.0,18.0,1.361,0.0138,11.82,14.66,33.15,1.08,0.71,1.68
LMT-0275,18.0,19.0,1.314,0.0258,11.18,18.53,34.99,1.02,0.765,1.45
LMT-0275,19.0,20.0,1.069,0.0121,11.0,17.29,31.27,0.8,0.709,1.59
LMT-0275,20.0,21.0,0.933,0.012,9.35,18.83,34.42,0.85,0.591,1.61
LMT-0275,21.0,22.0,1.106,0.0183,9.22,23.11,34.11,1.14,0.771,1.55
LMT-0275,22.0,23.0,0.993,0.0111,8.44,22.74,36.71,0.57,0.466,1.62
LMT-0275,23.0,24.0,0.265,0.009,5.87,31.78,30.87,0.79,0.334,2.2
LMT-0275,24.0,25.0,0.248,0.0057,5.59,34.15,35.23,0.56,0.372,2.35
LMT-0275,25.0,26.2,0.24,0.0109,5.07,32.47,35.35,0.57,0.27,2.4
LMT-0276,0.0,1.0,0.585,0.0301,43.96,0.65,3.5,5.87,2.27,1.32
LMT-0276,1.0,2.0,0.7,0.0615,40.25,1.41,6.93,3.58,2.187,1.36
LMT-0276,2.0,3.0,0.784,0.0316,43.32,1.81,7.54,5.71,1.817,1.32
LMT-0276,3.0,4.0,1.073,0.068,39.12,2.91,9.89,3.8,1.875,1.24
LMT-0276,4.0,5.0,1.277,0.059,33.26,2.97,12.66,3.11,1.643,1.23
LMT-0276,5.0,6.0,1.317,0.1132,34.59,4.01,12.92,2.45,1.677,1.29
LMT-0276,6.0,7.0,1.174,0.1829,38.37,4.81,14.29,3.14,1.347,1.38
LMT-0276,7.0,8.0,2.055,0.1075,18.53,8.1,23.68,1.81,1.039,1.39
LMT-0276,8.0,9.0,1.941,0.1044,16.35,8.24,30.86,1.44,1.077,1.4
LMT-0276,9.0,10.0,1.789,0.0317,16.54,8.55,29.08,1.34,1.144,1.37
LMT-0276,10.0,11.0,1.753,0.0295,16.07,9.76,28.67,1.4,1.128,1.33
LMT-0276,11.0,12.0,1.794,0.0304,15.65,11.68,29.18,1.5,0.928,1.42
LMT-0276,12.0,13.0,1.823,0.0295,15.27,13.91,29.94,1.02,0.941,1.44
LMT-0276,13.0,14.0,1.65,0.0246,14.65,12.64,28.94,0.96,0.778,1.37
LMT-0276,14.0,15.0,1.503,0.0191,14.25,14.37,31.85,1.3,0.942,1.57
LMT-0276,15.0,16.0,1.292,0.0263,11.65,16.66,29.45,0.81,1.01,1.52
LMT-0276,16.0,17.0,1.431,0.0183,13.0,17.18,33.49,1.31,0.714,1.44
LMT-0276,17.0,18.0,1.072,0.0207,12.81,17.29,30.78,1.13,0.719,1.52
LMT-0276,18.0,19.0,1.357,0.0128,12.66,17.83,32.59,0.61,0.861,1.69
LMT-0276,19.0,20.0,1.269,0.0225,10.47,19.27,31.29,0.89,0.829,1.46
LMT-0276,20.0,21.0,0.98,0.0199,10.04,20.65,37.32,0.9,0.629,1.49
LMT-0276,21.0,22.0,1.065,0.0131,9.7,17.34,34.05,0.74,0.583,1.55
LMT-0276,22.0,23.0,1.042,0.0169,8.35,22.89,39.32,0.68,0.775,1.53
LMT-0276,23.0,24.0,0.235,0.0084,6.67,30.92,34.52,0.51,0.275,2.55
LMT-0276,24.0,25.0,0.239,0.006,6.07,27.79,33.06,0.8,0.379,2.47
LMT-0276,25.0,26.0,0.241,0.0073,4.85,28.79,30.57,0.64,0.368,2.44
LMT-0276,26.0,26.6,0.212,0.0085,6.01,36.96,35.62,0.63,0.286,2.39
LMT-0277,0.0,1.0,0.755,0.0353,47.78,0.76,3.64,8.01,1.968,1.51
LMT-0277,1.0,2.0,1.088,0.0713,47.41,1.61,7.25,4.87,2.334,1.38
LMT-0277,2.0,3.0,1.083,0.0628,44.53,2.55,9.66,4.92,2.443,1.34
LMT-0277,3.0,4.0,1.185,0.0832,40.13,3.33,11.12,3.38,1.956,1.42
LMT-0277,4.0,5.0,1.163,0.0822,38.11,3.79,13.6,3.67,2.079,1.52
LMT-0277,5.0,6.0,1.27,0.2011,38.81,4.53,15.47,3.2,2.035,1.4
LMT-0277,6.0,7.0,1.365,0.2108,37.57,5.21,17.08,3.22,1.851,1.45
LMT-0277,7.0,8.0,2.522,0.1216,19.37,9.08,28.14,1.97,1.565,1.41
LMT-0277,8.0,9.0,2.182,0.1016,17.96,10.44,28.64,2.07,1.431,1.46
LMT-0277,9.0,10.0,2.029,0.0705,19.22,11.66,31.24,1.75,1.525,1.48
LMT-0277,10.0,11.0,2.461,0.0444,17.36,10.04,37.21,1.94,1.448,1.57
LMT-0277,11.0,12.0,2.115,0.0341,16.86,11.74,33.3,2.23,1.321,1.52
LMT-0277,12.0,13.0,1.958,0.0473,16.96,15.56,33.52,1.69,1.309,1.63
LMT-0277,13.0,14.0,2.272,0.0364,16.85,14.39,35.66,1.32,1.159,1.62
LMT-0277,14.0,15.0,1.86,0.0431,14.82,15.6,34.47,2.03,1.458,1.65
LMT-0277,15.0,16.0,,,,,,,,1.65
LMT-0277,16.0,17.0,1.894,0.0401,15.39,18.79,35.54,1.47,0.978,1.69
LMT-0277,17.0,18.0,1.592,0.0353,13.59,20.02,34.16,1.6,1.118,1.59
LMT-0277,18.0,19.0,1.641,0.0266,13.84,18.88,35.54,1.38,1.185,1.61
LMT-0277,19.0,20.0,1.469,0.0316,13.5,21.01,38.21,1.4,0.909,1.58
LMT-0277,20.0,21.0,1.775,0.0311,13.3,21.37,35.93,1.23,0.933,1.56
LMT-0277,21.0,22.0,1.653,0.0203,11.64,21.18,39.37,1.41,1.167,1.7
LMT-0277,22.0,23.0,1.677,0.031,12.21,23.64,42.05,1.09,0.877,1.68
LMT-0277,23.0,24.0,1.227,0.0257,10.75,23.51,36.53,1.29,0.928,1.72
LMT-0277,24.0,25.0,1.224,0.0283,10.18,25.38,40.51,1.15,0.76,1.7
LMT-0277,25.0,26.0,1.361,0.0275,8.57,26.91,38.68,0.83,1.017,1.78
LMT-0277,26.0,27.0,0.373,0.0096,5.67,35.87,41.15,0.74,0.442,2.47
LMT-0277,27.0,28.0,0.293,0.0125,6.41,34.55,37.74,0.73,0.457,2.46
LMT-0277,28.0,29.1,0.314,0.013,6.31,38.13,36.97,0.96,0.388,2.51
LMT-0278,0.0,1.0,0.764,0.0341,48.9,0.75,3.82,8.7,2.655,1.66
LMT-0278,1.0,2.0,1.114,0.0626,47.6,1.68,7.34,6.59,2.77,1.48
LMT-0278,2.0,3.0,1.064,0.0992,46.9,2.6,10.02,6.06,2.312,1.46
LMT-0278,3.0,4.0,1.442,0.0844,41.24,3.04,11.93,6.42,2.085,1.45
LMT-0278,4.0,5.0,1.523,0.103,40.0,4.46,13.65,5.55,2.371,1.6
LMT-0278,5.0,6.0,1.503,0.1668,42.07,5.46,14.99,5.56,2.311,1.51
LMT-0278,6.0,7.0,1.524,0.2859,40.21,5.66,16.88,3.88,1.967,1.56
LMT-0278,7.0,8.0,2.869,0.1717,22.26,10.34,30.28,2.92,1.601,1.42
LMT-0278,8.0,9.0,2.548,0.0994,20.2,11.53,34.2,2.46,1.267,1.57
LMT-0278,9.0,10.0,2.518,0.0551,20.75,11.59,31.31,2.2,1.454,1.52
LMT-0278,10.0,11.0,2.457,0.0485,19.73,13.57,32.07,2.27,1.441,1.59
LMT-0278,11.0,12.0,2.704,0.0532,17.72,13.6,35.84,2.53,1.327,1.53
LMT-0278,12.0,13.0,2.657,0.0599,18.24,15.86,36.21,2.34,1.656,1.69
LMT-0278,13.0,14.0,2.284,0.0507,17.53,17.04,35.87,2.05,1.39,1.71
LMT-0278,14.0,15.0,2.421,0.0408,16.54,15.47,37.78,2.26,1.456,1.57
LMT-0278,15.0,16.0,2.065,0.0429,17.32,16.1,35.77,1.84,1.479,1.66
LMT-0278,16.0,17.0,2.18,0.0428,16.06,17.01,38.77,1.99,1.388,1.71
LMT-0278,17.0,18.0,1.842,0.0445,14.78,19.34,38.68,1.63,1.175,1.63
LMT-0278,18.0,19.0,2.329,0.0315,14.43,19.94,36.88,1.41,1.281,1.71
LMT-0278,19.0,20.0,2.105,0.0323,13.89,19.39,37.61,1.35,1.288,1.68
LMT-0278,20.0,21.0,1.923,0.0363,13.65,19.26,37.38,1.48,1.104,1.65
LMT-0278,21.0,22.0,1.843,0.0285,12.97,24.08,41.41,1.44,1.104,1.69
LMT-0278,22.0,23.0,1.616,0.0351,12.96,19.72,41.81,1.73,1.289,1.78
LMT-0278,23.0,24.0,1.471,0.0299,11.4,22.1,41.3,1.66,1.049,1.73
LMT-0278,24.0,25.0,1.477,0.029,11.31,22.95,38.06,1.29,0.96,1.79
LMT-0278,25.0,26.0,1.701,0.0217,10.86,23.71,40.66,1.21,0.98,1.77
LMT-0278,26.0,27.0,1.503,0.0236,11.02,26.61,42.59,1.39,0.898,1.84
LMT-0278,27.0,28.0,1.35,0.0256,10.41,28.19,43.65,1.32,0.758,1.77
LMT-0278,28.0,29.0,1.156,0.0278,9.7,27.7,40.8,1.17,0.85,1.91
LMT-0278,29.0,30.0,0.343,0.0158,7.1,40.1,39.76,1.15,0.489,2.59
LMT-0278,30.0,31.1,0.351,0.0152,6.7,41.93,39.64,0.99,0.437,2.55
LMT-0279,0.0,1.0,0.681,0.0266,49.48,0.79,3.46,7.88,2.519,1.45
LMT-0279,1.0,2.0,1.084,0.0651,48.31,1.58,6.17,6.43,2.36,1.42
LMT-0279,2.0,3.0,1.342,0.0661,44.05,2.42,8.46,7.16,2.447,1.45
LMT-0279,3.0,4.0,1.348,0.0924,41.95,3.04,10.93,5.22,2.6,1.48
LMT-0279,4.0,5.0,1.432,0.0713,46.62,4.02,12.54,5.42,2.029,1.43
LMT-0279,5.0,6.0,1.222,0.1505,40.91,4.65,13.69,4.99,2.134,1.43
LMT-0279,6.0,7.0,1.575,0.296,41.1,5.29,15.45,3.67,2.131,1.42
LMT-0279,7.0,8.0,1.761,0.2787,38.56,6.43,18.15,3.79,2.222,1.51
LMT-0279,8.0,9.0,2.333,0.1584,21.64,10.35,31.25,2.22,1.485,1.59
LMT-0279,9.0,10.0,2.611,0.0873,19.24,11.9,31.21,1.95,1.282,1.55
LMT-0279,10.0,11.0,2.715,0.0589,19.57,11.29,31.5,2.03,1.213,1.57
LMT-0279,11.0,12.0,2.568,0.0496,20.11,11.93,31.8,2.05,1.364,1.55
LMT-0279,12.0,13.0,2.581,0.044,18.43,12.92,32.53,1.58,1.358,1.69
LMT-0279,13.0,14.0,2.152,0.0438,17.88,15.34,37.91,2.33,1.347,1.55
LMT-0279,14.0,15.0,2.469,0.0481,17.45,15.59,35.52,1.42,1.201,1.58
LMT-0279,15.0,16.0,2.298,0.042,17.16,15.62,37.96,1.72,1.213,1.52
LMT-0279,16.0,17.0,2.285,0.0438,16.65,15.86,37.75,2.08,1.38,1.56
LMT-0279,17.0,18.0,1.894,0.0422,15.46,19.33,39.73,1.98,1.266,1.63
LMT-0279,18.0,19.0,1.756,0.044,16.08,17.69,35.98,1.89,1.206,1.73
LMT-0279,19.0,20.0,1.902,0.0369,14.84,21.01,36.35,1.93,1.125,1.8
LMT-0279,20.0,21.0,1.846,0.0316,13.75,21.44,38.57,1.54,1.169,1.75
LMT-0279,21.0,22.0,1.794,0.036,14.46,22.78,41.63,1.55,1.153,1.63
LMT-0279,22.0,23.0,1.834,0.0349,14.06,21.93,36.93,1.4,1.154,1.76
LMT-0279,23.0,24.0,1.509,0.02,12.9,22.62,38.86,1.63,1.266,1.64
LMT-0279,24.0,25.0,1.483,0.0288,11.88,24.84,41.39,1.14,1.089,1.77
LMT-0279,25.0,26.0,,,,,,,,1.84
LMT-0279,26.0,27.0,1.453,0.0248,11.17,28.11,38.79,1.13,0.985,1.72
LMT-0279,27.0,28.0,1.582,0.0285,11.09,28.27,42.58,1.08,1.15,1.86
LMT-0279,28.0,29.0,1.36,0.0211,11.05,27.0,43.97,0.86,0.933,1.8
LMT-0279,29.0,30.0,0.357,0.0127,6.76,37.15,42.19,0.69,0.572,2.63
LMT-0279,30.0,31.0,0.351,0.0148,6.41,39.67,35.55,1.03,0.437,2.48
LMT-0279,31.0,32.0,0.383,0.0077,6.46,40.49,42.85,1.01,0.509,2.72
LMT-0279,32.0,33.0,0.302,0.0124,6.6,35.85,37.61,0.79,0.459,2.59
LMT-0280,0.0,1.0,0.748,0.0472,48.7,0.8,3.48,7.12,2.936,1.48
LMT-0280,1.0,2.0,1.143,0.0567,47.05,1.44,6.45,6.15,3.077,1.45
LMT-0280,2.0,3.0,1.027,0.0662,46.62,2.04,8.49,6.89,2.544,1.38
LMT-0280,3.0,4.0,1.301,0.0882,44.8,2.36,9.18,4.6,2.48,1.49
LMT-0280,4.0,5.0,1.42,0.086,44.12,3.32,11.17,5.46,2.747,1.57
LMT-0280,5.0,6.0,1.542,0.1037,42.97,4.47,12.5,4.87,2.471,1.44
LMT-0280,6.0,7.0,1.32,0.143,36.54,4.75,14.54,5.49,2.069,1.54
LMT-0280,7.0,8.0,1.466,0.2595,37.67,5.58,15.83,3.64,2.271,1.49
LMT-0280,8.0,9.0,1.618,0.3407,37.55,6.26,15.96,2.75,1.725,1.54
LMT-0280,9.0,10.0,2.679,0.1038,21.0,10.98,33.76,1.96,1.31,1.48
LMT-0280,10.0,11.0,2.508,0.0702,20.28,12.49,33.77,2.3,1.449,1.42
LMT-0280,11.0,12.0,2.713,0.0597,19.81,12.71,35.16,2.59,1.649,1.5
LMT-0280,12.0,13.0,2.465,0.0486,19.85,14.03,35.15,2.22,1.394,1.62
LMT-0280,13.0,14.0,2.236,0.0518,17.74,15.13,36.01,2.05,1.276,1.65
LMT-0280,14.0,15.0,2.282,0.0417,17.53,17.14,34.91,1.8,1.121,1.59
LMT-0280,15.0,16.0,1.859,0.0358,16.79,17.01,35.73,2.0,1.356,1.62
LMT-0280,16.0,17.0,2.183,0.043,15.18,18.28,36.32,1.97,1.288,1.56
LMT-0280,17.0,18.0,2.201,0.0313,14.13,16.53,35.28,1.74,1.358,1.71
LMT-0280,18.0,19.0,1.802,0.0433,16.52,18.33,40.81,1.86,1.326,1.69
LMT-0280,19.0,20.0,2.176,0.0402,15.49,20.39,39.36,1.59,1.3,1.7
LMT-0280,20.0,21.0,1.766,0.0417,14.07,19.76,37.15,1.7,1.03,1.67
LMT-0280,21.0,22.0,2.057,0.0308,13.42,20.91,36.03,1.62,1.219,1.73
LMT-0280,22.0,23.0,1.752,0.0345,13.01,22.51,42.78,1.25,1.008,1.69
LMT-0280,23.0,24.0,1.752,0.0336,13.0,24.45,36.73,1.73,1.259,1.9
LMT-0280,24.0,25.0,1.402,0.0277,12.9,23.14,42.12,1.21,1.13,1.86
LMT-0280,25.0,26.0,1.573,0.0301,11.46,25.4,41.78,1.17,0.979,1.8
LMT-0280,26.0,27.0,1.458,0.0239,10.55,26.77,44.21,1.18,0.97,1.67
LMT-0280,27.0,28.0,1.117,0.0255,10.3,28.1,39.89,1.18,1.01,1.82
LMT-0280,28.0,29.0,1.402,0.0158,9.59,24.69,39.94,1.07,0.935,1.8
LMT-0280,29.0,30.0,0.297,0.0146,6.74,34.71,36.64,1.1,0.52,2.55
LMT-0280,30.0,31.0,0.318,0.0155,6.47,34.47,40.97,1.0,0.457,2.53
LMT-0281,0.0,1.0,0.707,0.0453,50.17,0.7,3.17,8.69,2.235,1.47
LMT-0281,1.0,2.0,0.85,0.0478,51.4,0.92,4.56,8.18,2.496,1.49
LMT-0281,2.0,3.0,1.037,0.0584,45.86,1.93,7.22,6.03,2.655,1.38
LMT-0281,3.0,4.0,1.217,0.05,44.3,2.15,8.24,6.03,3.0,1.31
LMT-0281,4.0,5.0,1.136,0.0715,39.89,2.61,9.29,5.63,2.437,1.42
LMT-0281,5.0,6.0,1.137,0.0784,43.68,2.65,10.93,5.71,2.195,1.41
LMT-0281,6.0,7.0,1.424,0.087,40.19,3.89,11.1,5.5,2.41,1.46
LMT-0281,7.0,8.0,1.434,0.0854,37.65,3.88,12.3,3.69,2.115,1.45
LMT-0281,8.0,9.0,1.728,0.0992,39.9,5.22,14.5,4.58,2.292,1.44
LMT-0281,9.0,10.0,1.199,0.178,41.03,6.28,16.28,3.77,2.05,1.6
LMT-0281,10.0,11.0,1.654,0.2931,38.58,5.67,16.51,3.47,1.972,1.54
LMT-0281,11.0,12.0,2.353,0.1894,21.45,9.05,31.4,2.48,1.518,1.57
LMT-0281,12.0,13.0,2.471,0.1533,20.63,9.9,32.31,2.53,1.494,1.47
LMT-0281,13.0,14.0,2.642,0.0663,19.3,12.4,31.33,2.44,1.939,1.57
LMT-0281,14.0,15.0,2.318,0.063,20.5,12.67,32.1,1.93,1.377,1.58
LMT-0281,15.0,16.0,2.019,0.0545,18.8,11.52,35.23,2.13,1.117,1.61
LMT-0281,16.0,17.0,2.519,0.0447,18.08,16.31,36.37,2.16,1.516,1.63
LMT-0281,17.0,18.0,2.439,0.0265,16.61,15.64,37.85,2.18,1.382,1.68
LMT-0281,18.0,19.0,2.358,0.0387,16.86,16.7,34.83,1.8,1.254,1.66
LMT-0281,19.0,20.0,1.993,0.0304,16.2,18.22,36.17,1.66,1.315,1.66
LMT-0281,20.0,21.0,2.029,0.0473,15.77,19.65,38.53,1.52,1.169,1.59
LMT-0281,21.0,22.0,1.635,0.0327,15.64,17.59,40.59,1.87,1.119,1.69
LMT-0281,22.0,23.0,1.844,0.0303,13.82,19.64,36.3,1.7,0.902,1.72
LMT-0281,23.0,24.0,1.771,0.0365,15.13,22.56,34.91,1.42,1.101,1.68
LMT-0281,24.0,25.0,1.859,0.0335,13.16,24.64,41.9,1.39,0.984,1.65
LMT-0281,25.0,26.0,1.767,0.0377,11.61,21.62,38.24,1.54,1.15,1.74
LMT-0281,26.0,27.0,1.227,0.0256,12.05,21.86,38.55,1.45,0.994,1.65
LMT-0281,27.0,28.0,1.574,0.0265,11.39,20.1,37.48,1.17,0.881,1.77
LMT-0281,28.0,29.0,1.234,0.0344,11.14,26.88,40.89,0.99,0.954,1.7
LMT-0281,29.0,30.0,1.164,0.0203,9.46,27.83,37.7,0.76,0.955,1.79
LMT-0281,30.0,31.0,0.341,0.0127,6.52,38.69,38.21,0.95,0.562,2.77
LMT-0281,31.0,32.0,0.332,0.0108,6.13,35.68,41.26,0.94,0.438,2.75
LMT-0281,32.0,33.0,0.316,0.014,6.83,37.88,39.02,0.96,0.523,2.68
LMT-0281,33.0,33.5,0.319,0.0125,6.38,33.75,39.87,0.91,0.378,2.84
LMT-0282,0.0,1.0,0.723,0.041,50.7,0.71,3.3,7.99,2.954,1.57
LMT-0282,1.0,2.0,0.882,0.0451,44.2,0.95,4.62,6.98,2.935,1.58
LMT-0282,2.0,3.0,1.064,0.058,47.83,1.82,7.09,7.11,2.151,1.41
LMT-0282,3.0,4.0,1.221,0.0686,45.03,2.16,7.87,5.09,2.131,1.39
LMT-0282,4.0,5.0,1.113,0.0889,48.06,1.98,8.1,5.1,2.829,1.54
LMT-0282,5.0,6.0,1.336,0.0752,48.3,2.68,10.06,5.75,2.255,1.52
LMT-0282,6.0,7.0,1.401,0.0791,44.07,3.09,11.53,5.25,2.202,1.46
LMT-0282,7.0,8.0,1.41,0.0844,41.14,3.39,12.32,4.86,2.088,1.47
LMT-0282,8.0,9.0,1.199,0.0932,41.27,3.76,11.92,5.14,2.096,1.51
LMT-0282,9.0,10.0,1.351,0.0764,38.62,4.15,13.89,4.12,2.135,1.52
LMT-0282,10.0,11.0,1.513,0.0916,39.39,4.81,14.9,4.91,2.217,1.43
LMT-0282,11.0,12.0,1.361,0.1372,38.09,5.24,14.38,5.05,2.25,1.55
LMT-0282,12.0,13.0,1.648,0.2271,38.81,5.52,17.63,4.46,2.106,1.65
LMT-0282,13.0,14.0,1.508,0.2514,38.53,6.41,16.52,3.86,2.407,1.44
LMT-0282,14.0,15.0,2.966,0.1793,21.07,9.3,32.9,3.02,1.687,1.43
LMT-0282,15.0,16.0,3.103,0.1029,20.61,8.8,30.72,2.28,1.607,1.54
LMT-0282,16.0,17.0,2.183,0.0786,20.08,13.51,33.17,2.26,1.569,1.55
LMT-0282,17.0,18.0,2.741,0.0681,20.05,12.29,32.0,1.76,1.299,1.62
LMT-0282,18.0,19.0,2.493,0.0417,19.21,13.25,37.28,2.28,1.085,1.62
LMT-0282,19.0,20.0,2.235,0.0497,17.17,14.82,33.42,2.32,1.513,1.49
LMT-0282,20.0,21.0,2.191,0.0446,16.23,16.87,34.55,1.97,1.674,1.57
LMT-0282,21.0,22.0,2.095,0.0569,17.6,16.56,34.55,1.62,1.17,1.69
LMT-0282,22.0,23.0,2.407,0.0482,15.96,18.51,35.67,1.59,1.189,1.81
LMT-0282,23.0,24.0,1.587,0.0416,14.68,17.93,35.71,1.52,1.172,1.68
LMT-0282,24.0,25.0,1.964,0.0362,14.94,20.5,38.87,1.81,1.162,1.76
LMT-0282,25.0,26.0,2.072,0.0321,15.55,20.47,33.43,1.58,1.272,1.66
LMT-0282,26.0,27.0,2.051,0.0339,13.51,23.51,40.6,1.7,1.062,1.94
LMT-0282,27.0,28.0,1.792,0.0343,14.02,24.03,39.74,1.29,0.964,1.8
LMT-0282,28.0,29.0,1.239,0.0227,12.26,26.36,39.92,1.5,1.073,1.85
LMT-0282,29.0,30.0,1.355,0.0236,11.64,27.39,43.23,1.2,0.998,1.75
LMT-0282,30.0,31.0,1.498,0.0251,10.76,28.47,43.99,1.3,0.919,1.7
LMT-0282,31.0,32.0,1.278,0.0245,11.15,31.23,40.9,0.99,0.912,1.86
LMT-0282,32.0,33.0,0.341,0.0138,7.01,34.76,40.64,1.13,0.519,2.83
LMT-0282,33.0,34.0,0.292,0.0127,6.93,37.43,38.39,0.9,0.405,2.38
LMT-0282,34.0,35.0,0.262,0.0156,6.69,44.04,40.69,0.87,0.423,2.7
LMT-0283,0.0,1.0,0.707,0.0286,48.49,0.58,3.14,7.23,2.693,1.49
LMT-0283,1.0,2.0,0.971,0.0394,42.03,0.74,4.55,6.77,2.136,1.5
LMT-0283,2.0,3.0,0.966,0.0527,45.5,1.57,6.65,6.94,2.717,1.27
LMT-0283,3.0,4.0,1.016,0.0587,41.42,1.63,7.38,4.5,1.977,1.39
LMT-0283,4.0,5.0,0.996,0.0581,43.03,2.02,8.15,6.75,2.459,1.38
LMT-0283,5.0,6.0,1.161,0.0448,38.49,2.54,8.45,4.49,2.249,1.37
LMT-0283,6.0,7.0,1.074,0.0593,43.06,2.73,9.04,3.62,1.761,1.38
LMT-0283,7.0,8.0,1.251,0.062,41.56,2.88,10.69,5.32,2.127,1.42
LMT-0283,8.0,9.0,1.298,0.0661,34.6,3.56,10.75,3.97,1.976,1.31
LMT-0283,9.0,10.0,1.297,0.0705,40.54,3.68,11.97,4.29,1.3,1.34
LMT-0283,10.0,11.0,1.147,0.0815,41.73,3.55,12.54,4.19,1.968,1.38
LMT-0283,11.0,12.0,1.07,0.0869,40.15,4.02,13.52,2.71,2.065,1.4
LMT-0283,12.0,13.0,1.471,0.0766,39.46,4.95,13.42,3.58,2.136,1.31
LMT-0283,13.0,14.0,1.16,0.1328,32.37,4.7,13.34,2.85,1.899,1.48
LMT-0283,14.0,15.0,1.338,0.2589,35.92,5.34,15.92,3.18,1.687,1.44
LMT-0283,15.0,16.0,1.22,0.3085,34.29,5.43,17.07,2.65,1.673,1.33
LMT-0283,16.0,17.0,2.55,0.0996,19.14,8.98,28.59,2.42,1.166,1.37
LMT-0283,17.0,18.0,2.084,0.0635,20.48,11.34,34.08,1.94,1.265,1.47
LMT-0283,18.0,19.0,1.774,0.0386,17.14,12.85,35.25,1.74,1.195,1.52
LMT-0283,19.0,20.0,2.1,0.0307,16.04,15.7,29.35,1.7,1.388,1.55
LMT-0283,20.0,21.0,2.119,0.0361,14.59,13.44,34.59,1.83,1.446,1.57
LMT-0283,21.0,22.0,1.904,0.0338,14.86,15.81,30.76,1.38,1.279,1.62
LMT-0283,22.0,23.0,1.604,0.0273,12.98,17.64,34.15,1.69,1.294,1.61
LMT-0283,23.0,24.0,1.936,0.0175,14.43,17.83,32.02,1.28,0.835,1.61
LMT-0283,24.0,25.0,1.356,0.0214,12.65,21.03,35.16,1.21,0.943,1.65
LMT-0283,25.0,26.0,1.464,0.0232,11.19,22.72,39.13,1.37,1.011,1.66
LMT-0283,26.0,27.0,1.129,0.0281,11.13,23.77,41.23,0.89,0.896,1.55
LMT-0283,27.0,28.0,1.257,0.0257,10.3,22.15,35.1,0.96,0.917,1.77
LMT-0283,28.0,29.0,1.018,0.0173,9.72,23.74,38.36,0.83,0.694,1.61
LMT-0283,29.0,30.0,0.304,0.0102,6.09,36.81,37.48,0.82,0.504,2.36
LMT-0283,30.0,31.0,0.311,0.0136,5.99,36.52,36.63,0.87,0.35,2.31
LMT-0283,31.0,31.5,0.315,0.0132,5.98,34.38,39.77,0.72,0.422,2.33
LMT-0284,0.0,1.0,0.951,0.0456,51.05,1.01,5.06,8.16,2.974,1.52
LMT-0284,1.0,2.0,1.062,0.1137,49.81,2.17,9.22,5.94,2.285,1.39
LMT-0284,2.0,3.0,1.185,0.1393,43.55,3.83,11.87,5.83,2.508,1.41
LMT-0284,3.0,4.0,1.287,0.1801,41.85,4.17,14.9,4.65,2.493,1.56
LMT-0284,4.0,5.0,1.561,0.3677,40.68,5.83,19.17,3.99,1.93,1.5
LMT-0284,5.0,6.0,2.438,0.1092,20.53,11.04,34.75,1.98,1.596,1.58
LMT-0284,6.0,7.0,2.458,0.1149,20.91,12.1,32.68,2.17,1.901,1.58
LMT-0284,7.0,8.0,2.336,0.0663,20.36,13.43,32.65,2.02,1.437,1.65
LMT-0284,8.0,9.0,2.061,0.0526,19.61,14.84,34.2,1.73,1.708,1.62
LMT-0284,9.0,10.0,2.216,0.0346,18.62,16.84,39.04,2.09,1.335,1.47
LMT-0284,10.0,11.0,1.695,0.0534,16.77,16.57,34.62,1.97,1.314,1.66
LMT-0284,11.0,12.0,1.703,0.0328,16.55,19.0,34.3,1.62,1.224,1.6
LMT-0284,12.0,13.0,1.663,0.0441,15.23,19.43,39.73,1.65,1.375,1.73
LMT-0284,13.0,14.0,1.654,0.0446,13.39,21.69,40.59,1.87,1.257,1.71
LMT-0284,14.0,15.0,1.717,0.0383,14.8,19.85,39.8,1.33,1.109,1.74
LMT-0284,15.0,16.0,1.61,0.038,12.22,22.02,38.52,1.55,1.219,1.8
LMT-0284,16.0,17.0,1.596,0.0269,11.92,23.88,42.07,1.42,1.213,1.71
LMT-0284,17.0,18.0,1.396,0.0246,12.73,25.61,42.03,1.52,1.02,1.94
LMT-0284,18.0,19.0,1.162,0.0251,10.5,29.45,36.81,1.13,1.015,1.86
LMT-0284,19.0,20.0,1.151,0.0174,10.72,25.87,40.34,1.14,0.823,1.91
LMT-0284,20.0,21.0,0.318,0.0121,6.67,37.41,37.88,0.97,0.473,2.85
LMT-0284,21.0,22.0,0.322,0.0128,6.87,42.16,46.41,1.01,0.454,2.82
LMT-0284,22.0,23.0,0.217,0.0124,7.05,38.7,42.08,0.73,0.541,2.77
LMT-0284,23.0,23.5,0.243,0.0141,6.64,39.32,41.96,0.93,0.486,2.58
LMT-0285,0.0,1.0,0.612,0.071,48.67,0.9,4.36,6.9,2.675,1.45
LMT-0285,1.0,2.0,1.096,0.1819,45.13,2.88,11.24,5.58,2.158,1.42
LMT-0285,2.0,3.0,1.084,0.3041,40.83,4.8,15.1,4.04,2.109,1.45
LMT-0285,3.0,4.0,2.278,0.1607,20.19,9.41,31.82,2.1,1.773,1.38
LMT-0285,4.0,5.0,2.371,0.095,18.86,12.59,33.57,2.14,1.434,1.63
LMT-0285,5.0,6.0,1.926,0.0412,17.43,15.88,36.65,2.38,1.056,1.58
LMT-0285,6.0,7.0,2.099,0.0506,17.61,13.84,32.36,1.86,1.288,1.53
LMT-0285,7.0,8.0,1.908,0.0549,16.36,18.71,34.5,2.16,1.16,1.7
LMT-0285,8.0,9.0,1.735,0.0362,15.5,18.85,36.31,1.53,1.138,1.71
LMT-0285,9.0,10.0,1.789,0.0216,12.73,18.12,37.35,1.27,1.182,1.72
LMT-0285,10.0,11.0,1.354,0.03,12.99,22.22,37.63,1.45,0.951,1.63
LMT-0285,11.0,12.0,1.054,0.029,12.24,26.25,39.24,1.56,0.91,1.76
LMT-0285,12.0,13.0,1.305,0.0325,11.46,24.95,40.57,1.16,0.904,1.82
LMT-0285,13.0,14.0,0.926,0.0206,9.57,30.06,40.49,1.05,1.039,1.82
LMT-0285,14.0,15.0,0.294,0.0124,6.77,36.51,37.02,1.08,0.505,2.57
LMT-0285,15.0,16.2,0.258,0.0119,6.55,40.29,43.95,0.88,0.46,2.4
LMT-0286,0.0,1.0,0.688,0.0766,45.9,0.82,4.2,6.57,2.89,1.52
LMT-0286,1.0,2.0,1.06,0.2206,38.63,3.07,12.26,4.83,2.185,1.49
LMT-0286,2.0,3.0,2.466,0.1605,19.71,8.62,31.26,2.46,1.303,1.5
LMT-0286,3.0,4.0,2.311,0.1015,18.22,12.12,29.25,1.7,1.422,1.51
LMT-0286,4.0,5.0,2.275,0.0778,17.45,13.35,33.68,2.47,1.432,1.51
LMT-0286,5.0,6.0,2.049,0.0444,15.73,14.3,37.85,1.87,1.33,1.6
LMT-0286,6.0,7.0,1.833,0.0254,15.92,17.73,34.43,1.75,0.921,1.61
LMT-0286,7.0,8.0,1.469,0.0252,14.64,17.23,33.23,1.97,1.146,1.79
LMT-0286,8.0,9.0,1.472,0.0269,12.46,22.27,39.62,1.62,1.081,1.71
LMT-0286,9.0,10.0,1.278,0.0237,11.52,20.89,36.72,1.38,1.044,1.81
LMT-0286,10.0,11.0,1.102,0.0273,9.94,25.91,34.51,1.09,0.806,1.76
LMT-0286,11.0,12.0,0.254,0.0097,6.3,32.18,36.97,0.97,0.588,2.54
LMT-0286,12.0,13.0,0.27,0.0162,6.3,29.76,39.41,1.0,0.549,2.56
LMT-0286,13.0,14.0,0.258,0.011,5.77,35.14,40.4,0.85,0.415,2.48
LMT-0286,14.0,14.6,0.253,0.0088,6.5,37.83,39.08,0.72,0.48,2.5
LMT-0287,0.0,1.0,0.615,0.0652,44.35,0.77,3.83,7.95,2.394,1.45
LMT-0287,1.0,2.0,0.739,0.1036,38.99,2.56,9.6,4.47,1.938,1.36
LMT-0287,2.0,3.0,1.341,0.2174,30.42,4.77,14.43,2.95,2.062,1.48
LMT-0287,3.0,4.0,1.981,0.1067,19.45,10.61,28.49,1.81,1.289,1.51
LMT-0287,4.0,5.0,2.026,0.0525,18.27,8.7,33.33,2.02,1.45,1.53
LMT-0287,5.0,6.0,1.813,0.0605,17.46,13.06,34.23,1.68,1.21,1.46
LMT-0287,6.0,7.0,1.668,0.0421,16.93,14.6,31.04,2.1,0.949,1.49
LMT-0287,7.0,8.0,1.56,0.0355,14.92,15.51,35.88,1.86,1.007,1.63
LMT-0287,8.0,9.0,1.64,0.0237,14.06,18.5,34.34,1.35,1.062,1.53
LMT-0287,9.0,10.0,1.491,0.0235,12.6,17.95,36.46,1.65,1.053,1.68
LMT-0287,10.0,11.0,1.071,0.0308,12.1,20.99,33.2,1.4,0.907,1.58
LMT-0287,11.0,12.0,1.105,0.0277,10.65,21.55,37.07,1.06,0.821,1.83
LMT-0287,12.0,13.0,0.821,0.0223,10.69,24.66,34.65,1.19,0.702,1.77
LMT-0287,13.0,14.0,0.967,0.011,9.67,22.97,41.51,0.77,0.809,1.71
LMT-0287,14.0,15.0,0.242,0.0084,6.4,36.3,34.99,0.64,0.414,2.37
LMT-0287,15.0,16.0,0.247,0.0095,5.68,36.07,40.12,0.89,0.345,2.3
LMT-0287,16.0,16.3,0.242,0.0079,5.96,38.16,37.37,0.7,0.389,2.44
LMT-0288,0.0,1.0,0.658,0.0284,44.8,0.8,3.91,5.99,2.188,1.4
LMT-0288,1.0,2.0,0.945,0.0628,40.62,2.17,7.14,5.68,2.423,1.36
LMT-0288,2.0,3.0,1.104,0.1366,36.57,3.15,11.4,3.57,2.063,1.26
LMT-0288,3.0,4.0,1.222,0.2858,37.67,4.0,13.8,2.69,1.987,1.43
LMT-0288,4.0,5.0,1.861,0.1156,19.04,10.48,32.22,1.87,1.08,1.48
LMT-0288,5.0,6.0,2.338,0.1073,17.33,11.39,28.57,2.08,1.018,1.33
LMT-0288,6.0,7.0,1.722,0.0611,18.23,11.79,31.65,1.64,1.347,1.38
LMT-0288,7.0,8.0,1.741,0.0387,17.67,8.81,29.55,1.81,1.238,1.48
LMT-0288,8.0,9.0,1.836,0.0323,17.75,14.06,34.57,1.7,1.383,1.54
LMT-0288,9.0,10.0,1.641,0.0402,15.37,15.46,35.95,1.36,1.213,1.55
LMT-0288,10.0,11.0,1.424,0.0352,15.33,15.43,35.58,1.29,1.14,1.57
LMT-0288,11.0,12.0,1.588,0.0217,13.42,16.46,36.83,1.75,0.886,1.48
LMT-0288,12.0,13.0,1.336,0.0263,12.79,16.63,36.84,1.31,1.021,1.47
LMT-0288,13.0,14.0,1.332,0.0176,12.92,19.12,34.53,1.35,0.967,1.6
LMT-0288,14.0,15.0,1.246,0.0141,10.73,20.22,38.76,0.93,1.043,1.78
LMT-0288,15.0,16.0,1.085,0.0211,10.65,22.13,35.87,0.82,0.859,1.68
LMT-0288,16.0,17.0,1.165,0.0216,10.59,20.0,39.45,0.95,0.735,1.74
LMT-0288,17.0,18.0,0.93,0.0182,9.16,20.23,40.0,1.04,0.792,1.76
LMT-0288,18.0,19.0,0.303,0.013,6.99,32.6,38.93,0.98,0.413,2.44
LMT-0288,19.0,20.0,0.231,0.0093,5.68,30.51,36.78,0.78,0.415,2.33
LMT-0288,20.0,20.4,0.266,0.0096,5.84,34.31,38.18,0.92,0.413,2.36
LMT-0289,0.0,1.0,0.66,0.0274,45.19,0.76,3.89,6.72,2.53,1.37
LMT-0289,1.0,2.0,0.743,0.0494,44.0,1.86,6.04,4.66,2.326,1.4
LMT-0289,2.0,3.0,0.986,0.0419,38.24,2.53,8.2,4.87,1.815,1.22
LMT-0289,3.0,4.0,1.112,0.0458,40.3,3.13,10.59,3.89,2.025,1.33
LMT-0289,4.0,5.0,1.012,0.0965,41.14,3.8,11.96,3.16,1.74,1.4
LMT-0289,5.0,6.0,0.926,0.149,35.34,4.7,11.47,3.32,1.394,1.4
LMT-0289,6.0,7.0,1.882,0.1473,20.79,8.77,29.4,1.55,1.109,1.41
LMT-0289,7.0,8.0,1.784,0.1066,18.72,7.28,31.32,1.52,1.355,1.38
LMT-0289,8.0,9.0,1.794,0.068,16.91,11.13,28.23,1.5,1.157,1.35
LMT-0289,9.0,10.0,1.557,0.0252,18.19,9.75,30.79,2.01,0.999,1.43
LMT-0289,10.0,11.0,1.882,0.0487,18.09,10.55,25.52,0.8,0.872,1.44
LMT-0289,11.0,12.0,1.803,0.0379,16.13,12.33,29.47,1.66,1.088,1.49
LMT-0289,12.0,13.0,1.665,0.03,15.88,12.13,31.76,1.25,0.874,1.47
LMT-0289,13.0,14.0,1.555,0.028,13.6,15.15,33.63,1.22,0.78,1.44
LMT-0289,14.0,15.0,1.423,0.0296,15.22,13.21,32.06,1.16,1.052,1.56
LMT-0289,15.0,16.0,1.532,0.026,13.88,17.23,31.62,1.1,1.003,1.53
LMT-0289,16.0,17.0,1.289,0.0401,12.85,16.6,28.92,1.1,1.129,1.42
LMT-0289,17.0,18.0,1.161,0.0272,13.05,17.29,31.45,1.3,0.971,1.6
LMT-0289,18.0,19.0,1.231,0.0161,12.28,19.95,35.75,1.35,0.808,1.48
LMT-0289,19.0,20.0,1.351,0.0272,12.95,19.35,33.66,1.06,0.768,1.54
LMT-0289,20.0,21.0,1.086,0.0241,12.27,20.7,34.54,1.03,0.681,1.58
LMT-0289,21.0,22.0,1.231,0.0197,10.77,20.47,36.74,0.88,0.641,1.65
LMT-0289,22.0,23.0,1.05,0.0187,10.07,22.32,35.41,0.88,0.815,1.66
LMT-0289,23.0,24.0,1.054,0.0199,8.47,21.3,36.68,0.72,0.636,1.6
LMT-0289,24.0,25.0,0.905,0.0136,9.44,26.05,36.52,0.8,0.782,1.62
LMT-0289,25.0,26.0,0.878,0.0166,8.22,24.46,36.44,0.7,0.833,1.6
LMT-0289,26.0,27.0,0.274,0.009,6.01,29.85,35.15,0.82,0.32,2.48
LMT-0289,27.0,28.0,0.244,0.0035,5.85,31.57,34.63,0.66,0.319,2.36
LMT-0289,28.0,28.8,0.227,0.0111,5.81,32.54,37.3,0.69,0.342,2.35
LMT-0290,0.0,1.0,0.522,0.0251,46.85,0.77,3.59,7.12,1.994,1.55
LMT-0290,1.0,2.0,0.702,0.0424,44.08,1.65,6.79,4.66,1.547,1.35
LMT-0290,2.0,3.0,0.943,0.0581,39.13,2.4,7.9,5.27,2.177,1.39
LMT-0290,3.0,4.0,0.927,0.0633,41.65,2.84,9.15,3.77,1.714,1.38
LMT-0290,4.0,5.0,1.086,0.1084,35.52,3.27,11.17,3.48,2.068,1.34
LMT-0290,5.0,6.0,0.994,0.0921,39.96,5.14,14.68,2.31,2.066,1.43
LMT-0290,6.0,7.0,1.219,0.2054,34.25,4.78,12.53,3.22,1.592,1.38
LMT-0290,7.0,8.0,2.179,0.0991,18.31,9.01,30.48,1.63,1.136,1.33
LMT-0290,8.0,9.0,1.978,0.089,17.34,7.37,31.08,1.38,1.268,1.5
LMT-0290,9.0,10.0,1.899,0.0536,17.44,11.24,27.91,1.74,1.279,1.53
LMT-0290,10.0,11.0,1.146,0.0384,18.5,10.02,30.24,1.62,1.116,1.48
LMT-0290,11.0,12.0,1.778,0.041,17.15,12.23,34.25,1.78,1.317,1.37
LMT-0290,12.0,13.0,1.779,0.0261,16.36,13.9,29.88,1.38,1.162,1.4
LMT-0290,13.0,14.0,1.994,0.0404,14.01,14.24,29.15,1.79,1.048,1.46
LMT-0290,14.0,15.0,1.8,0.0268,16.55,11.92,33.72,1.65,1.06,1.47
LMT-0290,15.0,16.0,1.539,0.0269,14.44,15.5,30.93,1.26,1.31,1.37
LMT-0290,16.0,17.0,1.284,0.0308,14.48,13.98,34.61,1.85,1.246,1.52
LMT-0290,17.0,18.0,1.348,0.0335,14.38,16.66,33.98,1.69,1.068,1.6
LMT-0290,18.0,19.0,1.476,0.0303,14.3,18.65,33.57,1.08,0.806,1.6
LMT-0290,19.0,20.0,1.591,0.0319,12.82,16.59,35.46,1.19,0.952,1.6
LMT-0290,20.0,21.0,1.388,0.0274,12.68,19.49,32.17,0.81,0.83,1.52
LMT-0290,21.0,22.0,1.235,0.0197,11.67,17.5,35.87,1.26,0.916,1.59
LMT-0290,22.0,23.0,1.547,0.026,11.26,21.69,35.45,1.03,0.941,1.59
LMT-0290,23.0,24.0,1.111,0.0272,11.98,20.92,39.6,0.76,0.94,1.67
LMT-0290,24.0,25.0,1.0,0.0163,11.27,24.18,34.36,1.25,0.749,1.69
LMT-0290,25.0,26.0,1.231,0.0272,9.76,21.93,37.1,0.95,0.734,1.73
LMT-0290,26.0,27.0,0.994,0.0169,9.29,22.12,38.36,0.83,0.747,1.62
LMT-0290,27.0,28.0,1.006,0.0101,8.91,23.61,38.08,0.88,0.687,1.79
LMT-0290,28.0,29.0,0.224,0.0103,5.95,35.65,38.71,0.59,0.436,2.35
LMT-0290,29.0,30.2,0.22,0.0094,5.92,34.45,36.28,0.76,0.405,2.42
LMT-0291,0.0,1.0,0.693,0.0282,51.89,0.68,3.3,6.74,2.232,1.43
LMT-0291,1.0,2.0,1.156,0.0675,46.85,1.48,6.57,4.85,2.324,1.36
LMT-0291,2.0,3.0,0.817,0.0628,44.27,2.31,8.64,5.09,1.864,1.45
LMT-0291,3.0,4.0,1.086,0.0674,43.0,2.94,9.46,3.85,2.068,1.33
LMT-0291,4.0,5.0,1.307,0.0898,38.66,3.18,12.17,3.02,1.675,1.39
LMT-0291,5.0,6.0,1.364,0.0795,40.1,3.85,13.4,3.78,1.845,1.36
LMT-0291,6.0,7.0,1.326,0.1699,40.53,4.56,14.46,2.44,1.833,1.49
LMT-0291,7.0,8.0,1.398,0.2592,35.02,3.84,14.85,3.63,1.854,1.32
LMT-0291,8.0,9.0,2.081,0.0975,20.34,9.15,29.61,1.9,1.295,1.45
LMT-0291,9.0,10.0,2.369,0.0825,17.38,9.5,28.87,2.16,1.477,1.42
LMT-0291,10.0,11.0,2.142,0.0614,18.03,10.01,30.08,1.89,1.415,1.51
LMT-0291,11.0,12.0,2.063,0.0599,16.71,11.19,33.25,2.33,1.459,1.39
LMT-0291,12.0,13.0,1.92,0.0416,18.58,14.39,35.72,1.97,1.192,1.5
LMT-0291,13.0,14.0,2.08,0.0551,16.57,13.64,34.01,1.75,1.445,1.45
LMT-0291,14.0,15.0,1.895,0.0466,15.74,14.64,33.29,2.18,1.647,1.53
LMT-0291,15.0,16.0,2.17,0.0299,14.47,14.23,28.11,1.83,1.293,1.54
LMT-0291,16.0,17.0,1.719,0.0411,14.15,14.19,31.41,1.56,1.186,1.55
LMT-0291,17.0,18.0,1.598,0.046,15.15,15.7,32.97,1.62,1.057,1.46
LMT-0291,18.0,19.0,1.571,0.04,15.3,14.4,35.09,1.36,1.257,1.55
LMT-0291,19.0,20.0,1.639,0.0354,13.23,15.15,38.3,1.58,1.261,1.65
LMT-0291,20.0,21.0,1.451,0.0229,14.6,17.61,35.6,1.15,0.91,1.63
LMT-0291,21.0,22.0,1.339,0.0208,13.95,19.12,39.04,1.18,0.948,1.63
LMT-0291,22.0,23.0,1.304,0.0259,13.04,19.24,42.55,1.57,1.109,1.82
LMT-0291,23.0,24.0,1.384,0.0286,10.92,19.67,33.39,1.34,0.97,1.66
LMT-0291,24.0,25.0,1.255,0.0237,11.66,21.52,38.98,1.01,0.755,1.71
LMT-0291,25.0,26.0,1.303,0.0233,10.93,22.56,37.44,1.04,0.809,1.58
LMT-0291,26.0,27.0,1.186,0.0264,9.81,22.67,39.26,0.93,0.791,1.74
LMT-0291,27.0,28.0,1.093,0.0108,9.78,24.3,36.65,0.9,0.888,1.76
LMT-0291,28.0,29.0,1.093,0.0179,9.28,24.27,36.91,0.63,0.799,1.73
LMT-0291,29.0,30.0,0.997,0.0195,9.01,24.25,39.69,1.02,0.64,1.84
LMT-0291,30.0,31.0,0.286,0.0101,6.02,37.65,37.17,0.76,0.397,2.57
LMT-0291,31.0,32.0,0.226,0.0111,6.4,31.52,38.25,0.73,0.438,2.69
LMT-0291,32.0,33.1,0.277,0.0096,5.88,30.69,36.6,0.78,0.324,2.56
LMT-0292,0.0,1.0,0.696,0.0339,45.12,0.55,3.49,4.97,2.316,1.38
LMT-0292,1.0,2.0,0.9,0.0513,46.52,1.37,6.12,5.96,2.232,1.25
LMT-0292,2.0,3.0,0.959,0.0591,40.83,1.77,7.64,5.3,1.7,1.35
LMT-0292,3.0,4.0,0.846,0.0589,41.83,2.87,8.83,3.64,1.784,1.23
LMT-0292,4.0,5.0,1.179,0.0608,36.51,2.54,9.39,5.31,2.144,1.21
LMT-0292,5.0,6.0,1.063,0.0786,39.04,3.97,10.9,4.14,2.096,1.34
LMT-0292,6.0,7.0,1.039,0.0824,34.06,3.37,12.02,2.86,1.868,1.35
LMT-0292,7.0,8.0,1.065,0.2186,35.4,5.06,12.12,2.75,1.529,1.4
LMT-0292,8.0,9.0,1.022,0.1726,33.08,4.77,14.57,2.06,1.624,1.25
LMT-0292,9.0,10.0,2.707,0.1386,18.11,7.3,28.2,1.6,1.284,1.36
LMT-0292,10.0,11.0,2.266,0.0407,17.67,8.79,31.74,1.72,1.229,1.36
LMT-0292,11.0,12.0,1.853,0.0229,15.53,8.35,32.6,1.65,1.313,1.35
LMT-0292,12.0,13.0,1.86,0.0324,17.13,9.23,29.32,1.75,1.427,1.46
LMT-0292,13.0,14.0,1.784,0.0284,16.49,8.94,33.53,1.73,1.306,1.26
LMT-0292,14.0,15.0,2.008,0.0344,16.14,10.23,34.98,1.23,0.916,1.5
LMT-0292,15.0,16.0,2.452,0.0376,16.37,11.57,27.44,1.81,1.243,1.49
LMT-0292,16.0,17.0,1.861,0.032,15.3,12.22,29.08,1.89,1.05,1.49
LMT-0292,17.0,18.0,1.89,0.0183,16.76,14.3,35.61,1.61,0.963,1.45
LMT-0292,18.0,19.0,1.663,0.0396,15.52,13.6,29.3,1.58,0.99,1.47
LMT-0292,19.0,20.0,1.955,0.0299,15.11,13.05,29.58,1.09,0.99,1.54
LMT-0292,20.0,21.0,1.575,0.023,13.55,14.19,29.95,1.1,1.061,1.6
LMT-0292,21.0,22.0,1.574,0.027,13.08,16.04,31.83,1.34,0.833,1.53
LMT-0292,22.0,23.0,1.754,0.0182,14.31,13.61,36.14,1.11,0.662,1.48
LMT-0292,23.0,24.0,1.653,0.0234,14.12,17.17,32.36,1.33,0.922,1.5
LMT-0292,24.0,25.0,1.558,0.0347,13.91,14.66,29.8,0.84,1.06,1.4
LMT-0292,25.0,26.0,1.504,0.0229,13.44,18.77,30.27,1.27,0.734,1.49
LMT-0292,26.0,27.0,1.134,0.0246,10.88,18.87,29.14,0.97,0.734,1.57
LMT-0292,27.0,28.0,1.202,0.024,12.52,18.87,37.08,0.89,0.907,1.6
LMT-0292,28.0,29.0,1.394,0.0206,12.2,18.81,33.77,1.11,0.789,1.58
LMT-0292,29.0,30.0,1.264,0.0227,11.55,22.69,35.51,0.9,0.806,1.58
LMT-0292,30.0,31.0,1.298,0.0206,11.38,18.03,36.25,0.82,0.651,1.67
LMT-0292,31.0,32.0,1.107,0.0187,9.78,20.58,37.03,0.97,0.779,1.65
LMT-0292,32.0,33.0,1.057,0.0144,10.44,20.95,34.52,1.25,0.782,1.75
LMT-0292,33.0,34.0,1.074,0.0139,9.58,24.12,34.42,0.8,0.691,1.63
LMT-0292,34.0,35.0,1.031,0.017,9.7,21.27,37.9,1.0,0.737,1.72
LMT-0292,35.0,36.0,0.899,0.0193,9.26,25.21,38.73,0.59,0.599,1.54
LMT-0292,36.0,37.0,0.345,0.0091,6.79,25.9,34.64,0.65,0.412,2.36
LMT-0292,37.0,38.0,0.274,0.009,6.58,32.88,36.38,0.76,0.372,2.38
LMT-0292,38.0,39.0,0.293,0.0076,5.87,31.16,35.05,0.81,0.34,2.36
LMT-0293,0.0,1.0,0.724,0.0208,43.68,0.59,2.98,6.08,2.381,1.5
LMT-0293,1.0,2.0,0.844,0.0364,44.53,1.19,6.21,5.08,1.604,1.4
LMT-0293,2.0,3.0,0.899,0.049,39.47,1.93,6.69,4.18,1.839,1.25
LMT-0293,3.0,4.0,1.078,0.0454,40.76,2.34,7.92,4.38,2.192,1.29
LMT-0293,4.0,5.0,1.102,0.0425,36.25,2.56,10.07,4.85,1.934,1.22
LMT-0293,5.0,6.0,1.134,0.0466,35.02,3.39,12.47,3.75,1.971,1.29
LMT-0293,6.0,7.0,1.07,0.1184,39.7,3.57,12.43,3.69,1.629,1.37
LMT-0293,7.0,8.0,1.355,0.1439,35.49,3.88,13.81,2.91,1.272,1.44
LMT-0293,8.0,9.0,1.308,0.1753,34.35,4.82,14.12,3.02,1.69,1.39
LMT-0293,9.0,10.0,2.082,0.0705,19.83,9.08,30.21,1.92,1.141,1.28
LMT-0293,10.0,11.0,2.278,0.071,18.95,8.9,29.5,2.09,0.935,1.29
LMT-0293,11.0,12.0,2.058,0.055,17.41,8.69,31.21,1.72,1.359,1.34
LMT-0293,12.0,13.0,2.233,0.0496,16.91,8.47,27.54,1.64,1.335,1.38
LMT-0293,13.0,14.0,1.81,0.02,17.13,10.27,28.05,1.7,1.087,1.22
LMT-0293,14.0,15.0,2.109,0.0333,18.08,11.33,32.15,1.27,0.88,1.53
LMT-0293,15.0,16.0,1.795,0.0238,17.16,10.78,31.34,1.63,1.178,1.31
LMT-0293,16.0,17.0,1.792,0.0468,15.09,12.93,30.82,1.56,1.126,1.43
LMT-0293,17.0,18.0,1.916,0.0372,15.24,13.82,31.75,1.36,1.117,1.53
LMT-0293,18.0,19.0,1.816,0.0294,16.04,12.45,32.56,1.5,1.112,1.53
LMT-0293,19.0,20.0,1.744,0.0319,14.64,15.4,33.28,1.6,0.974,1.3
LMT-0293,20.0,21.0,2.113,0.022,14.79,14.06,33.98,1.41,0.741,1.48
LMT-0293,21.0,22.0,1.406,0.0294,14.86,15.24,33.45,1.59,1.021,1.44
LMT-0293,22.0,23.0,1.592,0.0374,14.69,14.52,34.92,1.3,0.869,1.59
LMT-0293,23.0,24.0,1.48,0.0232,13.13,18.39,34.9,1.42,0.832,1.58
LMT-0293,24.0,25.0,1.68,0.0333,13.31,13.05,31.04,1.19,0.84,1.5
LMT-0293,25.0,26.0,1.653,0.0236,13.62,15.27,35.97,1.15,0.865,1.55
LMT-0293,26.0,27.0,1.531,0.0312,12.26,19.52,31.9,1.23,0.861,1.54
LMT-0293,27.0,28.0,1.765,0.0235,12.84,15.83,34.07,1.13,0.943,1.46
LMT-0293,28.0,29.0,1.359,0.028,12.27,19.51,34.95,1.17,0.891,1.62
LMT-0293,29.0,30.0,1.016,0.0176,11.95,20.38,37.23,1.19,0.779,1.64
LMT-0293,30.0,31.0,1.344,0.0252,11.88,21.69,35.88,0.94,0.792,1.51
LMT-0293,31.0,32.0,1.322,0.0187,11.11,20.87,36.89,1.04,0.664,1.69
LMT-0293,32.0,33.0,1.263,0.0242,10.67,22.3,38.77,1.02,0.739,1.77
LMT-0293,33.0,34.0,1.217,0.0209,9.77,20.72,37.02,0.88,0.644,1.62
LMT-0293,34.0,35.0,0.906,0.0196,8.77,24.66,33.36,0.79,0.663,1.7
LMT-0293,35.0,36.0,1.048,0.0167,8.95,25.89,33.41,0.78,0.721,1.76
LMT-0293,36.0,37.0,0.985,0.0187,8.48,20.37,41.16,0.93,0.845,1.65
LMT-0293,37.0,38.0,0.322,0.0117,6.18,30.95,34.39,0.91,0.457,2.38
LMT-0293,38.0,39.0,0.322,0.0075,6.08,30.23,36.13,0.56,0.327,2.35
LMT-0293,39.0,40.0,0.301,0.0093,5.39,31.53,34.04,0.78,0.346,2.4
LMT-0293,40.0,40.4,,,,,,,,2.65
LMT-0294,0.0,1.0,0.638,0.0298,47.72,0.68,3.51,6.13,2.086,1.58
LMT-0294,1.0,2.0,0.804,0.05,48.95,0.97,4.62,6.51,2.379,1.54
LMT-0294,2.0,3.0,1.12,0.0704,43.98,1.74,7.1,5.69,2.41,1.44
LMT-0294,3.0,4.0,1.18,0.0595,42.16,2.32,8.1,5.34,2.319,1.41
LMT-0294,4.0,5.0,1.097,0.0568,43.9,2.29,9.53,5.16,2.171,1.35
LMT-0294,5.0,6.0,1.047,0.0778,39.55,3.24,10.58,4.32,1.771,1.52
LMT-0294,6.0,7.0,1.329,0.0788,33.93,3.59,11.31,3.92,2.277,1.55
LMT-0294,7.0,8.0,1.305,0.0693,40.3,4.01,11.73,4.17,1.544,1.41
LMT-0294,8.0,9.0,1.242,0.1238,34.17,4.49,13.11,3.83,1.769,1.5
LMT-0294,9.0,10.0,1.435,0.1286,36.1,3.9,15.78,2.93,1.576,1.37
LMT-0294,10.0,11.0,1.605,0.23,35.19,4.95,15.38,2.48,1.645,1.34
LMT-0294,11.0,12.0,2.171,0.1282,21.34,9.42,33.27,2.41,1.513,1.43
LMT-0294,12.0,13.0,2.355,0.0856,21.08,10.29,33.33,2.21,1.532,1.38
LMT-0294,13.0,14.0,2.675,0.0704,20.54,11.91,26.68,1.83,1.265,1.41
LMT-0294,14.0,15.0,2.434,0.0246,17.32,10.96,29.25,1.95,1.307,1.53
LMT-0294,15.0,16.0,1.859,0.0434,17.43,12.5,30.65,1.76,0.988,1.48
LMT-0294,16.0,17.0,1.884,0.0303,18.99,10.61,31.59,1.41,1.231,1.58
LMT-0294,17.0,18.0,2.413,0.0478,17.22,14.1,32.77,1.91,1.368,1.27
LMT-0294,18.0,19.0,2.164,0.0362,16.66,13.56,32.73,1.88,1.007,1.59
LMT-0294,19.0,20.0,1.652,0.0344,16.95,12.37,30.97,1.75,1.032,1.46
LMT-0294,20.0,21.0,1.594,0.0359,15.53,17.41,31.07,1.59,1.385,1.57
LMT-0294,21.0,22.0,1.815,0.0395,15.84,14.54,37.59,1.7,1.062,1.66
LMT-0294,22.0,23.0,1.701,0.0335,16.46,15.15,36.83,2.12,1.221,1.6
LMT-0294,23.0,24.2,1.677,0.0443,15.25,16.84,35.88,1.72,1.163,1.52
LMT-0295,0.0,1.0,0.669,0.0322,48.11,0.59,3.25,5.95,2.682,1.52
LMT-0295,1.0,2.0,0.903,0.0438,46.48,0.99,4.41,4.96,2.384,1.49
LMT-0295,2.0,3.0,0.971,0.0481,47.18,1.66,7.52,6.45,2.141,1.46
LMT-0295,3.0,4.0,1.19,0.0635,40.43,1.98,6.46,5.46,2.556,1.36
LMT-0295,4.0,5.0,0.978,0.0586,42.37,2.28,8.76,5.3,2.008,1.42
LMT-0295,5.0,6.0,0.93,0.0482,38.33,2.73,9.1,4.71,1.949,1.26
LMT-0295,6.0,7.0,1.05,0.0704,40.89,2.96,9.35,3.91,2.205,1.42
LMT-0295,7.0,8.0,1.157,0.0759,38.11,3.76,11.71,5.49,2.303,1.37
LMT-0295,8.0,9.0,1.178,0.0536,43.17,4.24,13.87,3.49,1.948,1.43
LMT-0295,9.0,10.0,1.196,0.0844,39.08,4.98,12.93,4.34,1.577,1.32
LMT-0295,10.0,11.0,0.982,0.1097,36.96,5.07,14.58,3.38,1.631,1.51
LMT-0295,11.0,12.0,1.037,0.1593,37.24,5.36,14.31,2.3,2.022,1.45
LMT-0295,12.0,13.0,1.285,0.2502,37.08,6.05,17.17,2.56,2.2,1.43
LMT-0295,13.0,14.0,2.066,0.1004,18.67,7.7,27.92,1.52,1.073,1.42
LMT-0295,14.0,15.0,2.917,0.0878,18.3,10.63,29.48,2.02,1.501,1.38
LMT-0295,15.0,16.0,2.178,0.0843,18.32,8.43,29.49,2.09,1.133,1.47
LMT-0295,16.0,17.0,2.027,0.0456,17.06,11.82,31.15,2.01,1.322,1.49
LMT-0295,17.0,18.0,2.177,0.0407,17.73,11.29,27.57,1.7,1.342,1.38
LMT-0295,18.0,19.0,2.306,0.0404,16.75,11.05,35.26,1.94,1.024,1.39
LMT-0295,19.0,20.0,2.488,0.0339,17.33,13.08,30.47,1.99,1.302,1.55
LMT-0295,20.0,21.0,2.123,0.0363,17.36,14.47,30.81,1.74,1.281,1.43
LMT-0295,21.0,22.0,2.107,0.0308,15.37,12.58,32.25,2.24,1.067,1.55
LMT-0295,22.0,23.0,2.145,0.0384,17.02,14.34,36.98,1.57,1.187,1.62
LMT-0295,23.0,24.0,1.923,0.0348,16.0,14.95,31.61,1.44,1.21,1.55
LMT-0295,24.0,25.0,1.949,0.0396,15.14,16.95,33.36,1.64,1.383,1.51
LMT-0295,25.0,26.0,1.656,0.03,15.66,18.29,36.64,1.63,1.151,1.63
LMT-0295,26.0,27.0,1.891,0.0312,14.42,15.88,32.79,1.61,1.167,1.63
LMT-0295,27.0,28.0,1.664,0.0265,12.16,17.73,35.54,1.36,1.21,1.61
LMT-0295,28.0,29.0,1.385,0.0301,14.76,15.76,33.41,1.3,0.916,1.5
LMT-0295,29.0,30.0,1.566,0.0312,13.76,18.3,34.48,1.44,0.87,1.65
LMT-0295,30.0,31.0,1.477,0.0352,14.5,18.32,32.05,1.33,0.843,1.61
LMT-0295,31.0,32.0,1.629,0.0315,12.35,18.9,35.36,1.14,1.017,1.64
LMT-0295,32.0,33.0,1.522,0.0176,11.62,18.25,35.47,1.35,1.084,1.54
LMT-0295,33.0,34.0,1.501,0.024,11.77,20.77,39.16,1.34,0.857,1.64
LMT-0295,34.0,35.0,1.56,0.0299,12.35,21.45,36.21,1.35,0.971,1.54
LMT-0295,35.0,36.0,1.193,0.0264,10.88,20.91,37.01,1.07,0.84,1.8
LMT-0295,36.0,37.0,1.03,0.0242,11.02,21.97,35.01,0.77,0.937,1.64
LMT-0295,37.0,38.0,1.16,0.0241,9.88,26.17,40.92,0.91,0.726,1.77
LMT-0295,38.0,39.0,1.211,0.0225,10.08,25.48,40.03,0.62,0.941,1.73
LMT-0295,39.0,40.0,1.23,0.0166,10.44,22.87,42.66,1.1,0.909,1.66
LMT-0295,40.0,41.0,1.204,0.0191,9.45,23.91,41.48,0.83,0.703,1.65
LMT-0295,41.0,42.0,0.373,0.0107,6.51,35.71,35.28,0.92,0.434,2.51
LMT-0295,42.0,43.0,0.327,0.0165,6.22,35.52,39.44,0.86,0.472,2.6
LMT-0295,43.0,44.3,0.292,0.0119,5.51,35.51,40.07,0.8,0.338,2.3
LMT-0296,0.0,1.0,0.453,0.0382,44.36,0.59,3.4,7.09,2.065,1.52
LMT-0296,1.0,2.0,0.873,0.0392,47.53,0.91,4.62,7.97,1.958,1.42
LMT-0296,2.0,3.0,0.889,0.0565,43.33,1.61,6.98,5.62,2.814,1.35
LMT-0296,3.0,4.0,0.82,0.0394,44.78,2.02,7.75,5.7,2.602,1.29
LMT-0296,4.0,5.0,1.074,0.056,40.6,2.22,8.73,6.46,2.356,1.31
LMT-0296,5.0,6.0,0.966,0.0663,41.34,2.68,8.6,4.89,2.463,1.24
LMT-0296,6.0,7.0,1.073,0.0738,41.46,3.25,9.93,6.18,2.333,1.45
LMT-0296,7.0,8.0,1.176,0.0723,39.09,3.43,10.57,4.43,1.804,1.4
LMT-0296,8.0,9.0,1.244,0.0696,39.78,4.21,10.56,3.9,1.933,1.37
LMT-0296,9.0,10.0,1.044,0.0842,44.96,3.62,11.83,4.4,2.135,1.53
LMT-0296,10.0,11.0,1.237,0.0706,39.78,3.99,13.02,5.34,2.045,1.46
LMT-0296,11.0,12.0,0.996,0.0915,40.32,4.71,12.9,3.33,2.112,1.37
LMT-0296,12.0,13.0,1.225,0.0783,37.67,4.79,15.01,3.37,1.871,1.5
LMT-0296,13.0,14.0,1.357,0.1382,34.46,5.44,15.58,2.99,1.702,1.44
LMT-0296,14.0,15.0,1.535,0.2732,37.09,5.68,15.72,2.78,1.758,1.41
LMT-0296,15.0,16.0,2.195,0.138,20.74,9.41,32.63,2.46,1.027,1.4
LMT-0296,16.0,17.0,2.38,0.0919,20.72,10.8,28.14,2.13,1.139,1.44
LMT-0296,17.0,18.0,1.868,0.046,18.25,10.39,31.13,2.34,1.26,1.24
LMT-0296,18.0,19.0,2.045,0.0518,18.65,11.35,30.69,2.16,1.327,1.43
LMT-0296,19.0,20.0,2.429,0.042,16.05,9.74,28.68,1.69,1.446,1.39
LMT-0296,20.0,21.0,1.985,0.0288,16.53,12.24,33.78,1.86,1.393,1.58
LMT-0296,21.0,22.0,2.193,0.0397,17.66,11.66,33.47,2.18,1.259,1.49
LMT-0296,22.0,23.0,1.966,0.038,15.85,12.9,31.55,1.89,1.414,1.46
LMT-0296,23.0,24.0,1.942,0.0272,16.12,15.22,33.14,1.59,1.22,1.6
LMT-0296,24.0,25.0,1.892,0.0423,15.82,14.41,32.69,2.01,1.35,1.66
LMT-0296,25.0,26.0,1.834,0.034,15.89,14.53,34.29,2.01,1.193,1.52
LMT-0296,26.0,27.0,1.905,0.0348,15.26,18.86,35.85,1.67,0.931,1.59
LMT-0296,27.0,28.0,1.477,0.0233,13.8,17.65,34.34,1.72,1.045,1.58
LMT-0296,28.0,29.0,1.664,0.0324,15.14,18.35,34.98,1.48,1.007,1.72
LMT-0296,29.0,30.0,1.621,0.0219,13.17,21.39,35.86,1.66,0.823,1.6
LMT-0296,30.0,31.0,1.48,0.0289,13.21,20.19,39.87,0.93,1.009,1.66
LMT-0296,31.0,32.0,1.579,0.03,12.45,17.2,36.71,1.08,0.925,1.61
LMT-0296,32.0,33.0,1.378,0.0207,11.97,19.46,38.68,1.38,0.81,1.59
LMT-0296,33.0,34.0,1.414,0.026,11.6,21.97,38.29,0.96,0.886,1.69
LMT-0296,34.0,35.0,1.386,0.0279,11.63,21.79,37.53,1.18,0.866,1.6
LMT-0296,35.0,36.0,1.284,0.0266,11.56,23.72,39.56,1.12,1.008,1.64
LMT-0296,36.0,37.0,0.974,0.0283,10.87,22.37,33.89,1.09,0.734,1.73
LMT-0296,37.0,38.0,1.309,0.0243,9.42,26.12,39.63,0.88,0.77,1.62
LMT-0296,38.0,39.0,0.997,0.0142,9.74,22.08,37.18,0.95,0.585,1.78
LMT-0296,39.0,40.0,1.163,0.0175,8.94,24.67,38.85,0.79,0.676,1.77
LMT-0296,40.0,41.0,0.262,0.0102,6.41,37.37,35.46,0.73,0.393,2.43
LMT-0296,41.0,42.0,0.267,0.0121,6.38,33.14,37.19,0.9,0.408,2.3
LMT-0296,42.0,42.5,0.297,0.0141,6.2,35.29,35.72,0.55,0.442,2.62
LMT-0297,0.0,1.0,0.984,0.0761,46.34,1.85,6.79,7.12,3.056,1.5
LMT-0297,1.0,2.0,1.113,0.0699,46.88,2.49,9.47,6.42,2.452,1.51
LMT-0297,2.0,3.0,1.098,0.0896,50.34,3.01,10.12,5.35,2.942,1.55
LMT-0297,3.0,4.0,1.309,0.1176,41.26,3.95,13.7,6.12,2.797,1.44
LMT-0297,4.0,5.0,1.307,0.1492,42.02,4.37,13.87,4.43,1.954,1.45
LMT-0297,5.0,6.0,1.471,0.26,40.4,4.87,16.81,4.83,2.335,1.48
LMT-0297,6.0,7.0,1.667,0.3909,37.85,6.21,17.47,3.68,2.411,1.49
LMT-0297,7.0,8.0,2.523,0.1972,20.6,11.99,33.54,2.42,1.469,1.57
LMT-0297,8.0,9.0,2.316,0.0795,20.79,12.53,32.6,2.39,1.562,1.63
LMT-0297,9.0,10.0,2.471,0.0605,20.2,14.02,37.07,2.17,1.589,1.56
LMT-0297,10.0,11.0,2.116,0.0409,16.78,18.38,34.58,2.55,1.46,1.61
LMT-0297,11.0,12.0,1.955,0.0433,16.81,16.48,35.58,1.58,1.282,1.74
LMT-0297,12.0,13.0,2.063,0.0346,16.77,19.91,37.4,1.78,1.027,1.8
LMT-0297,13.0,14.0,1.785,0.0427,15.35,21.77,41.41,1.8,1.29,1.89
LMT-0297,14.0,15.0,1.756,0.0432,13.39,21.58,42.8,1.61,1.25,1.74
LMT-0297,15.0,16.0,1.403,0.0348,13.17,24.13,40.42,1.45,1.157,1.82
LMT-0297,16.0,17.0,1.418,0.0375,13.01,25.94,44.64,1.31,1.041,1.93
LMT-0297,17.0,18.0,1.25,0.0284,11.41,26.94,39.25,1.23,0.994,1.95
LMT-0297,18.0,19.0,1.24,0.0295,10.04,30.2,48.42,1.12,0.934,1.97
LMT-0297,19.0,20.0,0.368,0.0156,6.99,33.91,42.54,0.67,0.582,2.56
LMT-0297,20.0,21.0,0.279,0.0128,6.94,40.95,47.62,1.09,0.472,2.85
LMT-0297,21.0,21.9,0.274,0.0125,6.81,41.17,40.55,0.81,0.443,2.66
LMT-0298,0.0,1.0,0.914,0.0705,41.85,1.78,7.22,7.08,2.72,1.41
LMT-0298,1.0,2.0,1.147,0.0776,44.31,2.8,10.16,5.51,2.1,1.46
LMT-0298,2.0,3.0,1.109,0.1426,41.21,3.84,11.84,5.32,2.18,1.53
LMT-0298,3.0,4.0,1.173,0.3173,40.45,4.21,15.71,4.28,2.366,1.5
LMT-0298,4.0,5.0,1.17,0.3801,38.47,6.5,17.13,3.61,2.364,1.49
LMT-0298,5.0,6.0,2.445,0.1276,18.86,12.29,33.02,2.38,1.465,1.5
LMT-0298,6.0,7.0,2.189,0.0691,20.55,11.97,31.25,2.05,1.64,1.58
LMT-0298,7.0,8.0,1.968,0.0745,17.35,14.54,35.44,1.87,1.343,1.63
LMT-0298,8.0,9.0,1.837,0.0454,16.67,16.04,35.96,2.23,1.22,1.53
LMT-0298,9.0,10.0,1.659,0.0381,15.96,16.95,39.36,1.53,1.294,1.67
LMT-0298,10.0,11.0,1.896,0.0294,16.55,19.4,37.14,1.59,1.339,1.71
LMT-0298,11.0,12.0,1.676,0.0414,14.01,20.82,37.74,1.85,1.195,1.7
LMT-0298,12.0,13.0,1.57,0.0403,12.92,22.95,37.7,1.35,1.07,1.7
LMT-0298,13.0,14.0,1.537,0.0295,12.49,23.33,38.35,0.93,1.006,1.75
LMT-0298,14.0,15.0,1.124,0.0219,11.23,25.23,40.84,1.16,0.954,1.79
LMT-0298,15.0,16.0,1.198,0.0188,10.61,28.31,43.95,1.34,0.716,1.91
LMT-0298,16.0,17.0,0.304,0.0169,6.25,36.52,42.67,1.24,0.499,2.58
LMT-0298,17.0,18.0,0.323,0.0131,6.39,30.2,40.85,0.86,0.448,2.7
LMT-0298,18.0,19.2,0.285,0.0147,5.96,41.73,41.15,0.85,0.493,2.59
LMT-0299,0.0,1.0,0.968,0.1274,56.0,0.97,4.57,7.68,2.931,1.62
LMT-0299,1.0,2.0,1.489,0.3306,41.22,4.58,15.71,4.68,2.256,1.49
LMT-0299,2.0,3.0,2.197,0.1818,20.4,11.93,32.86,2.09,1.681,1.54
LMT-0299,3.0,4.0,2.028,0.0946,18.83,14.62,34.51,2.52,1.427,1.61
LMT-0299,4.0,5.0,2.186,0.0588,16.84,19.17,37.43,2.04,1.447,1.68
LMT-0299,5.0,6.0,1.957,0.0383,15.88,19.21,38.32,1.52,1.255,1.73
LMT-0299,6.0,7.0,1.514,0.032,13.7,21.45,41.36,1.78,1.329,1.91
LMT-0299,7.0,8.0,1.564,0.0383,12.56,25.49,41.34,1.27,0.967,1.75
LMT-0299,8.0,9.0,1.288,0.0332,10.96,24.89,40.8,1.06,1.008,1.89
LMT-0299,9.0,10.0,0.285,0.0149,7.49,35.72,46.0,1.21,0.491,2.85
LMT-0299,10.0,11.0,0.303,0.0127,7.26,38.8,43.67,1.23,0.433,2.74
LMT-0299,11.0,12.0,0.329,0.0163,5.99,40.31,43.96,1.06,0.546,2.65
LMT-0300,0.0,1.0,0.726,0.0668,53.08,0.81,4.16,8.43,3.759,1.62
LMT-0300,1.0,2.0,1.262,0.1913,44.26,3.14,9.75,6.6,2.698,1.5
LMT-0300,2.0,3.0,1.642,0.3806,39.09,5.82,16.92,4.48,1.972,1.49
LMT-0300,3.0,4.0,2.36,0.1846,19.88,12.67,32.21,2.42,1.553,1.56
LMT-0300,4.0,5.0,2.586,0.0964,19.85,13.32,36.73,2.54,1.483,1.62
LMT-0300,5.0,6.0,2.135,0.0663,17.44,13.48,39.02,2.16,1.597,1.75
LMT-0300,6.0,7.0,1.972,0.0452,17.88,18.9,38.93,1.86,1.382,1.73
LMT-0300,7.0,8.0,1.843,0.0437,14.47,17.75,38.72,1.51,1.318,1.87
LMT-0300,8.0,9.0,1.613,0.0446,14.63,22.1,37.35,1.42,1.116,1.81
LMT-0300,9.0,10.0,1.596,0.0378,12.35,25.92,41.91,1.47,1.063,1.68
LMT-0300,10.0,11.0,1.405,0.0308,11.35,24.73,40.22,1.43,0.957,1.9
LMT-0300,11.0,12.0,1.105,0.0255,9.51,30.2,48.59,1.2,0.907,2.04
LMT-0300,12.0,13.0,0.351,0.0158,7.81,41.92,43.53,1.02,0.548,2.52
LMT-0300,13.0,14.0,0.317,0.0171,6.75,39.88,43.14,1.02,0.463,2.78
LMT-0300,14.0,14.5,0.31,0.0171,6.83,42.22,45.7,0.92,0.488,2.75
LMT-0301,0.0,1.0,0.705,0.0511,51.66,0.75,3.79,8.66,2.581,1.63
LMT-0301,1.0,2.0,0.975,0.0976,49.63,1.93,8.01,6.81,3.028,1.42
LMT-0301,2.0,3.0,1.159,0.1678,42.06,4.17,12.29,6.3,2.844,1.53
LMT-0301,3.0,4.0,1.342,0.3212,39.62,5.19,15.17,3.88,2.215,1.51
LMT-0301,4.0,5.0,2.328,0.1444,22.03,10.56,31.85,2.72,1.95,1.65
LMT-0301,5.0,6.0,2.083,0.1287,21.21,12.17,31.69,2.38,1.504,1.68
LMT-0301,6.0,7.0,2.112,0.0785,18.49,13.94,36.02,2.34,1.497,1.53
LMT-0301,7.0,8.0,1.894,0.0557,19.06,13.61,36.64,2.44,1.344,1.54
LMT-0301,8.0,9.0,2.086,0.0524,17.76,17.14,35.14,1.95,1.27,1.58
LMT-0301,9.0,10.0,1.843,0.0324,17.82,17.73,36.08,2.04,1.497,1.72
LMT-0301,10.0,11.0,1.613,0.0499,15.72,17.53,42.62,1.9,1.333,1.73
LMT-0301,11.0,12.0,1.805,0.0377,15.27,20.3,37.09,1.51,1.21,1.76
LMT-0301,12.0,13.0,1.48,0.0319,12.7,25.38,40.43,1.51,1.106,1.7
LMT-0301,13.0,14.0,1.323,0.0374,12.95,24.42,34.0,1.34,1.004,1.75
LMT-0301,14.0,15.0,1.11,0.0296,11.05,23.0,40.76,1.11,1.112,1.96
LMT-0301,15.0,16.0,1.229,0.0284,10.6,28.22,40.9,1.07,0.998,2.07
LMT-0301,16.0,17.0,0.296,0.0181,6.5,33.7,43.12,0.97,0.478,2.75
LMT-0301,17.0,18.0,0.363,0.0162,7.13,38.95,43.11,1.08,0.525,2.71
LMT-0301,18.0,19.0,0.295,0.0143,6.19,38.61,45.38,1.16,0.44,2.85
LMT-0301,19.0,19.3,0.257,0.0178,6.68,44.75,45.91,1.12,0.451,2.66
LMT-0302,0.0,1.0,0.722,0.0412,52.17,0.69,3.6,8.46,3.061,1.48
LMT-0302,1.0,2.0,0.732,0.038,42.96,1.87,6.46,4.1,2.449,1.28
LMT-0302,2.0,3.0,0.932,0.0612,40.62,2.73,9.07,5.55,2.201,1.41
LMT-0302,3.0,4.0,1.118,0.0995,41.11,3.46,11.26,5.01,2.206,1.38
LMT-0302,4.0,5.0,1.291,0.1371,38.59,4.5,12.32,4.2,2.162,1.44
LMT-0302,5.0,6.0,1.252,0.2267,37.61,5.81,15.01,3.17,1.994,1.47
LMT-0302,6.0,7.0,2.482,0.1651,19.94,8.53,31.78,2.48,1.299,1.51
LMT-0302,7.0,8.0,1.862,0.0693,20.16,10.28,33.05,1.68,1.442,1.46
LMT-0302,8.0,9.0,1.603,0.0451,19.77,10.78,32.96,1.96,1.072,1.49
LMT-0302,9.0,10.0,2.171,0.0355,18.84,10.54,35.23,2.49,1.169,1.52
LMT-0302,10.0,11.0,1.862,0.0372,17.02,11.35,32.33,2.3,1.27,1.45
LMT-0302,11.0,12.0,1.859,0.0359,17.46,12.65,34.72,1.8,1.387,1.47
LMT-0302,12.0,13.0,1.63,0.0288,16.28,13.9,35.04,1.62,1.207,1.55
LMT-0302,13.0,14.0,1.832,0.0428,18.1,15.26,33.68,1.29,1.245,1.6
LMT-0302,14.0,15.0,1.525,0.0242,14.4,14.43,37.6,1.43,1.136,1.67
LMT-0302,15.0,16.0,1.442,0.0367,14.34,17.13,34.87,1.62,1.067,1.71
LMT-0302,16.0,17.0,1.501,0.0287,14.37,18.67,38.59,1.49,1.189,1.59
LMT-0302,17.0,18.0,1.246,0.0184,13.43,20.6,35.14,1.26,1.024,1.67
LMT-0302,18.0,19.0,1.181,0.034,12.19,20.73,35.6,1.62,0.884,1.68
LMT-0302,19.0,20.0,1.164,0.0317,11.69,23.81,39.06,1.39,0.996,1.66
LMT-0302,20.0,21.0,1.258,0.0214,12.42,23.92,37.34,1.01,0.735,1.71
LMT-0302,21.0,22.0,1.221,0.0268,10.53,25.81,37.96,1.14,1.036,1.73
LMT-0302,22.0,23.0,1.0,0.0276,10.29,27.71,38.05,1.29,0.869,1.66
LMT-0302,23.0,24.0,1.064,0.0138,9.53,28.71,37.81,0.93,0.827,1.65
LMT-0302,24.0,25.0,0.278,0.0107,6.65,35.97,41.15,0.92,0.384,2.62
LMT-0302,25.0,26.0,0.229,0.0092,6.18,32.61,40.07,0.9,0.442,2.4
LMT-0302,26.0,26.5,0.282,0.0167,5.82,34.0,37.88,0.71,0.468,2.63
LMT-0303,0.0,1.0,0.634,0.0369,43.68,0.64,3.88,7.63,2.666,1.45
LMT-0303,1.0,2.0,0.799,0.0401,43.91,1.48,7.68,4.58,2.286,1.31
LMT-0303,2.0,3.0,1.017,0.0717,40.5,2.81,8.63,3.88,2.373,1.33
LMT-0303,3.0,4.0,1.155,0.051,40.81,3.4,10.41,4.79,1.716,1.4
LMT-0303,4.0,5.0,1.214,0.1112,41.03,4.47,13.26,4.92,2.162,1.44
LMT-0303,5.0,6.0,1.218,0.2019,33.99,5.37,15.59,2.95,1.86,1.37
LMT-0303,6.0,7.0,1.969,0.1551,19.16,7.86,29.44,2.06,1.417,1.36
LMT-0303,7.0,8.0,2.098,0.0788,19.93,9.11,29.07,1.97,1.247,1.43
LMT-0303,8.0,9.0,1.575,0.0664,17.09,8.9,30.88,1.79,1.434,1.5
LMT-0303,9.0,10.0,1.717,0.064,19.32,11.31,32.44,1.69,1.257,1.54
LMT-0303,10.0,11.0,1.651,0.0419,18.0,10.89,31.29,2.11,1.3,1.4
LMT-0303,11.0,12.0,1.987,0.0471,18.86,11.46,36.51,1.59,1.064,1.45
LMT-0303,12.0,13.0,1.771,0.0345,16.32,13.54,36.62,1.48,1.252,1.48
LMT-0303,13.0,14.0,1.742,0.0406,16.71,12.82,33.08,1.88,1.283,1.54
LMT-0303,14.0,15.0,1.775,0.0288,14.66,12.45,32.74,1.82,1.046,1.63
LMT-0303,15.0,16.0,1.642,0.0367,14.55,16.42,33.98,1.11,0.878,1.56
LMT-0303,16.0,17.0,1.7,0.0328,14.52,16.43,32.48,1.81,1.098,1.57
LMT-0303,17.0,18.0,1.181,0.0359,13.42,19.53,36.15,1.31,1.096,1.61
LMT-0303,18.0,19.0,1.288,0.0267,13.63,18.1,39.43,1.05,1.17,1.6
LMT-0303,19.0,20.0,1.456,0.0204,14.25,17.76,35.62,1.51,1.093,1.65
LMT-0303,20.0,21.0,1.236,0.0268,13.09,16.33,38.64,1.13,1.022,1.66
LMT-0303,21.0,22.0,1.269,0.025,10.86,18.42,36.98,1.38,0.83,1.68
LMT-0303,22.0,23.0,1.243,0.031,11.02,20.58,38.2,1.34,0.791,1.68
LMT-0303,23.0,24.0,1.2,0.0266,11.19,23.24,34.72,1.27,0.773,1.67
LMT-0303,24.0,25.0,0.992,0.0273,10.47,23.11,37.9,1.0,0.822,1.69
LMT-0303,25.0,26.0,1.118,0.0148,10.7,22.47,37.22,1.0,0.683,1.73
LMT-0303,26.0,27.0,1.065,0.0289,9.13,23.79,37.45,1.06,0.853,1.8
LMT-0303,27.0,28.0,0.821,0.0224,10.08,23.36,38.75,0.71,0.666,1.74
LMT-0303,28.0,29.0,0.304,0.011,6.5,36.4,37.48,0.74,0.359,2.39
LMT-0303,29.0,30.0,0.226,0.0091,6.26,34.63,34.83,0.83,0.489,2.39
LMT-0303,30.0,30.4,0.25,0.0101,6.53,30.79,42.67,0.84,0.446,2.39
LMT-0304,0.0,1.0,0.673,0.0312,46.74,0.77,3.21,5.89,2.04,1.4
LMT-0304,1.0,2.0,0.868,0.0614,48.0,1.79,6.16,4.05,2.42,1.34
LMT-0304,2.0,3.0,1.015,0.0647,43.31,2.31,8.49,6.57,2.397,1.37
LMT-0304,3.0,4.0,0.98,0.0535,38.74,3.0,10.91,5.73,2.366,1.37
LMT-0304,4.0,5.0,1.187,0.0915,40.64,4.37,11.35,4.25,1.961,1.39
LMT-0304,5.0,6.0,1.262,0.1845,39.14,5.3,13.75,3.54,1.998,1.31
LMT-0304,6.0,7.0,1.212,0.2338,36.69,6.18,13.96,2.92,1.562,1.47
LMT-0304,7.0,8.0,2.18,0.1333,18.13,8.57,32.68,2.14,1.307,1.43
LMT-0304,8.0,9.0,2.19,0.0582,20.28,9.08,30.11,2.02,1.448,1.42
LMT-0304,9.0,10.0,2.113,0.0385,19.93,10.37,26.75,1.47,1.37,1.52
LMT-0304,10.0,11.0,1.994,0.0359,17.08,11.4,30.49,1.79,1.521,1.49
LMT-0304,11.0,12.0,2.126,0.0397,17.92,11.98,32.26,1.49,1.37,1.5
LMT-0304,12.0,13.0,2.041,0.0379,17.83,14.52,35.85,2.18,1.238,1.54
LMT-0304,13.0,14.0,2.215,0.0396,17.76,13.99,35.29,1.56,1.181,1.49
LMT-0304,14.0,15.0,1.825,0.0245,16.02,15.04,31.79,2.29,1.066,1.38
LMT-0304,15.0,16.0,1.9,0.0392,16.99,15.47,32.55,1.67,1.17,1.58
LMT-0304,16.0,17.0,1.691,0.0329,15.02,14.93,31.48,1.5,1.216,1.41
LMT-0304,17.0,18.0,1.758,0.032,14.39,14.75,33.78,1.48,1.003,1.58
LMT-0304,18.0,19.0,1.643,0.0453,14.67,17.77,33.9,1.48,1.036,1.6
LMT-0304,19.0,20.0,1.368,0.0347,13.87,19.25,36.04,1.22,1.15,1.54
LMT-0304,20.0,21.0,1.503,0.034,12.95,18.19,35.0,1.53,1.095,1.72
LMT-0304,21.0,22.0,1.536,0.0284,13.03,19.89,36.5,1.62,0.892,1.61
LMT-0304,22.0,23.0,1.373,0.0326,12.15,18.08,37.24,0.86,1.082,1.53
LMT-0304,23.0,24.0,1.543,0.0259,11.54,19.86,36.57,1.37,1.141,1.65
LMT-0304,24.0,25.0,1.294,0.0235,13.03,18.96,37.19,1.32,1.053,1.74
LMT-0304,25.0,26.0,1.225,0.0237,12.01,21.9,39.44,0.98,0.967,1.68
LMT-0304,26.0,27.0,1.204,0.0221,11.11,20.43,35.19,0.93,0.691,1.73
LMT-0304,27.0,28.0,1.137,0.0231,11.36,23.15,35.95,0.83,0.791,1.8
LMT-0304,28.0,29.0,1.081,0.0235,10.81,21.55,35.06,0.99,0.898,1.64
LMT-0304,29.0,30.0,0.971,0.0199,9.15,22.88,40.18,1.07,0.723,1.67
LMT-0304,30.0,31.0,0.902,0.0232,8.75,26.45,37.73,0.74,0.631,1.77
LMT-0304,31.0,32.0,0.262,0.0131,6.58,36.09,37.28,0.85,0.358,2.53
LMT-0304,32.0,33.0,0.294,0.011,5.88,32.42,34.89,0.82,0.512,2.43
LMT-0304,33.0,33.6,0.291,0.0118,5.96,29.34,37.74,0.56,0.386,2.56
LMT-0305,0.0,1.0,0.731,0.0375,43.68,0.61,3.35,6.94,2.226,1.5
LMT-0305,1.0,2.0,0.761,0.0346,42.22,1.36,5.9,3.96,1.869,1.21
LMT-0305,2.0,3.0,0.881,0.0606,44.48,2.51,7.99,5.5,2.804,1.37
LMT-0305,3.0,4.0,1.029,0.0543,40.98,2.99,9.81,4.26,1.991,1.28
LMT-0305,4.0,5.0,1.097,0.0671,42.07,3.1,10.21,3.06,2.15,1.33
LMT-0305,5.0,6.0,1.198,0.0992,37.69,4.25,12.86,4.13,1.803,1.39
LMT-0305,6.0,7.0,1.209,0.1558,34.64,4.69,13.61,3.52,2.17,1.39
LMT-0305,7.0,8.0,1.052,0.269,34.68,4.7,15.81,2.36,1.705,1.25
LMT-0305,8.0,9.0,2.193,0.1039,19.1,9.27,30.57,2.15,1.346,1.36
LMT-0305,9.0,10.0,1.92,0.0832,17.53,9.73,31.68,1.78,1.4,1.48
LMT-0305,10.0,11.0,1.798,0.0527,16.67,11.39,30.14,1.45,1.494,1.44
LMT-0305,11.0,12.0,1.996,0.0402,16.78,9.96,28.68,2.25,1.227,1.44
LMT-0305,12.0,13.0,1.788,0.0341,17.52,11.47,32.21,1.78,1.001,1.46
LMT-0305,13.0,14.0,1.959,0.0303,17.01,12.04,34.47,1.52,0.977,1.49
LMT-0305,14.0,15.0,1.951,0.0343,16.93,13.83,30.43,1.36,1.12,1.45
LMT-0305,15.0,16.0,1.862,0.0265,16.02,11.33,28.5,1.68,1.059,1.41
LMT-0305,16.0,17.0,1.937,0.0295,15.55,15.21,31.56,1.41,1.173,1.58
LMT-0305,17.0,18.0,1.693,0.0343,14.19,13.6,34.0,1.72,1.048,1.6
LMT-0305,18.0,19.0,1.823,0.0241,15.72,14.91,36.43,1.64,1.059,1.56
LMT-0305,19.0,20.0,1.721,0.037,14.32,13.57,33.76,1.4,1.176,1.52
LMT-0305,20.0,21.0,1.337,0.0169,14.23,16.05,38.73,1.03,1.106,1.51
LMT-0305,21.0,22.0,1.153,0.031,13.38,15.91,32.15,1.16,1.039,1.57
LMT-0305,22.0,23.0,1.413,0.0308,13.75,17.04,38.41,1.15,0.791,1.63
LMT-0305,23.0,24.0,1.185,0.0237,11.7,14.09,32.92,1.23,0.867,1.63
LMT-0305,24.0,25.0,1.105,0.0284,12.73,16.43,35.17,0.94,0.994,1.71
LMT-0305,25.0,26.0,1.249,0.0276,11.16,20.84,39.08,0.99,0.681,1.69
LMT-0305,26.0,27.0,1.328,0.0188,11.73,17.4,35.14,0.96,0.866,1.62
LMT-0305,27.0,28.0,1.107,0.0206,10.65,20.48,35.88,0.98,0.99,1.61
LMT-0305,28.0,29.0,0.89,0.0181,10.81,22.01,33.13,0.88,0.833,1.63
LMT-0305,29.0,30.0,0.898,0.019,9.65,23.13,35.27,0.66,0.88,1.62
LMT-0305,30.0,31.0,0.86,0.024,10.16,22.75,34.5,0.86,0.861,1.69
LMT-0305,31.0,32.0,1.03,0.0148,9.27,21.73,38.22,0.72,0.785,1.7
LMT-0305,32.0,33.0,0.251,0.0117,6.37,30.27,37.77,0.76,0.396,2.45
LMT-0305,33.0,34.0,0.26,0.0086,6.58,33.21,39.19,0.62,0.421,2.36
LMT-0305,34.0,34.5,0.251,0.0108,6.34,35.43,35.91,0.89,0.357,2.52
LMT-0306,0.0,1.0,0.618,0.0286,44.41,0.53,3.22,5.35,2.328,1.44
LMT-0306,1.0,2.0,0.844,0.0419,43.58,0.93,4.68,4.01,2.309,1.36
LMT-0306,2.0,3.0,0.696,0.06,37.63,1.67,7.51,3.96,2.04,1.32
LMT-0306,3.0,4.0,0.725,0.0404,41.69,2.49,8.85,4.8,2.035,1.31
LMT-0306,4.0,5.0,1.063,0.0368,35.25,2.34,9.89,4.27,2.418,1.36
LMT-0306,5.0,6.0,1.014,0.0702,39.01,3.16,11.1,2.88,1.543,1.31
LMT-0306,6.0,7.0,1.361,0.0887,37.5,3.88,11.07,4.08,1.555,1.3
LMT-0306,7.0,8.0,1.254,0.1392,33.49,4.4,13.58,3.13,1.842,1.37
LMT-0306,8.0,9.0,1.086,0.2655,33.33,4.97,15.76,2.74,1.639,1.44
LMT-0306,9.0,10.0,1.94,0.1386,19.11,6.76,28.33,1.91,1.119,1.3
LMT-0306,10.0,11.0,1.938,0.0936,18.06,8.47,28.64,1.86,1.28,1.4
LMT-0306,11.0,12.0,2.022,0.0433,17.49,9.89,26.95,1.65,1.084,1.43
LMT-0306,12.0,13.0,2.181,0.031,17.95,10.3,30.63,1.76,1.116,1.45
LMT-0306,13.0,14.0,1.675,0.0349,17.55,11.93,30.33,1.65,1.31,1.49
LMT-0306,14.0,15.0,1.512,0.0402,18.68,8.03,32.32,1.6,1.18,1.42
LMT-0306,15.0,16.0,1.662,0.0283,15.72,11.13,32.05,1.39,0.863,1.52
LMT-0306,16.0,17.0,1.657,0.0139,14.92,14.57,31.02,1.38,1.19,1.31
LMT-0306,17.0,18.0,1.709,0.0424,15.83,13.37,30.71,1.29,0.979,1.44
LMT-0306,18.0,19.0,1.79,0.0348,14.37,16.26,30.5,1.45,1.078,1.55
LMT-0306,19.0,20.0,1.485,0.032,15.12,13.47,32.42,1.46,0.85,1.55
LMT-0306,20.0,21.0,1.522,0.0234,12.69,15.16,32.73,0.91,1.004,1.5
LMT-0306,21.0,22.0,1.531,0.0271,12.99,14.72,31.61,1.25,0.887,1.63
LMT-0306,22.0,23.0,1.25,0.022,11.94,16.45,34.98,1.06,0.891,1.55
LMT-0306,23.0,24.0,1.347,0.0256,13.67,16.74,31.51,1.07,1.193,1.64
LMT-0306,24.0,25.0,1.272,0.0259,13.34,21.62,34.25,1.04,1.049,1.6
LMT-0306,25.0,26.0,1.126,0.017,11.86,16.76,33.22,1.16,0.781,1.63
LMT-0306,26.0,27.0,1.431,0.0254,10.48,23.98,34.03,0.92,0.756,1.63
LMT-0306,27.0,28.0,1.172,0.0202,10.29,19.98,36.77,0.94,0.873,1.61
LMT-0306,28.0,29.0,0.917,0.023,9.96,20.09,35.52,0.66,0.752,1.65
LMT-0306,29.0,30.0,1.202,0.0117,10.3,17.86,39.2,0.86,0.697,1.66
LMT-0306,30.0,31.0,0.915,0.015,8.83,25.16,37.91,0.85,0.741,1.6
LMT-0306,31.0,32.0,0.905,0.0114,8.57,21.79,32.96,0.75,0.523,1.63
LMT-0306,32.0,33.0,0.218,0.0123,5.99,30.23,33.62,0.74,0.418,2.46
LMT-0306,33.0,34.3,0.212,0.0095,5.6,32.15,34.7,0.79,0.412,2.4
LMT-0307,0.0,1.0,0.51,0.0315,43.54,0.54,2.78,7.2,2.216,1.37
LMT-0307,1.0,2.0,0.781,0.0254,44.44,0.85,4.07,6.57,1.491,1.41
LMT-0307,2.0,3.0,0.959,0.0478,43.3,1.46,6.2,7.16,2.124,1.31
LMT-0307,3.0,4.0,0.956,0.0471,39.22,1.71,7.57,6.14,1.556,1.39
LMT-0307,4.0,5.0,0.853,0.0479,37.82,2.28,9.32,3.13,2.209,1.23
LMT-0307,5.0,6.0,0.878,0.0527,35.64,2.84,10.05,3.28,2.027,1.32
LMT-0307,6.0,7.0,0.912,0.0372,35.96,2.96,9.77,5.36,1.66,1.39
LMT-0307,7.0,8.0,1.201,0.024,35.78,3.76,11.03,3.95,1.996,1.3
LMT-0307,8.0,9.0,1.033,0.088,37.83,3.9,11.58,3.45,2.186,1.31
LMT-0307,9.0,10.0,1.103,0.1253,33.83,4.74,14.75,3.25,1.547,1.36
LMT-0307,10.0,11.0,1.27,0.2815,31.87,4.76,15.67,2.1,1.315,1.37
LMT-0307,11.0,12.0,1.938,0.1025,20.24,7.94,26.75,2.03,1.228,1.35
LMT-0307,12.0,13.0,2.126,0.0499,18.5,7.41,31.53,1.57,1.23,1.21
LMT-0307,13.0,14.0,1.818,0.0248,17.56,9.2,28.69,1.9,1.043,1.31
LMT-0307,14.0,15.0,1.84,0.0229,17.23,9.2,28.12,1.68,1.013,1.36
LMT-0307,15.0,16.0,1.551,0.0377,15.75,9.05,29.08,2.09,0.929,1.34
LMT-0307,16.0,17.0,1.554,0.032,14.85,12.53,30.08,1.52,1.119,1.36
LMT-0307,17.0,18.0,1.641,0.0319,15.92,10.68,31.1,1.31,1.049,1.41
LMT-0307,18.0,19.0,1.708,0.0342,15.75,13.71,30.04,1.26,0.877,1.53
LMT-0307,19.0,20.0,1.609,0.0258,13.9,13.3,30.8,1.58,0.988,1.5
LMT-0307,20.0,21.0,1.038,0.019,15.47,15.79,34.99,1.08,0.797,1.5
LMT-0307,21.0,22.0,1.478,0.0235,15.06,13.06,32.78,1.08,0.963,1.52
LMT-0307,22.0,23.0,1.417,0.027,13.01,14.27,34.0,1.28,0.933,1.55
LMT-0307,23.0,24.0,1.037,0.0207,13.61,17.21,33.1,0.84,0.824,1.47
LMT-0307,24.0,25.0,1.262,0.0109,13.13,17.17,33.85,1.4,1.002,1.57
LMT-0307,25.0,26.0,1.355,0.0221,11.8,18.36,37.55,0.84,0.893,1.49
LMT-0307,26.0,27.0,1.5,0.0186,11.63,20.24,32.79,0.85,0.788,1.63
LMT-0307,27.0,28.0,1.116,0.0263,11.2,13.01,33.11,1.17,0.709,1.53
LMT-0307,28.0,29.0,1.064,0.021,10.06,18.93,34.05,1.0,0.986,1.52
LMT-0307,29.0,30.0,1.176,0.0199,9.73,17.07,33.67,0.91,0.687,1.81
LMT-0307,30.0,31.0,1.11,0.0113,9.92,21.63,36.98,0.92,0.731,1.6
LMT-0307,31.0,32.0,0.993,0.0153,9.28,24.23,34.61,0.87,0.827,1.69
LMT-0307,32.0,33.0,1.007,0.0187,9.09,22.13,36.19,0.75,0.696,1.57
LMT-0307,33.0,34.0,0.261,0.0094,6.22,32.92,35.29,0.51,0.414,2.29
LMT-0307,34.0,35.0,0.244,0.0076,5.77,32.09,33.28,0.71,0.357,2.36
LMT-0307,35.0,36.1,0.209,0.0102,5.91,29.12,36.15,0.67,0.368,2.4
LMT-0308,0.0,1.0,0.531,0.021,42.41,0.55,2.66,6.89,2.789,1.41
LMT-0308,1.0,2.0,0.74,0.0385,43.61,0.79,3.93,5.56,2.068,1.39
LMT-0308,2.0,3.0,0.812,0.0589,46.02,1.27,6.1,2.62,2.001,1.24
LMT-0308,3.0,4.0,0.863,0.0408,46.18,1.66,7.58,6.05,1.886,1.25
LMT-0308,4.0,5.0,0.952,0.0405,38.91,2.24,8.12,5.23,1.88,1.36
LMT-0308,5.0,6.0,0.702,0.063,39.94,2.59,8.79,3.29,1.968,1.33
LMT-0308,6.0,7.0,0.885,0.0398,38.4,2.39,9.11,4.45,1.691,1.41
LMT-0308,7.0,8.0,1.032,0.0577,40.63,3.24,10.34,4.05,1.759,1.45
LMT-0308,8.0,9.0,0.92,0.0339,35.09,4.01,11.24,4.3,1.998,1.44
LMT-0308,9.0,10.0,1.087,0.0588,37.46,3.89,12.16,4.39,1.644,1.25
LMT-0308,10.0,11.0,0.969,0.0726,36.77,4.31,12.06,2.28,2.096,1.48
LMT-0308,11.0,12.0,1.204,0.0905,37.57,4.79,14.24,3.09,1.1,1.34
LMT-0308,12.0,13.0,1.122,0.1274,37.3,5.35,13.91,3.2,1.473,1.24
LMT-0308,13.0,14.0,1.194,0.2031,33.48,5.7,16.63,2.98,1.284,1.45
LMT-0308,14.0,15.0,1.908,0.1732,17.61,9.09,27.9,2.22,1.255,1.35
LMT-0308,15.0,16.0,1.832,0.05,17.63,9.42,27.82,2.04,1.337,1.46
LMT-0308,16.0,17.0,1.821,0.0385,18.2,11.66,29.07,1.44,1.415,1.36
LMT-0308,17.0,18.0,2.168,0.0249,17.72,10.64,31.72,1.61,1.027,1.37
LMT-0308,18.0,19.0,1.729,0.0349,16.98,12.5,29.94,1.74,1.362,1.43
LMT-0308,19.0,20.0,1.878,0.0475,16.88,11.47,30.06,1.61,1.116,1.49
LMT-0308,20.0,21.0,1.729,0.0164,17.12,11.95,31.89,0.95,0.932,1.48
LMT-0308,21.0,22.0,1.401,0.023,13.66,15.8,32.85,1.54,1.002,1.56
LMT-0308,22.0,23.0,1.626,0.0352,15.8,11.95,30.0,1.51,0.934,1.51
LMT-0308,23.0,24.0,1.378,0.0304,14.59,13.63,32.57,0.98,1.117,1.44
LMT-0308,24.0,25.0,1.706,0.0272,15.1,15.97,34.35,1.37,1.217,1.63
LMT-0308,25.0,26.0,1.628,0.0229,13.5,16.77,33.8,1.07,0.783,1.59
LMT-0308,26.0,27.0,1.587,0.0292,11.98,15.89,32.65,1.3,1.0,1.51
LMT-0308,27.0,28.0,1.163,0.0342,11.25,19.83,32.77,1.15,0.965,1.58
LMT-0308,28.0,29.0,1.292,0.0204,12.75,17.43,31.37,0.92,0.86,1.65
LMT-0308,29.0,30.0,1.215,0.0184,11.96,17.21,35.88,1.13,1.035,1.57
LMT-0308,30.0,31.0,1.13,0.0215,10.34,19.55,34.18,0.96,0.896,1.74
LMT-0308,31.0,32.0,1.292,0.0228,10.36,25.02,34.72,0.88,0.928,1.71
LMT-0308,32.0,33.0,1.074,0.0205,9.48,22.09,32.62,0.91,0.725,1.64
LMT-0308,33.0,34.0,0.956,0.0237,9.84,23.43,35.1,0.78,0.688,1.67
LMT-0308,34.0,35.0,0.861,0.0233,8.52,23.1,40.55,1.0,0.753,1.79
LMT-0308,35.0,36.0,0.247,0.009,6.2,27.75,37.21,0.74,0.449,2.57
LMT-0308,36.0,37.0,0.193,0.0111,6.0,27.0,34.48,0.73,0.405,2.56
LMT-0308,37.0,37.8,0.256,0.0084,5.43,28.56,34.76,0.73,0.437,2.72
LMT-0309,0.0,1.0,0.507,0.0194,41.89,0.59,2.96,6.22,2.297,1.53
LMT-0309,1.0,2.0,0.829,0.0389,45.92,0.93,3.96,6.52,2.071,1.49
LMT-0309,2.0,3.0,0.916,0.044,41.5,1.55,5.61,5.37,2.676,1.34
LMT-0309,3.0,4.0,0.891,0.0359,43.98,1.86,7.51,3.98,2.174,1.41
LMT-0309,4.0,5.0,0.819,0.0599,39.65,2.05,8.54,6.38,1.907,1.32
LMT-0309,5.0,6.0,1.098,0.0584,43.89,2.46,9.1,4.17,1.836,1.29
LMT-0309,6.0,7.0,1.062,0.0506,38.58,2.96,10.45,3.73,1.851,1.47
LMT-0309,7.0,8.0,1.024,0.0587,40.04,2.99,10.93,3.87,1.693,1.4
LMT-0309,8.0,9.0,1.05,0.0561,39.54,3.61,10.67,4.16,2.116,1.34
LMT-0309,9.0,10.0,0.919,0.0847,38.13,3.88,11.62,4.08,2.09,1.39
LMT-0309,10.0,11.0,1.03,0.0742,36.28,3.8,9.87,4.45,1.563,1.47
LMT-0309,11.0,12.0,1.123,0.0879,42.28,3.96,14.07,3.79,1.585,1.34
LMT-0309,12.0,13.0,1.034,0.064,35.87,4.73,13.1,4.09,1.591,1.42
LMT-0309,13.0,14.0,1.438,0.1428,34.34,4.61,14.73,3.17,1.365,1.41
LMT-0309,14.0,15.0,1.087,0.1714,35.14,5.02,15.04,2.91,1.558,1.55
LMT-0309,15.0,16.0,1.238,0.317,35.08,5.61,16.62,2.39,1.879,1.45
LMT-0309,16.0,17.0,2.094,0.1077,19.87,9.2,32.66,2.19,1.232,1.43
LMT-0309,17.0,18.0,2.109,0.0551,18.85,8.56,29.13,1.82,1.272,1.49
LMT-0309,18.0,19.0,1.876,0.0471,18.84,11.48,29.67,2.12,1.074,1.39
LMT-0309,19.0,20.0,1.72,0.0339,17.62,11.54,34.06,1.55,1.218,1.44
LMT-0309,20.0,21.0,1.481,0.0277,17.8,13.71,34.53,1.44,0.927,1.44
LMT-0309,21.0,22.0,1.556,0.0244,16.06,15.42,32.65,1.64,1.035,1.5
LMT-0309,22.0,23.0,2.152,0.0271,15.42,11.67,33.3,1.36,0.994,1.52
LMT-0309,23.0,24.0,1.44,0.0313,14.04,16.13,31.86,1.57,1.065,1.55
LMT-0309,24.0,25.0,1.628,0.0356,13.38,15.93,33.7,1.48,0.898,1.62
LMT-0309,25.0,26.0,1.151,0.0323,14.36,15.87,32.48,1.16,0.945,1.6
LMT-0309,26.0,27.0,1.204,0.0258,13.0,18.36,35.2,1.24,0.994,1.45
LMT-0309,27.0,28.0,1.438,0.0211,13.3,19.9,33.67,1.57,0.932,1.59
LMT-0309,28.0,29.0,1.308,0.0318,12.41,16.35,34.92,1.06,0.995,1.66
LMT-0309,29.0,30.0,1.61,0.0196,11.8,19.91,36.81,1.31,1.028,1.55
LMT-0309,30.0,31.0,1.479,0.0302,11.12,20.66,35.04,1.04,0.907,1.65
LMT-0309,31.0,32.0,1.228,0.0228,11.62,23.46,36.21,0.96,0.969,1.72
LMT-0309,32.0,33.0,1.008,0.02,11.2,22.82,36.09,1.09,0.866,1.73
LMT-0309,33.0,34.0,0.908,0.0237,9.07,24.54,35.79,0.61,0.903,1.83
LMT-0309,34.0,35.0,0.959,0.0171,9.31,22.41,37.49,1.07,0.541,1.88
LMT-0309,35.0,36.0,0.262,0.011,6.06,35.19,35.94,0.73,0.372,2.52
LMT-0309,36.0,37.0,0.243,0.0131,6.67,32.23,37.76,0.82,0.484,2.37
LMT-0309,37.0,38.2,0.21,0.0115,5.63,30.09,40.21,0.66,0.383,2.64
LMT-0310,0.0,1.0,0.651,0.0221,47.65,0.55,3.08,6.5,2.775,1.58
LMT-0310,1.0,2.0,,,,,,,,1.45
LMT-0310,2.0,3.0,0.866,0.0614,42.5,1.57,7.11,4.76,2.004,1.33
LMT-0310,3.0,4.0,0.945,0.0378,44.57,1.61,8.15,6.67,1.929,1.33
LMT-0310,4.0,5.0,1.003,0.0574,40.43,1.94,7.6,5.64,2.097,1.34
LMT-0310,5.0,6.0,0.873,0.0622,45.64,2.6,9.34,3.76,2.07,1.31
LMT-0310,6.0,7.0,0.932,0.0616,42.2,2.77,10.31,4.7,2.067,1.42
LMT-0310,7.0,8.0,1.072,0.0755,40.52,2.97,11.2,4.23,2.283,1.34
LMT-0310,8.0,9.0,1.177,0.0828,38.76,3.04,10.93,4.73,1.662,1.45
LMT-0310,9.0,10.0,,,,,,,,1.35
LMT-0310,10.0,11.0,1.153,0.0668,36.19,4.36,11.72,2.45,2.019,1.42
LMT-0310,11.0,12.0,1.357,0.0869,34.34,4.86,14.48,2.93,1.577,1.38
LMT-0310,12.0,13.0,1.138,0.119,38.81,4.5,13.96,3.16,1.845,1.32
LMT-0310,13.0,14.0,1.085,0.1489,37.74,4.89,15.33,1.72,1.855,1.48
LMT-0310,14.0,15.0,1.277,0.2333,32.21,4.41,15.75,3.09,1.651,1.46
LMT-0310,15.0,16.0,1.987,0.1112,18.48,9.21,33.14,1.96,1.416,1.4
LMT-0310,16.0,17.0,2.015,0.0897,17.28,9.38,32.7,2.06,1.23,1.37
LMT-0310,17.0,18.0,1.998,0.0471,17.86,11.44,33.14,1.74,1.213,1.45
LMT-0310,18.0,19.0,1.825,0.0407,18.03,13.54,33.8,0.82,1.166,1.53
LMT-0310,19.0,20.0,1.575,0.0319,16.27,14.09,32.92,1.95,1.221,1.45
LMT-0310,20.0,21.0,1.606,0.0227,15.75,14.11,28.0,1.76,1.135,1.61
LMT-0310,21.0,22.0,1.663,0.0375,15.97,15.07,31.03,1.55,1.224,1.47
LMT-0310,22.0,23.0,1.67,0.037,14.49,17.76,30.94,1.62,1.042,1.52
LMT-0310,23.0,24.0,1.481,0.0253,15.57,18.92,33.96,1.47,1.062,1.62
LMT-0310,24.0,25.0,1.829,0.0247,12.63,16.19,38.74,1.63,0.905,1.65
LMT-0310,25.0,26.0,1.506,0.0308,12.36,17.61,36.98,1.3,0.862,1.61
LMT-0310,26.0,27.0,1.543,0.0229,11.32,20.9,31.04,1.15,0.845,1.71
LMT-0310,27.0,28.0,1.308,0.0321,11.06,23.64,38.38,0.88,1.05,1.66
LMT-0310,28.0,29.0,1.012,0.0234,10.58,19.67,38.44,0.92,0.754,1.68
LMT-0310,29.0,30.0,1.146,0.016,9.98,24.56,40.73,1.04,0.791,1.62
LMT-0310,30.0,31.0,0.99,0.0179,8.08,24.22,38.07,0.9,0.718,1.69
LMT-0310,31.0,32.0,0.265,0.0112,6.1,33.12,38.88,0.69,0.374,2.31
LMT-0310,32.0,33.0,0.281,0.0113,6.41,33.78,37.73,0.9,0.315,2.55
LMT-0310,33.0,33.7,0.29,0.0107,5.62,34.84,35.82,0.68,0.361,2.46
LMT-0311,0.0,1.0,0.653,0.0257,49.09,0.65,2.94,7.66,2.687,1.43
LMT-0311,1.0,2.0,0.711,0.0261,44.7,1.06,4.29,6.71,2.47,1.51
LMT-0311,2.0,3.0,0.799,0.0522,42.06,1.69,7.37,5.1,2.421,1.27
LMT-0311,3.0,4.0,0.948,0.0752,44.67,2.0,7.63,4.56,2.334,1.37
LMT-0311,4.0,5.0,0.868,0.0657,39.62,2.31,8.03,5.55,2.0,1.36
LMT-0311,5.0,6.0,0.996,0.07,39.36,2.48,8.49,5.59,2.041,1.34
LMT-0311,6.0,7.0,1.128,0.0529,41.74,2.9,9.75,4.41,2.502,1.3
LMT-0311,7.0,8.0,1.188,0.0741,38.6,3.51,10.89,5.22,1.844,1.38
LMT-0311,8.0,9.0,1.128,0.0748,37.4,3.4,12.78,3.87,1.862,1.49
LMT-0311,9.0,10.0,1.243,0.0627,42.05,4.17,12.68,4.09,2.075,1.43
LMT-0311,10.0,11.0,1.092,0.066,37.95,3.7,12.12,3.35,2.0,1.47
LMT-0311,11.0,12.0,1.169,0.0813,37.46,5.16,14.67,3.62,1.83,1.41
LMT-0311,12.0,13.0,1.375,0.1521,38.24,5.02,13.66,3.35,2.221,1.45
LMT-0311,13.0,14.0,1.357,0.2587,38.26,5.67,16.93,2.76,1.725,1.38
LMT-0311,14.0,15.0,2.33,0.1071,19.27,9.41,28.59,2.2,1.49,1.45
LMT-0311,15.0,16.0,2.208,0.1099,18.81,10.24,29.56,2.0,1.452,1.51
LMT-0311,16.0,17.0,1.915,0.0451,18.12,11.52,31.64,1.86,1.429,1.44
LMT-0311,17.0,18.0,1.711,0.0499,14.76,11.56,34.43,1.98,1.386,1.42
LMT-0311,18.0,19.0,2.04,0.0457,17.01,15.01,32.07,1.8,1.107,1.43
LMT-0311,19.0,20.0,1.554,0.0355,15.78,13.73,35.43,1.57,1.24,1.47
LMT-0311,20.0,21.0,1.703,0.0393,13.94,19.63,32.02,1.92,1.096,1.51
LMT-0311,21.0,22.0,1.528,0.0364,12.65,16.46,34.93,1.39,1.11,1.61
LMT-0311,22.0,23.0,1.461,0.0227,13.02,16.79,34.59,1.11,1.125,1.58
LMT-0311,23.0,24.0,1.49,0.0236,12.15,18.95,34.11,1.31,0.908,1.7
LMT-0311,24.0,25.0,1.234,0.0234,12.13,22.57,33.68,1.2,0.97,1.46
LMT-0311,25.0,26.0,1.11,0.0208,10.79,25.18,41.39,0.78,0.86,1.57
LMT-0311,26.0,27.0,1.188,0.0258,9.48,22.15,38.46,1.16,0.778,1.84
LMT-0311,27.0,28.0,0.313,0.0139,6.24,30.93,35.68,0.76,0.406,2.43
LMT-0311,28.0,29.0,0.306,0.0108,6.84,28.14,41.15,0.66,0.358,2.32
LMT-0311,29.0,29.8,0.286,0.0101,6.39,31.72,38.87,0.69,0.381,2.48
LMT-0312,0.0,1.0,0.734,0.0395,47.24,0.58,3.22,7.31,3.406,1.61
LMT-0312,1.0,2.0,0.799,0.054,51.52,0.86,4.33,7.73,2.614,1.59
LMT-0312,2.0,3.0,1.129,0.0718,51.3,1.42,6.92,8.34,2.76,1.32
LMT-0312,3.0,4.0,1.369,0.0649,48.54,1.79,7.17,7.34,2.884,1.39
LMT-0312,4.0,5.0,1.092,0.0768,45.76,2.1,7.88,6.74,2.918,1.38
LMT-0312,5.0,6.0,1.015,0.0912,46.0,2.17,8.95,7.12,2.863,1.35
LMT-0312,6.0,7.0,1.129,0.0843,43.84,2.73,8.78,6.91,2.469,1.43
LMT-0312,7.0,8.0,1.094,0.0573,43.19,2.81,10.62,6.08,2.297,1.34
LMT-0312,8.0,9.0,1.182,0.0921,47.08,3.54,11.65,6.73,2.45,1.5
LMT-0312,9.0,10.0,1.334,0.0849,41.72,3.57,10.72,5.36,2.619,1.53
LMT-0312,10.0,11.0,1.471,0.0799,39.23,4.2,11.75,4.11,2.677,1.58
LMT-0312,11.0,12.0,1.426,0.0994,42.75,4.68,13.3,4.87,2.262,1.49
LMT-0312,12.0,13.0,1.512,0.0923,40.82,4.79,14.12,4.45,2.258,1.57
LMT-0312,13.0,14.0,1.23,0.0917,42.15,4.37,14.24,4.89,1.906,1.53
LMT-0312,14.0,15.0,1.536,0.1107,42.26,5.14,16.17,5.02,2.377,1.41
LMT-0312,15.0,16.0,1.537,0.1315,41.37,5.05,15.86,4.59,2.232,1.48
LMT-0312,16.0,17.0,1.489,0.1956,36.49,5.69,15.22,3.03,2.27,1.54
LMT-0312,17.0,18.0,1.515,0.2216,36.3,6.29,16.59,3.63,2.318,1.53
LMT-0312,18.0,19.0,1.322,0.292,40.78,6.39,18.02,3.8,2.177,1.57
LMT-0312,19.0,20.0,2.89,0.1342,21.38,10.87,37.2,2.29,1.665,1.55
LMT-0312,20.0,21.0,2.413,0.0789,19.3,13.14,36.3,2.44,1.316,1.57
LMT-0312,21.0,22.0,2.208,0.0493,15.82,16.42,37.87,2.02,1.43,1.64
LMT-0312,22.0,23.0,2.536,0.0439,17.18,17.36,32.87,2.17,1.073,1.64
LMT-0312,23.0,24.0,1.809,0.0464,17.1,18.08,38.47,1.93,1.287,1.61
LMT-0312,24.0,25.0,1.835,0.0357,16.27,23.19,38.91,1.59,1.189,1.58
LMT-0312,25.0,26.0,1.579,0.0406,13.04,20.0,39.34,1.58,1.15,1.78
LMT-0312,26.0,27.0,1.4,0.0336,11.37,25.56,39.26,1.45,0.929,1.89
LMT-0312,27.0,28.0,1.486,0.0306,11.26,26.2,43.58,1.14,0.859,1.85
LMT-0312,28.0,29.0,1.118,0.021,10.05,27.24,42.96,1.25,0.798,1.94
LMT-0312,29.0,30.0,0.317,0.0155,6.98,45.0,42.78,1.22,0.46,2.62
LMT-0312,30.0,31.0,0.349,0.0178,6.25,41.57,38.69,0.83,0.365,2.41
LMT-0312,31.0,32.3,0.308,0.0122,6.42,39.59,41.36,0.79,0.501,2.61
LMT-0313,0.0,1.0,0.674,0.0347,49.73,0.62,3.1,6.63,2.442,1.54
LMT-0313,1.0,2.0,0.708,0.0431,45.66,0.94,4.44,6.9,2.823,1.56
LMT-0313,2.0,3.0,1.227,0.0471,46.38,1.3,7.0,5.88,2.471,1.45
LMT-0313,3.0,4.0,1.267,0.0569,46.63,1.53,7.99,5.63,2.408,1.44
LMT-0313,4.0,5.0,1.058,0.0655,44.54,2.14,8.82,5.32,3.101,1.44
LMT-0313,5.0,6.0,1.267,0.0666,44.48,2.24,8.06,5.85,2.69,1.46
LMT-0313,6.0,7.0,1.103,0.0653,50.36,2.63,8.37,5.1,2.423,1.43
LMT-0313,7.0,8.0,1.201,0.0753,42.29,2.58,9.83,6.15,2.092,1.45
LMT-0313,8.0,9.0,1.015,0.0957,41.45,3.25,10.78,5.46,2.3,1.39
LMT-0313,9.0,10.0,1.365,0.0665,39.02,3.65,11.64,4.83,2.218,1.51
LMT-0313,10.0,11.0,1.24,0.0843,44.1,2.92,11.83,3.98,1.899,1.54
LMT-0313,11.0,12.0,1.326,0.0875,41.72,3.99,11.91,4.67,2.303,1.35
LMT-0313,12.0,13.0,1.355,0.0874,39.03,4.52,13.03,4.44,2.445,1.6
LMT-0313,13.0,14.0,1.639,0.0783,38.53,3.94,13.49,5.16,1.981,1.5
LMT-0313,14.0,15.0,1.404,0.1178,39.66,4.95,15.45,4.69,1.664,1.52
LMT-0313,15.0,16.0,1.597,0.1203,39.93,5.67,12.41,5.29,2.241,1.57
LMT-0313,16.0,17.0,1.598,0.1344,39.86,5.17,17.08,4.1,2.257,1.5
LMT-0313,17.0,18.0,1.455,0.1455,36.07,5.18,15.84,4.08,2.117,1.54
LMT-0313,18.0,19.0,1.525,0.2362,37.99,6.26,15.46,4.24,1.672,1.43
LMT-0313,19.0,20.0,1.547,0.2501,40.77,6.68,18.77,4.29,1.503,1.6
LMT-0313,20.0,21.0,2.167,0.1385,19.88,8.81,32.67,2.08,1.39,1.52
LMT-0313,21.0,22.0,2.431,0.08,17.14,13.63,32.77,1.81,1.429,1.49
LMT-0313,22.0,23.0,2.278,0.0586,17.84,13.6,33.06,2.32,1.18,1.6
LMT-0313,23.0,24.0,2.315,0.031,18.09,16.55,34.31,1.65,1.285,1.66
LMT-0313,24.0,25.0,2.053,0.0444,16.56,18.93,36.83,1.55,1.294,1.62
LMT-0313,25.0,26.0,2.051,0.0439,15.46,18.95,37.43,1.52,1.052,1.66
LMT-0313,26.0,27.0,1.755,0.0432,13.93,20.04,38.21,1.42,1.101,1.67
LMT-0313,27.0,28.0,1.612,0.0347,12.06,20.2,37.54,1.34,1.029,1.65
LMT-0313,28.0,29.0,1.556,0.0275,11.44,25.38,40.86,1.42,0.919,1.81
LMT-0313,29.0,30.0,1.329,0.0256,11.01,24.62,38.88,1.39,0.705,1.73
LMT-0313,30.0,31.0,1.24,0.0115,9.46,24.54,41.51,1.19,0.79,1.82
LMT-0313,31.0,32.0,0.358,0.0109,6.88,36.69,42.28,0.88,0.408,2.66
LMT-0313,32.0,33.3,0.357,0.0139,6.24,36.58,37.06,0.84,0.424,2.81
LMT-0314,0.0,1.0,0.58,0.0418,48.54,0.68,3.33,7.68,2.555,1.56
LMT-0314,1.0,2.0,0.882,0.0589,46.62,1.67,7.52,6.5,2.517,1.38
LMT-0314,2.0,3.0,0.962,0.0701,46.33,2.11,8.16,5.15,2.617,1.37
LMT-0314,3.0,4.0,1.108,0.0814,39.62,3.17,11.29,4.93,1.729,1.42
LMT-0314,4.0,5.0,1.144,0.1348,38.03,4.51,13.4,4.54,2.326,1.51
LMT-0314,5.0,6.0,1.031,0.2214,37.09,5.71,15.1,4.83,2.082,1.35
LMT-0314,6.0,7.0,2.192,0.1749,21.58,10.3,31.34,2.5,1.392,1.42
LMT-0314,7.0,8.0,1.964,0.1165,20.4,10.88,31.93,2.14,1.246,1.36
LMT-0314,8.0,9.0,2.308,0.0489,20.69,11.55,32.99,2.32,1.357,1.47
LMT-0314,9.0,10.0,1.879,0.0413,17.09,12.71,33.79,1.95,1.461,1.52
LMT-0314,10.0,11.0,1.782,0.056,17.99,14.5,35.93,2.05,1.174,1.54
LMT-0314,11.0,12.0,1.44,0.0437,16.5,14.51,37.39,1.99,1.142,1.62
LMT-0314,12.0,13.0,1.663,0.0358,15.4,15.89,33.12,1.41,1.4,1.66
LMT-0314,13.0,14.0,1.494,0.0413,15.94,17.84,33.48,1.57,0.975,1.66
LMT-0314,14.0,15.0,1.34,0.0294,13.08,18.03,39.22,1.49,0.942,1.78
LMT-0314,15.0,16.0,1.439,0.0318,13.48,20.17,35.93,1.48,0.792,1.68
LMT-0314,16.0,17.0,1.144,0.0335,12.02,20.44,34.84,1.53,0.98,1.67
LMT-0314,17.0,18.0,1.373,0.0305,11.26,25.81,38.6,1.05,0.96,1.81
LMT-0314,18.0,19.0,1.063,0.0173,10.05,26.04,43.48,1.08,0.863,1.74
LMT-0314,19.0,20.0,1.023,0.0143,8.53,22.92,41.68,0.93,0.721,1.79
LMT-0314,20.0,21.0,0.326,0.0131,6.25,35.11,35.54,0.97,0.326,2.58
LMT-0314,21.0,22.0,0.292,0.009,6.12,34.94,39.83,0.87,0.489,2.44
LMT-0314,22.0,22.4,0.248,0.0145,6.9,38.49,40.98,0.75,0.414,2.53
LMT-0315,0.0,1.0,0.638,0.0333,48.11,0.74,3.82,5.72,2.907,1.55
LMT-0315,1.0,2.0,0.971,0.0415,38.39,1.93,6.74,4.61,2.282,1.51
LMT-0315,2.0,3.0,0.923,0.0628,40.66,2.28,8.05,3.99,1.828,1.44
LMT-0315,3.0,4.0,0.953,0.0636,37.26,3.14,11.32,4.1,2.25,1.43
LMT-0315,4.0,5.0,0.948,0.1338,38.99,3.97,13.2,4.79,1.891,1.36
LMT-0315,5.0,6.0,1.055,0.2168,34.08,5.35,14.04,4.32,1.426,1.36
LMT-0315,6.0,7.0,1.337,0.1603,34.7,6.24,15.59,2.65,1.669,1.53
LMT-0315,7.0,8.0,1.883,0.1283,17.89,11.85,29.0,1.92,1.664,1.42
LMT-0315,8.0,9.0,1.786,0.0513,17.64,10.11,32.64,1.5,1.486,1.53
LMT-0315,9.0,10.0,1.933,0.0488,17.08,12.46,29.04,2.16,1.114,1.45
LMT-0315,10.0,11.0,1.717,0.0293,17.48,11.16,35.03,2.07,1.29,1.47
LMT-0315,11.0,12.0,1.579,0.034,15.22,12.3,32.35,1.79,0.848,1.49
LMT-0315,12.0,13.0,1.714,0.0376,15.64,13.54,33.48,1.73,1.157,1.67
LMT-0315,13.0,14.0,1.724,0.0243,16.15,15.9,33.61,1.4,1.244,1.61
LMT-0315,14.0,15.0,1.597,0.0222,14.6,14.78,33.66,1.78,0.995,1.56
LMT-0315,15.0,16.0,1.357,0.0354,15.08,16.68,34.37,0.93,0.79,1.55
LMT-0315,16.0,17.0,1.66,0.0292,12.8,19.64,37.98,1.21,1.177,1.76
LMT-0315,17.0,18.0,1.451,0.0261,13.28,15.81,33.69,1.32,0.675,1.7
LMT-0315,18.0,19.0,1.303,0.0202,12.37,20.42,34.77,1.24,0.94,1.71
LMT-0315,19.0,20.0,1.296,0.0231,11.46,23.01,33.16,1.07,1.024,1.63
LMT-0315,20.0,21.0,1.152,0.0173,11.52,25.33,36.73,1.15,0.882,1.74
LMT-0315,21.0,22.0,1.056,0.0264,9.96,22.91,37.25,1.24,0.87,1.68
LMT-0315,22.0,23.0,0.934,0.016,9.77,24.12,36.35,0.9,0.752,1.65
LMT-0315,23.0,24.0,0.245,0.0081,6.19,27.32,38.05,0.72,0.48,2.44
LMT-0315,24.0,25.0,0.242,0.0065,5.77,33.38,34.93,0.9,0.271,2.49
LMT-0315,25.0,25.7,0.193,0.0092,6.77,37.62,40.52,0.57,0.413,2.46
LMT-0316,0.0,1.0,0.582,0.0343,47.36,0.76,3.9,6.12,2.303,1.46
LMT-0316,1.0,2.0,0.763,0.0694,42.75,1.85,7.38,5.2,2.249,1.3
LMT-0316,2.0,3.0,1.034,0.0764,41.95,2.49,9.11,6.3,2.045,1.37
LMT-0316,3.0,4.0,1.1,0.1039,37.03,3.07,11.84,4.27,1.722,1.33
LMT-0316,4.0,5.0,1.008,0.1919,39.47,4.27,14.02,3.34,1.708,1.45
LMT-0316,5.0,6.0,1.087,0.2436,34.77,5.29,15.93,2.82,1.877,1.49
LMT-0316,6.0,7.0,1.933,0.1232,18.96,9.19,28.88,1.67,0.993,1.32
LMT-0316,7.0,8.0,1.553,0.0895,17.63,10.07,33.94,1.52,1.332,1.47
LMT-0316,8.0,9.0,1.975,0.043,20.93,10.19,28.15,2.04,1.047,1.44
LMT-0316,9.0,10.0,1.786,0.0373,17.11,13.58,30.68,1.79,1.206,1.53
LMT-0316,10.0,11.0,1.729,0.0507,16.59,11.62,32.44,2.02,1.295,1.52
LMT-0316,11.0,12.0,1.686,0.0437,17.44,14.15,30.86,1.83,1.143,1.4
LMT-0316,12.0,13.0,1.461,0.0408,17.05,13.77,34.67,1.8,1.445,1.6
LMT-0316,13.0,14.0,1.378,0.0408,15.29,16.13,32.67,1.22,1.082,1.5
LMT-0316,14.0,15.0,1.493,0.0282,14.59,16.39,34.54,1.64,1.101,1.52
LMT-0316,15.0,16.0,1.455,0.0267,15.5,16.83,32.86,1.49,1.009,1.45
LMT-0316,16.0,17.0,1.428,0.0419,14.18,18.6,39.13,1.42,1.157,1.57
LMT-0316,17.0,18.0,1.13,0.022,13.25,18.92,31.59,1.12,0.809,1.56
LMT-0316,18.0,19.0,1.406,0.0233,12.77,17.85,39.19,1.26,0.978,1.63
LMT-0316,19.0,20.0,1.283,0.0221,10.78,21.98,35.79,1.28,0.823,1.71
LMT-0316,20.0,21.0,1.169,0.0241,11.43,23.07,33.33,1.09,0.85,1.69
LMT-0316,21.0,22.0,1.088,0.0245,11.74,22.16,35.77,1.0,0.896,1.7
LMT-0316,22.0,23.0,1.143,0.0253,10.55,27.15,37.45,0.83,0.861,1.77
LMT-0316,23.0,24.0,0.941,0.0169,10.84,19.79,34.89,0.98,0.845,1.73
LMT-0316,24.0,25.0,0.869,0.0133,9.23,25.49,34.17,0.81,0.642,1.65
LMT-0316,25.0,26.0,0.221,0.0119,6.23,34.63,37.18,0.74,0.42,2.36
LMT-0316,26.0,27.0,0.274,0.0114,6.13,28.97,37.0,0.74,0.421,2.43
LMT-0316,27.0,27.3,0.273,0.0073,6.2,34.31,38.13,0.76,0.375,2.6
LMT-0317,0.0,1.0,0.55,0.035,49.23,0.73,3.46,6.68,2.485,1.53
LMT-0317,1.0,2.0,0.854,0.0501,42.63,1.69,7.2,3.16,2.399,1.28
LMT-0317,2.0,3.0,0.962,0.0632,46.07,2.44,8.84,3.9,2.059,1.42
LMT-0317,3.0,4.0,0.968,0.0935,41.49,3.38,10.97,3.61,1.981,1.43
LMT-0317,4.0,5.0,1.005,0.1264,39.16,4.52,13.69,3.61,2.144,1.45
LMT-0317,5.0,6.0,1.205,0.229,38.44,5.0,15.98,3.05,1.573,1.41
LMT-0317,6.0,7.0,2.168,0.0972,19.31,8.14,32.1,1.16,1.161,1.32
LMT-0317,7.0,8.0,1.911,0.0693,19.98,10.26,30.57,2.08,1.409,1.44
LMT-0317,8.0,9.0,1.728,0.0464,17.1,10.08,30.21,1.63,1.293,1.55
LMT-0317,9.0,10.0,1.826,0.0496,18.48,12.03,30.4,2.24,1.331,1.42
LMT-0317,10.0,11.0,1.726,0.0321,16.06,14.45,32.18,1.86,1.235,1.52
LMT-0317,11.0,12.0,1.812,0.0435,16.59,13.84,34.05,2.01,1.256,1.64
LMT-0317,12.0,13.0,1.566,0.0346,16.18,15.1,32.19,1.26,1.045,1.56
LMT-0317,13.0,14.0,1.655,0.0357,15.01,16.05,36.78,1.23,0.92,1.48
LMT-0317,14.0,15.0,1.377,0.0345,12.85,16.53,34.55,1.21,1.146,1.55
LMT-0317,15.0,16.0,1.471,0.0338,14.17,16.86,37.12,1.0,0.829,1.69
LMT-0317,16.0,17.0,1.281,0.0346,13.3,20.16,39.89,1.63,1.015,1.7
LMT-0317,17.0,18.0,1.196,0.0269,11.26,21.76,40.45,1.21,0.965,1.66
LMT-0317,18.0,19.0,1.003,0.0183,11.42,24.83,39.3,0.95,0.992,1.54
LMT-0317,19.0,20.0,1.115,0.0259,10.19,21.24,36.49,0.95,0.937,1.73
LMT-0317,20.0,21.0,0.917,0.0263,10.15,19.99,39.82,0.95,0.779,1.71
LMT-0317,21.0,22.0,1.143,0.0179,9.44,24.71,37.56,1.04,0.685,1.77
LMT-0317,22.0,23.0,0.25,0.0127,6.7,34.95,36.93,0.84,0.367,2.7
LMT-0317,23.0,24.0,0.283,0.0071,6.22,32.37,39.4,0.95,0.371,2.5
LMT-0317,24.0,25.0,0.227,0.0078,6.37,37.14,39.4,0.78,0.344,2.46
LMT-0317,25.0,25.8,0.259,0.0097,5.6,38.93,39.38,0.9,0.448,2.45
LMT-0318,0.0,1.0,0.563,0.017,41.77,0.5,3.22,5.05,2.645,1.46
LMT-0318,1.0,2.0,0.765,0.0416,39.8,0.76,4.14,5.82,2.458,1.34
LMT-0318,2.0,3.0,0.883,0.059,43.18,2.16,7.79,3.74,2.155,1.23
LMT-0318,3.0,4.0,0.786,0.0389,43.13,2.48,8.32,4.64,2.078,1.44
LMT-0318,4.0,5.0,0.843,0.0671,36.53,3.23,9.83,4.94,2.295,1.42
LMT-0318,5.0,6.0,0.932,0.0551,34.23,3.31,11.85,3.71,1.951,1.33
LMT-0318,6.0,7.0,1.056,0.1244,35.19,5.37,11.05,3.6,1.482,1.33
LMT-0318,7.0,8.0,1.085,0.1591,34.75,5.43,15.6,3.48,1.428,1.55
LMT-0318,8.0,9.0,2.434,0.0964,18.84,8.59,26.9,2.35,1.063,1.39
LMT-0318,9.0,10.0,1.742,0.1008,16.87,8.47,31.94,0.98,1.124,1.44
LMT-0318,10.0,11.0,1.706,0.0459,17.84,10.71,28.47,1.73,1.009,1.52
LMT-0318,11.0,12.0,1.519,0.0367,17.38,13.94,34.77,1.4,1.227,1.56
LMT-0318,12.0,13.0,1.5,0.0377,14.33,13.08,31.59,1.38,1.181,1.55
LMT-0318,13.0,14.0,1.896,0.0285,15.41,13.82,29.84,1.11,1.108,1.46
LMT-0318,14.0,15.0,1.484,0.0275,13.62,15.96,34.13,1.59,0.709,1.53
LMT-0318,15.0,16.0,1.292,0.0277,12.86,17.84,35.08,0.99,0.901,1.47
LMT-0318,16.0,17.0,1.034,0.0357,12.2,17.16,34.18,1.2,0.929,1.5
LMT-0318,17.0,18.0,1.209,0.0193,11.76,19.62,36.66,0.98,0.775,1.5
LMT-0318,18.0,19.0,1.297,0.0152,10.62,19.01,37.12,1.02,0.708,1.57
LMT-0318,19.0,20.0,0.944,0.0132,9.93,20.49,36.2,0.99,0.72,1.64
LMT-0318,20.0,21.0,0.959,0.0171,9.32,22.41,38.3,0.84,0.851,1.65
LMT-0318,21.0,22.0,0.956,0.017,8.87,27.3,37.73,0.98,0.63,1.88
LMT-0318,22.0,23.0,0.273,0.0059,5.39,33.04,39.34,0.68,0.465,2.36
LMT-0318,23.0,24.0,0.24,0.0122,6.2,28.05,36.38,0.88,0.351,2.39
LMT-0318,24.0,24.5,0.207,0.0125,5.96,30.07,38.3,0.71,0.338,2.53
LMT-0319,0.0,1.0,0.388,0.0246,48.3,0.59,2.56,4.56,2.262,1.46
LMT-0319,1.0,2.0,0.667,0.0244,38.24,0.77,3.54,4.46,2.046,1.53
LMT-0319,2.0,3.0,0.66,0.0395,41.1,1.47,6.18,4.46,1.601,1.17
LMT-0319,3.0,4.0,0.788,0.0276,37.35,2.23,7.69,4.84,1.728,1.34
LMT-0319,4.0,5.0,0.819,0.0448,34.55,2.17,10.2,3.52,2.247,1.3
LMT-0319,5.0,6.0,0.767,0.0344,38.72,2.56,8.91,3.69,1.518,1.31
LMT-0319,6.0,7.0,0.863,0.0613,41.13,3.1,10.85,2.89,2.001,1.26
LMT-0319,7.0,8.0,0.786,0.042,34.36,3.85,12.19,3.63,1.544,1.31
LMT-0319,8.0,9.0,0.852,0.1204,36.52,3.89,11.32,2.99,1.384,1.36
LMT-0319,9.0,10.0,1.106,0.2139,34.14,4.9,15.0,2.54,1.215,1.37
LMT-0319,10.0,11.0,1.755,0.0716,18.35,8.54,24.98,1.66,1.086,1.25
LMT-0319,11.0,12.0,1.911,0.0744,16.22,9.25,26.6,1.72,0.938,1.38
LMT-0319,12.0,13.0,1.44,0.0343,16.35,10.96,30.49,0.9,1.062,1.45
LMT-0319,13.0,14.0,1.105,0.0401,16.84,11.54,30.9,1.89,0.853,1.4
LMT-0319,14.0,15.0,1.306,0.0297,16.05,11.55,33.07,1.39,0.989,1.5
LMT-0319,15.0,16.0,1.477,0.0252,14.72,13.46,33.43,0.99,1.067,1.4
LMT-0319,16.0,17.0,1.15,0.0239,14.46,15.33,29.84,1.0,0.961,1.53
LMT-0319,17.0,18.0,1.128,0.0308,12.22,16.44,34.07,1.09,0.697,1.38
LMT-0319,18.0,19.0,0.933,0.0336,11.97,17.63,30.45,0.99,0.647,1.51
LMT-0319,19.0,20.0,0.914,0.0216,11.51,17.85,33.51,0.78,0.797,1.56
LMT-0319,20.0,21.0,1.078,0.0199,11.05,18.07,32.49,0.9,0.744,1.64
LMT-0319,21.0,22.0,0.862,0.0079,8.32,18.98,35.21,0.95,0.668,1.7
LMT-0319,22.0,23.0,0.798,0.0124,8.52,24.32,35.34,0.87,0.529,1.68
LMT-0319,23.0,24.0,0.271,0.0108,5.69,30.69,36.02,0.57,0.347,2.3
LMT-0319,24.0,25.0,0.241,0.0091,6.36,29.06,36.16,0.46,0.342,2.14
LMT-0319,25.0,26.0,0.198,0.0071,5.28,33.53,32.81,0.5,0.316,2.43
LMT-0319,26.0,26.3,0.206,0.0057,5.67,28.44,35.16,0.52,0.361,2.62
LMT-0320,0.0,1.0,0.493,0.0247,45.71,0.54,2.59,6.25,2.281,1.32
LMT-0320,1.0,2.0,0.586,0.0281,43.47,0.77,4.33,4.36,1.504,1.35
LMT-0320,2.0,3.0,0.747,0.0364,40.79,1.25,5.83,6.02,1.973,1.27
LMT-0320,3.0,4.0,0.887,0.0372,43.62,1.65,6.95,3.46,2.375,1.31
LMT-0320,4.0,5.0,0.855,0.0397,40.63,2.02,8.39,4.27,1.948,1.2
LMT-0320,5.0,6.0,0.849,0.05,37.58,2.14,9.53,4.12,1.889,1.2
LMT-0320,6.0,7.0,0.802,0.0316,39.44,3.09,10.42,3.4,1.683,1.48
LMT-0320,7.0,8.0,1.094,0.0734,36.56,3.28,10.79,4.04,1.482,1.3
LMT-0320,8.0,9.0,0.993,0.0757,35.06,3.8,11.66,3.67,1.71,1.48
LMT-0320,9.0,10.0,0.979,0.0718,33.7,4.27,11.43,3.21,1.366,1.3
LMT-0320,10.0,11.0,1.071,0.09,36.2,5.22,12.62,3.21,1.734,1.4
LMT-0320,11.0,12.0,1.221,0.1313,34.82,5.35,14.14,2.45,1.406,1.33
LMT-0320,12.0,13.0,,,,,,,,1.47
LMT-0320,13.0,14.0,1.922,0.0997,17.01,8.87,29.04,1.92,0.93,1.37
LMT-0320,14.0,15.0,1.686,0.0364,16.33,11.6,29.26,1.73,1.165,1.36
LMT-0320,15.0,16.0,1.779,0.0298,16.39,11.14,28.04,1.54,1.148,1.44
LMT-0320,16.0,17.0,1.457,0.0192,14.83,15.65,31.82,1.19,0.987,1.44
LMT-0320,17.0,18.0,1.746,0.0406,14.96,12.76,29.33,1.28,1.168,1.51
LMT-0320,18.0,19.0,1.731,0.0283,13.82,14.97,30.56,0.87,1.116,1.45
LMT-0320,19.0,20.0,1.383,0.0194,12.08,16.31,30.33,1.0,1.019,1.51
LMT-0320,20.0,21.0,1.165,0.0216,13.24,16.58,37.62,0.83,0.686,1.56
LMT-0320,21.0,22.0,1.117,0.0228,12.14,18.89,34.87,1.16,0.915,1.63
LMT-0320,22.0,23.0,1.059,0.02,9.83,19.03,37.47,0.83,0.58,1.69
LMT-0320,23.0,24.0,0.992,0.0149,10.3,19.98,36.73,0.72,0.7,1.69
LMT-0320,24.0,25.0,0.846,0.0138,9.22,22.83,35.16,0.76,0.579,1.67
LMT-0320,25.0,26.0,0.239,0.0088,5.62,33.65,34.58,0.71,0.332,2.37
LMT-0320,26.0,27.0,0.193,0.012,5.81,29.53,34.68,0.74,0.369,2.48
LMT-0320,27.0,28.2,0.261,0.003,5.35,29.18,36.58,0.68,0.433,2.43
LMT-0321,0.0,1.0,0.643,0.0267,45.95,0.61,2.92,7.22,2.526,1.45
LMT-0321,1.0,2.0,0.712,0.03,48.94,0.92,4.43,5.98,2.492,1.42
LMT-0321,2.0,3.0,0.682,0.0547,41.82,1.6,6.15,5.81,2.126,1.44
LMT-0321,3.0,4.0,0.757,0.0533,45.17,1.82,6.48,4.31,2.121,1.34
LMT-0321,4.0,5.0,0.994,0.0533,44.09,2.15,7.7,5.34,2.082,1.4
LMT-0321,5.0,6.0,1.07,0.0615,39.41,2.27,8.27,4.29,2.655,1.46
LMT-0321,6.0,7.0,0.967,0.0461,40.25,3.2,10.28,5.79,1.831,1.44
LMT-0321,7.0,8.0,1.171,0.0597,38.72,2.99,9.63,4.95,1.773,1.45
LMT-0321,8.0,9.0,1.076,0.0664,37.63,3.87,12.25,5.0,2.308,1.39
LMT-0321,9.0,10.0,1.004,0.0945,37.23,3.9,12.44,3.09,2.272,1.39
LMT-0321,10.0,11.0,1.168,0.0608,37.37,4.54,12.93,3.82,1.975,1.49
LMT-0321,11.0,12.0,0.986,0.0767,36.53,4.81,13.86,3.12,1.714,1.54
LMT-0321,12.0,13.0,1.271,0.0857,35.81,5.21,14.99,3.33,1.787,1.48
LMT-0321,13.0,14.0,1.255,0.1722,36.39,5.87,15.66,3.12,2.163,1.44
LMT-0321,14.0,15.0,2.018,0.1007,19.97,10.22,30.18,2.4,1.358,1.31
LMT-0321,15.0,16.0,2.086,0.0723,17.46,10.22,28.78,2.05,1.421,1.44
LMT-0321,16.0,17.0,1.784,0.0434,17.97,10.94,30.98,1.01,1.284,1.44
LMT-0321,17.0,18.0,2.124,0.0388,18.08,14.62,32.81,1.59,1.314,1.53
LMT-0321,18.0,19.0,1.672,0.0282,16.17,12.0,32.23,1.73,1.007,1.54
LMT-0321,19.0,20.0,1.682,0.0374,13.43,15.54,35.82,1.68,1.005,1.55
LMT-0321,20.0,21.0,1.846,0.0275,14.13,19.19,31.99,1.55,1.044,1.69
LMT-0321,21.0,22.0,1.217,0.0314,13.48,19.24,35.57,1.32,1.056,1.67
LMT-0321,22.0,23.0,1.356,0.024,12.05,19.05,33.15,1.13,1.052,1.64
LMT-0321,23.0,24.0,1.397,0.0292,12.21,19.83,36.29,0.84,0.83,1.75
LMT-0321,24.0,25.0,0.928,0.0278,10.66,22.33,36.14,1.1,0.908,1.72
LMT-0321,25.0,26.0,1.002,0.0259,9.5,25.18,35.52,0.77,0.66,1.77
LMT-0321,26.0,27.0,0.742,0.0208,9.47,24.97,35.92,0.75,0.747,1.8
LMT-0321,27.0,28.0,0.317,0.0093,6.21,32.11,38.6,0.72,0.431,2.75
LMT-0321,28.0,29.1,0.269,0.0113,6.45,32.73,38.62,0.78,0.431,2.4
LMT-0322,0.0,1.0,0.567,0.0338,46.33,0.56,3.07,7.99,2.165,1.4
LMT-0322,1.0,2.0,0.732,0.0453,46.75,0.77,4.21,6.24,2.123,1.43
LMT-0322,2.0,3.0,0.915,0.0463,43.94,1.26,6.04,5.19,2.29,1.36
LMT-0322,3.0,4.0,0.768,0.0321,43.94,1.63,7.47,5.4,2.451,1.32
LMT-0322,4.0,5.0,0.99,0.0485,44.73,2.33,8.05,3.94,1.974,1.21
LMT-0322,5.0,6.0,0.985,0.0537,41.63,2.96,8.32,4.58,2.05,1.31
LMT-0322,6.0,7.0,0.98,0.078,39.88,3.3,10.44,4.73,1.465,1.34
LMT-0322,7.0,8.0,1.196,0.0703,39.72,3.49,10.68,4.77,1.347,1.36
LMT-0322,8.0,9.0,1.07,0.0776,36.49,3.65,13.14,3.64,2.108,1.44
LMT-0322,9.0,10.0,1.26,0.0606,38.65,4.25,12.56,3.2,2.414,1.4
LMT-0322,10.0,11.0,1.109,0.0745,40.04,4.16,13.73,3.04,1.868,1.44
LMT-0322,11.0,12.0,1.138,0.0888,35.02,4.89,14.35,3.84,1.865,1.3
LMT-0322,12.0,13.0,1.183,0.1449,34.95,4.92,14.88,3.03,1.797,1.47
LMT-0322,13.0,14.0,1.2,0.1992,38.63,5.46,15.74,2.57,1.392,1.39
LMT-0322,14.0,15.0,2.608,0.1481,18.64,7.55,32.76,1.73,1.194,1.41
LMT-0322,15.0,16.0,1.994,0.0694,19.58,10.98,31.31,1.98,1.228,1.41
LMT-0322,16.0,17.0,1.836,0.0496,16.09,10.42,31.31,2.08,1.228,1.44
LMT-0322,17.0,18.0,1.719,0.0553,17.05,11.26,32.26,1.5,1.17,1.5
LMT-0322,18.0,19.0,1.683,0.03,15.88,14.77,34.81,1.31,0.931,1.46
LMT-0322,19.0,20.0,2.081,0.0421,14.37,15.76,32.33,1.45,1.093,1.6
LMT-0322,20.0,21.0,1.528,0.0337,13.61,14.81,36.79,1.76,0.931,1.68
LMT-0322,21.0,22.0,1.492,0.0229,13.43,16.18,37.41,1.63,0.919,1.56
LMT-0322,22.0,23.0,1.269,0.0331,13.43,18.77,35.85,0.94,0.739,1.72
LMT-0322,23.0,24.0,1.272,0.0084,12.11,20.1,34.78,1.09,0.954,1.66
LMT-0322,24.0,25.0,1.08,0.0147,10.99,19.34,34.6,1.16,0.869,1.57
LMT-0322,25.0,26.0,1.107,0.0136,10.21,22.66,36.55,1.1,0.815,1.75
LMT-0322,26.0,27.0,0.893,0.0212,8.82,25.19,38.64,0.89,0.799,1.7
LMT-0322,27.0,28.0,0.248,0.0096,6.86,32.15,37.7,0.86,0.343,2.48
LMT-0322,28.0,29.0,0.295,0.0143,5.89,32.01,37.39,0.68,0.443,2.48
LMT-0322,29.0,29.4,0.242,0.0107,5.96,31.57,38.58,0.68,0.384,2.5
LMT-0323,0.0,1.0,0.631,0.0258,51.54,0.6,3.04,7.43,2.907,1.59
LMT-0323,1.0,2.0,0.666,0.054,45.22,0.91,4.04,6.43,2.164,1.51
LMT-0323,2.0,3.0,1.132,0.0665,42.71,1.58,7.61,6.57,1.947,1.39
LMT-0323,3.0,4.0,0.908,0.0676,41.4,1.78,6.65,4.32,2.006,1.36
LMT-0323,4.0,5.0,0.703,0.0776,42.98,2.15,8.21,4.16,2.044,1.28
LMT-0323,5.0,6.0,0.725,0.0471,44.52,2.57,9.26,5.26,1.892,1.37
LMT-0323,6.0,7.0,0.937,0.0698,43.6,2.88,9.56,4.83,2.37,1.24
LMT-0323,7.0,8.0,0.905,0.0615,41.11,3.04,11.28,3.97,1.854,1.37
LMT-0323,8.0,9.0,0.977,0.0802,42.42,4.11,11.66,4.64,1.815,1.44
LMT-0323,9.0,10.0,1.236,0.0819,38.04,3.81,12.7,4.0,2.004,1.44
LMT-0323,10.0,11.0,1.088,0.0738,39.26,4.4,12.47,3.64,2.022,1.41
LMT-0323,11.0,12.0,1.149,0.0845,35.26,4.97,12.96,3.66,1.759,1.49
LMT-0323,12.0,13.0,1.249,0.1337,39.09,4.68,13.32,2.71,1.757,1.43
LMT-0323,13.0,14.0,1.464,0.1844,35.67,6.23,16.5,2.89,1.781,1.48
LMT-0323,14.0,15.0,1.279,0.2187,37.5,5.68,18.24,2.94,1.726,1.42
LMT-0323,15.0,16.0,1.96,0.1271,20.2,9.11,28.81,2.64,1.154,1.51
LMT-0323,16.0,17.0,2.271,0.0549,17.66,11.37,31.76,2.39,1.269,1.52
LMT-0323,17.0,18.0,1.84,0.0444,18.43,12.87,31.3,1.97,1.377,1.48
LMT-0323,18.0,19.0,1.73,0.0335,15.67,15.91,31.81,1.75,1.02,1.53
LMT-0323,19.0,20.0,1.588,0.0321,14.22,15.07,32.96,1.56,1.259,1.56
LMT-0323,20.0,21.0,1.409,0.0317,14.35,18.36,30.31,1.27,1.16,1.54
LMT-0323,21.0,22.0,1.545,0.0307,12.64,19.25,36.0,1.18,1.155,1.63
LMT-0324,0.0,1.0,1.143,0.0781,51.82,1.92,7.81,7.15,2.926,1.47
LMT-0324,1.0,2.0,0.972,0.0865,47.26,2.79,8.69,7.02,2.528,1.49
LMT-0324,2.0,3.0,1.184,0.0832,47.26,3.08,10.93,6.22,2.427,1.59
LMT-0324,3.0,4.0,1.389,0.1215,47.06,4.15,13.31,4.89,2.485,1.51
LMT-0324,4.0,5.0,1.46,0.1645,40.45,5.39,15.17,4.81,2.349,1.54
LMT-0324,5.0,6.0,1.671,0.3072,43.14,5.75,17.15,4.16,2.149,1.57
LMT-0324,6.0,7.0,1.765,0.4044,40.94,6.39,19.17,4.15,2.19,1.57
LMT-0324,7.0,8.0,1.671,0.1346,18.45,16.94,36.21,2.29,1.553,1.66
LMT-0324,8.0,9.0,1.774,0.0656,14.17,26.06,39.02,1.34,1.005,1.83
LMT-0324,9.0,10.0,0.301,0.0179,6.76,38.96,43.44,1.13,0.481,2.72
LMT-0324,10.0,11.0,0.286,0.0157,6.19,41.71,41.36,0.97,0.452,2.85
LMT-0324,11.0,12.0,0.331,0.0161,7.31,41.92,42.51,0.83,0.464,2.83
LMT-0324,12.0,12.7,0.291,0.0189,6.76,41.01,48.38,0.82,0.446,2.78
LMT-0325,0.0,1.0,1.055,0.0494,47.77,1.49,6.94,6.67,2.331,1.37
LMT-0325,1.0,2.0,1.063,0.0576,41.08,2.93,8.98,4.98,1.93,1.52
LMT-0325,2.0,3.0,0.95,0.1144,40.26,3.8,11.8,4.88,2.019,1.45
LMT-0325,3.0,4.0,1.166,0.2027,39.07,5.49,14.49,3.48,1.975,1.56
LMT-0325,4.0,5.0,1.416,0.2982,38.56,5.82,16.14,3.33,1.743,1.48
LMT-0325,5.0,6.0,1.919,0.1135,17.78,13.22,34.38,1.73,1.303,1.58
LMT-0325,6.0,7.0,1.904,0.081,14.89,17.68,36.67,1.5,1.102,1.42
LMT-0325,7.0,8.0,1.344,0.025,12.14,23.34,40.4,1.01,1.052,1.71
LMT-0325,8.0,9.0,0.268,0.0142,6.16,33.3,39.08,0.95,0.379,2.59
LMT-0325,9.0,10.0,0.297,0.0108,6.67,32.69,41.36,0.77,0.461,2.62
LMT-0325,10.0,10.9,0.259,0.0108,6.71,38.59,40.83,0.86,0.386,2.59
LMT-0326,0.0,1.0,1.017,0.1502,54.9,1.08,5.26,9.07,2.64,1.69
LMT-0326,1.0,2.0,2.378,0.1642,21.06,10.72,30.67,2.41,1.515,1.58
LMT-0326,2.0,3.0,2.437,0.1345,19.03,13.25,37.54,2.61,1.743,1.64
LMT-0326,3.0,4.0,1.905,0.0568,16.08,18.84,36.46,1.79,1.306,1.65
LMT-0326,4.0,5.0,1.801,0.0422,16.85,20.13,39.04,1.81,1.267,1.6
LMT-0326,5.0,6.0,1.662,0.0462,14.31,26.92,40.97,1.41,1.223,1.81
LMT-0326,6.0,7.0,1.351,0.0365,11.92,24.69,43.97,1.19,0.899,1.72
LMT-0326,7.0,8.0,0.314,0.0167,6.66,42.47,46.85,1.04,0.479,2.85
LMT-0326,8.0,9.0,0.293,0.0135,6.94,35.25,42.38,1.05,0.445,2.75
LMT-0326,9.0,10.0,0.297,0.0136,7.66,40.92,42.06,1.11,0.462,2.85
LMT-0326,10.0,10.4,0.304,0.0095,6.65,40.46,40.54,0.78,0.464,2.6
LMT-0327,0.0,1.0,0.698,0.0319,51.72,0.78,3.89,7.57,2.722,1.46
LMT-0327,1.0,2.0,0.952,0.0583,45.67,1.86,6.9,6.04,2.509,1.49
LMT-0327,2.0,3.0,1.109,0.0814,39.0,3.36,10.1,4.66,2.378,1.4
LMT-0327,3.0,4.0,1.329,0.1555,43.27,4.22,12.46,5.33,2.019,1.38
LMT-0327,4.0,5.0,1.112,0.2618,35.82,5.99,13.38,3.07,1.783,1.53
LMT-0327,5.0,6.0,2.411,0.0861,20.03,9.76,27.86,1.66,1.466,1.67
LMT-0327,6.0,7.0,2.065,0.0661,18.38,11.75,32.2,1.76,1.612,1.54
LMT-0327,7.0,8.0,1.929,0.0426,19.21,15.52,31.73,2.01,1.184,1.59
LMT-0327,8.0,9.0,1.665,0.0421,17.55,16.45,31.62,1.67,1.355,1.47
LMT-0327,9.0,10.0,1.671,0.0437,15.56,16.39,35.21,1.44,0.985,1.74
LMT-0327,10.0,11.0,1.499,0.035,13.5,18.91,41.14,1.55,1.189,1.66
LMT-0327,11.0,12.0,1.584,0.0259,12.09,24.25,39.15,1.43,1.1,1.69
LMT-0327,12.0,13.0,1.255,0.0238,11.42,22.58,41.55,1.24,0.801,1.7
LMT-0327,13.0,14.0,1.031,0.025,10.37,22.88,40.64,0.86,0.773,1.84
LMT-0327,14.0,15.0,0.299,0.0135,6.73,33.25,43.36,0.92,0.415,2.54
LMT-0327,15.0,16.0,0.327,0.0112,6.77,40.77,41.6,0.74,0.37,2.58
LMT-0327,16.0,16.8,0.267,0.0138,6.69,37.89,38.63,0.83,0.492,2.57
LMT-0328,0.0,1.0,0.628,0.033,49.54,0.68,3.6,8.42,2.561,1.45
LMT-0328,1.0,2.0,0.95,0.048,44.28,1.58,7.44,5.2,2.282,1.34
LMT-0328,2.0,3.0,1.003,0.0486,43.6,2.34,8.06,5.48,2.225,1.28
LMT-0328,3.0,4.0,1.032,0.096,43.2,3.37,11.81,5.04,2.404,1.51
LMT-0328,4.0,5.0,1.143,0.095,37.58,4.25,11.95,4.14,2.433,1.47
LMT-0328,5.0,6.0,1.286,0.1632,41.08,5.26,14.09,3.84,1.612,1.46
LMT-0328,6.0,7.0,1.265,0.2259,41.7,5.5,16.89,3.43,1.923,1.53
LMT-0328,7.0,8.0,2.33,0.114,19.81,10.97,34.82,2.54,1.417,1.39
LMT-0328,8.0,9.0,1.965,0.1178,19.38,11.68,31.46,2.04,1.522,1.58
LMT-0328,9.0,10.0,2.046,0.0554,18.69,11.86,30.36,2.18,1.233,1.52
LMT-0328,10.0,11.0,1.996,0.0381,17.2,14.18,28.96,1.89,1.139,1.61
LMT-0328,11.0,12.0,1.669,0.0475,16.47,16.28,33.91,1.41,1.085,1.52
LMT-0328,12.0,13.0,1.682,0.0363,15.09,18.97,35.95,1.51,1.131,1.57
LMT-0328,13.0,14.0,1.371,0.0319,14.62,18.63,37.54,1.38,1.102,1.72
LMT-0328,14.0,15.0,1.477,0.0324,13.87,16.46,35.68,1.52,1.103,1.65
LMT-0328,15.0,16.0,1.276,0.0287,13.23,19.77,41.09,1.24,1.171,1.65
LMT-0328,16.0,17.0,1.143,0.0257,10.59,19.08,39.37,1.08,0.987,1.6
LMT-0328,17.0,18.0,1.262,0.0226,10.46,24.21,39.3,1.22,0.823,1.9
LMT-0328,18.0,19.0,1.11,0.0173,10.57,26.14,39.16,1.03,0.656,1.89
LMT-0328,19.0,20.0,0.286,0.014,5.79,34.65,38.82,0.91,0.432,2.61
LMT-0328,20.0,21.0,0.254,0.0144,6.18,40.14,41.3,0.89,0.355,2.66
LMT-0328,21.0,21.6,0.239,0.0119,6.33,42.01,42.49,0.82,0.501,2.69
LMT-0329,0.0,1.0,0.595,0.0404,48.4,0.79,4.05,8.18,2.862,1.62
LMT-0329,1.0,2.0,0.825,0.0615,49.65,1.88,7.79,6.14,3.037,1.48
LMT-0329,2.0,3.0,1.125,0.1139,45.21,3.47,9.84,4.35,2.268,1.55
LMT-0329,3.0,4.0,1.253,0.1805,40.23,4.82,13.35,4.74,2.116,1.41
LMT-0329,4.0,5.0,1.326,0.2167,38.95,5.29,15.44,3.61,2.058,1.49
LMT-0329,5.0,6.0,1.971,0.1717,20.95,10.44,29.95,2.64,1.312,1.38
LMT-0329,6.0,7.0,2.244,0.141,19.14,10.88,32.82,2.89,1.605,1.59
LMT-0329,7.0,8.0,1.781,0.0747,17.0,11.99,35.37,2.04,1.199,1.6
LMT-0329,8.0,9.0,1.717,0.0513,18.53,13.71,33.55,2.03,1.662,1.57
LMT-0329,9.0,10.0,,,,,,,,1.59
LMT-0329,10.0,11.0,1.622,0.0413,17.23,15.93,36.48,2.01,1.413,1.61
LMT-0329,11.0,12.0,1.77,0.0402,15.84,17.63,36.14,1.81,1.209,1.74
LMT-0329,12.0,13.0,1.45,0.0398,14.45,20.05,38.73,1.7,1.241,1.71
LMT-0329,13.0,14.0,1.348,0.0404,15.05,20.66,40.83,1.58,1.089,1.71
LMT-0329,14.0,15.0,1.563,0.0233,14.46,22.36,37.21,1.36,1.096,1.74
LMT-0329,15.0,16.0,1.076,0.0272,11.14,24.07,37.85,1.48,0.905,1.76
LMT-0329,16.0,17.0,1.059,0.0276,11.44,24.51,39.55,1.36,0.973,2.02
LMT-0329,17.0,18.0,1.077,0.0193,10.11,25.29,39.7,1.31,0.865,1.76
LMT-0329,18.0,19.0,0.286,0.015,6.55,41.35,45.02,0.96,0.588,2.49
LMT-0329,19.0,20.0,0.253,0.0114,6.83,35.36,40.27,0.98,0.455,2.61
LMT-0329,20.0,21.0,0.296,0.0142,6.56,39.19,40.27,1.1,0.426,2.58
LMT-0329,21.0,21.6,0.253,0.0147,6.14,45.0,42.93,0.89,0.446,2.51
LMT-0330,0.0,1.0,0.529,0.0392,48.16,0.66,3.57,9.08,2.803,1.51
LMT-0330,1.0,2.0,0.841,0.0489,44.82,1.51,6.46,7.18,2.487,1.47
LMT-0330,2.0,3.0,0.883,0.0805,42.81,2.27,7.69,6.9,2.247,1.35
LMT-0330,3.0,4.0,0.96,0.069,42.95,3.1,10.06,5.27,2.524,1.44
LMT-0330,4.0,5.0,1.003,0.0933,44.26,3.83,10.56,4.42,1.981,1.48
LMT-0330,5.0,6.0,1.171,0.1536,38.45,4.88,14.4,4.0,2.322,1.48
LMT-0330,6.0,7.0,1.076,0.3514,40.45,5.27,17.03,4.27,2.013,1.61
LMT-0330,7.0,8.0,2.213,0.1528,18.98,10.65,30.1,1.9,1.847,1.55
LMT-0330,8.0,9.0,2.279,0.0845,18.28,11.7,32.39,2.29,1.315,1.49
LMT-0330,9.0,10.0,1.794,0.0607,18.08,13.42,34.34,1.85,1.06,1.64
LMT-0330,10.0,11.0,1.878,0.0466,19.32,13.94,38.07,2.23,1.554,1.58
LMT-0330,11.0,12.0,1.471,0.0416,16.82,16.37,36.65,1.74,1.381,1.61
LMT-0330,12.0,13.0,1.43,0.0438,15.53,16.72,32.77,1.99,1.245,1.79
LMT-0330,13.0,14.0,1.756,0.0324,15.11,17.15,38.41,1.53,1.27,1.59
LMT-0330,14.0,15.0,1.387,0.0301,12.59,19.0,38.43,1.53,0.936,1.75
LMT-0330,15.0,16.0,1.259,0.0318,12.53,19.36,40.41,1.31,1.242,1.74
LMT-0330,16.0,17.0,1.3,0.0299,12.05,23.79,40.33,1.15,0.961,1.8
LMT-0330,17.0,18.0,1.133,0.0192,11.03,26.79,39.13,1.36,1.111,1.83
LMT-0330,18.0,19.0,1.019,0.0192,9.96,25.46,37.01,1.29,0.877,1.75
LMT-0330,19.0,20.0,0.211,0.0141,6.7,39.99,41.29,0.94,0.324,2.76
LMT-0330,20.0,21.0,0.234,0.0157,5.89,42.38,44.23,0.95,0.384,2.47
LMT-0330,21.0,21.7,0.188,0.0101,5.99,41.29,38.78,0.78,0.522,2.66
LMT-0331,0.0,1.0,0.497,0.0271,45.33,0.6,3.11,5.84,2.691,1.35
LMT-0331,1.0,2.0,0.679,0.0348,46.86,0.99,3.69,7.44,2.682,1.48
LMT-0331,2.0,3.0,0.753,0.0789,42.16,1.71,6.6,4.99,2.436,1.28
LMT-0331,3.0,4.0,0.867,0.0372,42.78,2.74,8.17,4.35,1.922,1.45
LMT-0331,4.0,5.0,0.817,0.0588,42.74,2.84,8.99,4.06,1.957,1.43
LMT-0331,5.0,6.0,1.05,0.0979,41.61,3.03,12.22,3.62,2.362,1.52
LMT-0331,6.0,7.0,0.941,0.0785,38.42,3.83,13.02,3.72,1.993,1.4
LMT-0331,7.0,8.0,0.895,0.1465,38.51,4.87,14.81,3.57,1.433,1.5
LMT-0331,8.0,9.0,1.135,0.2797,35.15,5.11,12.9,2.94,1.538,1.47
LMT-0331,9.0,10.0,1.648,0.1374,17.55,10.33,32.02,2.13,1.602,1.44
LMT-0331,10.0,11.0,1.855,0.0672,18.14,11.29,28.89,2.22,1.308,1.52
LMT-0331,11.0,12.0,1.912,0.0456,17.68,11.58,30.04,1.71,1.412,1.54
LMT-0331,12.0,13.0,1.486,0.0418,15.69,13.04,33.27,1.56,1.237,1.41
LMT-0331,13.0,14.0,1.555,0.0304,15.19,15.32,36.89,0.84,0.88,1.62
LMT-0331,14.0,15.0,1.343,0.0292,14.9,17.37,34.52,1.34,1.02,1.67
LMT-0331,15.0,16.0,1.33,0.0365,12.74,19.77,35.01,1.22,0.903,1.59
LMT-0331,16.0,17.0,1.087,0.032,11.86,20.44,37.31,1.44,1.06,1.65
LMT-0331,17.0,18.0,1.164,0.0226,11.52,28.92,39.5,1.24,0.944,1.68
LMT-0331,18.0,19.0,1.05,0.022,10.33,24.12,39.72,1.08,0.786,1.6
LMT-0331,19.0,20.0,0.995,0.0235,8.96,20.93,39.29,0.79,0.666,1.73
LMT-0331,20.0,21.0,0.25,0.0131,6.65,33.91,35.44,0.85,0.414,2.63
LMT-0331,21.0,22.2,0.26,0.0108,6.37,37.85,37.53,0.93,0.483,2.52
LMT-0332,0.0,1.0,0.486,0.0378,43.07,0.59,2.94,5.23,2.367,1.54
LMT-0332,1.0,2.0,0.713,0.043,45.21,0.73,4.1,6.85,2.095,1.52
LMT-0332,2.0,3.0,0.828,0.0346,39.89,1.38,6.17,5.34,2.706,1.35
LMT-0332,3.0,4.0,0.767,0.0613,44.08,1.88,7.85,3.88,1.829,1.31
LMT-0332,4.0,5.0,0.834,0.0657,42.2,2.3,8.3,3.09,1.677,1.44
LMT-0332,5.0,6.0,0.969,0.0387,39.6,3.15,10.07,4.76,1.623,1.37
LMT-0332,6.0,7.0,1.074,0.0434,41.12,3.82,11.56,3.31,1.881,1.44
LMT-0332,7.0,8.0,0.98,0.088,35.58,3.44,12.72,4.63,1.89,1.29
LMT-0332,8.0,9.0,0.99,0.1036,37.93,5.18,13.29,4.19,1.964,1.47
LMT-0332,9.0,10.0,1.14,0.1855,35.76,4.16,13.7,3.74,1.926,1.44
LMT-0332,10.0,11.0,1.308,0.2744,33.53,5.22,17.62,2.63,1.56,1.43
LMT-0332,11.0,12.0,2.103,0.0797,19.5,9.55,32.81,1.87,1.164,1.45
LMT-0332,12.0,13.0,1.986,0.0668,17.8,11.68,30.51,1.9,1.246,1.51
LMT-0332,13.0,14.0,1.566,0.046,17.48,12.14,31.06,1.89,1.189,1.45
LMT-0332,14.0,15.0,1.335,0.0394,16.3,14.63,30.3,1.6,1.015,1.57
LMT-0332,15.0,16.0,1.535,0.0348,14.39,14.78,33.81,1.73,1.062,1.48
LMT-0332,16.0,17.0,1.558,0.0251,13.41,15.84,32.62,1.29,1.208,1.65
LMT-0332,17.0,18.0,1.275,0.0278,12.49,17.41,37.72,1.19,0.917,1.48
LMT-0332,18.0,19.0,1.127,0.0248,12.36,23.14,35.62,1.19,0.871,1.64
LMT-0332,19.0,20.0,1.302,0.0136,10.29,19.28,34.72,1.1,0.618,1.71
LMT-0332,20.0,21.0,1.007,0.0195,10.26,24.49,36.58,0.97,0.774,1.81
LMT-0332,21.0,22.0,0.767,0.0226,8.82,24.0,38.72,0.86,0.837,1.63
LMT-0332,22.0,23.0,0.233,0.0166,6.31,33.97,37.56,0.57,0.395,2.38
LMT-0332,23.0,24.2,0.229,0.0087,6.05,37.24,38.7,0.86,0.424,2.48
LMT-0333,0.0,1.0,0.555,0.0311,45.16,0.55,3.29,6.54,2.196,1.37
LMT-0333,1.0,2.0,0.541,0.0462,46.66,0.93,4.51,5.98,2.247,1.43
LMT-0333,2.0,3.0,0.968,0.0512,41.62,1.51,6.49,5.64,2.447,1.39
LMT-0333,3.0,4.0,0.894,0.0415,44.15,1.7,7.47,4.63,2.227,1.36
LMT-0333,4.0,5.0,0.952,0.0392,42.13,1.88,8.16,4.68,2.292,1.4
LMT-0333,5.0,6.0,0.957,0.0549,42.46,2.78,8.51,3.68,2.019,1.45
LMT-0333,6.0,7.0,1.049,0.0597,36.25,3.37,9.3,4.15,1.741,1.36
LMT-0333,7.0,8.0,0.891,0.0729,41.27,3.46,11.76,4.12,2.256,1.38
LMT-0333,8.0,9.0,1.009,0.0772,40.27,3.45,11.65,4.16,1.918,1.42
LMT-0333,9.0,10.0,0.958,0.0771,38.26,4.06,12.94,3.46,1.783,1.39
LMT-0333,10.0,11.0,1.096,0.0838,40.71,4.0,13.81,2.5,1.777,1.41
LMT-0333,11.0,12.0,1.025,0.1235,38.43,4.33,15.69,3.05,1.747,1.53
LMT-0333,12.0,13.0,,,,,,,,1.49
LMT-0333,13.0,14.0,1.993,0.1198,18.99,8.99,31.79,1.23,1.204,1.38
LMT-0333,14.0,15.0,1.981,0.1031,19.42,9.96,29.91,1.96,1.196,1.37
LMT-0333,15.0,16.0,2.031,0.054,16.7,12.3,31.34,1.45,1.061,1.52
LMT-0333,16.0,17.0,1.501,0.0374,17.17,12.96,31.31,1.72,1.317,1.5
LMT-0333,17.0,18.0,1.883,0.0364,15.43,16.32,32.02,1.36,1.15,1.55
LMT-0333,18.0,19.0,1.361,0.03,14.51,12.36,31.49,1.45,1.14,1.58
LMT-0333,19.0,20.0,1.384,0.0297,12.55,19.35,35.84,1.59,0.966,1.51
LMT-0333,20.0,21.0,1.183,0.0248,12.28,17.6,32.49,1.21,0.647,1.72
LMT-0333,21.0,22.0,1.236,0.0263,10.83,20.41,35.84,1.46,0.777,1.68
LMT-0333,22.0,23.0,1.085,0.0269,9.79,20.44,32.79,1.3,0.928,1.7
LMT-0333,23.0,24.0,1.172,0.0197,10.24,23.3,34.14,1.06,0.813,1.73
LMT-0333,24.0,25.0,0.99,0.0206,8.81,23.37,38.01,0.95,0.653,1.67
LMT-0333,25.0,26.0,0.223,0.011,6.45,31.01,37.99,0.79,0.398,2.42
LMT-0333,26.0,27.0,0.28,0.0112,6.42,33.92,39.19,0.91,0.327,2.39
LMT-0333,27.0,28.1,0.256,0.0129,6.43,36.45,38.07,0.71,0.475,2.61
LMT-0334,0.0,1.0,0.539,0.0273,47.16,0.67,3.34,7.45,2.199,1.42
LMT-0334,1.0,2.0,0.749,0.0328,47.51,1.05,5.0,4.63,2.515,1.56
LMT-0334,2.0,3.0,0.942,0.0561,44.59,1.52,6.64,7.37,2.586,1.43
LMT-0334,3.0,4.0,0.892,0.051,42.75,1.58,8.35,5.36,2.19,1.42
LMT-0334,4.0,5.0,0.842,0.0732,45.68,2.27,8.87,5.32,2.268,1.54
LMT-0334,5.0,6.0,1.089,0.067,39.94,2.72,9.93,5.05,2.141,1.42
LMT-0334,6.0,7.0,1.041,0.0766,42.28,3.03,9.21,4.95,2.214,1.33
LMT-0334,7.0,8.0,1.069,0.0626,41.51,3.37,10.77,3.83,1.919,1.45
LMT-0334,8.0,9.0,0.996,0.0676,40.66,3.84,11.13,5.46,2.2,1.37
LMT-0334,9.0,10.0,1.198,0.0795,38.96,4.05,11.94,3.58,1.829,1.44
LMT-0334,10.0,11.0,1.415,0.0801,42.02,4.34,14.14,4.03,2.116,1.4
LMT-0334,11.0,12.0,1.166,0.1352,36.01,4.86,14.11,3.8,1.822,1.46
LMT-0334,12.0,13.0,1.178,0.1697,36.17,5.75,14.94,3.27,2.134,1.36
LMT-0334,13.0,14.0,1.427,0.2796,35.12,5.14,15.66,3.44,1.556,1.55
LMT-0334,14.0,15.0,2.171,0.1234,19.19,9.11,28.35,2.17,1.517,1.44
LMT-0334,15.0,16.0,2.227,0.0926,20.98,9.46,32.54,2.09,1.25,1.5
LMT-0334,16.0,17.0,1.898,0.0778,16.42,13.88,36.21,2.07,1.073,1.43
LMT-0334,17.0,18.0,1.756,0.0368,16.62,15.04,33.57,1.43,1.168,1.56
LMT-0334,18.0,19.0,1.338,0.0328,16.56,14.61,32.04,1.78,1.277,1.55
LMT-0334,19.0,20.0,1.57,0.0359,16.91,17.33,33.52,1.41,0.884,1.49
LMT-0334,20.0,21.0,1.733,0.0419,14.35,20.25,36.55,1.8,1.317,1.65
LMT-0334,21.0,22.0,1.341,0.0306,12.45,17.34,37.29,1.16,1.103,1.67
LMT-0334,22.0,23.0,1.105,0.0225,12.16,21.35,33.03,1.29,0.914,1.7
LMT-0334,23.0,24.0,1.324,0.0198,10.27,20.55,42.72,1.27,1.042,1.79
LMT-0334,24.0,25.0,0.964,0.0192,10.33,21.1,36.87,0.97,1.078,1.78
LMT-0334,25.0,26.0,0.226,0.0131,6.89,27.81,34.75,0.81,0.397,2.85
LMT-0334,26.0,27.0,0.239,0.011,6.48,33.48,41.02,0.72,0.456,2.8
LMT-0334,27.0,28.0,0.278,0.0133,6.24,30.96,41.57,0.91,0.494,2.56
LMT-0334,28.0,28.3,0.309,0.011,6.59,38.72,37.35,0.84,0.374,2.48
LMT-0335,0.0,1.0,0.667,0.032,50.98,0.7,2.9,6.99,2.57,1.45
LMT-0335,1.0,2.0,0.745,0.039,48.03,0.74,4.66,5.8,2.455,1.53
LMT-0335,2.0,3.0,0.93,0.0458,45.34,1.41,6.41,5.43,2.674,1.38
LMT-0335,3.0,4.0,0.962,0.0575,43.75,1.62,7.13,4.81,2.92,1.42
LMT-0335,4.0,5.0,0.91,0.0717,40.6,2.16,8.8,5.55,2.509,1.42
LMT-0335,5.0,6.0,1.072,0.0638,43.33,2.27,9.71,4.75,1.928,1.42
LMT-0335,6.0,7.0,0.875,0.1107,45.39,3.22,9.9,5.1,2.114,1.45
LMT-0335,7.0,8.0,1.128,0.0635,43.02,3.31,11.06,5.24,1.839,1.43
LMT-0335,8.0,9.0,1.267,0.0888,43.88,3.73,11.87,4.75,2.266,1.54
LMT-0335,9.0,10.0,1.287,0.0695,40.01,3.7,11.95,4.55,1.78,1.39
LMT-0335,10.0,11.0,1.323,0.0965,39.3,4.28,11.59,3.83,1.959,1.5
LMT-0335,11.0,12.0,1.291,0.0859,38.47,4.38,13.71,5.05,2.182,1.46
LMT-0335,12.0,13.0,1.55,0.0752,40.28,5.52,14.46,3.59,1.913,1.47
LMT-0335,13.0,14.0,1.587,0.1207,38.31,5.77,15.86,3.24,1.728,1.57
LMT-0335,14.0,15.0,1.495,0.2553,40.18,5.91,16.88,3.56,1.696,1.46
LMT-0335,15.0,16.0,2.101,0.1417,19.29,9.31,30.59,2.66,1.208,1.51
LMT-0335,16.0,17.0,1.768,0.0572,19.16,10.24,32.09,2.01,1.357,1.43
LMT-0335,17.0,18.0,1.942,0.0638,18.07,12.48,35.18,1.82,1.379,1.51
LMT-0335,18.0,19.0,2.031,0.04,16.59,14.22,34.86,1.76,1.333,1.58
LMT-0335,19.0,20.0,1.826,0.0413,16.54,14.64,38.24,1.56,1.392,1.63
LMT-0335,20.0,21.0,1.742,0.0366,15.25,20.18,31.39,1.59,1.148,1.64
LMT-0335,21.0,22.0,1.421,0.0293,13.46,19.97,37.32,1.49,1.325,1.68
LMT-0335,22.0,23.0,1.597,0.0349,12.64,23.11,42.0,1.11,1.132,1.81
LMT-0335,23.0,23.6,1.402,0.0264,12.3,24.56,42.26,1.3,1.175,1.76
LMT-0336,0.0,1.0,0.59,0.0317,48.0,0.7,2.82,6.52,3.05,1.47
LMT-0336,1.0,2.0,0.896,0.0391,48.23,0.9,4.46,6.95,2.18,1.56
LMT-0336,2.0,3.0,0.969,0.0542,44.84,1.39,6.47,6.47,2.677,1.43
LMT-0336,3.0,4.0,0.966,0.0586,47.79,2.06,7.91,6.45,2.249,1.3
LMT-0336,4.0,5.0,1.218,0.0685,47.47,1.76,8.35,6.2,2.755,1.52
LMT-0336,5.0,6.0,1.125,0.076,41.41,2.12,8.98,6.15,2.617,1.36
LMT-0336,6.0,7.0,1.065,0.0624,45.75,2.66,9.57,6.04,2.404,1.38
LMT-0336,7.0,8.0,0.98,0.0861,43.28,3.13,10.91,5.44,2.456,1.42
LMT-0336,8.0,9.0,1.134,0.0871,43.53,3.58,10.02,4.09,2.514,1.43
LMT-0336,9.0,10.0,0.981,0.0677,44.55,3.36,10.89,4.82,2.687,1.54
LMT-0336,10.0,11.0,1.209,0.0618,42.13,4.22,12.63,5.82,2.481,1.4
LMT-0336,11.0,12.0,1.185,0.0904,43.46,3.66,12.68,4.63,2.094,1.48
LMT-0336,12.0,13.0,1.208,0.07,43.65,4.63,14.47,3.96,2.253,1.44
LMT-0336,13.0,14.0,1.27,0.0768,41.38,4.56,14.14,3.69,2.183,1.54
LMT-0336,14.0,15.0,1.46,0.1095,40.75,5.1,15.11,3.54,2.042,1.46
LMT-0336,15.0,16.0,1.195,0.1086,37.31,4.68,15.11,3.82,2.258,1.47
LMT-0336,16.0,17.0,1.545,0.1474,35.73,6.06,18.44,4.01,2.258,1.57
LMT-0336,17.0,18.0,1.611,0.2933,36.84,5.9,18.02,3.23,1.918,1.49
LMT-0336,18.0,19.0,2.259,0.1528,19.68,9.12,32.62,2.51,1.34,1.53
LMT-0336,19.0,20.0,2.434,0.1056,18.88,12.36,33.64,2.19,1.578,1.46
LMT-0336,20.0,21.0,2.203,0.0627,16.22,12.06,37.08,2.1,1.447,1.63
LMT-0336,21.0,22.0,2.031,0.0302,17.72,14.94,36.54,2.25,1.376,1.65
LMT-0336,22.0,23.0,2.098,0.0484,16.29,18.05,35.91,1.92,1.211,1.72
LMT-0336,23.0,24.0,1.598,0.0406,14.92,19.65,39.91,1.75,1.07,1.79
LMT-0336,24.0,25.0,1.61,0.0252,14.25,17.72,35.61,1.51,1.126,1.85
LMT-0336,25.0,26.0,1.414,0.0214,12.8,20.31,35.92,1.29,1.093,1.8
LMT-0336,26.0,27.0,1.418,0.0298,11.71,24.26,39.33,1.14,0.916,1.72
LMT-0336,27.0,28.0,1.166,0.0315,10.46,23.87,38.02,1.17,0.857,1.75
LMT-0336,28.0,29.0,0.352,0.015,6.77,38.46,40.04,1.11,0.475,2.57
LMT-0336,29.0,30.0,0.3,0.0115,6.33,35.61,43.07,1.09,0.491,2.72
LMT-0336,30.0,31.0,0.245,0.015,6.31,34.3,35.25,0.86,0.435,2.53
LMT-0336,31.0,31.4,0.297,0.0125,6.69,41.86,44.21,0.92,0.509,2.55
LMT-0337,0.0,1.0,0.67,0.0319,52.09,0.62,3.73,9.7,2.98,1.53
LMT-0337,1.0,2.0,0.853,0.0527,49.76,1.06,4.37,8.34,2.63,1.59
LMT-0337,2.0,3.0,0.927,0.0559,45.93,1.75,6.71,6.97,2.5,1.36
LMT-0337,3.0,4.0,0.981,0.0631,47.88,1.86,6.97,7.04,2.611,1.4
LMT-0337,4.0,5.0,1.076,0.0706,45.16,2.0,8.13,6.55,2.327,1.4
LMT-0337,5.0,6.0,1.048,0.0849,47.91,2.3,7.99,6.31,2.582,1.41
LMT-0337,6.0,7.0,1.083,0.0812,42.1,2.72,9.07,6.06,2.778,1.49
LMT-0337,7.0,8.0,1.071,0.0743,43.03,2.55,10.21,5.28,2.647,1.53
LMT-0337,8.0,9.0,1.239,0.0654,46.02,3.34,10.17,7.0,2.475,1.43
LMT-0337,9.0,10.0,,,,,,,,1.43
LMT-0337,10.0,11.0,1.265,0.0788,41.4,3.46,12.88,6.01,1.974,1.48
LMT-0337,11.0,12.0,1.179,0.0986,43.72,3.63,11.96,5.77,2.488,1.57
LMT-0337,12.0,13.0,1.164,0.0928,42.58,4.2,12.49,4.43,1.952,1.34
LMT-0337,13.0,14.0,1.305,0.0966,41.81,4.55,12.39,4.32,2.559,1.42
LMT-0337,14.0,15.0,1.246,0.0962,42.44,4.82,13.13,3.47,2.131,1.47
LMT-0337,15.0,16.0,1.276,0.1089,41.17,5.51,14.8,4.19,1.869,1.47
LMT-0337,16.0,17.0,1.61,0.1055,40.67,5.7,15.53,4.51,2.106,1.45
LMT-0337,17.0,18.0,1.442,0.1565,37.32,5.33,17.14,3.82,1.877,1.35
LMT-0337,18.0,19.0,1.31,0.2086,38.18,6.06,15.92,4.05,2.205,1.48
LMT-0337,19.0,20.0,1.212,0.2324,37.2,5.65,15.99,3.58,2.243,1.47
LMT-0337,20.0,21.0,2.391,0.1438,18.64,11.29,33.22,2.12,1.502,1.57
LMT-0337,21.0,22.0,2.493,0.132,20.48,13.35,34.88,1.57,1.452,1.52
LMT-0337,22.0,23.0,2.216,0.081,18.0,13.53,34.71,2.09,1.674,1.44
LMT-0337,23.0,24.0,2.055,0.0502,17.4,15.74,32.99,2.42,1.541,1.62
LMT-0337,24.0,25.0,2.107,0.0388,16.79,15.31,37.35,2.15,1.262,1.55
LMT-0337,25.0,26.0,1.744,0.0395,17.16,17.22,34.35,1.93,1.384,1.77
LMT-0337,26.0,27.0,1.748,0.0434,15.05,20.08,33.43,1.52,1.428,1.71
LMT-0337,27.0,28.0,1.496,0.0324,14.1,21.42,37.55,1.62,1.145,1.64
LMT-0337,28.0,29.0,1.406,0.0253,13.35,20.17,39.22,1.72,1.071,1.66
LMT-0337,29.0,30.0,1.266,0.0308,12.9,26.96,39.77,1.09,1.077,1.85
LMT-0337,30.0,31.0,1.282,0.0354,12.27,25.29,42.05,1.12,0.957,1.8
LMT-0337,31.0,32.0,1.09,0.0219,10.35,27.92,42.44,1.31,0.953,1.75
LMT-0337,32.0,33.0,1.038,0.0221,9.4,28.45,41.24,0.71,0.802,1.75
LMT-0337,33.0,34.0,0.336,0.0087,6.74,36.85,41.64,1.01,0.574,2.46
LMT-0337,34.0,35.2,0.297,0.0147,6.85,35.26,38.07,1.0,0.469,2.54
LMT-0338,0.0,1.0,0.576,0.0403,48.43,0.68,3.22,8.76,2.87,1.48
LMT-0338,1.0,2.0,0.868,0.0565,51.48,1.01,4.67,7.28,2.692,1.56
LMT-0338,2.0,3.0,1.098,0.071,50.07,1.35,6.51,6.47,2.682,1.44
LMT-0338,3.0,4.0,0.977,0.0705,47.1,1.92,7.71,6.15,2.398,1.37
LMT-0338,4.0,5.0,1.059,0.0701,49.11,2.34,7.6,7.01,2.779,1.39
LMT-0338,5.0,6.0,1.1,0.069,46.17,2.46,9.25,5.25,2.518,1.43
LMT-0338,6.0,7.0,1.088,0.0619,43.58,2.97,9.71,3.77,2.445,1.47
LMT-0338,7.0,8.0,1.112,0.0697,44.91,3.64,10.41,3.86,2.351,1.51
LMT-0338,8.0,9.0,1.324,0.0943,44.57,3.08,12.38,5.0,2.612,1.48
LMT-0338,9.0,10.0,1.246,0.0675,41.64,4.07,10.95,4.85,2.471,1.47
LMT-0338,10.0,11.0,1.067,0.0901,40.25,4.28,12.32,5.14,2.086,1.62
LMT-0338,11.0,12.0,1.452,0.0953,41.29,4.26,12.79,3.93,2.264,1.54
LMT-0338,12.0,13.0,1.06,0.0673,41.74,4.82,14.32,3.54,1.657,1.48
LMT-0338,13.0,14.0,1.283,0.0783,42.34,5.2,15.25,4.35,2.235,1.44
LMT-0338,14.0,15.0,1.285,0.1609,37.8,5.49,15.1,4.91,2.273,1.48
LMT-0338,15.0,16.0,1.591,0.1564,37.79,5.59,16.45,4.31,2.223,1.58
LMT-0338,16.0,17.0,1.355,0.2559,39.34,5.55,18.44,4.6,2.058,1.49
LMT-0338,17.0,18.0,2.353,0.185,21.74,10.45,34.43,2.28,1.522,1.56
LMT-0338,18.0,19.0,2.031,0.1225,19.05,12.4,30.86,2.49,1.701,1.6
LMT-0338,19.0,20.0,2.327,0.0691,18.57,10.43,32.63,1.95,1.726,1.66
LMT-0338,20.0,21.0,2.224,0.0521,20.88,14.59,32.2,1.96,1.389,1.62
LMT-0338,21.0,22.0,2.229,0.0442,17.53,15.34,34.29,2.3,1.446,1.58
LMT-0338,22.0,23.0,1.728,0.0382,16.05,13.13,37.53,2.07,1.487,1.62
LMT-0338,23.0,24.0,2.134,0.0445,16.98,16.34,36.05,2.29,1.259,1.58
LMT-0338,24.0,25.0,1.718,0.0421,15.58,16.91,34.41,1.39,1.054,1.63
LMT-0338,25.0,26.0,1.718,0.0375,15.71,15.92,37.67,1.95,1.224,1.75
LMT-0338,26.0,27.0,1.687,0.044,15.7,23.22,33.48,1.6,1.213,1.77
LMT-0338,27.0,28.0,1.67,0.0421,13.61,21.43,38.82,1.29,1.182,1.64
LMT-0338,28.0,29.0,1.434,0.04,13.26,23.89,41.63,1.5,1.082,1.97
LMT-0338,29.0,30.0,1.397,0.0292,12.35,24.02,43.21,1.3,0.996,2.01
LMT-0338,30.0,31.0,1.307,0.0241,11.32,25.11,41.87,1.3,0.939,1.75
LMT-0338,31.0,32.0,1.232,0.0303,10.76,22.72,41.89,1.26,0.945,1.8
LMT-0338,32.0,33.0,1.115,0.0271,9.61,26.45,40.5,0.96,0.932,1.86
LMT-0338,33.0,34.0,0.303,0.0117,6.3,34.24,39.45,0.74,0.486,2.66
LMT-0338,34.0,35.0,0.324,0.0133,6.07,36.35,41.1,1.08,0.534,2.55
LMT-0338,35.0,36.1,0.299,0.009,6.54,37.62,40.65,0.84,0.419,2.61
LMT-0339,0.0,1.0,0.913,0.0585,55.26,0.91,4.41,9.05,4.053,1.74
LMT-0339,1.0,2.0,1.24,0.1225,46.58,2.89,9.92,9.11,3.335,1.69
LMT-0339,2.0,3.0,1.382,0.2386,47.28,4.35,13.88,6.47,3.002,1.7
LMT-0339,3.0,4.0,1.703,0.2906,47.55,5.56,15.35,5.7,2.768,1.62
LMT-0339,4.0,5.0,2.583,0.195,20.56,17.04,37.65,2.85,1.728,1.68
LMT-0339,5.0,6.0,0.372,0.0414,8.08,42.09,46.42,1.46,0.638,2.85
LMT-0339,6.0,7.0,0.394,0.0295,7.81,44.91,48.73,1.47,0.575,2.85
LMT-0339,7.0,8.2,0.354,0.0163,6.77,40.17,48.04,1.24,0.584,2.84
LMT-0340,0.0,1.0,0.72,0.0454,47.94,0.76,4.35,7.14,2.258,1.49
LMT-0340,1.0,2.0,0.984,0.0908,46.21,2.39,9.57,5.75,2.64,1.42
LMT-0340,2.0,3.0,1.089,0.1433,37.88,3.89,11.65,4.74,2.154,1.57
LMT-0340,3.0,4.0,1.036,0.2564,38.17,5.4,15.5,3.74,1.56,1.53
LMT-0340,4.0,5.0,2.201,0.1404,19.54,11.06,32.55,2.27,1.256,1.4
LMT-0340,5.0,6.0,2.035,0.0954,18.7,11.86,30.15,1.69,1.377,1.54
LMT-0340,6.0,7.0,1.599,0.0596,15.86,15.9,34.9,1.67,1.347,1.65
LMT-0340,7.0,8.0,1.624,0.0362,14.15,17.56,37.74,1.74,1.046,1.57
LMT-0340,8.0,9.0,1.395,0.0313,12.83,21.55,41.03,1.18,1.158,1.66
LMT-0340,9.0,10.0,1.365,0.0219,9.92,21.92,41.03,1.21,0.781,1.8
LMT-0340,10.0,11.0,0.326,0.0157,6.4,36.91,41.04,1.0,0.511,2.71
LMT-0340,11.0,12.0,0.291,0.0126,6.13,35.92,39.88,0.83,0.443,2.53
LMT-0340,12.0,13.0,0.234,0.016,7.19,38.91,38.01,0.81,0.424,2.41
LMT-0340,13.0,13.3,0.237,0.0116,6.3,29.97,38.34,0.87,0.461,2.69
LMT-0341,0.0,1.0,0.605,0.0365,49.6,0.7,3.72,6.8,2.604,1.54
LMT-0341,1.0,2.0,0.682,0.0463,43.4,1.35,6.27,5.17,2.106,1.32
LMT-0341,2.0,3.0,1.023,0.0688,42.09,2.53,8.35,4.47,1.718,1.37
LMT-0341,3.0,4.0,1.084,0.0922,42.65,2.98,10.0,5.5,2.245,1.46
LMT-0341,4.0,5.0,1.055,0.12,37.96,3.61,11.55,3.7,1.976,1.4
LMT-0341,5.0,6.0,1.408,0.2227,36.92,3.89,13.12,3.53,1.869,1.39
LMT-0341,6.0,7.0,1.417,0.2255,35.52,5.59,16.07,2.13,1.736,1.45
LMT-0341,7.0,8.0,1.919,0.109,17.69,10.45,32.47,2.03,1.341,1.43
LMT-0341,8.0,9.0,1.637,0.0468,17.19,12.49,32.96,1.57,1.545,1.48
LMT-0341,9.0,10.0,1.725,0.0491,16.61,15.3,31.93,1.33,1.084,1.47
LMT-0341,10.0,11.0,1.195,0.0258,15.78,18.94,33.14,1.51,1.031,1.56
LMT-0341,11.0,12.0,1.437,0.0308,13.62,18.68,35.14,1.44,0.993,1.47
LMT-0341,12.0,13.0,1.162,0.0303,12.26,18.86,34.56,1.09,0.904,1.68
LMT-0341,13.0,14.0,1.234,0.0164,11.08,25.95,37.62,0.88,0.803,1.74
LMT-0341,14.0,15.0,0.905,0.0217,9.24,23.73,38.35,0.73,0.594,1.88
LMT-0341,15.0,16.0,0.273,0.0155,6.33,34.83,37.2,0.71,0.45,2.39
LMT-0341,16.0,17.0,0.241,0.0151,5.81,31.04,38.12,0.79,0.455,2.36
LMT-0341,17.0,17.9,0.239,0.0076,6.04,30.09,37.31,0.61,0.411,2.59
LMT-0342,0.0,1.0,0.752,0.0531,52.31,0.9,3.82,7.49,2.998,1.76
LMT-0342,1.0,2.0,0.806,0.0867,50.66,1.82,7.49,6.86,3.094,1.45
LMT-0342,2.0,3.0,1.174,0.0723,51.04,2.43,8.76,5.83,2.545,1.55
LMT-0342,3.0,4.0,0.981,0.0715,49.75,2.98,10.01,7.47,2.73,1.52
LMT-0342,4.0,5.0,1.139,0.0848,44.43,4.3,12.31,4.96,2.218,1.53
LMT-0342,5.0,6.0,1.196,0.1071,45.2,4.12,14.78,5.52,2.331,1.5
LMT-0342,6.0,7.0,1.275,0.1105,43.39,5.18,14.76,4.98,2.039,1.56
LMT-0342,7.0,8.0,1.4,0.1692,40.04,5.53,15.67,4.53,2.125,1.6
LMT-0342,8.0,9.0,1.375,0.2994,41.51,6.21,18.29,3.68,2.122,1.62
LMT-0342,9.0,10.0,2.3,0.1668,20.0,10.29,33.07,2.77,1.515,1.55
LMT-0342,10.0,11.0,2.529,0.1041,19.72,13.29,35.02,2.55,1.551,1.62
LMT-0342,11.0,12.0,1.749,0.0555,19.02,15.36,33.75,1.98,1.503,1.64
LMT-0342,12.0,13.0,1.786,0.0542,18.25,19.76,38.17,2.04,1.281,1.77
LMT-0342,13.0,14.0,1.899,0.0465,15.61,19.96,38.5,1.85,1.252,1.77
LMT-0342,14.0,15.0,1.736,0.0435,15.06,24.65,39.73,2.07,1.19,1.79
LMT-0342,15.0,16.0,1.181,0.044,13.31,22.07,41.82,1.65,1.118,1.77
LMT-0342,16.0,17.0,1.235,0.0274,12.37,22.95,45.22,1.35,1.118,1.9
LMT-0342,17.0,18.0,0.993,0.0228,9.95,26.45,45.69,1.07,0.913,1.84
LMT-0342,18.0,19.0,0.316,0.0142,7.06,45.0,42.52,1.26,0.51,2.68
LMT-0342,19.0,20.0,0.316,0.0139,7.37,36.27,41.01,0.93,0.427,2.8
LMT-0342,20.0,20.9,0.34,0.0175,6.83,37.76,41.93,0.86,0.489,2.85
LMT-0343,0.0,1.0,0.79,0.074,52.88,1.07,4.48,8.92,3.372,1.66
LMT-0343,1.0,2.0,1.244,0.0925,52.81,2.3,9.59,8.17,3.399,1.59
LMT-0343,2.0,3.0,1.179,0.1304,50.27,3.67,11.2,6.9,2.623,1.6
LMT-0343,3.0,4.0,1.211,0.1281,43.84,4.34,12.84,7.61,2.694,1.59
LMT-0343,4.0,5.0,1.753,0.1881,46.12,5.34,15.85,5.71,2.887,1.52
LMT-0343,5.0,6.0,1.292,0.3184,41.91,6.09,18.82,6.22,2.798,1.67
LMT-0343,6.0,7.0,1.64,0.4182,46.02,7.91,19.83,4.9,2.194,1.63
LMT-0343,7.0,8.0,2.226,0.2015,21.71,12.65,35.97,2.55,1.646,1.83
LMT-0343,8.0,9.0,2.581,0.0918,21.34,16.58,38.6,2.71,1.911,1.74
LMT-0343,9.0,10.0,2.186,0.0804,21.43,16.94,43.42,2.48,1.442,1.77
LMT-0343,10.0,11.0,2.088,0.0657,18.47,19.79,44.06,3.03,1.513,1.7
LMT-0343,11.0,12.0,1.836,0.0536,18.15,21.84,44.91,2.16,1.525,1.8
LMT-0343,12.0,13.0,1.837,0.0479,15.28,22.6,44.13,1.88,1.497,1.84
LMT-0343,13.0,14.0,1.506,0.0427,14.3,24.97,42.65,1.98,1.312,1.94
LMT-0343,14.0,15.0,1.404,0.0458,13.13,26.35,43.08,1.65,1.304,2.04
LMT-0343,15.0,16.0,1.235,0.0309,11.4,29.06,48.49,1.26,1.194,2.12
LMT-0343,16.0,17.0,0.334,0.0149,7.49,43.89,43.91,1.28,0.62,2.83
LMT-0343,17.0,18.0,0.318,0.0184,8.05,44.65,46.36,1.13,0.572,2.85
LMT-0343,18.0,19.0,0.332,0.0197,7.54,42.28,46.75,1.22,0.569,2.85
LMT-0343,19.0,19.4,0.322,0.0168,7.48,45.0,49.7,1.24,0.526,2.85
LMT-0344,0.0,1.0,0.798,0.0688,56.0,1.02,4.61,10.68,3.765,1.78
LMT-0344,1.0,2.0,1.062,0.0936,55.12,2.21,8.57,10.24,3.294,1.58
LMT-0344,2.0,3.0,1.237,0.1201,52.02,3.23,9.74,8.83,3.226,1.61
LMT-0344,3.0,4.0,1.247,0.1321,49.22,3.82,12.49,8.38,2.94,1.7
LMT-0344,4.0,5.0,1.318,0.1157,51.55,4.73,12.25,6.79,3.098,1.68
LMT-0344,5.0,6.0,1.661,0.1506,43.22,5.79,15.15,6.41,3.177,1.73
LMT-0344,6.0,7.0,1.586,0.2543,44.96,6.68,16.81,5.91,2.647,1.65
LMT-0344,7.0,8.0,1.548,0.4297,43.98,7.39,20.09,4.92,2.631,1.68
LMT-0344,8.0,9.0,2.591,0.1959,22.22,13.22,38.68,3.57,1.957,1.68
LMT-0344,9.0,10.0,2.619,0.1802,22.14,13.01,37.85,3.41,1.972,1.7
LMT-0344,10.0,11.0,2.572,0.0912,22.89,16.06,38.93,2.98,1.693,1.78
LMT-0344,11.0,12.0,2.498,0.078,20.2,18.93,35.52,3.06,2.128,1.83
LMT-0344,12.0,13.0,1.901,0.0669,19.69,19.7,42.87,2.37,1.578,1.88
LMT-0344,13.0,14.0,2.146,0.0561,18.12,23.75,41.2,2.55,1.777,1.81
LMT-0344,14.0,15.0,1.893,0.0543,16.78,23.09,43.41,2.28,1.478,1.95
LMT-0344,15.0,16.0,1.989,0.0631,15.29,25.01,42.41,2.33,1.281,1.92
LMT-0344,16.0,17.0,1.79,0.0542,14.9,27.71,48.32,1.92,1.533,1.91
LMT-0344,17.0,18.0,1.68,0.0408,13.14,30.58,46.08,1.74,1.319,1.99
LMT-0344,18.0,19.0,1.463,0.041,12.76,33.5,47.72,1.73,1.331,2.08
LMT-0344,19.0,20.0,1.346,0.0327,12.27,32.92,51.05,1.44,0.987,2.12
LMT-0344,20.0,21.0,0.396,0.0228,8.04,44.76,45.72,1.14,0.558,2.85
LMT-0344,21.0,21.8,0.31,0.0209,7.42,45.0,49.31,1.28,0.619,2.85
LMT-0345,0.0,1.0,0.626,0.0361,54.53,0.83,3.6,10.16,2.812,1.59
LMT-0345,1.0,2.0,1.008,0.0774,52.01,1.05,5.14,8.24,2.687,1.54
LMT-0345,2.0,3.0,1.092,0.0787,49.13,1.78,7.28,7.64,3.221,1.53
LMT-0345,3.0,4.0,1.217,0.0779,47.94,2.31,8.53,6.79,3.143,1.57
LMT-0345,4.0,5.0,1.13,0.0815,48.43,2.78,9.51,6.78,2.783,1.49
LMT-0345,5.0,6.0,1.232,0.0884,48.43,3.58,9.78,6.33,3.009,1.54
LMT-0345,6.0,7.0,1.137,0.0948,46.51,3.81,11.38,7.15,2.932,1.47
LMT-0345,7.0,8.0,1.366,0.086,45.12,4.26,13.51,5.84,1.984,1.54
LMT-0345,8.0,9.0,1.327,0.0956,44.06,4.86,12.81,5.75,2.575,1.53
LMT-0345,9.0,10.0,1.117,0.1023,46.82,4.48,15.68,4.8,2.375,1.54
LMT-0345,10.0,11.0,1.496,0.0927,43.49,5.65,15.77,5.08,2.867,1.49
LMT-0345,11.0,12.0,1.3,0.183,44.03,5.38,16.92,5.43,2.366,1.44
LMT-0345,12.0,13.0,1.621,0.3045,37.48,6.56,17.74,5.33,2.507,1.52
LMT-0345,13.0,14.0,1.498,0.3513,41.26,6.67,18.94,4.06,2.08,1.7
LMT-0345,14.0,15.0,2.316,0.1349,22.0,12.38,38.23,2.52,1.753,1.47
LMT-0345,15.0,16.0,2.32,0.1034,19.35,13.23,40.34,2.17,1.645,1.69
LMT-0345,16.0,17.0,2.038,0.0696,16.66,17.62,37.96,2.09,1.492,1.85
LMT-0345,17.0,18.0,1.912,0.0609,15.7,20.79,42.16,1.78,1.409,1.76
LMT-0345,18.0,19.0,1.949,0.0432,14.75,24.48,42.22,1.63,1.375,1.88
LMT-0345,19.0,20.0,1.08,0.0351,11.42,24.22,44.08,1.39,0.925,1.87
LMT-0345,20.0,21.0,1.218,0.0272,11.05,29.13,48.81,1.3,1.007,2.02
LMT-0345,21.0,22.0,0.314,0.0152,7.22,39.61,45.3,0.83,0.471,2.77
LMT-0345,22.0,23.0,0.314,0.017,6.75,43.46,46.08,1.15,0.509,2.85
LMT-0345,23.0,23.9,0.271,0.0176,6.49,42.42,46.89,1.03,0.549,2.8
LMT-0346,0.0,1.0,0.797,0.0415,51.93,0.71,3.65,9.32,3.009,1.67
LMT-0346,1.0,2.0,0.862,0.0613,52.78,1.09,5.38,9.74,3.073,1.71
LMT-0346,2.0,3.0,1.238,0.1004,48.35,1.53,6.91,8.16,2.684,1.49
LMT-0346,3.0,4.0,1.235,0.0849,49.7,2.02,8.89,8.53,2.959,1.44
LMT-0346,4.0,5.0,1.019,0.0777,52.35,2.56,8.92,6.24,2.623,1.62
LMT-0346,5.0,6.0,1.304,0.0839,48.26,2.86,9.86,7.13,2.721,1.57
LMT-0346,6.0,7.0,1.261,0.1103,44.36,3.21,9.95,6.56,2.455,1.54
LMT-0346,7.0,8.0,1.164,0.1067,39.05,3.6,10.93,5.51,2.8,1.58
LMT-0346,8.0,9.0,1.205,0.1239,44.82,3.85,11.65,6.36,2.622,1.46
LMT-0346,9.0,10.0,1.464,0.0791,49.75,4.2,12.09,5.53,2.621,1.57
LMT-0346,10.0,11.0,1.583,0.0888,46.88,4.63,12.88,5.14,2.59,1.45
LMT-0346,11.0,12.0,1.399,0.1204,45.6,4.44,15.08,5.63,2.624,1.6
LMT-0346,12.0,13.0,1.626,0.1158,42.71,4.96,16.29,5.51,2.32,1.61
LMT-0346,13.0,14.0,1.327,0.1082,40.7,5.61,16.61,4.29,2.501,1.56
LMT-0346,14.0,15.0,1.608,0.0976,40.38,5.7,17.19,4.96,2.285,1.74
LMT-0346,15.0,16.0,1.701,0.1596,41.9,6.34,17.13,4.52,2.214,1.58
LMT-0346,16.0,17.0,1.694,0.1944,39.77,6.71,19.23,3.74,2.653,1.66
LMT-0346,17.0,18.0,1.511,0.3364,39.82,6.71,17.1,4.13,2.124,1.56
LMT-0346,18.0,19.0,2.643,0.1361,22.02,11.31,35.74,3.08,1.624,1.59
LMT-0346,19.0,20.0,2.279,0.125,16.79,18.5,39.86,2.1,1.351,1.68
LMT-0346,20.0,21.0,1.717,0.0631,13.26,24.72,37.57,1.83,1.157,1.76
LMT-0346,21.0,22.0,1.425,0.0331,9.75,26.24,42.27,1.33,1.033,1.9
LMT-0346,22.0,23.0,0.284,0.0151,7.32,39.46,47.15,1.05,0.52,2.71
LMT-0346,23.0,24.0,0.358,0.0176,7.19,38.77,41.1,1.04,0.541,2.85
LMT-0346,24.0,24.7,0.358,0.0161,6.92,40.21,41.37,1.03,0.498,2.7
LMT-0347,0.0,1.0,0.648,0.0276,46.41,0.81,3.94,6.67,3.303,1.54
LMT-0347,1.0,2.0,0.904,0.0589,51.06,1.49,6.46,7.11,2.592,1.49
LMT-0347,2.0,3.0,0.982,0.0576,44.28,1.67,6.75,6.46,2.278,1.41
LMT-0347,3.0,4.0,0.753,0.0583,42.15,2.25,8.05,5.22,2.142,1.42
LMT-0347,4.0,5.0,0.952,0.061,42.91,2.54,8.23,4.56,2.101,1.46
LMT-0347,5.0,6.0,1.065,0.0559,44.99,2.58,8.84,4.29,2.517,1.41
LMT-0347,6.0,7.0,1.105,0.0758,39.75,2.99,9.48,4.99,2.269,1.45
LMT-0347,7.0,8.0,1.161,0.0771,42.21,3.31,10.81,5.43,2.085,1.39
LMT-0347,8.0,9.0,1.143,0.0675,40.58,3.47,11.28,4.21,2.418,1.42
LMT-0347,9.0,10.0,0.976,0.0621,36.92,3.72,12.11,4.54,2.065,1.48
LMT-0347,10.0,11.0,1.087,0.0805,39.48,4.25,12.47,4.35,2.266,1.41
LMT-0347,11.0,12.0,1.274,0.0721,39.57,3.85,14.12,5.67,2.192,1.41
LMT-0347,12.0,13.0,1.264,0.0667,38.66,4.12,13.05,4.17,2.404,1.49
LMT-0347,13.0,14.0,1.055,0.0887,39.56,4.65,14.11,3.93,1.84,1.46
LMT-0347,14.0,15.0,1.153,0.126,36.11,4.7,14.92,3.08,2.053,1.43
LMT-0347,15.0,16.0,1.336,0.1547,40.43,5.88,15.99,2.95,1.754,1.45
LMT-0347,16.0,17.0,1.218,0.2087,37.54,5.99,14.74,3.25,1.626,1.41
LMT-0347,17.0,18.0,2.346,0.1151,20.17,9.84,28.0,1.97,1.176,1.56
LMT-0347,18.0,19.0,2.405,0.0855,19.84,9.97,31.25,2.28,1.473,1.42
LMT-0347,19.0,20.0,2.412,0.0633,19.83,10.8,30.21,2.02,1.268,1.63
LMT-0347,20.0,21.0,1.916,0.0299,18.97,10.71,31.39,1.76,1.448,1.47
LMT-0347,21.0,22.0,2.028,0.0577,16.95,12.0,33.44,1.87,1.296,1.52
LMT-0347,22.0,23.0,2.028,0.0489,17.04,13.42,34.66,1.98,1.448,1.42
LMT-0347,23.0,24.0,1.658,0.0437,16.74,13.37,30.4,1.77,1.275,1.49
LMT-0347,24.0,25.0,1.741,0.0456,16.11,14.19,32.51,1.73,1.101,1.48
LMT-0347,25.0,26.0,1.475,0.0326,14.61,14.13,35.92,2.09,1.306,1.59
LMT-0347,26.0,27.0,1.488,0.0353,14.5,14.73,33.95,1.75,1.068,1.59
LMT-0347,27.0,28.0,1.313,0.0272,13.88,18.84,36.45,1.4,1.274,1.56
LMT-0347,28.0,29.0,1.543,0.033,13.07,19.31,35.98,1.18,0.807,1.68
LMT-0347,29.0,30.0,1.566,0.0299,12.09,20.1,33.71,1.1,0.913,1.52
LMT-0347,30.0,31.0,1.484,0.0218,13.34,21.47,33.85,1.22,0.721,1.79
LMT-0347,31.0,32.0,1.305,0.0257,12.21,20.22,36.18,0.84,0.928,1.66
LMT-0347,32.0,33.0,1.113,0.0247,11.59,22.02,39.43,1.06,1.11,1.76
LMT-0347,33.0,34.0,1.108,0.0241,11.28,26.89,36.78,1.13,0.816,1.76
LMT-0347,34.0,35.0,0.986,0.0147,11.12,21.27,39.0,1.08,0.718,1.59
LMT-0347,35.0,36.0,1.097,0.0264,10.54,25.71,39.86,1.05,0.899,1.76
LMT-0347,36.0,37.0,0.967,0.0199,9.39,25.74,37.75,0.77,0.702,1.64
LMT-0347,37.0,38.0,0.274,0.0128,6.56,39.84,40.13,0.82,0.446,2.52
LMT-0347,38.0,39.0,0.275,0.0119,6.69,36.44,37.74,1.1,0.408,2.5
LMT-0347,39.0,39.8,0.235,0.0107,5.65,34.38,41.41,0.64,0.349,2.67
LMT-0348,0.0,1.0,0.673,0.0277,47.49,0.68,3.86,6.2,2.371,1.5
LMT-0348,1.0,2.0,0.853,0.0653,42.87,1.32,5.34,5.21,2.181,1.39
LMT-0348,2.0,3.0,0.854,0.0583,39.59,1.73,6.69,4.85,1.725,1.32
LMT-0348,3.0,4.0,0.928,0.0485,39.13,2.22,7.62,5.48,1.74,1.41
LMT-0348,4.0,5.0,0.853,0.0563,40.61,2.26,9.05,4.11,1.969,1.37
LMT-0348,5.0,6.0,1.014,0.0451,39.14,2.76,10.9,3.41,1.81,1.4
LMT-0348,6.0,7.0,0.966,0.0551,42.64,2.99,9.81,4.24,1.918,1.37
LMT-0348,7.0,8.0,1.085,0.0825,40.7,3.76,11.1,3.42,1.74,1.49
LMT-0348,8.0,9.0,0.921,0.0794,34.23,4.14,11.35,3.29,1.749,1.48
LMT-0348,9.0,10.0,1.162,0.0786,34.77,4.11,13.85,3.03,1.82,1.37
LMT-0348,10.0,11.0,1.193,0.1017,35.4,3.85,15.04,3.93,1.87,1.4
LMT-0348,11.0,12.0,1.053,0.1584,35.7,4.71,14.64,2.51,1.923,1.35
LMT-0348,12.0,13.0,1.195,0.2185,37.81,5.13,14.81,3.28,1.894,1.49
LMT-0348,13.0,14.0,2.346,0.1418,19.47,7.62,26.3,1.43,1.131,1.35
LMT-0348,14.0,15.0,1.793,0.0626,19.03,10.42,29.55,1.8,1.376,1.44
LMT-0348,15.0,16.0,1.852,0.0584,17.53,9.12,31.56,1.68,1.302,1.48
LMT-0348,16.0,17.0,1.954,0.0343,18.78,11.05,30.13,1.96,1.344,1.47
LMT-0348,17.0,18.0,1.802,0.0342,16.74,13.62,30.61,1.91,1.042,1.38
LMT-0348,18.0,19.0,1.814,0.0393,15.58,11.78,28.02,1.5,0.795,1.48
LMT-0348,19.0,20.0,1.498,0.0446,15.19,13.27,31.19,1.21,1.156,1.52
LMT-0348,20.0,21.0,1.378,0.0361,16.51,15.12,33.33,1.68,1.161,1.41
LMT-0348,21.0,22.0,1.589,0.0294,14.45,14.55,33.22,1.6,1.008,1.51
LMT-0348,22.0,23.0,1.617,0.0265,13.66,15.39,32.13,1.46,1.248,1.5
LMT-0348,23.0,24.0,1.583,0.0349,12.55,15.96,35.62,1.36,0.767,1.56
LMT-0348,24.0,25.0,1.369,0.0402,13.12,15.7,33.98,1.23,0.945,1.68
LMT-0348,25.0,26.0,1.115,0.0274,12.34,18.66,34.97,0.93,0.889,1.59
LMT-0348,26.0,27.0,1.298,0.025,12.73,17.31,32.78,0.96,0.849,1.55
LMT-0348,27.0,28.0,1.425,0.0301,11.31,22.88,36.89,1.31,0.719,1.6
LMT-0348,28.0,29.0,1.074,0.0207,11.37,18.66,29.52,1.1,0.87,1.68
LMT-0348,29.0,30.0,0.968,0.019,11.09,20.89,32.02,0.91,0.737,1.66
LMT-0348,30.0,31.0,0.88,0.0205,10.22,21.16,38.24,0.98,0.757,1.7
LMT-0348,31.0,32.0,1.024,0.0173,10.05,19.51,34.27,1.02,0.709,1.75
LMT-0348,32.0,33.0,0.994,0.0154,8.97,21.94,36.84,0.78,0.724,1.81
LMT-0348,33.0,34.0,0.846,0.0187,9.44,24.8,37.66,0.72,0.799,1.8
LMT-0348,34.0,35.0,0.224,0.009,6.19,35.84,35.34,0.91,0.419,2.51
LMT-0348,35.0,36.2,0.232,0.0128,5.63,31.72,36.25,0.63,0.409,2.57
LMT-0349,0.0,1.0,1.01,0.0754,48.1,1.49,6.94,7.87,2.587,1.55
LMT-0349,1.0,2.0,1.283,0.0864,52.04,2.19,8.93,6.62,2.494,1.66
LMT-0349,2.0,3.0,1.051,0.0864,48.36,3.31,9.86,5.2,3.082,1.6
LMT-0349,3.0,4.0,1.314,0.0918,43.74,3.96,12.01,5.82,2.698,1.63
LMT-0349,4.0,5.0,1.186,0.1226,39.24,4.6,13.67,6.28,2.544,1.51
LMT-0349,5.0,6.0,1.7,0.1543,40.57,5.72,14.4,5.07,2.419,1.6
LMT-0349,6.0,7.0,1.433,0.3166,42.49,6.19,17.05,4.55,2.143,1.46
LMT-0349,7.0,8.0,2.637,0.1585,22.04,10.64,31.21,3.04,1.699,1.49
LMT-0349,8.0,9.0,2.767,0.1779,18.99,13.83,32.34,2.2,1.789,1.65
LMT-0349,9.0,10.0,2.252,0.0829,17.87,14.43,33.67,2.71,1.316,1.65
LMT-0349,10.0,11.0,2.288,0.0662,19.64,18.3,34.19,2.62,1.323,1.66
LMT-0349,11.0,12.0,2.245,0.0433,17.65,21.38,37.26,2.19,1.477,1.71
LMT-0349,12.0,13.0,2.065,0.0486,15.96,22.42,40.68,2.06,1.32,1.77
LMT-0349,13.0,14.0,1.911,0.0407,15.38,24.32,39.72,1.93,1.389,1.75
LMT-0349,14.0,15.0,1.697,0.0335,13.45,23.59,41.66,1.33,1.25,1.87
LMT-0349,15.0,16.0,1.467,0.0284,11.15,23.86,48.2,1.13,0.937,1.87
LMT-0349,16.0,17.0,1.384,0.0265,10.36,28.48,39.32,1.03,1.138,1.72
LMT-0349,17.0,18.0,0.363,0.0141,7.26,36.65,44.92,1.18,0.627,2.68
LMT-0349,18.0,19.0,0.342,0.0167,6.87,39.6,41.86,1.31,0.472,2.7
LMT-0349,19.0,20.0,0.335,0.0177,6.98,43.45,46.98,1.1,0.5,2.83
LMT-0350,0.0,1.0,0.695,0.0618,49.13,0.91,4.02,9.23,3.15,1.62
LMT-0350,1.0,2.0,1.132,0.068,46.06,1.79,7.44,6.29,2.636,1.45
LMT-0350,2.0,3.0,1.143,0.0864,48.81,2.13,8.82,7.04,2.476,1.51
LMT-0350,3.0,4.0,,,,,,,,1.46
LMT-0350,4.0,5.0,1.115,0.1042,40.77,3.91,10.79,5.74,3.085,1.49
LMT-0350,5.0,6.0,1.068,0.0881,46.6,3.95,13.42,5.19,2.471,1.59
LMT-0350,6.0,7.0,1.447,0.1248,45.16,4.68,12.65,4.94,2.244,1.4
LMT-0350,7.0,8.0,1.56,0.1681,40.95,5.98,15.02,4.64,2.012,1.53
LMT-0350,8.0,9.0,1.433,0.2873,38.82,6.4,18.97,3.79,2.165,1.55
LMT-0350,9.0,10.0,1.55,0.3901,39.97,6.05,18.63,2.57,2.41,1.62
LMT-0350,10.0,11.0,2.887,0.1413,21.65,12.22,34.32,2.7,1.652,1.59
LMT-0350,11.0,12.0,2.366,0.0806,19.69,12.68,37.08,2.71,1.517,1.49
LMT-0350,12.0,13.0,,,,,,,,1.52
LMT-0350,13.0,14.0,2.638,0.0472,18.94,14.94,39.24,1.88,1.429,1.58
LMT-0350,14.0,15.0,2.219,0.0603,17.46,15.63,41.73,1.87,1.492,1.65
LMT-0350,15.0,16.0,1.848,0.0509,16.7,19.31,35.27,2.12,1.271,1.69
LMT-0350,16.0,17.0,1.666,0.0502,14.62,20.22,38.62,2.23,1.362,1.75
LMT-0350,17.0,18.0,1.494,0.032,14.66,25.43,40.87,1.83,1.322,1.76
LMT-0350,18.0,19.0,1.886,0.0294,12.59,23.92,39.89,1.48,1.12,1.76
LMT-0350,19.0,20.0,1.428,0.0334,12.47,23.75,40.05,1.55,1.35,1.91
LMT-0350,20.0,21.0,1.526,0.0258,11.01,27.28,39.07,1.51,0.878,1.93
LMT-0350,21.0,22.0,1.374,0.0295,10.29,30.58,37.33,1.03,1.042,1.98
LMT-0350,22.0,23.0,0.299,0.0173,6.62,44.55,39.65,1.13,0.506,2.71
LMT-0350,23.0,24.0,0.334,0.0137,6.56,40.38,42.76,1.15,0.527,2.85
LMT-0350,24.0,24.9,0.33,0.0149,6.99,42.26,41.44,0.89,0.43,2.57
