BHID,FROM,TO,SN_KGM3,BD_TM3
SBR-01-050,0.0,1.0,0.0064,1.53
SBR-01-050,1.0,2.0,0.002,1.57
SBR-01-050,2.0,3.0,0.002,1.67
SBR-01-050,3.0,4.0,0.002,1.84
SBR-01-050,4.0,5.0,0.002,1.58
SBR-01-050,5.0,6.0,0.002,1.89
SBR-01-050,6.0,7.0,0.002,1.73
SBR-01-050,7.0,8.0,0.002,1.76
SBR-01-050,8.0,9.0,0.002,1.79
SBR-01-050,9.0,10.0,0.002,2.05
SBR-01-075,0.0,1.0,0.002,1.51
SBR-01-075,1.0,2.0,0.002,1.69
SBR-01-075,2.0,3.0,0.002,1.75
SBR-01-075,3.0,4.0,0.002,1.76
SBR-01-075,4.0,5.0,0.002,1.75
SBR-01-075,5.0,6.0,0.002,1.75
SBR-01-075,6.0,7.0,0.002,1.65
SBR-01-075,7.0,8.0,0.002,2.03
SBR-01-075,8.0,9.0,0.002,1.98
SBR-01-075,9.0,9.3,0.002,2.06
SBR-01-100,0.0,1.0,0.002,1.41
SBR-01-100,1.0,2.0,0.002,1.65
SBR-01-100,2.0,3.0,0.002,1.78
SBR-01-100,3.0,4.0,0.002,1.8
SBR-01-100,4.0,5.0,0.002,1.71
SBR-01-100,5.0,6.0,0.002,1.68
SBR-01-100,6.0,7.0,0.002,1.99
SBR-01-100,7.0,8.1,0.002,2.2
SBR-01-125,0.0,1.0,0.0209,1.49
SBR-01-125,1.0,2.0,0.002,1.61
SBR-01-125,2.0,3.0,0.002,1.81
SBR-01-125,3.0,4.0,0.002,1.71
SBR-01-125,4.0,5.0,0.002,1.72
SBR-01-125,5.0,6.0,0.002,2.1
SBR-01-125,6.0,7.1,0.002,2.02
SBR-01-150,0.0,1.0,0.002,1.56
SBR-01-150,1.0,2.0,0.002,1.97
SBR-01-150,2.0,3.0,0.002,1.7
SBR-01-150,3.0,4.0,0.002,1.75
SBR-01-150,4.0,5.0,0.0056,2.02
SBR-01-150,5.0,6.0,0.002,2.13
SBR-01-150,6.0,6.4,0.002,2.03
SBR-01-175,0.0,1.0,0.002,1.52
SBR-01-175,1.0,2.0,0.0115,1.55
SBR-01-175,2.0,3.0,0.002,1.79
SBR-01-175,3.0,3.5,0.002,1.76
SBR-01-200,0.0,1.0,0.002,1.52
SBR-01-200,1.0,2.0,0.002,1.59
SBR-01-200,2.0,3.0,0.002,1.78
SBR-01-200,3.0,4.0,0.002,1.63
SBR-01-200,4.0,5.0,0.002,1.69
SBR-01-200,5.0,6.0,0.0327,1.99
SBR-01-200,6.0,7.0,0.002,1.97
SBR-01-200,7.0,7.4,0.002,2.09
SBR-01-225,0.0,1.0,0.002,1.67
SBR-01-225,1.0,2.0,0.002,1.59
SBR-01-225,2.0,3.0,0.002,1.72
SBR-01-225,3.0,4.0,0.002,1.69
SBR-01-225,4.0,5.0,0.002,1.61
SBR-01-225,5.0,6.0,0.002,1.81
SBR-01-225,6.0,7.0,0.0269,1.93
SBR-01-225,7.0,8.0,0.002,2.07
SBR-01-225,8.0,8.4,0.002,2.03
SBR-01-250,0.0,1.0,0.0058,1.56
SBR-01-250,1.0,2.0,0.002,1.5
SBR-01-250,2.0,3.0,0.002,1.84
SBR-01-250,3.0,4.0,0.002,1.57
SBR-01-250,4.0,5.0,0.002,1.68
SBR-01-250,5.0,6.0,0.002,1.83
SBR-01-250,6.0,7.0,0.002,1.65
SBR-01-250,7.0,8.0,0.0289,1.98
SBR-01-250,8.0,9.0,0.0529,1.81
SBR-01-250,9.0,10.2,0.0053,2.12
SBR-01-275,0.0,1.0,0.002,1.5
SBR-01-275,1.0,2.0,0.002,1.53
SBR-01-275,2.0,3.0,0.002,1.67
SBR-01-275,3.0,4.0,0.002,1.78
SBR-01-275,4.0,5.0,0.002,1.78
SBR-01-275,5.0,6.0,0.002,1.72
SBR-01-275,6.0,7.0,0.002,1.79
SBR-01-275,7.0,8.0,0.002,1.69
SBR-01-275,8.0,9.0,0.0448,1.9
SBR-01-275,9.0,10.0,0.0705,1.87
SBR-01-275,10.0,11.0,0.0165,2.31
SBR-01-275,11.0,11.4,0.0072,1.89
SBR-01-300,0.0,1.0,0.002,1.59
SBR-01-300,1.0,2.0,0.002,1.48
SBR-01-300,2.0,3.0,0.002,1.74
SBR-01-300,3.0,4.0,0.002,1.86
SBR-01-300,4.0,5.0,0.0061,1.74
SBR-01-300,5.0,6.0,0.002,1.76
SBR-01-300,6.0,7.0,0.002,1.85
SBR-01-300,7.0,8.0,0.002,1.79
SBR-01-300,8.0,9.0,0.002,1.79
SBR-01-300,9.0,10.0,0.0259,1.73
SBR-01-300,10.0,11.0,0.0813,1.81
SBR-01-300,11.0,12.0,0.2198,2.0
SBR-01-300,12.0,13.2,0.0088,2.07
SBR-01-325,0.0,1.0,0.002,1.53
SBR-01-325,1.0,2.0,0.002,1.47
SBR-01-325,2.0,3.0,0.002,1.74
SBR-01-325,3.0,4.0,0.002,1.82
SBR-01-325,4.0,5.0,0.002,1.7
SBR-01-325,5.0,6.0,0.002,1.74
SBR-01-325,6.0,7.0,0.002,1.66
SBR-01-325,7.0,8.0,0.002,1.71
SBR-01-325,8.0,9.0,0.002,1.72
SBR-01-325,9.0,10.0,0.002,1.76
SBR-01-325,10.0,11.0,0.0699,2.01
SBR-01-325,11.0,12.0,0.2326,1.97
SBR-01-325,12.0,13.0,0.0496,1.84
SBR-01-325,13.0,14.0,0.0491,1.94
SBR-01-325,14.0,14.3,0.0131,2.08
SBR-01-350,0.0,1.0,0.005,1.67
SBR-01-350,1.0,2.0,0.002,1.67
SBR-01-350,2.0,3.0,0.002,1.68
SBR-01-350,3.0,4.0,0.002,1.77
SBR-01-350,4.0,5.0,0.002,1.62
SBR-01-350,5.0,6.0,0.002,1.7
SBR-01-350,6.0,7.0,0.002,1.67
SBR-01-350,7.0,8.0,0.002,1.61
SBR-01-350,8.0,9.0,0.0055,1.86
SBR-01-350,9.0,10.0,0.002,1.53
SBR-01-350,10.0,11.0,0.0108,1.58
SBR-01-350,11.0,12.0,0.1606,1.86
SBR-01-350,12.0,13.0,0.1301,1.91
SBR-01-350,13.0,14.0,0.2214,1.89
SBR-01-350,14.0,15.0,0.6769,2.0
SBR-01-350,15.0,16.2,0.0626,2.1
SBR-01-375,0.0,1.0,0.018,1.52
SBR-01-375,1.0,2.0,0.002,1.53
SBR-01-375,2.0,3.0,0.002,1.56
SBR-01-375,3.0,4.0,0.0091,1.7
SBR-01-375,4.0,5.0,0.0059,1.84
SBR-01-375,5.0,6.0,0.0153,1.71
SBR-01-375,6.0,7.0,0.0175,1.86
SBR-01-375,7.0,8.0,0.018,1.73
SBR-01-375,8.0,9.0,0.058,1.62
SBR-01-375,9.0,10.0,0.0239,1.69
SBR-01-375,10.0,11.0,0.0161,1.77
SBR-01-375,11.0,12.0,0.0239,1.79
SBR-01-375,12.0,13.0,0.2947,2.06
SBR-01-375,13.0,14.0,0.6067,1.97
SBR-01-375,14.0,15.0,2.5377,1.85
SBR-01-375,15.0,16.0,2.0714,1.85
SBR-01-375,16.0,17.2,0.1573,2.17
SBR-01-400,0.0,1.0,0.002,1.67
SBR-01-400,1.0,2.0,0.0075,1.56
SBR-01-400,2.0,3.0,0.002,1.69
SBR-01-400,3.0,4.0,0.002,1.71
SBR-01-400,4.0,5.0,0.0073,1.79
SBR-01-400,5.0,6.0,0.002,1.76
SBR-01-400,6.0,7.0,0.0092,1.69
SBR-01-400,7.0,8.0,0.0127,1.74
SBR-01-400,8.0,9.0,0.0332,1.87
SBR-01-400,9.0,10.0,0.0281,1.71
SBR-01-400,10.0,11.0,0.0959,1.6
SBR-01-400,11.0,12.0,0.0859,1.86
SBR-01-400,12.0,13.0,0.3116,1.8
SBR-01-400,13.0,14.0,1.5077,1.8
SBR-01-400,14.0,15.0,3.6225,1.9
SBR-01-400,15.0,16.0,4.2433,1.98
SBR-01-400,16.0,17.0,1.1582,1.99
SBR-01-400,17.0,17.3,0.1567,2.01
SBR-01-425,0.0,1.0,0.0062,1.65
SBR-01-425,1.0,2.0,0.0051,1.58
SBR-01-425,2.0,3.0,0.002,1.69
SBR-01-425,3.0,4.0,0.002,1.78
SBR-01-425,4.0,5.0,0.0057,1.65
SBR-01-425,5.0,6.0,0.0059,1.67
SBR-01-425,6.0,7.0,0.0116,1.75
SBR-01-425,7.0,8.0,0.0331,1.76
SBR-01-425,8.0,9.0,0.018,1.5
SBR-01-425,9.0,10.0,0.0203,1.73
SBR-01-425,10.0,11.0,0.0474,1.66
SBR-01-425,11.0,12.0,0.0888,1.7
SBR-01-425,12.0,13.0,0.2778,1.7
SBR-01-425,13.0,14.0,4.3414,2.0
SBR-01-425,14.0,15.0,5.954,1.97
SBR-01-425,15.0,16.0,4.6821,1.84
SBR-01-425,16.0,17.0,0.7773,2.17
SBR-01-425,17.0,17.9,0.1413,1.97
SBR-01-450,0.0,1.0,0.002,1.65
SBR-01-450,1.0,2.0,0.002,1.58
SBR-01-450,2.0,3.0,0.002,1.79
SBR-01-450,3.0,4.0,0.002,1.66
SBR-01-450,4.0,5.0,0.002,1.71
SBR-01-450,5.0,6.0,0.002,1.81
SBR-01-450,6.0,7.0,0.0058,1.6
SBR-01-450,7.0,8.0,0.0219,1.81
SBR-01-450,8.0,9.0,0.0172,1.75
SBR-01-450,9.0,10.0,0.0348,1.69
SBR-01-450,10.0,11.0,0.0996,1.73
SBR-01-450,11.0,12.0,0.1571,1.72
SBR-01-450,12.0,13.0,0.307,1.52
SBR-01-450,13.0,14.0,1.9437,1.92
SBR-01-450,14.0,15.0,5.4939,1.9
SBR-01-450,15.0,16.0,6.0998,1.98
SBR-01-450,16.0,17.0,0.3723,1.87
SBR-01-450,17.0,17.5,0.0659,2.06
SBR-01-475,0.0,1.0,0.002,1.54
SBR-01-475,1.0,2.0,0.002,1.4
SBR-01-475,2.0,3.0,0.002,1.75
SBR-01-475,3.0,4.0,0.0057,1.89
SBR-01-475,4.0,5.0,0.0116,1.8
SBR-01-475,5.0,6.0,0.0072,1.6
SBR-01-475,6.0,7.0,0.0103,1.68
SBR-01-475,7.0,8.0,0.0147,1.62
SBR-01-475,8.0,9.0,0.0274,1.67
SBR-01-475,9.0,10.0,0.0317,1.66
SBR-01-475,10.0,11.0,0.0296,1.79
SBR-01-475,11.0,12.0,0.1032,1.69
SBR-01-475,12.0,13.0,0.9269,1.85
SBR-01-475,13.0,14.0,8.0717,2.03
SBR-01-475,14.0,15.0,8.1647,2.02
SBR-01-475,15.0,15.9,0.2538,1.9
SBR-01-500,0.0,1.0,0.002,1.53
SBR-01-500,1.0,2.0,0.002,1.55
SBR-01-500,2.0,3.0,0.002,1.72
SBR-01-500,3.0,4.0,0.002,1.68
SBR-01-500,4.0,5.0,0.002,1.76
SBR-01-500,5.0,6.0,0.002,1.73
SBR-01-500,6.0,7.0,0.0142,1.76
SBR-01-500,7.0,8.0,0.0121,1.73
SBR-01-500,8.0,9.0,0.0372,1.82
SBR-01-500,9.0,10.0,0.0511,1.71
SBR-01-500,10.0,11.0,0.6149,1.94
SBR-01-500,11.0,12.0,0.6733,2.03
SBR-01-500,12.0,13.0,2.4222,1.76
SBR-01-500,13.0,14.0,0.1597,2.05
SBR-01-500,14.0,14.3,0.0479,2.16
SBR-01-525,0.0,1.0,0.002,1.49
SBR-01-525,1.0,2.0,0.002,1.79
SBR-01-525,2.0,3.0,0.002,1.6
SBR-01-525,3.0,4.0,0.002,1.96
SBR-01-525,4.0,5.0,0.002,1.67
SBR-01-525,5.0,6.0,0.002,1.77
SBR-01-525,6.0,7.0,0.0063,1.72
SBR-01-525,7.0,8.0,0.0091,1.65
SBR-01-525,8.0,9.0,0.0054,1.52
SBR-01-525,9.0,10.0,0.6435,1.96
SBR-01-525,10.0,11.0,0.5005,1.95
SBR-01-525,11.0,12.1,0.0156,2.11
SBR-01-550,0.0,1.0,0.002,1.51
SBR-01-550,1.0,2.0,0.002,1.53
SBR-01-550,2.0,3.0,0.002,1.75
SBR-01-550,3.0,4.0,0.002,1.74
SBR-01-550,4.0,5.0,0.002,1.69
SBR-01-550,5.0,6.0,0.002,1.7
SBR-01-550,6.0,7.0,0.002,1.71
SBR-01-550,7.0,8.0,0.008,1.72
SBR-01-550,8.0,9.0,0.0529,1.88
SBR-01-550,9.0,10.0,0.0751,2.06
SBR-01-550,10.0,10.9,0.0093,1.92
SBR-01-575,0.0,1.0,0.002,1.47
SBR-01-575,1.0,2.0,0.002,1.46
SBR-01-575,2.0,3.0,0.002,1.57
SBR-01-575,3.0,4.0,0.002,1.77
SBR-01-575,4.0,5.0,0.002,1.75
SBR-01-575,5.0,6.0,0.002,1.8
SBR-01-575,6.0,7.0,0.0107,1.75
SBR-01-575,7.0,8.0,0.002,1.65
SBR-01-575,8.0,9.0,0.3579,1.94
SBR-01-575,9.0,10.1,0.0087,2.21
SBR-01-600,0.0,1.0,0.002,1.62
SBR-01-600,1.0,2.0,0.002,1.6
SBR-01-600,2.0,3.0,0.002,1.57
SBR-01-600,3.0,4.0,0.002,1.83
SBR-01-600,4.0,4.6,0.002,1.8
SBR-01-625,0.0,1.0,0.002,1.63
SBR-01-625,1.0,2.0,0.0053,1.62
SBR-01-625,2.0,3.0,0.002,1.7
SBR-01-625,3.0,4.0,0.002,1.75
SBR-01-625,4.0,5.0,0.002,1.8
SBR-01-625,5.0,6.0,0.0295,1.99
SBR-01-625,6.0,7.0,0.002,2.08
SBR-01-625,7.0,7.4,0.0056,2.05
SBR-01-650,0.0,1.0,0.002,1.58
SBR-01-650,1.0,2.0,0.0184,1.58
SBR-01-650,2.0,3.0,0.002,1.74
SBR-01-650,3.0,4.0,0.002,1.82
SBR-01-650,4.0,5.0,0.002,1.83
SBR-01-650,5.0,6.0,0.0055,2.1
SBR-01-650,6.0,6.8,0.002,1.97
SBR-02-050,0.0,1.0,0.002,1.57
SBR-02-050,1.0,2.0,0.002,1.81
SBR-02-050,2.0,3.0,0.002,1.72
SBR-02-050,3.0,4.0,0.002,1.87
SBR-02-050,4.0,5.0,0.002,1.66
SBR-02-050,5.0,6.0,0.002,1.67
SBR-02-050,6.0,7.0,0.002,2.02
SBR-02-050,7.0,8.0,0.002,1.99
SBR-02-050,8.0,8.4,0.002,1.95
SBR-02-075,0.0,1.0,0.002,1.59
SBR-02-075,1.0,2.0,0.002,1.73
SBR-02-075,2.0,3.0,0.002,1.78
SBR-02-075,3.0,4.0,0.002,1.82
SBR-02-075,4.0,5.0,0.002,1.81
SBR-02-075,5.0,6.0,0.002,1.6
SBR-02-075,6.0,7.0,0.009,1.93
SBR-02-075,7.0,8.2,0.002,2.06
SBR-02-100,0.0,1.0,0.002,1.56
SBR-02-100,1.0,2.0,0.002,1.61
SBR-02-100,2.0,3.0,0.002,1.68
SBR-02-100,3.0,4.0,0.002,1.66
SBR-02-100,4.0,5.0,0.002,1.67
SBR-02-100,5.0,6.0,0.002,1.78
SBR-02-100,6.0,7.0,0.0106,1.73
SBR-02-100,7.0,8.0,0.002,2.23
SBR-02-100,8.0,8.3,0.002,2.01
SBR-02-125,0.0,1.0,0.002,1.55
SBR-02-125,1.0,2.0,0.002,1.88
SBR-02-125,2.0,3.0,0.002,1.65
SBR-02-125,3.0,4.0,0.002,1.73
SBR-02-125,4.0,5.0,0.002,1.7
SBR-02-125,5.0,5.4,0.002,1.71
SBR-02-150,0.0,1.0,0.002,1.5
SBR-02-150,1.0,2.0,0.002,1.79
SBR-02-150,2.0,3.0,0.002,1.66
SBR-02-150,3.0,4.0,0.002,1.58
SBR-02-150,4.0,5.0,0.002,1.68
SBR-02-150,5.0,6.0,0.002,1.73
SBR-02-150,6.0,7.0,0.0259,1.92
SBR-02-150,7.0,8.0,0.002,2.07
SBR-02-150,8.0,8.3,0.002,1.91
SBR-02-175,0.0,1.0,0.002,1.54
SBR-02-175,1.0,2.0,0.002,1.6
SBR-02-175,2.0,3.0,0.002,1.84
SBR-02-175,3.0,4.0,0.002,1.7
SBR-02-175,4.0,5.0,0.002,1.72
SBR-02-175,5.0,6.0,0.002,1.77
SBR-02-175,6.0,7.0,0.002,1.58
SBR-02-175,7.0,8.0,0.0066,2.01
SBR-02-175,8.0,8.8,0.002,1.99
SBR-02-200,0.0,1.0,0.002,1.58
SBR-02-200,1.0,2.0,0.002,1.81
SBR-02-200,2.0,3.0,0.002,1.62
SBR-02-200,3.0,4.0,0.002,1.69
SBR-02-200,4.0,5.1,0.002,1.7
SBR-02-225,0.0,1.0,0.002,1.59
SBR-02-225,1.0,2.0,0.002,1.78
SBR-02-225,2.0,3.0,0.002,1.78
SBR-02-225,3.0,4.0,0.002,1.82
SBR-02-225,4.0,5.0,0.002,1.62
SBR-02-225,5.0,6.0,0.002,1.61
SBR-02-225,6.0,7.0,0.002,1.81
SBR-02-225,7.0,8.0,0.002,1.69
SBR-02-225,8.0,9.0,0.1791,1.94
SBR-02-225,9.0,10.0,0.1848,1.97
SBR-02-225,10.0,11.0,0.018,2.22
SBR-02-225,11.0,11.3,0.0104,2.12
SBR-02-250,0.0,1.0,0.002,1.49
SBR-02-250,1.0,2.0,0.002,1.79
SBR-02-250,2.0,3.0,0.002,1.88
SBR-02-250,3.0,4.0,0.002,1.74
SBR-02-250,4.0,5.0,0.002,1.8
SBR-02-250,5.0,6.0,0.002,1.79
SBR-02-250,6.0,7.0,0.002,1.79
SBR-02-250,7.0,8.0,0.002,1.77
SBR-02-250,8.0,9.0,0.002,1.86
SBR-02-250,9.0,10.0,0.002,1.69
SBR-02-250,10.0,11.0,0.1946,1.98
SBR-02-250,11.0,12.0,0.1322,2.05
SBR-02-250,12.0,13.2,0.0203,1.94
SBR-02-275,0.0,1.0,0.0051,1.62
SBR-02-275,1.0,2.0,0.0073,1.56
SBR-02-275,2.0,3.0,0.002,1.72
SBR-02-275,3.0,4.0,0.002,1.73
SBR-02-275,4.0,5.0,0.002,1.64
SBR-02-275,5.0,6.0,0.002,1.76
SBR-02-275,6.0,7.0,0.002,1.69
SBR-02-275,7.0,8.0,0.002,1.77
SBR-02-275,8.0,9.0,0.002,1.6
SBR-02-275,9.0,10.0,0.002,1.57
SBR-02-275,10.0,11.0,0.0082,1.66
SBR-02-275,11.0,12.0,0.1804,1.89
SBR-02-275,12.0,13.0,0.5309,1.9
SBR-02-275,13.0,14.0,0.0622,2.13
SBR-02-275,14.0,14.7,0.0183,2.15
SBR-02-300,0.0,1.0,0.002,1.53
SBR-02-300,1.0,2.0,0.002,1.5
SBR-02-300,2.0,3.0,0.002,1.63
SBR-02-300,3.0,4.0,0.002,1.78
SBR-02-300,4.0,5.0,0.002,1.74
SBR-02-300,5.0,6.0,0.002,1.79
SBR-02-300,6.0,7.0,0.002,1.74
SBR-02-300,7.0,8.0,0.0051,1.77
SBR-02-300,8.0,9.0,0.002,1.7
SBR-02-300,9.0,10.0,0.002,1.55
SBR-02-300,10.0,11.0,0.0071,1.74
SBR-02-300,11.0,12.0,0.0086,1.71
SBR-02-300,12.0,13.0,0.0969,2.0
SBR-02-300,13.0,14.0,0.2381,1.76
SBR-02-300,14.0,15.0,0.4241,2.03
SBR-02-300,15.0,16.0,0.0237,1.96
SBR-02-300,16.0,16.5,0.0051,2.06
SBR-02-325,0.0,1.0,0.002,1.51
SBR-02-325,1.0,2.0,0.008,1.56
SBR-02-325,2.0,3.0,0.002,1.5
SBR-02-325,3.0,4.0,0.002,1.63
SBR-02-325,4.0,5.0,0.002,1.53
SBR-02-325,5.0,6.0,0.002,1.76
SBR-02-325,6.0,7.0,0.002,1.82
SBR-02-325,7.0,8.0,0.002,1.79
SBR-02-325,8.0,9.0,0.002,1.76
SBR-02-325,9.0,10.0,0.002,1.71
SBR-02-325,10.0,11.0,0.0114,1.69
SBR-02-325,11.0,12.0,0.009,1.9
SBR-02-325,12.0,13.0,0.0234,1.69
SBR-02-325,13.0,14.0,0.1018,1.98
SBR-02-325,14.0,15.0,0.0615,1.77
SBR-02-325,15.0,16.0,1.005,1.88
SBR-02-325,16.0,17.0,1.0642,2.0
SBR-02-325,17.0,18.1,0.0622,2.05
SBR-02-350,0.0,1.0,0.002,1.53
SBR-02-350,1.0,2.0,0.002,1.6
SBR-02-350,2.0,3.0,0.002,1.63
SBR-02-350,3.0,4.0,0.002,1.79
SBR-02-350,4.0,5.0,0.002,1.5
SBR-02-350,5.0,6.0,0.002,1.83
SBR-02-350,6.0,7.0,0.002,1.79
SBR-02-350,7.0,8.0,0.0083,1.74
SBR-02-350,8.0,9.0,0.002,1.67
SBR-02-350,9.0,10.0,0.025,1.8
SBR-02-350,10.0,11.0,0.015,1.74
SBR-02-350,11.0,12.0,0.028,1.74
SBR-02-350,12.0,13.0,0.0391,1.65
SBR-02-350,13.0,14.0,0.0902,1.72
SBR-02-350,14.0,15.0,0.5868,2.11
SBR-02-350,15.0,16.0,0.7422,1.94
SBR-02-350,16.0,17.0,0.8378,1.99
SBR-02-350,17.0,18.0,1.012,1.9
SBR-02-350,18.0,19.2,0.0465,2.15
SBR-02-375,0.0,1.0,0.002,1.6
SBR-02-375,1.0,2.0,0.002,1.54
SBR-02-375,2.0,3.0,0.0117,1.5
SBR-02-375,3.0,4.0,0.002,1.61
SBR-02-375,4.0,5.0,0.002,1.8
SBR-02-375,5.0,6.0,0.002,1.65
SBR-02-375,6.0,7.0,0.002,1.7
SBR-02-375,7.0,8.0,0.002,1.7
SBR-02-375,8.0,9.0,0.002,1.67
SBR-02-375,9.0,10.0,0.0062,1.84
SBR-02-375,10.0,11.0,0.0159,1.56
SBR-02-375,11.0,12.0,0.0526,1.62
SBR-02-375,12.0,13.0,0.0803,1.83
SBR-02-375,13.0,14.0,0.0491,1.53
SBR-02-375,14.0,15.0,0.5791,1.95
SBR-02-375,15.0,16.0,1.2519,1.98
SBR-02-375,16.0,17.0,0.9454,1.89
SBR-02-375,17.0,18.0,0.8091,1.97
SBR-02-375,18.0,19.0,0.0581,2.07
SBR-02-375,19.0,19.7,0.0254,2.11
SBR-02-400,0.0,1.0,0.0077,1.47
SBR-02-400,1.0,2.0,0.002,1.47
SBR-02-400,2.0,3.0,0.002,1.45
SBR-02-400,3.0,4.0,0.002,1.47
SBR-02-400,4.0,5.0,0.002,1.85
SBR-02-400,5.0,6.0,0.002,1.64
SBR-02-400,6.0,7.0,0.002,1.77
SBR-02-400,7.0,8.0,0.002,1.78
SBR-02-400,8.0,9.0,0.002,1.73
SBR-02-400,9.0,10.0,0.0114,1.78
SBR-02-400,10.0,11.0,0.0105,1.65
SBR-02-400,11.0,11.8,0.0237,1.92
SBR-02-425,0.0,1.0,0.002,1.44
SBR-02-425,1.0,2.0,0.002,1.53
SBR-02-425,2.0,3.0,0.002,1.7
SBR-02-425,3.0,4.0,0.002,1.56
SBR-02-425,4.0,5.0,0.002,1.69
SBR-02-425,5.0,6.0,0.002,1.66
SBR-02-425,6.0,7.0,0.002,1.85
SBR-02-425,7.0,8.0,0.002,1.77
SBR-02-425,8.0,9.0,0.0051,1.72
SBR-02-425,9.0,10.0,0.013,1.8
SBR-02-425,10.0,11.0,0.025,1.65
SBR-02-425,11.0,12.0,0.0616,1.72
SBR-02-425,12.0,13.0,0.0786,1.76
SBR-02-425,13.0,14.0,0.0883,1.56
SBR-02-425,14.0,15.0,0.6755,1.88
SBR-02-425,15.0,16.0,3.2093,2.08
SBR-02-425,16.0,17.0,1.4486,1.8
SBR-02-425,17.0,18.0,1.1656,1.87
SBR-02-425,18.0,19.0,0.142,2.02
SBR-02-425,19.0,19.4,0.0759,2.13
SBR-02-450,0.0,1.0,0.002,1.61
SBR-02-450,1.0,2.0,0.0074,1.67
SBR-02-450,2.0,3.0,0.0143,1.46
SBR-02-450,3.0,4.0,0.0097,1.6
SBR-02-450,4.0,5.0,0.002,1.74
SBR-02-450,5.0,6.0,0.002,1.63
SBR-02-450,6.0,7.0,0.002,1.72
SBR-02-450,7.0,8.0,0.002,1.76
SBR-02-450,8.0,9.0,0.002,1.59
SBR-02-450,9.0,10.0,0.0052,1.63
SBR-02-450,10.0,11.0,0.0129,1.57
SBR-02-450,11.0,12.0,0.0255,1.72
SBR-02-450,12.0,13.0,0.0153,1.85
SBR-02-450,13.0,14.0,0.9137,1.89
SBR-02-450,14.0,15.0,1.0904,1.72
SBR-02-450,15.0,16.0,2.2289,2.05
SBR-02-450,16.0,17.0,2.0299,1.95
SBR-02-450,17.0,18.1,0.0368,2.1
SBR-02-475,0.0,1.0,0.002,1.69
SBR-02-475,1.0,2.0,0.0063,1.52
SBR-02-475,2.0,3.0,0.002,1.66
SBR-02-475,3.0,4.0,0.002,1.72
SBR-02-475,4.0,5.0,0.002,1.71
SBR-02-475,5.0,6.0,0.002,1.73
SBR-02-475,6.0,7.0,0.0107,1.8
SBR-02-475,7.0,8.0,0.0159,1.74
SBR-02-475,8.0,9.0,0.021,1.72
SBR-02-475,9.0,10.0,0.0122,1.61
SBR-02-475,10.0,11.0,0.0286,1.77
SBR-02-475,11.0,12.0,0.0254,1.75
SBR-02-475,12.0,13.0,2.6083,1.77
SBR-02-475,13.0,14.0,0.8215,1.75
SBR-02-475,14.0,15.0,2.344,1.92
SBR-02-475,15.0,16.0,0.1725,2.03
SBR-02-475,16.0,16.6,0.0626,2.11
SBR-02-500,0.0,1.0,0.0081,1.66
SBR-02-500,1.0,2.0,0.002,1.45
SBR-02-500,2.0,3.0,0.002,1.6
SBR-02-500,3.0,4.0,0.002,1.81
SBR-02-500,4.0,5.0,0.002,1.72
SBR-02-500,5.0,6.0,0.0053,1.57
SBR-02-500,6.0,7.0,0.0117,1.66
SBR-02-500,7.0,8.0,0.0122,1.77
SBR-02-500,8.0,9.0,0.0186,1.85
SBR-02-500,9.0,10.0,0.0619,1.68
SBR-02-500,10.0,11.0,0.4497,1.91
SBR-02-500,11.0,12.0,0.9374,1.91
SBR-02-500,12.0,13.0,1.6636,1.94
SBR-02-500,13.0,14.0,0.4275,2.08
SBR-02-500,14.0,14.4,0.0966,2.08
SBR-02-525,0.0,1.0,0.002,1.56
SBR-02-525,1.0,2.0,0.0137,1.61
SBR-02-525,2.0,3.0,0.002,1.74
SBR-02-525,3.0,4.0,0.002,1.58
SBR-02-525,4.0,5.0,0.002,1.59
SBR-02-525,5.0,6.0,0.002,1.74
SBR-02-525,6.0,7.0,0.0052,1.51
SBR-02-525,7.0,8.0,0.0089,1.69
SBR-02-525,8.0,9.0,0.0068,1.77
SBR-02-525,9.0,10.0,0.2389,2.01
SBR-02-525,10.0,11.0,0.4102,1.87
SBR-02-525,11.0,12.0,0.1248,2.0
SBR-02-525,12.0,12.4,0.1456,1.97
SBR-02-550,0.0,1.0,0.002,1.63
SBR-02-550,1.0,2.0,0.007,1.51
SBR-02-550,2.0,3.0,0.002,1.68
SBR-02-550,3.0,4.0,0.002,1.82
SBR-02-550,4.0,5.0,0.002,1.77
SBR-02-550,5.0,6.0,0.002,1.76
SBR-02-550,6.0,7.0,0.002,1.76
SBR-02-550,7.0,8.0,0.002,1.69
SBR-02-550,8.0,9.0,0.1599,1.87
SBR-02-550,9.0,10.0,0.1887,2.0
SBR-02-550,10.0,10.5,0.0168,2.11
SBR-02-575,0.0,1.0,0.002,1.62
SBR-02-575,1.0,2.0,0.0104,1.52
SBR-02-575,2.0,3.0,0.002,1.68
SBR-02-575,3.0,4.0,0.002,1.8
SBR-02-575,4.0,5.0,0.002,1.74
SBR-02-575,5.0,6.0,0.002,1.62
SBR-02-575,6.0,7.0,0.002,1.65
SBR-02-575,7.0,8.0,0.0238,1.94
SBR-02-575,8.0,9.0,0.0056,1.86
SBR-02-575,9.0,9.4,0.002,1.99
SBR-02-600,0.0,1.0,0.002,1.45
SBR-02-600,1.0,2.0,0.0054,1.62
SBR-02-600,2.0,3.0,0.002,1.65
SBR-02-600,3.0,4.0,0.002,1.72
SBR-02-600,4.0,4.4,0.002,1.67
SBR-02-625,0.0,1.0,0.0052,1.59
SBR-02-625,1.0,2.0,0.002,1.58
SBR-02-625,2.0,3.0,0.002,1.53
SBR-02-625,3.0,4.0,0.002,1.73
SBR-02-625,4.0,5.0,0.002,1.7
SBR-02-625,5.0,6.0,0.0451,1.86
SBR-02-625,6.0,7.0,0.002,2.12
SBR-02-625,7.0,7.4,0.002,2.12
SBR-02-650,0.0,1.0,0.0092,1.64
SBR-02-650,1.0,2.0,0.002,1.53
SBR-02-650,2.0,3.0,0.0064,1.49
SBR-02-650,3.0,4.0,0.002,1.78
SBR-02-650,4.0,5.0,0.002,1.88
SBR-02-650,5.0,6.1,0.002,2.11
SBR-03-050,0.0,1.0,0.0053,1.61
SBR-03-050,1.0,2.0,0.002,1.65
SBR-03-050,2.0,3.0,0.002,1.78
SBR-03-050,3.0,4.0,0.002,1.54
SBR-03-050,4.0,5.0,0.002,1.82
SBR-03-050,5.0,6.0,0.002,2.06
SBR-03-050,6.0,6.4,0.002,2.14
SBR-03-075,0.0,1.0,0.002,1.54
SBR-03-075,1.0,2.0,0.002,1.71
SBR-03-075,2.0,3.0,0.002,1.69
SBR-03-075,3.0,4.0,0.002,1.68
SBR-03-075,4.0,5.0,0.002,1.58
SBR-03-075,5.0,6.0,0.002,2.06
SBR-03-075,6.0,7.0,0.002,2.0
SBR-03-075,7.0,7.5,0.002,2.1
SBR-03-100,0.0,1.0,0.002,1.67
SBR-03-100,1.0,2.0,0.002,1.78
SBR-03-100,2.0,3.0,0.002,1.78
SBR-03-100,3.0,4.0,0.002,1.88
SBR-03-100,4.0,5.0,0.002,1.74
SBR-03-100,5.0,6.0,0.002,1.77
SBR-03-100,6.0,7.0,0.002,1.98
SBR-03-100,7.0,7.9,0.002,2.03
SBR-03-125,0.0,1.0,0.0061,1.54
SBR-03-125,1.0,2.0,0.002,1.62
SBR-03-125,2.0,3.0,0.002,1.77
SBR-03-125,3.0,4.0,0.002,1.55
SBR-03-125,4.0,4.9,0.002,1.64
SBR-03-150,0.0,1.0,0.002,1.42
SBR-03-150,1.0,2.0,0.002,1.71
SBR-03-150,2.0,3.0,0.002,1.71
SBR-03-150,3.0,4.0,0.002,1.69
SBR-03-150,4.0,5.0,0.002,1.75
SBR-03-150,5.0,6.0,0.002,1.75
SBR-03-150,6.0,7.0,0.002,1.9
SBR-03-150,7.0,8.0,0.002,1.59
SBR-03-150,8.0,9.0,0.0172,2.02
SBR-03-150,9.0,10.1,0.002,1.95
SBR-03-175,0.0,1.0,0.002,1.61
SBR-03-175,1.0,2.0,0.002,1.79
SBR-03-175,2.0,3.0,0.002,1.6
SBR-03-175,3.0,4.0,0.002,1.6
SBR-03-175,4.0,5.0,0.002,1.56
SBR-03-175,5.0,6.0,0.002,1.76
SBR-03-175,6.0,7.0,0.002,1.57
SBR-03-175,7.0,8.0,0.002,1.74
SBR-03-175,8.0,9.0,0.002,1.79
SBR-03-175,9.0,10.0,0.0222,1.85
SBR-03-175,10.0,11.0,0.002,1.98
SBR-03-175,11.0,11.7,0.002,2.0
SBR-03-200,0.0,1.0,0.002,1.58
SBR-03-200,1.0,2.0,0.002,1.79
SBR-03-200,2.0,3.0,0.002,1.95
SBR-03-200,3.0,4.0,0.002,1.61
SBR-03-200,4.0,5.0,0.002,1.61
SBR-03-200,5.0,6.0,0.002,1.73
SBR-03-200,6.0,7.0,0.002,1.73
SBR-03-200,7.0,8.0,0.002,1.62
SBR-03-200,8.0,9.0,0.002,1.78
SBR-03-200,9.0,10.0,0.0052,1.58
SBR-03-200,10.0,11.0,0.0346,1.75
SBR-03-200,11.0,12.0,0.0903,2.1
SBR-03-200,12.0,12.7,0.04,1.95
SBR-03-225,0.0,1.0,0.0065,1.55
SBR-03-225,1.0,2.0,0.002,1.58
SBR-03-225,2.0,3.0,0.002,1.86
SBR-03-225,3.0,4.0,0.0062,1.58
SBR-03-225,4.0,5.0,0.008,1.73
SBR-03-225,5.0,6.0,0.0056,1.82
SBR-03-225,6.0,7.0,0.0112,1.68
SBR-03-225,7.0,8.0,0.01,1.61
SBR-03-225,8.0,9.0,0.0081,1.69
SBR-03-225,9.0,10.0,0.0271,1.61
SBR-03-225,10.0,11.0,0.0106,1.69
SBR-03-225,11.0,12.0,0.4865,1.91
SBR-03-225,12.0,13.0,0.6487,2.07
SBR-03-225,13.0,14.0,0.147,2.01
SBR-03-225,14.0,14.3,0.0756,2.18
SBR-03-250,0.0,1.0,0.002,1.64
SBR-03-250,1.0,2.0,0.0056,1.61
SBR-03-250,2.0,3.0,0.0057,1.83
SBR-03-250,3.0,4.0,0.002,1.72
SBR-03-250,4.0,5.0,0.0074,1.8
SBR-03-250,5.0,6.0,0.0104,1.7
SBR-03-250,6.0,7.0,0.008,1.71
SBR-03-250,7.0,8.0,0.0114,1.73
SBR-03-250,8.0,9.0,0.0307,1.81
SBR-03-250,9.0,10.0,0.027,1.62
SBR-03-250,10.0,11.0,0.0157,1.72
SBR-03-250,11.0,12.0,0.0459,1.71
SBR-03-250,12.0,13.0,0.9419,1.94
SBR-03-250,13.0,14.0,0.7331,1.98
SBR-03-250,14.0,15.0,0.8192,1.84
SBR-03-250,15.0,15.9,0.0705,2.16
SBR-03-275,0.0,1.0,0.0152,1.37
SBR-03-275,1.0,2.0,0.002,1.69
SBR-03-275,2.0,3.0,0.002,1.71
SBR-03-275,3.0,4.0,0.002,1.67
SBR-03-275,4.0,5.0,0.002,1.86
SBR-03-275,5.0,6.0,0.002,1.89
SBR-03-275,6.0,7.0,0.002,1.74
SBR-03-275,7.0,8.0,0.0056,1.76
SBR-03-275,8.0,9.0,0.0101,1.77
SBR-03-275,9.0,10.0,0.016,1.78
SBR-03-275,10.0,11.0,0.0306,1.68
SBR-03-275,11.0,12.0,0.032,1.61
SBR-03-275,12.0,13.0,0.0444,1.72
SBR-03-275,13.0,14.0,0.782,1.91
SBR-03-275,14.0,15.0,1.4589,1.91
SBR-03-275,15.0,16.0,2.4234,1.88
SBR-03-275,16.0,16.9,0.1326,1.96
SBR-03-300,0.0,1.0,0.002,1.54
SBR-03-300,1.0,2.0,0.002,1.54
SBR-03-300,2.0,3.0,0.002,1.56
SBR-03-300,3.0,4.0,0.002,1.78
SBR-03-300,4.0,5.0,0.002,1.72
SBR-03-300,5.0,6.0,0.002,1.65
SBR-03-300,6.0,7.0,0.002,1.76
SBR-03-300,7.0,8.0,0.009,1.79
SBR-03-300,8.0,9.0,0.0079,1.75
SBR-03-300,9.0,10.0,0.0456,1.71
SBR-03-300,10.0,11.0,0.0141,1.74
SBR-03-300,11.0,12.0,0.0308,1.68
SBR-03-300,12.0,13.0,0.0337,1.77
SBR-03-300,13.0,14.0,0.041,1.77
SBR-03-300,14.0,15.0,0.7506,1.9
SBR-03-300,15.0,16.0,2.6363,2.02
SBR-03-300,16.0,17.0,2.1065,1.9
SBR-03-300,17.0,17.9,0.3292,1.95
SBR-03-325,0.0,1.0,0.002,1.52
SBR-03-325,1.0,2.0,0.002,1.46
SBR-03-325,2.0,3.0,0.002,1.52
SBR-03-325,3.0,4.0,0.002,1.63
SBR-03-325,4.0,5.0,0.002,1.64
SBR-03-325,5.0,6.0,0.002,1.64
SBR-03-325,6.0,7.0,0.002,1.7
SBR-03-325,7.0,8.0,0.002,1.69
SBR-03-325,8.0,9.0,0.002,1.76
SBR-03-325,9.0,10.0,0.0074,1.66
SBR-03-325,10.0,11.0,0.0156,1.61
SBR-03-325,11.0,12.0,0.03,1.73
SBR-03-325,12.0,13.0,0.049,1.66
SBR-03-325,13.0,14.0,0.0576,1.71
SBR-03-325,14.0,15.0,0.5108,1.95
SBR-03-325,15.0,16.0,1.1621,2.02
SBR-03-325,16.0,17.0,1.7366,1.95
SBR-03-325,17.0,18.0,0.0933,2.12
SBR-03-325,18.0,18.7,0.0508,2.15
SBR-03-350,0.0,1.0,0.002,1.54
SBR-03-350,1.0,2.0,0.002,1.54
SBR-03-350,2.0,3.0,0.002,1.56
SBR-03-350,3.0,4.0,0.002,1.73
SBR-03-350,4.0,5.0,0.002,1.7
SBR-03-350,5.0,6.0,0.002,1.76
SBR-03-350,6.0,7.0,0.002,1.66
SBR-03-350,7.0,8.0,0.002,1.75
SBR-03-350,8.0,9.0,0.0081,1.68
SBR-03-350,9.0,10.0,0.0074,1.73
SBR-03-350,10.0,11.0,0.002,1.61
SBR-03-350,11.0,12.0,0.0223,1.66
SBR-03-350,12.0,13.0,0.0125,1.8
SBR-03-350,13.0,14.0,0.0162,1.69
SBR-03-350,14.0,15.0,0.3251,1.97
SBR-03-350,15.0,16.0,0.6929,1.97
SBR-03-350,16.0,17.0,1.7325,2.06
SBR-03-350,17.0,18.0,0.2945,2.19
SBR-03-350,18.0,18.7,0.2036,2.25
SBR-03-375,0.0,1.0,0.0075,1.62
SBR-03-375,1.0,2.0,0.002,1.56
SBR-03-375,2.0,3.0,0.002,1.46
SBR-03-375,3.0,4.0,0.0071,1.4
SBR-03-375,4.0,5.0,0.002,1.69
SBR-03-375,5.0,6.0,0.002,1.61
SBR-03-375,6.0,7.0,0.0052,1.73
SBR-03-375,7.0,8.0,0.002,1.6
SBR-03-375,8.0,9.0,0.0069,1.79
SBR-03-375,9.0,10.0,0.0066,1.82
SBR-03-375,10.0,11.0,0.0109,1.66
SBR-03-375,11.0,12.0,0.0062,1.82
SBR-03-375,12.0,13.0,0.0096,1.72
SBR-03-375,13.0,14.0,0.2789,2.03
SBR-03-375,14.0,15.0,0.3348,1.99
SBR-03-375,15.0,16.0,1.1641,2.01
SBR-03-375,16.0,17.0,0.6848,1.93
SBR-03-375,17.0,18.0,0.1432,2.08
SBR-03-375,18.0,18.4,0.1515,2.06
SBR-03-400,0.0,1.0,0.002,1.53
SBR-03-400,1.0,2.0,0.002,1.4
SBR-03-400,2.0,3.0,0.002,1.62
SBR-03-400,3.0,4.0,0.002,1.61
SBR-03-400,4.0,5.0,0.002,1.7
SBR-03-400,5.0,6.0,0.002,1.75
SBR-03-400,6.0,7.0,0.002,1.82
SBR-03-400,7.0,8.0,0.002,1.6
SBR-03-400,8.0,9.0,0.0139,1.69
SBR-03-400,9.0,10.0,0.0092,1.69
SBR-03-400,10.0,11.0,0.0137,1.81
SBR-03-400,11.0,12.0,0.0181,1.7
SBR-03-400,12.0,13.0,0.0109,1.63
SBR-03-400,13.0,14.0,0.5437,1.85
SBR-03-400,14.0,15.0,0.7427,1.93
SBR-03-400,15.0,16.0,0.6641,1.96
SBR-03-400,16.0,17.0,1.2936,1.89
SBR-03-400,17.0,18.0,0.1344,1.86
SBR-03-425,0.0,1.0,0.002,1.61
SBR-03-425,1.0,2.0,0.005,1.51
SBR-03-425,2.0,3.0,0.0125,1.56
SBR-03-425,3.0,4.0,0.0067,1.43
SBR-03-425,4.0,5.0,0.002,1.73
SBR-03-425,5.0,6.0,0.0076,1.76
SBR-03-425,6.0,7.0,0.002,1.88
SBR-03-425,7.0,8.0,0.0139,1.81
SBR-03-425,8.0,9.0,0.0115,1.72
SBR-03-425,9.0,10.0,0.0058,1.82
SBR-03-425,10.0,11.0,0.0124,1.82
SBR-03-425,11.0,12.0,0.0268,1.86
SBR-03-425,12.0,13.0,0.5195,1.95
SBR-03-425,13.0,14.0,0.7777,1.98
SBR-03-425,14.0,15.0,0.7333,1.92
SBR-03-425,15.0,16.0,1.9112,1.96
SBR-03-425,16.0,16.6,0.1024,2.25
SBR-03-450,0.0,1.0,0.002,1.67
SBR-03-450,1.0,2.0,0.0057,1.6
SBR-03-450,2.0,3.0,0.0061,1.52
SBR-03-450,3.0,4.0,0.002,1.5
SBR-03-450,4.0,5.0,0.002,1.67
SBR-03-450,5.0,6.0,0.0057,1.77
SBR-03-450,6.0,7.0,0.002,1.61
SBR-03-450,7.0,8.0,0.002,1.7
SBR-03-450,8.0,9.0,0.0496,1.71
SBR-03-450,9.0,10.0,0.061,1.85
SBR-03-450,10.0,11.0,2.1464,2.08
SBR-03-450,11.0,12.0,0.5478,1.99
SBR-03-450,12.0,13.0,0.4111,1.93
SBR-03-450,13.0,14.0,0.999,1.96
SBR-03-450,14.0,15.0,0.0654,2.21
SBR-03-450,15.0,15.5,0.038,2.02
SBR-03-475,0.0,1.0,0.002,1.49
SBR-03-475,1.0,2.0,0.002,1.61
SBR-03-475,2.0,3.0,0.002,1.55
SBR-03-475,3.0,4.0,0.002,1.42
SBR-03-475,4.0,5.0,0.002,1.67
SBR-03-475,5.0,6.0,0.002,1.8
SBR-03-475,6.0,7.0,0.0147,1.66
SBR-03-475,7.0,8.0,0.0065,1.72
SBR-03-475,8.0,9.0,0.0126,1.69
SBR-03-475,9.0,10.0,0.52,2.03
SBR-03-475,10.0,11.0,1.1386,2.01
SBR-03-475,11.0,12.0,1.9,1.88
SBR-03-475,12.0,13.0,0.9661,1.94
SBR-03-475,13.0,13.9,0.1423,2.08
SBR-03-500,0.0,1.0,0.002,1.5
SBR-03-500,1.0,2.0,0.002,1.58
SBR-03-500,2.0,3.0,0.002,1.48
SBR-03-500,3.0,4.0,0.002,1.8
SBR-03-500,4.0,5.0,0.002,1.8
SBR-03-500,5.0,6.0,0.002,1.68
SBR-03-500,6.0,7.0,0.0058,1.67
SBR-03-500,7.0,8.0,0.007,1.73
SBR-03-500,8.0,9.0,0.0075,1.67
SBR-03-500,9.0,10.0,0.3451,1.84
SBR-03-500,10.0,11.0,0.4283,1.97
SBR-03-500,11.0,12.0,0.5929,1.89
SBR-03-500,12.0,13.2,0.0386,2.16
SBR-03-525,0.0,1.0,0.002,1.66
SBR-03-525,1.0,2.0,0.002,1.55
SBR-03-525,2.0,3.0,0.002,1.55
SBR-03-525,3.0,4.0,0.002,1.8
SBR-03-525,4.0,5.0,0.002,1.79
SBR-03-525,5.0,6.0,0.002,1.57
SBR-03-525,6.0,7.0,0.002,1.69
SBR-03-525,7.0,8.0,0.0063,1.83
SBR-03-525,8.0,9.0,0.1132,1.9
SBR-03-525,9.0,10.0,0.1748,1.91
SBR-03-525,10.0,11.0,0.0209,2.15
SBR-03-525,11.0,11.3,0.0272,2.01
SBR-03-550,0.0,1.0,0.002,1.59
SBR-03-550,1.0,2.0,0.002,1.55
SBR-03-550,2.0,3.0,0.002,1.66
SBR-03-550,3.0,4.0,0.002,1.88
SBR-03-550,4.0,5.0,0.002,1.69
SBR-03-550,5.0,6.0,0.002,1.78
SBR-03-550,6.0,7.0,0.0051,1.7
SBR-03-550,7.0,8.0,0.0712,1.68
SBR-03-550,8.0,9.0,0.0138,1.94
SBR-03-550,9.0,9.6,0.0064,1.85
SBR-03-575,0.0,1.0,0.002,1.56
SBR-03-575,1.0,2.0,0.002,1.5
SBR-03-575,2.0,3.0,0.002,1.74
SBR-03-575,3.0,4.0,0.002,1.74
SBR-03-575,4.0,5.0,0.002,1.71
SBR-03-575,5.0,6.0,0.002,1.61
SBR-03-575,6.0,7.0,0.033,1.99
SBR-03-575,7.0,8.0,0.0116,2.06
SBR-03-575,8.0,8.6,0.0063,2.16
SBR-03-600,0.0,1.0,0.0076,1.54
SBR-03-600,1.0,2.0,0.002,1.49
SBR-03-600,2.0,3.0,0.002,1.72
SBR-03-600,3.0,4.0,0.002,1.63
SBR-03-600,4.0,5.0,0.002,1.85
SBR-03-600,5.0,6.0,0.0222,1.87
SBR-03-600,6.0,7.0,0.002,1.91
SBR-03-600,7.0,7.4,0.002,2.02
SBR-03-625,0.0,1.0,0.002,1.57
SBR-03-625,1.0,2.0,0.002,1.55
SBR-03-625,2.0,3.0,0.002,1.64
SBR-03-625,3.0,4.0,0.002,1.7
SBR-03-625,4.0,5.0,0.0065,1.88
SBR-03-625,5.0,6.0,0.002,2.01
SBR-03-625,6.0,6.9,0.002,2.13
SBR-03-650,0.0,1.0,0.002,1.62
SBR-03-650,1.0,2.0,0.002,1.48
SBR-03-650,2.0,3.0,0.002,1.78
SBR-03-650,3.0,4.0,0.002,1.73
SBR-03-650,4.0,5.0,0.0083,1.92
SBR-03-650,5.0,6.0,0.002,2.15
SBR-03-650,6.0,6.4,0.002,2.07
SBR-04-050,0.0,1.0,0.0114,1.61
SBR-04-050,1.0,2.0,0.002,1.5
SBR-04-050,2.0,3.0,0.002,1.81
SBR-04-050,3.0,4.0,0.002,1.58
SBR-04-050,4.0,5.0,0.002,1.75
SBR-04-050,5.0,6.0,0.002,2.1
SBR-04-050,6.0,7.1,0.002,2.15
SBR-04-075,0.0,1.0,0.0058,1.56
SBR-04-075,1.0,2.0,0.0097,1.51
SBR-04-075,2.0,3.0,0.002,1.71
SBR-04-075,3.0,4.0,0.002,1.7
SBR-04-075,4.0,5.0,0.002,1.65
SBR-04-075,5.0,6.0,0.002,1.94
SBR-04-075,6.0,7.0,0.002,1.96
SBR-04-100,0.0,1.0,0.002,1.55
SBR-04-100,1.0,2.0,0.0066,1.59
SBR-04-100,2.0,3.0,0.002,1.64
SBR-04-100,3.0,4.0,0.002,1.76
SBR-04-100,4.0,5.0,0.002,1.63
SBR-04-100,5.0,6.0,0.002,1.71
SBR-04-100,6.0,7.0,0.002,2.21
SBR-04-100,7.0,8.2,0.002,2.14
SBR-04-125,0.0,1.0,0.002,1.43
SBR-04-125,1.0,2.0,0.0082,1.53
SBR-04-125,2.0,3.0,0.002,1.68
SBR-04-125,3.0,4.0,0.002,1.71
SBR-04-125,4.0,5.0,0.002,1.83
SBR-04-125,5.0,6.0,0.002,1.74
SBR-04-125,6.0,7.0,0.002,1.59
SBR-04-125,7.0,8.0,0.002,2.28
SBR-04-125,8.0,8.3,0.002,2.15
SBR-04-150,0.0,1.0,0.002,1.52
SBR-04-150,1.0,2.0,0.002,1.51
SBR-04-150,2.0,3.0,0.002,1.91
SBR-04-150,3.0,4.0,0.002,1.73
SBR-04-150,4.0,5.0,0.002,1.69
SBR-04-150,5.0,6.0,0.002,1.88
SBR-04-150,6.0,7.0,0.002,1.67
SBR-04-150,7.0,8.0,0.0116,1.96
SBR-04-150,8.0,9.0,0.002,1.99
SBR-04-175,0.0,1.0,0.002,1.51
SBR-04-175,1.0,2.0,0.002,1.66
SBR-04-175,2.0,3.0,0.002,1.69
SBR-04-175,3.0,4.0,0.002,1.75
SBR-04-175,4.0,5.0,0.002,1.76
SBR-04-175,5.0,6.0,0.002,1.79
SBR-04-175,6.0,7.0,0.002,1.82
SBR-04-175,7.0,8.0,0.002,1.89
SBR-04-175,8.0,9.0,0.0268,1.92
SBR-04-175,9.0,9.7,0.002,2.12
SBR-04-200,0.0,1.0,0.002,1.67
SBR-04-200,1.0,2.0,0.002,1.45
SBR-04-200,2.0,3.0,0.0065,1.47
SBR-04-200,3.0,4.0,0.002,1.75
SBR-04-200,4.0,5.0,0.002,1.67
SBR-04-200,5.0,6.0,0.002,1.91
SBR-04-200,6.0,7.0,0.002,1.67
SBR-04-200,7.0,8.0,0.002,1.65
SBR-04-200,8.0,9.0,0.0451,1.66
SBR-04-200,9.0,10.0,0.002,1.89
SBR-04-200,10.0,10.9,0.002,2.1
SBR-04-225,0.0,1.0,0.002,1.56
SBR-04-225,1.0,2.0,0.002,1.62
SBR-04-225,2.0,3.0,0.0066,1.49
SBR-04-225,3.0,4.0,0.002,1.67
SBR-04-225,4.0,5.0,0.002,1.86
SBR-04-225,5.0,6.0,0.002,1.7
SBR-04-225,6.0,7.0,0.002,1.7
SBR-04-225,7.0,8.0,0.002,1.73
SBR-04-225,8.0,9.0,0.002,1.76
SBR-04-225,9.0,10.0,0.0271,1.96
SBR-04-225,10.0,11.0,0.0552,1.83
SBR-04-225,11.0,12.0,0.002,2.16
SBR-04-225,12.0,12.3,0.002,2.17
SBR-04-250,0.0,1.0,0.002,1.46
SBR-04-250,1.0,2.0,0.002,1.45
SBR-04-250,2.0,3.0,0.002,1.55
SBR-04-250,3.0,4.0,0.002,1.91
SBR-04-250,4.0,5.0,0.002,1.72
SBR-04-250,5.0,6.0,0.002,1.85
SBR-04-250,6.0,7.0,0.002,1.62
SBR-04-250,7.0,8.0,0.002,1.69
SBR-04-250,8.0,9.0,0.002,1.78
SBR-04-250,9.0,10.0,0.002,1.62
SBR-04-250,10.0,11.0,0.1165,2.0
SBR-04-250,11.0,12.0,0.0994,1.95
SBR-04-250,12.0,13.0,0.0308,2.0
SBR-04-250,13.0,13.4,0.0097,1.96
SBR-04-275,0.0,1.0,0.002,1.54
SBR-04-275,1.0,2.0,0.002,1.6
SBR-04-275,2.0,3.0,0.002,1.59
SBR-04-275,3.0,4.0,0.002,1.83
SBR-04-275,4.0,5.0,0.002,1.7
SBR-04-275,5.0,6.0,0.0075,1.65
SBR-04-275,6.0,7.0,0.0077,1.7
SBR-04-275,7.0,8.0,0.002,1.83
SBR-04-275,8.0,9.0,0.0088,1.75
SBR-04-275,9.0,10.0,0.0109,1.77
SBR-04-275,10.0,11.0,0.0149,1.73
SBR-04-275,11.0,12.0,0.0089,1.7
SBR-04-275,12.0,13.0,0.3412,1.97
SBR-04-275,13.0,14.0,0.0673,1.98
SBR-04-275,14.0,14.3,0.043,1.93
SBR-04-300,0.0,1.0,0.002,1.63
SBR-04-300,1.0,2.0,0.002,1.58
SBR-04-300,2.0,3.0,0.002,1.47
SBR-04-300,3.0,4.0,0.002,1.7
SBR-04-300,4.0,5.0,0.0094,1.82
SBR-04-300,5.0,6.0,0.0116,1.81
SBR-04-300,6.0,7.0,0.0175,1.6
SBR-04-300,7.0,8.0,0.029,1.76
SBR-04-300,8.0,9.0,0.0463,1.66
SBR-04-300,9.0,10.0,0.0778,1.83
SBR-04-300,10.0,11.0,0.1755,1.68
SBR-04-300,11.0,12.0,0.1138,1.64
SBR-04-300,12.0,13.0,3.4485,1.9
SBR-04-300,13.0,14.0,2.1764,2.08
SBR-04-300,14.0,15.0,0.3173,1.99
SBR-04-300,15.0,15.8,0.2694,1.96
SBR-04-325,0.0,1.0,0.002,1.56
SBR-04-325,1.0,2.0,0.0053,1.61
SBR-04-325,2.0,3.0,0.002,1.51
SBR-04-325,3.0,4.0,0.002,1.65
SBR-04-325,4.0,5.0,0.002,1.8
SBR-04-325,5.0,6.0,0.002,1.69
SBR-04-325,6.0,7.0,0.002,1.71
SBR-04-325,7.0,8.0,0.0085,1.8
SBR-04-325,8.0,9.0,0.0251,1.69
SBR-04-325,9.0,10.0,0.0746,1.71
SBR-04-325,10.0,11.0,0.0356,1.76
SBR-04-325,11.0,12.0,0.0598,1.67
SBR-04-325,12.0,13.0,0.3681,1.74
SBR-04-325,13.0,14.0,1.1165,1.8
SBR-04-325,14.0,15.0,2.0647,1.93
SBR-04-325,15.0,16.0,0.3185,2.03
SBR-04-325,16.0,16.8,0.0821,1.96
SBR-04-350,0.0,1.0,0.002,1.64
SBR-04-350,1.0,2.0,0.002,1.48
SBR-04-350,2.0,3.0,0.002,1.51
SBR-04-350,3.0,4.0,0.002,1.77
SBR-04-350,4.0,5.0,0.002,1.66
SBR-04-350,5.0,6.0,0.0055,1.74
SBR-04-350,6.0,7.0,0.0069,1.62
SBR-04-350,7.0,8.0,0.0073,1.69
SBR-04-350,8.0,9.0,0.0088,1.68
SBR-04-350,9.0,10.0,0.0107,1.82
SBR-04-350,10.0,11.0,0.0186,1.72
SBR-04-350,11.0,12.0,0.1034,1.75
SBR-04-350,12.0,13.0,0.0434,1.75
SBR-04-350,13.0,14.0,0.0712,1.72
SBR-04-350,14.0,15.0,1.468,2.03
SBR-04-350,15.0,16.0,1.1319,2.01
SBR-04-350,16.0,17.0,0.2794,2.08
SBR-04-350,17.0,17.6,0.0653,1.95
SBR-04-375,0.0,1.0,0.0067,1.48
SBR-04-375,1.0,2.0,0.002,1.5
SBR-04-375,2.0,3.0,0.002,1.56
SBR-04-375,3.0,4.0,0.002,1.85
SBR-04-375,4.0,5.0,0.002,1.7
SBR-04-375,5.0,6.0,0.002,1.7
SBR-04-375,6.0,7.0,0.002,1.73
SBR-04-375,7.0,8.0,0.002,1.82
SBR-04-375,8.0,9.0,0.0075,1.69
SBR-04-375,9.0,10.0,0.0164,1.66
SBR-04-375,10.0,11.0,0.0238,1.7
SBR-04-375,11.0,12.0,0.0756,1.62
SBR-04-375,12.0,13.0,0.0718,1.65
SBR-04-375,13.0,14.0,0.2044,1.63
SBR-04-375,14.0,15.0,0.6384,2.08
SBR-04-375,15.0,16.0,1.5915,1.96
SBR-04-375,16.0,17.0,1.9473,2.08
SBR-04-375,17.0,18.0,0.1233,2.22
SBR-04-375,18.0,18.6,0.0845,2.03
SBR-04-400,0.0,1.0,0.002,1.53
SBR-04-400,1.0,2.0,0.002,1.57
SBR-04-400,2.0,3.0,0.002,1.45
SBR-04-400,3.0,4.0,0.002,1.69
SBR-04-400,4.0,5.0,0.002,1.71
SBR-04-400,5.0,6.0,0.002,1.71
SBR-04-400,6.0,7.0,0.002,1.8
SBR-04-400,7.0,8.0,0.002,1.54
SBR-04-400,8.0,9.0,0.0079,1.74
SBR-04-400,9.0,10.0,0.0081,1.85
SBR-04-400,10.0,11.0,0.012,1.8
SBR-04-400,11.0,12.0,0.0299,1.75
SBR-04-400,12.0,13.0,0.0704,1.84
SBR-04-400,13.0,14.0,0.0468,1.81
SBR-04-400,14.0,15.0,0.1007,1.73
SBR-04-400,15.0,16.0,0.9808,1.86
SBR-04-400,16.0,17.0,0.8179,2.02
SBR-04-400,17.0,18.0,3.0486,1.86
SBR-04-400,18.0,19.0,0.1566,2.0
SBR-04-400,19.0,19.3,0.0554,2.09
SBR-04-425,0.0,1.0,0.0052,1.58
SBR-04-425,1.0,2.0,0.002,1.64
SBR-04-425,2.0,3.0,0.002,1.5
SBR-04-425,3.0,4.0,0.002,1.65
SBR-04-425,4.0,5.0,0.002,1.68
SBR-04-425,5.0,6.0,0.002,1.82
SBR-04-425,6.0,7.0,0.002,1.74
SBR-04-425,7.0,8.0,0.002,1.93
SBR-04-425,8.0,9.0,0.002,1.58
SBR-04-425,9.0,10.0,0.0099,1.72
SBR-04-425,10.0,11.0,0.0109,1.72
SBR-04-425,11.0,12.0,0.0073,1.57
SBR-04-425,12.0,13.0,0.0549,1.68
SBR-04-425,13.0,14.0,0.0467,1.77
SBR-04-425,14.0,15.0,0.0183,1.62
SBR-04-425,15.0,16.0,0.9057,1.86
SBR-04-425,16.0,17.0,0.5967,1.95
SBR-04-425,17.0,18.0,0.9975,1.82
SBR-04-425,18.0,19.0,0.5043,2.24
SBR-04-425,19.0,19.4,0.0485,2.11
SBR-04-450,0.0,1.0,0.002,1.64
SBR-04-450,1.0,2.0,0.0063,1.6
SBR-04-450,2.0,3.0,0.002,1.72
SBR-04-450,3.0,4.0,0.002,1.74
SBR-04-450,4.0,5.0,0.002,1.85
SBR-04-450,5.0,6.0,0.002,1.68
SBR-04-450,6.0,7.0,0.002,1.68
SBR-04-450,7.0,8.0,0.002,1.6
SBR-04-450,8.0,9.0,0.002,1.78
SBR-04-450,9.0,10.0,0.002,1.81
SBR-04-450,10.0,11.0,0.0175,1.68
SBR-04-450,11.0,12.0,0.0446,1.69
SBR-04-450,12.0,13.0,0.0226,1.8
SBR-04-450,13.0,14.0,0.0336,1.71
SBR-04-450,14.0,15.0,0.0694,1.76
SBR-04-450,15.0,16.0,0.5494,1.98
SBR-04-450,16.0,17.0,1.9926,2.01
SBR-04-450,17.0,18.0,1.7489,2.05
SBR-04-450,18.0,19.0,0.0393,2.17
SBR-04-450,19.0,19.5,0.0195,2.09
SBR-04-475,0.0,1.0,0.002,1.64
SBR-04-475,1.0,2.0,0.0069,1.54
SBR-04-475,2.0,3.0,0.002,1.88
SBR-04-475,3.0,4.0,0.002,1.66
SBR-04-475,4.0,5.0,0.002,1.79
SBR-04-475,5.0,6.0,0.002,1.73
SBR-04-475,6.0,7.0,0.002,1.54
SBR-04-475,7.0,8.0,0.0054,1.83
SBR-04-475,8.0,9.0,0.0061,1.76
SBR-04-475,9.0,10.0,0.0057,1.79
SBR-04-475,10.0,11.0,0.0197,1.68
SBR-04-475,11.0,12.0,0.0183,1.6
SBR-04-475,12.0,13.0,0.0259,1.65
SBR-04-475,13.0,14.0,0.0387,1.62
SBR-04-475,14.0,15.0,0.3456,1.88
SBR-04-475,15.0,16.0,0.7156,1.84
SBR-04-475,16.0,17.0,1.2005,1.96
SBR-04-475,17.0,18.0,0.0814,1.88
SBR-04-475,18.0,18.4,0.028,2.01
SBR-04-500,0.0,1.0,0.002,1.62
SBR-04-500,1.0,2.0,0.002,1.48
SBR-04-500,2.0,3.0,0.002,1.79
SBR-04-500,3.0,4.0,0.002,1.63
SBR-04-500,4.0,5.0,0.002,1.69
SBR-04-500,5.0,6.0,0.002,1.68
SBR-04-500,6.0,7.0,0.002,1.9
SBR-04-500,7.0,8.0,0.0058,1.75
SBR-04-500,8.0,9.0,0.0161,1.78
SBR-04-500,9.0,10.0,0.0131,1.69
SBR-04-500,10.0,11.0,0.0144,1.58
SBR-04-500,11.0,12.0,0.0177,1.78
SBR-04-500,12.0,13.0,0.0313,1.84
SBR-04-500,13.0,14.0,0.9598,1.85
SBR-04-500,14.0,15.0,0.8453,1.94
SBR-04-500,15.0,16.0,0.058,2.05
SBR-04-500,16.0,16.6,0.0581,2.08
SBR-04-525,0.0,1.0,0.002,1.59
SBR-04-525,1.0,2.0,0.002,1.65
SBR-04-525,2.0,3.0,0.002,1.73
SBR-04-525,3.0,4.0,0.002,1.83
SBR-04-525,4.0,5.0,0.002,1.52
SBR-04-525,5.0,6.0,0.002,1.76
SBR-04-525,6.0,7.0,0.002,1.66
SBR-04-525,7.0,8.0,0.0086,1.61
SBR-04-525,8.0,9.0,0.0091,1.77
SBR-04-525,9.0,10.0,0.0132,1.82
SBR-04-525,10.0,11.0,0.0397,1.84
SBR-04-525,11.0,12.0,0.4443,1.99
SBR-04-525,12.0,13.0,1.5993,1.91
SBR-04-525,13.0,14.0,1.9935,1.77
SBR-04-525,14.0,15.2,0.0333,2.18
SBR-04-550,0.0,1.0,0.002,1.52
SBR-04-550,1.0,2.0,0.0067,1.58
SBR-04-550,2.0,3.0,0.002,1.78
SBR-04-550,3.0,4.0,0.002,1.62
SBR-04-550,4.0,5.0,0.002,1.79
SBR-04-550,5.0,6.0,0.0054,1.78
SBR-04-550,6.0,7.0,0.002,1.76
SBR-04-550,7.0,8.0,0.0056,1.78
SBR-04-550,8.0,9.0,0.0121,1.78
SBR-04-550,9.0,10.0,0.0209,1.63
SBR-04-550,10.0,11.0,0.1383,1.95
SBR-04-550,11.0,12.0,0.6807,2.08
SBR-04-550,12.0,13.0,0.0702,2.17
SBR-04-550,13.0,13.4,0.0534,2.19
SBR-04-575,0.0,1.0,0.002,1.51
SBR-04-575,1.0,2.0,0.002,1.62
SBR-04-575,2.0,3.0,0.002,1.68
SBR-04-575,3.0,4.0,0.002,1.78
SBR-04-575,4.0,5.0,0.002,1.71
SBR-04-575,5.0,6.0,0.002,1.82
SBR-04-575,6.0,7.0,0.0053,1.67
SBR-04-575,7.0,8.0,0.002,1.71
SBR-04-575,8.0,9.0,0.0082,1.66
SBR-04-575,9.0,10.0,0.2672,2.01
SBR-04-575,10.0,11.0,0.3384,1.85
SBR-04-575,11.0,12.0,0.0268,2.01
SBR-04-575,12.0,12.6,0.0349,2.13
SBR-04-600,0.0,1.0,0.0064,1.6
SBR-04-600,1.0,2.0,0.0112,1.54
SBR-04-600,2.0,3.0,0.002,1.66
SBR-04-600,3.0,4.0,0.002,1.65
SBR-04-600,4.0,5.0,0.002,1.75
SBR-04-600,5.0,6.0,0.002,1.57
SBR-04-600,6.0,7.0,0.002,1.92
SBR-04-600,7.0,8.0,0.002,1.82
SBR-04-600,8.0,9.0,0.1644,1.93
SBR-04-600,9.0,10.0,0.0092,2.2
SBR-04-600,10.0,10.5,0.015,2.04
SBR-04-625,0.0,1.0,0.002,1.59
SBR-04-625,1.0,2.0,0.0115,1.6
SBR-04-625,2.0,3.0,0.002,1.5
SBR-04-625,3.0,4.0,0.002,1.69
SBR-04-625,4.0,5.0,0.002,1.71
SBR-04-625,5.0,6.0,0.002,1.79
SBR-04-625,6.0,7.0,0.002,1.78
SBR-04-625,7.0,8.0,0.0338,2.17
SBR-04-625,8.0,9.0,0.0203,2.1
SBR-04-625,9.0,9.3,0.002,2.07
SBR-04-650,0.0,1.0,0.002,1.65
SBR-04-650,1.0,2.0,0.002,1.44
SBR-04-650,2.0,3.0,0.006,1.53
SBR-04-650,3.0,4.0,0.002,1.69
SBR-04-650,4.0,5.0,0.002,1.76
SBR-04-650,5.0,6.0,0.002,1.75
SBR-04-650,6.0,7.0,0.0293,1.98
SBR-04-650,7.0,8.1,0.0076,2.16
SBR-05-050,0.0,1.0,0.002,1.57
SBR-05-050,1.0,2.0,0.002,1.45
SBR-05-050,2.0,3.0,0.0218,1.47
SBR-05-050,3.0,4.0,0.002,1.62
SBR-05-050,4.0,5.0,0.002,1.68
SBR-05-050,5.0,6.0,0.002,1.71
SBR-05-050,6.0,7.0,0.002,1.87
SBR-05-050,7.0,8.0,0.002,1.93
SBR-05-050,8.0,8.5,0.002,2.08
SBR-05-075,0.0,1.0,0.0056,1.52
SBR-05-075,1.0,2.0,0.002,1.51
SBR-05-075,2.0,3.0,0.002,1.55
SBR-05-075,3.0,4.0,0.002,1.69
SBR-05-075,4.0,5.0,0.002,1.69
SBR-05-075,5.0,6.0,0.002,1.87
SBR-05-075,6.0,7.0,0.002,1.92
SBR-05-075,7.0,8.0,0.002,2.17
SBR-05-100,0.0,1.0,0.002,1.53
SBR-05-100,1.0,2.0,0.002,1.62
SBR-05-100,2.0,3.0,0.002,1.61
SBR-05-100,3.0,4.0,0.002,1.69
SBR-05-100,4.0,5.0,0.002,1.59
SBR-05-100,5.0,6.0,0.002,1.64
SBR-05-100,6.0,7.0,0.002,1.7
SBR-05-100,7.0,8.0,0.002,2.13
SBR-05-100,8.0,9.0,0.002,2.06
SBR-05-125,0.0,1.0,0.0117,1.66
SBR-05-125,1.0,2.0,0.002,1.58
SBR-05-125,2.0,3.0,0.002,1.54
SBR-05-125,3.0,4.0,0.002,1.7
SBR-05-125,4.0,5.0,0.002,1.77
SBR-05-125,5.0,6.0,0.002,1.66
SBR-05-125,6.0,7.0,0.002,1.89
SBR-05-125,7.0,8.0,0.002,2.0
SBR-05-125,8.0,9.0,0.002,2.08
SBR-05-150,0.0,1.0,0.0082,1.59
SBR-05-150,1.0,2.0,0.002,1.63
SBR-05-150,2.0,3.0,0.002,1.73
SBR-05-150,3.0,4.0,0.002,1.81
SBR-05-150,4.0,5.0,0.002,1.7
SBR-05-150,5.0,6.0,0.002,1.79
SBR-05-150,6.0,7.0,0.002,1.74
SBR-05-150,7.0,8.0,0.002,1.9
SBR-05-150,8.0,9.0,0.002,2.13
SBR-05-150,9.0,9.3,0.002,1.83
SBR-05-175,0.0,1.0,0.002,1.71
SBR-05-175,1.0,2.0,0.002,1.55
SBR-05-175,2.0,3.0,0.002,1.71
SBR-05-175,3.0,4.0,0.002,1.79
SBR-05-175,4.0,5.0,0.002,1.7
SBR-05-175,5.0,6.0,0.002,1.67
SBR-05-175,6.0,7.0,0.002,1.63
SBR-05-175,7.0,8.0,0.002,1.7
SBR-05-175,8.0,9.0,0.002,2.11
SBR-05-175,9.0,9.7,0.002,2.18
SBR-05-200,0.0,1.0,0.002,1.54
SBR-05-200,1.0,2.0,0.0067,1.56
SBR-05-200,2.0,3.0,0.002,1.86
SBR-05-200,3.0,4.0,0.002,1.68
SBR-05-200,4.0,5.0,0.002,1.66
SBR-05-200,5.0,6.0,0.002,1.68
SBR-05-200,6.0,7.0,0.002,1.78
SBR-05-200,7.0,8.0,0.002,1.61
SBR-05-200,8.0,9.0,0.002,1.91
SBR-05-200,9.0,10.2,0.002,2.07
SBR-05-225,0.0,1.0,0.002,1.37
SBR-05-225,1.0,2.0,0.002,1.64
SBR-05-225,2.0,3.0,0.002,1.67
SBR-05-225,3.0,4.0,0.002,1.77
SBR-05-225,4.0,5.0,0.002,1.53
SBR-05-225,5.0,6.0,0.002,1.69
SBR-05-225,6.0,7.0,0.002,1.7
SBR-05-225,7.0,8.0,0.002,1.8
SBR-05-225,8.0,9.0,0.002,1.73
SBR-05-225,9.0,10.0,0.002,1.92
SBR-05-225,10.0,11.2,0.002,1.88
SBR-05-250,0.0,1.0,0.0057,1.54
SBR-05-250,1.0,2.0,0.0168,1.52
SBR-05-250,2.0,3.0,0.002,1.66
SBR-05-250,3.0,4.0,0.002,1.57
SBR-05-250,4.0,5.0,0.002,1.71
SBR-05-250,5.0,6.0,0.002,1.7
SBR-05-250,6.0,7.0,0.002,1.7
SBR-05-250,7.0,8.0,0.002,1.77
SBR-05-250,8.0,9.0,0.002,1.62
SBR-05-250,9.0,10.0,0.002,1.75
SBR-05-250,10.0,11.0,0.0188,2.02
SBR-05-250,11.0,12.0,0.002,2.05
SBR-05-275,0.0,1.0,0.0096,1.64
SBR-05-275,1.0,2.0,0.0062,1.5
SBR-05-275,2.0,3.0,0.0054,1.6
SBR-05-275,3.0,4.0,0.002,1.79
SBR-05-275,4.0,5.0,0.002,1.77
SBR-05-275,5.0,6.0,0.002,1.73
SBR-05-275,6.0,6.6,0.002,1.68
SBR-05-300,0.0,1.0,0.002,1.57
SBR-05-300,1.0,2.0,0.0052,1.63
SBR-05-300,2.0,3.0,0.002,1.48
SBR-05-300,3.0,4.0,0.002,1.74
SBR-05-300,4.0,5.0,0.002,1.66
SBR-05-300,5.0,6.0,0.002,1.63
SBR-05-300,6.0,7.0,0.002,1.76
SBR-05-300,7.0,8.0,0.002,1.83
SBR-05-300,8.0,9.0,0.002,1.81
SBR-05-300,9.0,10.0,0.002,1.74
SBR-05-300,10.0,11.0,0.0104,1.99
SBR-05-300,11.0,12.0,0.002,1.97
SBR-05-300,12.0,12.7,0.002,2.11
SBR-05-325,0.0,1.0,0.002,1.5
SBR-05-325,1.0,2.0,0.0056,1.43
SBR-05-325,2.0,3.0,0.002,1.48
SBR-05-325,3.0,4.0,0.002,1.65
SBR-05-325,4.0,5.0,0.002,1.69
SBR-05-325,5.0,6.0,0.002,1.88
SBR-05-325,6.0,7.0,0.002,1.74
SBR-05-325,7.0,8.0,0.002,1.78
SBR-05-325,8.0,9.0,0.002,1.54
SBR-05-325,9.0,10.0,0.002,1.7
SBR-05-325,10.0,11.0,0.002,1.71
SBR-05-325,11.0,12.0,0.0409,1.74
SBR-05-325,12.0,13.0,0.002,2.15
SBR-05-325,13.0,13.4,0.002,2.22
SBR-05-350,0.0,1.0,0.0082,1.65
SBR-05-350,1.0,2.0,0.002,1.43
SBR-05-350,2.0,3.0,0.002,1.6
SBR-05-350,3.0,4.0,0.002,1.57
SBR-05-350,4.0,5.0,0.002,1.76
SBR-05-350,5.0,6.0,0.002,1.68
SBR-05-350,6.0,7.0,0.002,1.72
SBR-05-350,7.0,8.0,0.002,1.58
SBR-05-350,8.0,9.0,0.002,1.7
SBR-05-350,9.0,10.0,0.002,1.76
SBR-05-350,10.0,11.0,0.002,1.64
SBR-05-350,11.0,12.0,0.2103,1.8
SBR-05-350,12.0,13.0,0.0719,1.99
SBR-05-350,13.0,14.1,0.0201,2.03
SBR-05-375,0.0,1.0,0.002,1.63
SBR-05-375,1.0,2.0,0.002,1.48
SBR-05-375,2.0,3.0,0.002,1.84
SBR-05-375,3.0,4.0,0.002,1.81
SBR-05-375,4.0,5.0,0.002,1.66
SBR-05-375,5.0,6.0,0.002,1.56
SBR-05-375,6.0,7.0,0.002,1.75
SBR-05-375,7.0,8.0,0.002,1.63
SBR-05-375,8.0,9.0,0.002,1.82
SBR-05-375,9.0,10.0,0.0109,1.76
SBR-05-375,10.0,11.0,0.0072,1.8
SBR-05-375,11.0,12.0,0.0072,1.64
SBR-05-375,12.0,13.0,0.169,1.94
SBR-05-375,13.0,14.0,0.1445,1.92
SBR-05-375,14.0,15.0,0.0104,2.04
SBR-05-375,15.0,15.7,0.002,1.97
SBR-05-400,0.0,1.0,0.0102,1.59
SBR-05-400,1.0,2.0,0.002,1.53
SBR-05-400,2.0,3.0,0.002,1.82
SBR-05-400,3.0,4.0,0.002,1.8
SBR-05-400,4.0,5.0,0.002,1.66
SBR-05-400,5.0,6.0,0.002,1.77
SBR-05-400,6.0,7.0,0.002,1.74
SBR-05-400,7.0,8.0,0.002,1.56
SBR-05-400,8.0,9.0,0.002,1.81
SBR-05-400,9.0,10.0,0.002,1.75
SBR-05-400,10.0,11.0,0.0084,1.99
SBR-05-400,11.0,12.0,0.027,1.68
SBR-05-400,12.0,13.0,0.0223,1.7
SBR-05-400,13.0,14.0,0.0987,1.86
SBR-05-400,14.0,15.0,0.464,1.96
SBR-05-400,15.0,16.0,0.0957,2.1
SBR-05-400,16.0,16.6,0.012,1.99
SBR-05-425,0.0,1.0,0.002,1.43
SBR-05-425,1.0,2.0,0.002,1.59
SBR-05-425,2.0,3.0,0.002,1.79
SBR-05-425,3.0,4.0,0.002,1.82
SBR-05-425,4.0,5.0,0.002,1.74
SBR-05-425,5.0,6.0,0.002,1.76
SBR-05-425,6.0,7.0,0.002,1.71
SBR-05-425,7.0,8.0,0.002,1.65
SBR-05-425,8.0,9.0,0.002,1.74
SBR-05-425,9.0,10.0,0.002,1.81
SBR-05-425,10.0,11.0,0.0109,1.82
SBR-05-425,11.0,12.0,0.0319,1.7
SBR-05-425,12.0,13.0,0.047,1.77
SBR-05-425,13.0,14.0,0.037,1.67
SBR-05-425,14.0,15.0,0.3122,1.98
SBR-05-425,15.0,16.0,0.3554,1.82
SBR-05-425,16.0,17.0,0.981,1.88
SBR-05-425,17.0,18.0,0.0208,2.03
SBR-05-450,0.0,1.0,0.002,1.54
SBR-05-450,1.0,2.0,0.0142,1.54
SBR-05-450,2.0,3.0,0.002,1.73
SBR-05-450,3.0,4.0,0.002,1.66
SBR-05-450,4.0,5.0,0.002,1.89
SBR-05-450,5.0,6.0,0.002,1.68
SBR-05-450,6.0,7.0,0.0054,1.73
SBR-05-450,7.0,8.0,0.002,1.77
SBR-05-450,8.0,9.0,0.0128,1.54
SBR-05-450,9.0,10.0,0.0065,1.76
SBR-05-450,10.0,11.0,0.0172,1.74
SBR-05-450,11.0,12.0,0.0135,1.81
SBR-05-450,12.0,13.0,0.0136,1.7
SBR-05-450,13.0,14.0,0.0292,1.78
SBR-05-450,14.0,15.0,0.043,1.68
SBR-05-450,15.0,16.0,0.5811,2.08
SBR-05-450,16.0,17.0,0.4627,1.94
SBR-05-450,17.0,18.0,0.0751,2.03
SBR-05-450,18.0,18.7,0.0805,1.95
SBR-05-475,0.0,1.0,0.002,1.63
SBR-05-475,1.0,2.0,0.0089,1.52
SBR-05-475,2.0,3.0,0.002,1.56
SBR-05-475,3.0,4.0,0.002,1.75
SBR-05-475,4.0,5.0,0.002,1.72
SBR-05-475,5.0,6.0,0.002,1.77
SBR-05-475,6.0,7.0,0.002,1.66
SBR-05-475,7.0,8.0,0.002,1.76
SBR-05-475,8.0,9.0,0.0127,1.83
SBR-05-475,9.0,10.0,0.0224,1.62
SBR-05-475,10.0,11.0,0.0326,1.71
SBR-05-475,11.0,12.0,0.0396,1.76
SBR-05-475,12.0,13.0,0.0612,1.67
SBR-05-475,13.0,14.0,0.0872,1.71
SBR-05-475,14.0,15.0,0.0924,1.82
SBR-05-475,15.0,16.0,2.0407,2.0
SBR-05-475,16.0,17.0,1.0165,1.8
SBR-05-475,17.0,18.0,1.7478,1.92
SBR-05-475,18.0,19.1,0.2748,2.15
SBR-05-500,0.0,1.0,0.002,1.46
SBR-05-500,1.0,2.0,0.002,1.51
SBR-05-500,2.0,3.0,0.002,1.81
SBR-05-500,3.0,4.0,0.002,1.73
SBR-05-500,4.0,5.0,0.002,1.66
SBR-05-500,5.0,6.0,0.002,1.66
SBR-05-500,6.0,7.0,0.002,1.71
SBR-05-500,7.0,8.0,0.0058,1.62
SBR-05-500,8.0,9.0,0.0208,1.95
SBR-05-500,9.0,10.0,0.027,1.78
SBR-05-500,10.0,11.0,0.0245,1.82
SBR-05-500,11.0,12.0,0.0774,1.69
SBR-05-500,12.0,13.0,0.1847,1.72
SBR-05-500,13.0,14.0,0.403,1.69
SBR-05-500,14.0,15.0,0.1655,1.68
SBR-05-500,15.0,16.0,2.4419,1.96
SBR-05-500,16.0,17.0,3.5259,1.89
SBR-05-500,17.0,18.0,3.7758,2.01
SBR-05-500,18.0,19.0,0.3471,2.07
SBR-05-500,19.0,19.4,0.2684,2.05
SBR-05-525,0.0,1.0,0.002,1.53
SBR-05-525,1.0,2.0,0.0204,1.44
SBR-05-525,2.0,3.0,0.002,1.72
SBR-05-525,3.0,4.0,0.002,1.6
SBR-05-525,4.0,5.0,0.002,1.77
SBR-05-525,5.0,6.0,0.002,1.63
SBR-05-525,6.0,7.0,0.002,1.7
SBR-05-525,7.0,8.0,0.002,1.71
SBR-05-525,8.0,9.0,0.0058,1.63
SBR-05-525,9.0,10.0,0.014,1.66
SBR-05-525,10.0,11.0,0.0139,1.71
SBR-05-525,11.0,12.0,0.0323,1.73
SBR-05-525,12.0,13.0,0.1104,1.71
SBR-05-525,13.0,14.0,0.0882,1.75
SBR-05-525,14.0,15.0,0.2057,1.87
SBR-05-525,15.0,16.0,1.4268,1.9
SBR-05-525,16.0,17.0,1.9319,2.03
SBR-05-525,17.0,18.0,0.214,1.96
SBR-05-525,18.0,19.0,0.2894,2.1
SBR-05-550,0.0,1.0,0.002,1.52
SBR-05-550,1.0,2.0,0.009,1.4
SBR-05-550,2.0,3.0,0.002,1.68
SBR-05-550,3.0,4.0,0.002,1.77
SBR-05-550,4.0,5.0,0.002,1.89
SBR-05-550,5.0,6.0,0.002,1.8
SBR-05-550,6.0,7.0,0.002,1.7
SBR-05-550,7.0,8.0,0.0072,1.63
SBR-05-550,8.0,9.0,0.0106,1.77
SBR-05-550,9.0,10.0,0.0073,1.63
SBR-05-550,10.0,11.0,0.0174,1.78
SBR-05-550,11.0,12.0,0.0605,1.66
SBR-05-550,12.0,13.0,0.0215,1.66
SBR-05-550,13.0,14.0,0.0665,1.61
SBR-05-550,14.0,15.0,0.5664,1.87
SBR-05-550,15.0,16.0,1.3425,1.97
SBR-05-550,16.0,17.0,1.2539,1.85
SBR-05-550,17.0,18.0,0.1652,2.21
SBR-05-550,18.0,18.7,0.0992,2.08
SBR-05-575,0.0,1.0,0.005,1.49
SBR-05-575,1.0,2.0,0.002,1.44
SBR-05-575,2.0,3.0,0.002,1.63
SBR-05-575,3.0,4.0,0.002,1.65
SBR-05-575,4.0,5.0,0.002,1.64
SBR-05-575,5.0,6.0,0.002,1.77
SBR-05-575,6.0,7.0,0.0053,1.88
SBR-05-575,7.0,8.0,0.002,1.76
SBR-05-575,8.0,9.0,0.0073,1.54
SBR-05-575,9.0,10.0,0.0258,1.77
SBR-05-575,10.0,11.0,0.0383,1.76
SBR-05-575,11.0,12.0,0.0089,1.82
SBR-05-575,12.0,13.0,0.0572,1.67
SBR-05-575,13.0,14.0,0.0538,1.73
SBR-05-575,14.0,15.0,2.4688,2.01
SBR-05-575,15.0,16.0,1.5888,1.85
SBR-05-575,16.0,17.0,0.594,1.96
SBR-05-575,17.0,18.1,0.1526,1.97
SBR-05-600,0.0,1.0,0.002,1.52
SBR-05-600,1.0,2.0,0.002,1.65
SBR-05-600,2.0,3.0,0.002,1.7
SBR-05-600,3.0,4.0,0.002,1.74
SBR-05-600,4.0,5.0,0.002,1.77
SBR-05-600,5.0,6.0,0.002,1.57
SBR-05-600,6.0,7.0,0.002,1.75
SBR-05-600,7.0,8.0,0.002,1.69
SBR-05-600,8.0,9.0,0.0092,1.65
SBR-05-600,9.0,10.0,0.002,1.55
SBR-05-600,10.0,11.0,0.0087,1.7
SBR-05-600,11.0,12.0,0.0134,1.72
SBR-05-600,12.0,13.0,0.0258,1.67
SBR-05-600,13.0,14.0,0.4632,1.97
SBR-05-600,14.0,15.0,1.1054,2.01
SBR-05-600,15.0,16.0,0.2774,1.95
SBR-05-600,16.0,16.7,0.1245,2.02
SBR-05-625,0.0,1.0,0.0115,1.38
SBR-05-625,1.0,2.0,0.0094,1.43
SBR-05-625,2.0,3.0,0.002,1.75
SBR-05-625,3.0,4.0,0.002,1.57
SBR-05-625,4.0,5.0,0.002,1.7
SBR-05-625,5.0,6.0,0.002,1.72
SBR-05-625,6.0,7.0,0.002,1.8
SBR-05-625,7.0,8.0,0.002,1.61
SBR-05-625,8.0,9.0,0.0141,1.73
SBR-05-625,9.0,10.0,0.0083,1.58
SBR-05-625,10.0,11.0,0.0142,1.66
SBR-05-625,11.0,12.0,0.0259,1.63
SBR-05-625,12.0,13.0,1.3518,1.87
SBR-05-625,13.0,14.0,0.1757,2.01
SBR-05-625,14.0,14.5,0.0785,1.94
SBR-05-650,0.0,1.0,0.0106,1.49
SBR-05-650,1.0,2.0,0.002,1.39
SBR-05-650,2.0,3.0,0.002,1.75
SBR-05-650,3.0,4.0,0.002,1.87
SBR-05-650,4.0,5.0,0.002,1.79
SBR-05-650,5.0,6.0,0.002,1.7
SBR-05-650,6.0,7.0,0.002,1.85
SBR-05-650,7.0,8.0,0.002,1.64
SBR-05-650,8.0,9.0,0.012,1.71
SBR-05-650,9.0,10.0,0.0115,1.73
SBR-05-650,10.0,11.0,0.3641,1.78
SBR-05-650,11.0,12.0,0.1152,2.08
SBR-05-650,12.0,12.4,0.0543,2.14
SBR-06-050,0.0,1.0,0.002,1.69
SBR-06-050,1.0,2.0,0.002,1.44
SBR-06-050,2.0,3.0,0.002,1.78
SBR-06-050,3.0,4.0,0.002,1.83
SBR-06-050,4.0,5.0,0.002,1.69
SBR-06-050,5.0,6.0,0.002,1.75
SBR-06-050,6.0,7.0,0.002,1.59
SBR-06-050,7.0,8.0,0.002,2.08
SBR-06-050,8.0,8.9,0.002,2.0
SBR-06-075,0.0,1.0,0.0069,1.64
SBR-06-075,1.0,2.0,0.002,1.53
SBR-06-075,2.0,3.0,0.002,1.61
SBR-06-075,3.0,4.0,0.002,1.72
SBR-06-075,4.0,5.0,0.002,1.76
SBR-06-075,5.0,6.0,0.002,1.67
SBR-06-075,6.0,7.0,0.002,1.67
SBR-06-075,7.0,8.0,0.002,2.0
SBR-06-075,8.0,9.1,0.002,2.06
SBR-06-100,0.0,1.0,0.0134,1.58
SBR-06-100,1.0,2.0,0.002,1.48
SBR-06-100,2.0,3.0,0.002,1.52
SBR-06-100,3.0,4.0,0.002,1.63
SBR-06-100,4.0,5.0,0.002,1.67
SBR-06-100,5.0,6.0,0.002,1.82
SBR-06-100,6.0,7.0,0.002,1.66
SBR-06-100,7.0,8.0,0.002,1.76
SBR-06-100,8.0,9.0,0.002,1.91
SBR-06-100,9.0,9.4,0.002,1.9
SBR-06-125,0.0,1.0,0.0063,1.46
SBR-06-125,1.0,2.0,0.0067,1.65
SBR-06-125,2.0,3.0,0.002,1.51
SBR-06-125,3.0,4.0,0.002,1.66
SBR-06-125,4.0,5.0,0.002,1.79
SBR-06-125,5.0,6.0,0.002,1.85
SBR-06-125,6.0,7.0,0.002,1.82
SBR-06-125,7.0,8.0,0.002,1.7
SBR-06-125,8.0,9.0,0.002,1.73
SBR-06-125,9.0,10.0,0.002,2.01
SBR-06-125,10.0,10.3,0.002,1.94
SBR-06-150,0.0,1.0,0.0051,1.49
SBR-06-150,1.0,2.0,0.002,1.44
SBR-06-150,2.0,3.0,0.0088,1.61
SBR-06-150,3.0,4.0,0.002,1.7
SBR-06-150,4.0,5.0,0.002,1.67
SBR-06-150,5.0,6.0,0.002,1.71
SBR-06-150,6.0,7.0,0.002,1.69
SBR-06-150,7.0,8.0,0.002,1.72
SBR-06-150,8.0,9.0,0.002,2.02
SBR-06-150,9.0,9.8,0.002,2.15
SBR-06-175,0.0,1.0,0.002,1.38
SBR-06-175,1.0,2.0,0.002,1.5
SBR-06-175,2.0,3.0,0.0062,1.62
SBR-06-175,3.0,4.0,0.002,1.7
SBR-06-175,4.0,5.0,0.002,1.68
SBR-06-175,5.0,6.0,0.002,1.69
SBR-06-175,6.0,7.0,0.002,1.71
SBR-06-175,7.0,8.0,0.002,1.69
SBR-06-175,8.0,9.0,0.002,1.7
SBR-06-175,9.0,10.0,0.002,2.03
SBR-06-175,10.0,10.6,0.002,2.2
SBR-06-200,0.0,1.0,0.002,1.57
SBR-06-200,1.0,2.0,0.002,1.53
SBR-06-200,2.0,3.0,0.002,1.57
SBR-06-200,3.0,4.0,0.002,1.64
SBR-06-200,4.0,5.0,0.002,1.6
SBR-06-200,5.0,6.0,0.002,1.77
SBR-06-200,6.0,7.0,0.002,1.8
SBR-06-200,7.0,8.0,0.002,1.61
SBR-06-200,8.0,9.0,0.002,1.71
SBR-06-200,9.0,10.0,0.002,2.01
SBR-06-200,10.0,11.0,0.002,2.07
SBR-06-225,0.0,1.0,0.002,1.47
SBR-06-225,1.0,2.0,0.002,1.53
SBR-06-225,2.0,3.0,0.002,1.51
SBR-06-225,3.0,4.0,0.002,1.86
SBR-06-225,4.0,5.0,0.002,1.84
SBR-06-225,5.0,6.0,0.002,1.75
SBR-06-225,6.0,7.0,0.002,1.6
SBR-06-225,7.0,8.0,0.002,1.66
SBR-06-225,8.0,9.0,0.002,1.82
SBR-06-225,9.0,10.0,0.0054,1.93
SBR-06-225,10.0,11.0,0.002,2.02
SBR-06-225,11.0,11.9,0.002,2.06
SBR-06-250,0.0,1.0,0.002,1.48
SBR-06-250,1.0,2.0,0.0144,1.68
SBR-06-250,2.0,3.0,0.002,1.47
SBR-06-250,3.0,4.0,0.002,1.76
SBR-06-250,4.0,5.0,0.002,1.63
SBR-06-250,5.0,6.0,0.002,1.77
SBR-06-250,6.0,7.0,0.002,1.72
SBR-06-250,7.0,8.0,0.002,1.74
SBR-06-250,8.0,9.0,0.002,1.69
SBR-06-250,9.0,10.0,0.002,1.69
SBR-06-250,10.0,11.0,0.055,1.95
SBR-06-250,11.0,11.9,0.002,2.01
SBR-06-275,0.0,1.0,0.002,1.52
SBR-06-275,1.0,2.0,0.002,1.55
SBR-06-275,2.0,3.0,0.002,1.52
SBR-06-275,3.0,4.0,0.002,1.73
SBR-06-275,4.0,5.0,0.002,1.79
SBR-06-275,5.0,6.0,0.002,1.61
SBR-06-275,6.0,7.0,0.002,1.67
SBR-06-275,7.0,8.0,0.002,1.64
SBR-06-275,8.0,9.0,0.002,1.58
SBR-06-275,9.0,10.0,0.002,1.73
SBR-06-275,10.0,11.0,0.002,1.68
SBR-06-275,11.0,12.0,0.0457,1.84
SBR-06-275,12.0,12.7,0.002,1.93
SBR-06-300,0.0,1.0,0.007,1.7
SBR-06-300,1.0,2.0,0.002,1.52
SBR-06-300,2.0,3.0,0.0069,1.64
SBR-06-300,3.0,4.0,0.002,1.76
SBR-06-300,4.0,5.0,0.002,1.69
SBR-06-300,5.0,6.0,0.002,1.74
SBR-06-300,6.0,7.0,0.002,1.72
SBR-06-300,7.0,8.0,0.002,1.73
SBR-06-300,8.0,9.0,0.002,1.74
SBR-06-300,9.0,10.0,0.002,1.81
SBR-06-300,10.0,11.0,0.002,1.89
SBR-06-300,11.0,12.0,0.0315,1.92
SBR-06-300,12.0,13.0,0.0066,2.16
SBR-06-300,13.0,13.3,0.002,2.08
SBR-06-325,0.0,1.0,0.002,1.58
SBR-06-325,1.0,2.0,0.002,1.55
SBR-06-325,2.0,3.0,0.002,1.49
SBR-06-325,3.0,4.0,0.002,1.78
SBR-06-325,4.0,5.0,0.002,1.67
SBR-06-325,5.0,6.0,0.002,1.68
SBR-06-325,6.0,7.0,0.002,1.91
SBR-06-325,7.0,8.0,0.002,1.67
SBR-06-325,8.0,9.0,0.002,1.69
SBR-06-325,9.0,10.0,0.002,1.66
SBR-06-325,10.0,11.0,0.002,1.75
SBR-06-325,11.0,12.0,0.0125,1.77
SBR-06-325,12.0,13.0,0.15,1.98
SBR-06-325,13.0,14.2,0.019,1.97
SBR-06-350,0.0,1.0,0.002,1.5
SBR-06-350,1.0,2.0,0.002,1.55
SBR-06-350,2.0,3.0,0.002,1.53
SBR-06-350,3.0,4.0,0.002,1.67
SBR-06-350,4.0,5.0,0.002,1.72
SBR-06-350,5.0,6.0,0.002,1.79
SBR-06-350,6.0,7.0,0.002,1.73
SBR-06-350,7.0,8.0,0.002,1.74
SBR-06-350,8.0,9.0,0.002,1.83
SBR-06-350,9.0,10.0,0.002,1.87
SBR-06-350,10.0,11.0,0.0226,1.83
SBR-06-350,11.0,12.0,0.0259,1.86
SBR-06-350,12.0,13.0,0.0139,1.76
SBR-06-350,13.0,14.0,0.0209,1.59
SBR-06-350,14.0,15.0,0.695,1.91
SBR-06-350,15.0,16.0,0.0513,2.13
SBR-06-375,0.0,1.0,0.002,1.55
SBR-06-375,1.0,2.0,0.002,1.45
SBR-06-375,2.0,3.0,0.002,1.77
SBR-06-375,3.0,4.0,0.002,1.67
SBR-06-375,4.0,5.0,0.002,1.74
SBR-06-375,5.0,6.0,0.002,1.78
SBR-06-375,6.0,7.0,0.002,1.77
SBR-06-375,7.0,8.0,0.002,1.65
SBR-06-375,8.0,9.0,0.002,1.55
SBR-06-375,9.0,10.0,0.002,1.66
SBR-06-375,10.0,11.0,0.0138,1.53
SBR-06-375,11.0,12.0,0.002,1.64
SBR-06-375,12.0,13.0,0.0198,1.68
SBR-06-375,13.0,14.0,0.0123,1.87
SBR-06-375,14.0,15.0,0.0088,1.76
SBR-06-375,15.0,16.0,0.0214,1.75
SBR-06-375,16.0,17.0,0.0829,2.13
SBR-06-375,17.0,18.0,0.0153,1.98
SBR-06-400,0.0,1.0,0.0054,1.51
SBR-06-400,1.0,2.0,0.002,1.52
SBR-06-400,2.0,3.0,0.002,1.6
SBR-06-400,3.0,4.0,0.002,1.83
SBR-06-400,4.0,5.0,0.002,1.77
SBR-06-400,5.0,6.0,0.002,1.75
SBR-06-400,6.0,7.0,0.002,1.64
SBR-06-400,7.0,8.0,0.002,1.73
SBR-06-400,8.0,9.0,0.002,1.76
SBR-06-400,9.0,10.0,0.002,1.73
SBR-06-400,10.0,11.0,0.0055,1.64
SBR-06-400,11.0,12.0,0.002,1.69
SBR-06-400,12.0,13.0,0.002,1.73
SBR-06-400,13.0,14.0,0.0094,1.79
SBR-06-400,14.0,15.0,0.0107,1.74
SBR-06-400,15.0,16.0,0.0132,1.76
SBR-06-400,16.0,17.0,0.014,1.69
SBR-06-400,17.0,18.0,0.7437,1.87
SBR-06-400,18.0,19.0,0.0163,2.18
SBR-06-400,19.0,19.4,0.0202,1.95
SBR-06-425,0.0,1.0,0.0076,1.75
SBR-06-425,1.0,2.0,0.002,1.54
SBR-06-425,2.0,3.0,0.002,1.77
SBR-06-425,3.0,4.0,0.002,1.74
SBR-06-425,4.0,5.0,0.002,1.7
SBR-06-425,5.0,6.0,0.002,1.65
SBR-06-425,6.0,7.0,0.002,1.68
SBR-06-425,7.0,8.0,0.002,1.67
SBR-06-425,8.0,9.0,0.002,1.75
SBR-06-425,9.0,10.0,0.002,1.64
SBR-06-425,10.0,11.0,0.002,1.65
SBR-06-425,11.0,12.0,0.002,1.74
SBR-06-425,12.0,13.0,0.002,1.79
SBR-06-425,13.0,14.0,0.002,1.71
SBR-06-425,14.0,15.0,0.002,1.77
SBR-06-425,15.0,16.0,0.0066,1.84
SBR-06-425,16.0,17.0,0.014,1.82
SBR-06-425,17.0,18.0,0.2897,1.93
SBR-06-425,18.0,19.0,0.135,2.05
SBR-06-425,19.0,19.7,0.0316,2.17
SBR-06-450,0.0,1.0,0.002,1.59
SBR-06-450,1.0,2.0,0.002,1.58
SBR-06-450,2.0,3.0,0.002,1.65
SBR-06-450,3.0,4.0,0.002,1.69
SBR-06-450,4.0,5.0,0.002,1.8
SBR-06-450,5.0,6.0,0.002,1.72
SBR-06-450,6.0,7.0,0.002,1.68
SBR-06-450,7.0,8.0,0.002,1.68
SBR-06-450,8.0,9.0,0.002,1.68
SBR-06-450,9.0,10.0,0.002,1.69
SBR-06-450,10.0,11.0,0.002,1.75
SBR-06-450,11.0,12.0,0.002,1.65
SBR-06-450,12.0,13.0,0.002,1.7
SBR-06-450,13.0,14.0,0.0062,1.82
SBR-06-450,14.0,15.0,0.0223,1.65
SBR-06-450,15.0,16.0,0.0167,1.76
SBR-06-450,16.0,17.0,0.4557,2.03
SBR-06-450,17.0,18.0,0.8861,1.9
SBR-06-450,18.0,19.0,0.1603,2.16
SBR-06-450,19.0,20.0,0.0386,2.11
SBR-06-475,0.0,1.0,0.002,1.66
SBR-06-475,1.0,2.0,0.002,1.64
SBR-06-475,2.0,3.0,0.002,1.54
SBR-06-475,3.0,4.0,0.002,1.73
SBR-06-475,4.0,5.0,0.002,1.71
SBR-06-475,5.0,6.0,0.002,1.8
SBR-06-475,6.0,7.0,0.002,1.6
SBR-06-475,7.0,8.0,0.002,1.7
SBR-06-475,8.0,9.0,0.002,1.7
SBR-06-475,9.0,10.0,0.0079,1.77
SBR-06-475,10.0,10.8,0.0054,1.79
SBR-06-500,0.0,1.0,0.002,1.64
SBR-06-500,1.0,2.0,0.0132,1.55
SBR-06-500,2.0,3.0,0.002,1.8
SBR-06-500,3.0,4.0,0.002,1.79
SBR-06-500,4.0,5.0,0.002,1.79
SBR-06-500,5.0,6.0,0.002,1.85
SBR-06-500,6.0,7.0,0.002,1.82
SBR-06-500,7.0,8.0,0.002,1.63
SBR-06-500,8.0,9.0,0.002,1.69
SBR-06-500,9.0,10.0,0.0065,1.81
SBR-06-500,10.0,11.0,0.0104,1.87
SBR-06-500,11.0,12.0,0.0205,1.63
SBR-06-500,12.0,13.0,0.01,1.68
SBR-06-500,13.0,14.0,0.0368,1.77
SBR-06-500,14.0,15.0,0.0263,1.8
SBR-06-500,15.0,16.0,1.7301,1.97
SBR-06-500,16.0,17.0,1.2168,1.85
SBR-06-500,17.0,18.0,0.1377,2.14
SBR-06-500,18.0,18.7,0.0602,2.04
SBR-06-525,0.0,1.0,0.0075,1.56
SBR-06-525,1.0,2.0,0.002,1.52
SBR-06-525,2.0,3.0,0.002,1.68
SBR-06-525,3.0,4.0,0.002,1.73
SBR-06-525,4.0,5.0,0.002,1.65
SBR-06-525,5.0,6.0,0.002,1.69
SBR-06-525,6.0,7.0,0.002,1.7
SBR-06-525,7.0,8.0,0.002,1.73
SBR-06-525,8.0,9.0,0.002,1.75
SBR-06-525,9.0,10.0,0.002,1.75
SBR-06-525,10.0,11.0,0.002,1.72
SBR-06-525,11.0,12.0,0.002,1.73
SBR-06-525,12.0,13.0,0.0094,1.81
SBR-06-525,13.0,14.0,0.0221,1.65
SBR-06-525,14.0,15.0,0.017,1.75
SBR-06-525,15.0,16.0,0.4003,1.82
SBR-06-525,16.0,17.0,0.6221,1.72
SBR-06-525,17.0,18.0,0.0594,2.01
SBR-06-525,18.0,18.3,0.0263,1.91
SBR-06-550,0.0,1.0,0.002,1.66
SBR-06-550,1.0,2.0,0.002,1.51
SBR-06-550,2.0,3.0,0.002,1.6
SBR-06-550,3.0,4.0,0.002,1.68
SBR-06-550,4.0,5.0,0.002,1.62
SBR-06-550,5.0,6.0,0.002,1.71
SBR-06-550,6.0,7.0,0.002,1.66
SBR-06-550,7.0,8.0,0.002,1.72
SBR-06-550,8.0,9.0,0.002,1.6
SBR-06-550,9.0,10.0,0.002,1.73
SBR-06-550,10.0,11.0,0.0054,1.73
SBR-06-550,11.0,12.0,0.0097,1.86
SBR-06-550,12.0,13.0,0.0145,1.68
SBR-06-550,13.0,14.0,0.0143,1.75
SBR-06-550,14.0,15.0,0.3558,2.11
SBR-06-550,15.0,16.0,0.986,1.95
SBR-06-550,16.0,17.0,0.0163,1.84
SBR-06-550,17.0,17.3,0.0158,2.16
SBR-06-575,0.0,1.0,0.002,1.59
SBR-06-575,1.0,2.0,0.002,1.58
SBR-06-575,2.0,3.0,0.002,1.69
SBR-06-575,3.0,4.0,0.002,1.74
SBR-06-575,4.0,5.0,0.002,1.72
SBR-06-575,5.0,6.0,0.002,1.76
SBR-06-575,6.0,7.0,0.0077,1.73
SBR-06-575,7.0,8.0,0.002,1.78
SBR-06-575,8.0,9.0,0.0098,1.71
SBR-06-575,9.0,10.0,0.0068,1.71
SBR-06-575,10.0,11.0,0.0139,1.63
SBR-06-575,11.0,12.0,0.0119,1.62
SBR-06-575,12.0,13.0,0.0157,1.73
SBR-06-575,13.0,14.0,0.4672,1.84
SBR-06-575,14.0,15.0,2.0471,2.04
SBR-06-575,15.0,15.8,0.058,2.08
SBR-06-600,0.0,1.0,0.002,1.54
SBR-06-600,1.0,2.0,0.002,1.48
SBR-06-600,2.0,3.0,0.002,1.7
SBR-06-600,3.0,4.0,0.002,1.67
SBR-06-600,4.0,5.0,0.002,1.81
SBR-06-600,5.0,6.0,0.002,1.79
SBR-06-600,6.0,7.0,0.006,1.7
SBR-06-600,7.0,8.0,0.0086,1.8
SBR-06-600,8.0,9.0,0.0074,1.72
SBR-06-600,9.0,10.0,0.0101,1.73
SBR-06-600,10.0,11.0,0.0427,1.61
SBR-06-600,11.0,12.0,0.0489,1.82
SBR-06-600,12.0,13.0,1.1342,1.86
SBR-06-600,13.0,14.0,0.6083,1.89
SBR-06-600,14.0,15.0,0.0338,2.12
SBR-06-625,0.0,1.0,0.002,1.43
SBR-06-625,1.0,2.0,0.002,1.64
SBR-06-625,2.0,3.0,0.002,1.8
SBR-06-625,3.0,4.0,0.002,1.66
SBR-06-625,4.0,5.0,0.002,1.72
SBR-06-625,5.0,6.0,0.002,1.73
SBR-06-625,6.0,7.0,0.002,1.73
SBR-06-625,7.0,8.0,0.002,1.5
SBR-06-625,8.0,9.0,0.0076,1.65
SBR-06-625,9.0,10.0,0.002,1.68
SBR-06-625,10.0,11.0,0.0073,1.62
SBR-06-625,11.0,12.0,0.2236,1.87
SBR-06-625,12.0,13.0,0.4563,1.8
SBR-06-625,13.0,14.1,0.0207,2.02
SBR-06-650,0.0,1.0,0.0052,1.52
SBR-06-650,1.0,2.0,0.0158,1.69
SBR-06-650,2.0,3.0,0.002,1.7
SBR-06-650,3.0,4.0,0.002,1.71
SBR-06-650,4.0,5.0,0.002,1.71
SBR-06-650,5.0,6.0,0.002,1.8
SBR-06-650,6.0,7.0,0.002,1.82
SBR-06-650,7.0,8.0,0.002,1.68
SBR-06-650,8.0,9.0,0.002,1.74
SBR-06-650,9.0,10.0,0.002,1.75
SBR-06-650,10.0,11.0,0.09,1.98
SBR-06-650,11.0,12.0,0.1692,1.99
SBR-06-650,12.0,12.8,0.0059,2.19
SBR-07-050,0.0,1.0,0.002,1.53
SBR-07-050,1.0,2.0,0.002,1.51
SBR-07-050,2.0,3.0,0.002,1.66
SBR-07-050,3.0,4.0,0.002,1.75
SBR-07-050,4.0,5.0,0.002,1.63
SBR-07-050,5.0,6.0,0.002,1.73
SBR-07-050,6.0,7.0,0.002,1.6
SBR-07-050,7.0,8.0,0.002,2.24
SBR-07-050,8.0,8.7,0.002,1.95
SBR-07-075,0.0,1.0,0.002,1.58
SBR-07-075,1.0,2.0,0.002,1.42
SBR-07-075,2.0,3.0,0.002,1.8
SBR-07-075,3.0,4.0,0.002,1.76
SBR-07-075,4.0,5.0,0.002,1.7
SBR-07-075,5.0,6.0,0.002,1.73
SBR-07-075,6.0,7.0,0.002,2.01
SBR-07-075,7.0,8.2,0.002,1.99
SBR-07-100,0.0,1.0,0.002,1.51
SBR-07-100,1.0,2.0,0.002,1.52
SBR-07-100,2.0,3.0,0.0053,1.52
SBR-07-100,3.0,4.0,0.002,1.67
SBR-07-100,4.0,5.0,0.002,1.59
SBR-07-100,5.0,6.0,0.002,1.62
SBR-07-100,6.0,7.0,0.002,1.66
SBR-07-100,7.0,8.0,0.002,2.16
SBR-07-100,8.0,9.0,0.002,1.98
SBR-07-125,0.0,1.0,0.002,1.66
SBR-07-125,1.0,2.0,0.002,1.54
SBR-07-125,2.0,3.0,0.002,1.56
SBR-07-125,3.0,4.0,0.002,1.8
SBR-07-125,4.0,5.0,0.002,1.8
SBR-07-125,5.0,6.0,0.002,1.89
SBR-07-125,6.0,7.0,0.002,1.63
SBR-07-125,7.0,8.0,0.002,1.88
SBR-07-125,8.0,9.1,0.002,2.02
SBR-07-150,0.0,1.0,0.0065,1.58
SBR-07-150,1.0,2.0,0.0103,1.59
SBR-07-150,2.0,3.0,0.0065,1.44
SBR-07-150,3.0,4.0,0.002,1.84
SBR-07-150,4.0,5.0,0.002,1.75
SBR-07-150,5.0,6.0,0.002,1.62
SBR-07-150,6.0,7.0,0.002,1.64
SBR-07-150,7.0,8.0,0.0226,1.92
SBR-07-150,8.0,9.2,0.002,1.97
SBR-07-175,0.0,1.0,0.002,1.52
SBR-07-175,1.0,2.0,0.002,1.43
SBR-07-175,2.0,3.0,0.002,1.48
SBR-07-175,3.0,4.0,0.002,1.56
SBR-07-175,4.0,5.0,0.002,1.47
SBR-07-175,5.0,6.0,0.002,1.66
SBR-07-175,6.0,7.0,0.0299,1.9
SBR-07-175,7.0,8.0,0.0101,2.06
SBR-07-175,8.0,8.5,0.002,2.14
SBR-07-200,0.0,1.0,0.002,1.51
SBR-07-200,1.0,2.0,0.0111,1.6
SBR-07-200,2.0,3.0,0.002,1.57
SBR-07-200,3.0,4.0,0.002,1.75
SBR-07-200,4.0,5.0,0.002,1.82
SBR-07-200,5.0,6.0,0.002,1.6
SBR-07-200,6.0,7.0,0.0323,2.02
SBR-07-200,7.0,8.1,0.005,2.04
SBR-07-225,0.0,1.0,0.005,1.64
SBR-07-225,1.0,2.0,0.002,1.59
SBR-07-225,2.0,3.0,0.0101,1.4
SBR-07-225,3.0,4.0,0.002,1.55
SBR-07-225,4.0,5.0,0.002,1.63
SBR-07-225,5.0,6.0,0.002,1.58
SBR-07-225,6.0,7.0,0.0659,2.12
SBR-07-225,7.0,8.0,0.0077,2.08
SBR-07-225,8.0,8.6,0.0098,2.12
SBR-07-250,0.0,1.0,0.002,1.62
SBR-07-250,1.0,2.0,0.0142,1.6
SBR-07-250,2.0,3.0,0.002,1.58
SBR-07-250,3.0,4.0,0.002,1.91
SBR-07-250,4.0,5.0,0.002,1.72
SBR-07-250,5.0,6.0,0.002,1.69
SBR-07-250,6.0,7.0,0.002,1.67
SBR-07-250,7.0,8.0,0.1457,1.84
SBR-07-250,8.0,9.0,0.0345,2.03
SBR-07-250,9.0,9.5,0.0135,2.03
SBR-07-275,0.0,1.0,0.002,1.58
SBR-07-275,1.0,2.0,0.002,1.65
SBR-07-275,2.0,3.0,0.002,1.64
SBR-07-275,3.0,4.0,0.002,1.69
SBR-07-275,4.0,5.0,0.002,1.76
SBR-07-275,5.0,6.0,0.002,1.67
SBR-07-275,6.0,7.0,0.002,1.69
SBR-07-275,7.0,8.0,0.011,1.87
SBR-07-275,8.0,9.0,0.1676,1.89
SBR-07-275,9.0,10.0,0.2828,2.04
SBR-07-275,10.0,11.0,0.0349,1.92
SBR-07-275,11.0,11.5,0.0144,1.94
SBR-07-300,0.0,1.0,0.007,1.57
SBR-07-300,1.0,2.0,0.0055,1.36
SBR-07-300,2.0,3.0,0.0055,1.59
SBR-07-300,3.0,4.0,0.0076,1.76
SBR-07-300,4.0,5.0,0.0052,1.78
SBR-07-300,5.0,6.0,0.0055,1.72
SBR-07-300,6.0,7.0,0.0074,1.81
SBR-07-300,7.0,8.0,0.0262,1.76
SBR-07-300,8.0,9.0,0.0284,1.69
SBR-07-300,9.0,10.0,0.0119,1.81
SBR-07-300,10.0,11.0,0.0626,1.81
SBR-07-300,11.0,12.0,0.9879,2.0
SBR-07-300,12.0,13.0,0.3783,2.07
SBR-07-300,13.0,13.8,0.1143,1.79
SBR-07-325,0.0,1.0,0.0059,1.6
SBR-07-325,1.0,2.0,0.002,1.51
SBR-07-325,2.0,3.0,0.002,1.67
SBR-07-325,3.0,4.0,0.002,1.67
SBR-07-325,4.0,5.0,0.002,1.73
SBR-07-325,5.0,6.0,0.002,1.73
SBR-07-325,6.0,7.0,0.002,1.61
SBR-07-325,7.0,8.0,0.002,1.56
SBR-07-325,8.0,9.0,0.0122,1.76
SBR-07-325,9.0,10.0,0.0066,1.62
SBR-07-325,10.0,11.0,0.0199,1.68
SBR-07-325,11.0,12.0,0.0302,1.7
SBR-07-325,12.0,13.0,0.0572,1.79
SBR-07-325,13.0,14.0,0.9402,2.05
SBR-07-325,14.0,15.0,2.3767,1.95
SBR-07-325,15.0,16.0,0.055,2.03
SBR-07-325,16.0,16.3,0.0597,2.02
SBR-07-350,0.0,1.0,0.002,1.52
SBR-07-350,1.0,2.0,0.002,1.49
SBR-07-350,2.0,3.0,0.002,1.8
SBR-07-350,3.0,4.0,0.002,1.76
SBR-07-350,4.0,5.0,0.002,1.75
SBR-07-350,5.0,6.0,0.002,1.8
SBR-07-350,6.0,7.0,0.002,1.81
SBR-07-350,7.0,8.0,0.0061,1.66
SBR-07-350,8.0,9.0,0.002,1.64
SBR-07-350,9.0,10.0,0.002,1.62
SBR-07-350,10.0,11.0,0.002,1.78
SBR-07-350,11.0,12.0,0.0092,1.71
SBR-07-350,12.0,13.0,0.0108,1.74
SBR-07-350,13.0,14.0,0.3215,1.98
SBR-07-350,14.0,15.0,0.9264,1.88
SBR-07-350,15.0,16.0,2.5291,1.91
SBR-07-350,16.0,16.7,0.0851,1.88
SBR-07-375,0.0,1.0,0.002,1.55
SBR-07-375,1.0,2.0,0.002,1.53
SBR-07-375,2.0,3.0,0.002,1.63
SBR-07-375,3.0,4.0,0.002,1.7
SBR-07-375,4.0,5.0,0.002,1.79
SBR-07-375,5.0,6.0,0.002,1.59
SBR-07-375,6.0,7.0,0.002,1.88
SBR-07-375,7.0,8.0,0.002,1.81
SBR-07-375,8.0,9.0,0.002,1.71
SBR-07-375,9.0,10.0,0.002,1.65
SBR-07-375,10.0,11.0,0.002,1.75
SBR-07-375,11.0,12.0,0.0057,1.69
SBR-07-375,12.0,13.0,0.0091,1.64
SBR-07-375,13.0,14.0,0.0186,1.84
SBR-07-375,14.0,15.0,1.4923,1.86
SBR-07-375,15.0,16.0,0.4509,1.82
SBR-07-375,16.0,17.0,0.053,2.01
SBR-07-400,0.0,1.0,0.002,1.52
SBR-07-400,1.0,2.0,0.002,1.55
SBR-07-400,2.0,3.0,0.002,1.57
SBR-07-400,3.0,4.0,0.002,1.64
SBR-07-400,4.0,5.0,0.002,1.72
SBR-07-400,5.0,6.0,0.002,1.64
SBR-07-400,6.0,7.0,0.002,1.72
SBR-07-400,7.0,8.0,0.002,1.77
SBR-07-400,8.0,9.0,0.002,1.86
SBR-07-400,9.0,10.0,0.009,1.74
SBR-07-400,10.0,11.0,0.0064,1.77
SBR-07-400,11.0,12.0,0.011,1.68
SBR-07-400,12.0,13.0,0.0287,1.74
SBR-07-400,13.0,14.0,0.0687,1.72
SBR-07-400,14.0,15.0,0.2223,1.88
SBR-07-400,15.0,16.0,1.0574,1.93
SBR-07-400,16.0,17.0,0.1689,1.99
SBR-07-400,17.0,17.9,0.0716,1.92
SBR-07-425,0.0,1.0,0.0055,1.55
SBR-07-425,1.0,2.0,0.002,1.52
SBR-07-425,2.0,3.0,0.002,1.5
SBR-07-425,3.0,4.0,0.002,1.68
SBR-07-425,4.0,5.0,0.002,1.83
SBR-07-425,5.0,6.0,0.002,1.66
SBR-07-425,6.0,7.0,0.0053,1.78
SBR-07-425,7.0,8.0,0.002,1.73
SBR-07-425,8.0,9.0,0.0083,1.73
SBR-07-425,9.0,10.0,0.0132,1.63
SBR-07-425,10.0,11.0,0.0193,1.67
SBR-07-425,11.0,12.0,0.0484,1.8
SBR-07-425,12.0,13.0,0.031,1.61
SBR-07-425,13.0,14.0,0.0149,1.8
SBR-07-425,14.0,15.0,0.2424,2.01
SBR-07-425,15.0,16.0,1.4465,2.02
SBR-07-425,16.0,17.0,0.9484,1.96
SBR-07-425,17.0,18.0,0.0907,2.17
SBR-07-425,18.0,18.4,0.0182,2.14
SBR-07-450,0.0,1.0,0.002,1.56
SBR-07-450,1.0,2.0,0.0068,1.6
SBR-07-450,2.0,3.0,0.0053,1.67
SBR-07-450,3.0,4.0,0.002,1.76
SBR-07-450,4.0,5.0,0.002,1.56
SBR-07-450,5.0,6.0,0.002,1.8
SBR-07-450,6.0,7.0,0.002,1.73
SBR-07-450,7.0,8.0,0.002,1.77
SBR-07-450,8.0,9.0,0.002,1.79
SBR-07-450,9.0,10.0,0.002,1.74
SBR-07-450,10.0,11.0,0.0135,1.64
SBR-07-450,11.0,12.0,0.007,1.69
SBR-07-450,12.0,13.0,0.0275,1.63
SBR-07-450,13.0,14.0,0.033,1.67
SBR-07-450,14.0,15.0,0.0365,1.8
SBR-07-450,15.0,16.0,1.789,1.85
SBR-07-450,16.0,17.0,0.6096,1.95
SBR-07-450,17.0,18.2,0.1016,2.12
SBR-07-475,0.0,1.0,0.0147,1.5
SBR-07-475,1.0,2.0,0.0065,1.59
SBR-07-475,2.0,3.0,0.002,1.66
SBR-07-475,3.0,4.0,0.002,1.62
SBR-07-475,4.0,5.0,0.002,1.72
SBR-07-475,5.0,6.0,0.002,1.67
SBR-07-475,6.0,7.0,0.002,1.75
SBR-07-475,7.0,8.0,0.002,1.68
SBR-07-475,8.0,9.0,0.002,1.77
SBR-07-475,9.0,10.0,0.0083,1.86
SBR-07-475,10.0,11.0,0.0055,1.83
SBR-07-475,11.0,12.0,0.0157,1.88
SBR-07-475,12.0,13.0,0.0468,1.72
SBR-07-475,13.0,14.0,0.0938,1.71
SBR-07-475,14.0,15.0,1.4038,1.95
SBR-07-475,15.0,16.0,1.9151,1.78
SBR-07-475,16.0,17.0,0.1157,2.26
SBR-07-475,17.0,17.8,0.2244,2.04
SBR-07-500,0.0,1.0,0.002,1.54
SBR-07-500,1.0,2.0,0.002,1.52
SBR-07-500,2.0,3.0,0.002,1.54
SBR-07-500,3.0,4.0,0.002,1.65
SBR-07-500,4.0,5.0,0.002,1.72
SBR-07-500,5.0,6.0,0.002,1.7
SBR-07-500,6.0,7.0,0.0055,1.83
SBR-07-500,7.0,8.0,0.002,1.67
SBR-07-500,8.0,9.0,0.002,1.8
SBR-07-500,9.0,10.0,0.002,1.64
SBR-07-500,10.0,11.0,0.0252,1.74
SBR-07-500,11.0,12.0,0.0201,1.76
SBR-07-500,12.0,13.0,0.0411,1.78
SBR-07-500,13.0,14.0,0.9728,1.96
SBR-07-500,14.0,15.0,1.9094,1.91
SBR-07-500,15.0,16.0,0.1377,2.05
SBR-07-500,16.0,17.0,0.0288,1.89
SBR-07-525,0.0,1.0,0.0053,1.5
SBR-07-525,1.0,2.0,0.0074,1.61
SBR-07-525,2.0,3.0,0.002,1.58
SBR-07-525,3.0,4.0,0.002,1.61
SBR-07-525,4.0,5.0,0.002,1.76
SBR-07-525,5.0,6.0,0.002,1.74
SBR-07-525,6.0,7.0,0.002,1.82
SBR-07-525,7.0,8.0,0.002,1.75
SBR-07-525,8.0,9.0,0.002,1.71
SBR-07-525,9.0,10.0,0.0058,1.81
SBR-07-525,10.0,11.0,0.0052,1.7
SBR-07-525,11.0,12.0,0.0139,1.77
SBR-07-525,12.0,13.0,0.3636,1.83
SBR-07-525,13.0,14.0,1.6544,2.03
SBR-07-525,14.0,15.0,0.1026,2.03
SBR-07-550,0.0,1.0,0.002,1.53
SBR-07-550,1.0,2.0,0.0099,1.58
SBR-07-550,2.0,3.0,0.002,1.56
SBR-07-550,3.0,4.0,0.002,1.72
SBR-07-550,4.0,5.0,0.002,1.69
SBR-07-550,5.0,6.0,0.002,1.7
SBR-07-550,6.0,6.7,0.002,1.92
SBR-07-575,0.0,1.0,0.002,1.54
SBR-07-575,1.0,2.0,0.002,1.5
SBR-07-575,2.0,3.0,0.002,1.66
SBR-07-575,3.0,4.0,0.002,1.87
SBR-07-575,4.0,5.0,0.002,1.6
SBR-07-575,5.0,6.0,0.002,1.81
SBR-07-575,6.0,7.0,0.0064,1.81
SBR-07-575,7.0,8.0,0.0231,1.7
SBR-07-600,0.0,1.0,0.005,1.53
SBR-07-600,1.0,2.0,0.002,1.56
SBR-07-600,2.0,3.0,0.002,1.77
SBR-07-600,3.0,4.0,0.002,1.72
SBR-07-600,4.0,5.0,0.0058,1.71
SBR-07-600,5.0,6.0,0.006,1.69
SBR-07-600,6.0,7.0,0.0096,1.8
SBR-07-600,7.0,8.0,0.1831,1.93
SBR-07-600,8.0,9.0,0.0157,2.02
SBR-07-600,9.0,9.5,0.0151,2.13
SBR-07-625,0.0,1.0,0.002,1.52
SBR-07-625,1.0,2.0,0.002,1.57
SBR-07-625,2.0,3.0,0.002,1.71
SBR-07-625,3.0,4.0,0.002,1.68
SBR-07-625,4.0,5.0,0.002,1.71
SBR-07-625,5.0,6.0,0.0066,1.79
SBR-07-625,6.0,7.0,0.0946,1.82
SBR-07-625,7.0,8.2,0.0206,2.05
SBR-07-650,0.0,1.0,0.0073,1.46
SBR-07-650,1.0,2.0,0.002,1.66
SBR-07-650,2.0,3.0,0.002,1.65
SBR-07-650,3.0,4.0,0.002,1.68
SBR-07-650,4.0,5.0,0.002,1.73
SBR-07-650,5.0,6.0,0.002,1.54
SBR-07-650,6.0,7.0,0.0061,2.03
SBR-07-650,7.0,7.7,0.0054,2.02
SBR-08-050,0.0,1.0,0.002,1.46
SBR-08-050,1.0,2.0,0.0147,1.75
SBR-08-050,2.0,3.0,0.002,1.56
SBR-08-050,3.0,4.0,0.002,1.77
SBR-08-050,4.0,5.0,0.002,1.69
SBR-08-050,5.0,6.0,0.002,2.02
SBR-08-050,6.0,6.8,0.002,2.01
SBR-08-075,0.0,1.0,0.002,1.55
SBR-08-075,1.0,2.0,0.002,1.58
SBR-08-075,2.0,3.0,0.0063,1.59
SBR-08-075,3.0,4.0,0.0057,1.62
SBR-08-075,4.0,5.0,0.002,1.82
SBR-08-075,5.0,6.2,0.002,2.35
SBR-08-100,0.0,1.0,0.002,1.57
SBR-08-100,1.0,2.0,0.002,1.54
SBR-08-100,2.0,3.0,0.002,1.56
SBR-08-100,3.0,4.0,0.002,1.48
SBR-08-100,4.0,5.0,0.002,1.67
SBR-08-100,5.0,6.0,0.002,2.07
SBR-08-100,6.0,6.6,0.002,1.88
SBR-08-125,0.0,1.0,0.002,1.58
SBR-08-125,1.0,2.0,0.002,1.5
SBR-08-125,2.0,3.0,0.006,1.4
SBR-08-125,3.0,4.0,0.002,1.69
SBR-08-125,4.0,5.0,0.002,1.76
SBR-08-125,5.0,6.0,0.0315,2.03
SBR-08-125,6.0,7.0,0.002,2.11
SBR-08-125,7.0,7.4,0.002,2.17
SBR-08-150,0.0,1.0,0.002,1.45
SBR-08-150,1.0,2.0,0.0081,1.5
SBR-08-150,2.0,3.0,0.0066,1.5
SBR-08-150,3.0,4.0,0.002,1.83
SBR-08-150,4.0,5.0,0.002,1.86
SBR-08-150,5.0,6.0,0.031,1.88
SBR-08-150,6.0,7.0,0.002,2.03
SBR-08-150,7.0,7.4,0.002,2.06
SBR-08-175,0.0,1.0,0.002,1.6
SBR-08-175,1.0,2.0,0.002,1.53
SBR-08-175,2.0,3.0,0.002,1.65
SBR-08-175,3.0,4.0,0.002,1.65
SBR-08-175,4.0,5.0,0.002,1.65
SBR-08-175,5.0,6.0,0.0776,1.84
SBR-08-175,6.0,7.0,0.0073,1.95
SBR-08-175,7.0,7.9,0.002,2.08
SBR-08-200,0.0,1.0,0.002,1.53
SBR-08-200,1.0,2.0,0.002,1.59
SBR-08-200,2.0,3.0,0.002,1.58
SBR-08-200,3.0,4.0,0.002,1.8
SBR-08-200,4.0,5.0,0.002,1.7
SBR-08-200,5.0,6.0,0.0075,1.66
SBR-08-200,6.0,7.0,0.0934,1.82
SBR-08-200,7.0,8.0,0.0065,2.1
SBR-08-200,8.0,8.3,0.0084,2.06
SBR-08-225,0.0,1.0,0.005,1.43
SBR-08-225,1.0,2.0,0.002,1.53
SBR-08-225,2.0,3.0,0.002,1.53
SBR-08-225,3.0,4.0,0.002,1.66
SBR-08-225,4.0,5.0,0.002,1.72
SBR-08-225,5.0,6.0,0.0084,1.67
SBR-08-225,6.0,7.0,0.0088,1.82
SBR-08-225,7.0,8.0,0.194,2.04
SBR-08-225,8.0,9.0,0.028,2.17
SBR-08-225,9.0,10.0,0.0103,2.05
SBR-08-250,0.0,1.0,0.002,1.55
SBR-08-250,1.0,2.0,0.0052,1.5
SBR-08-250,2.0,3.0,0.002,1.54
SBR-08-250,3.0,4.0,0.002,1.77
SBR-08-250,4.0,5.0,0.0051,1.67
SBR-08-250,5.0,6.0,0.002,1.6
SBR-08-250,6.0,7.0,0.002,1.73
SBR-08-250,7.0,8.0,0.0115,1.74
SBR-08-250,8.0,9.0,0.0751,1.85
SBR-08-250,9.0,10.0,0.3764,2.04
SBR-08-250,10.0,11.0,0.0881,2.15
SBR-08-250,11.0,11.3,0.0145,2.21
SBR-08-275,0.0,1.0,0.002,1.51
SBR-08-275,1.0,2.0,0.0086,1.56
SBR-08-275,2.0,3.0,0.002,1.55
SBR-08-275,3.0,4.0,0.002,1.67
SBR-08-275,4.0,5.0,0.002,1.56
SBR-08-275,5.0,6.0,0.002,1.66
SBR-08-275,6.0,7.0,0.002,1.68
SBR-08-275,7.0,8.0,0.002,1.72
SBR-08-275,8.0,9.0,0.0085,1.73
SBR-08-275,9.0,10.0,0.0343,1.74
SBR-08-275,10.0,11.0,0.3564,1.95
SBR-08-275,11.0,12.0,0.6377,2.05
SBR-08-275,12.0,12.8,0.0435,2.03
SBR-08-300,0.0,1.0,0.007,1.44
SBR-08-300,1.0,2.0,0.002,1.61
SBR-08-300,2.0,3.0,0.002,1.57
SBR-08-300,3.0,4.0,0.002,1.65
SBR-08-300,4.0,5.0,0.002,1.73
SBR-08-300,5.0,6.0,0.002,1.73
SBR-08-300,6.0,7.0,0.006,1.83
SBR-08-300,7.0,8.0,0.0088,1.71
SBR-08-300,8.0,9.0,0.0151,1.73
SBR-08-300,9.0,10.0,0.031,1.58
SBR-08-300,10.0,11.0,0.0236,1.71
SBR-08-300,11.0,12.0,0.4721,2.07
SBR-08-300,12.0,13.0,0.266,1.95
SBR-08-300,13.0,14.0,0.0396,1.97
SBR-08-300,14.0,14.8,0.0081,2.12
SBR-08-325,0.0,1.0,0.002,1.54
SBR-08-325,1.0,2.0,0.002,1.68
SBR-08-325,2.0,3.0,0.0073,1.42
SBR-08-325,3.0,4.0,0.002,1.69
SBR-08-325,4.0,5.0,0.002,1.84
SBR-08-325,5.0,6.0,0.002,1.6
SBR-08-325,6.0,7.0,0.002,1.81
SBR-08-325,7.0,8.0,0.002,1.65
SBR-08-325,8.0,9.0,0.0141,1.69
SBR-08-325,9.0,10.0,0.0228,1.68
SBR-08-325,10.0,11.0,0.0203,1.85
SBR-08-325,11.0,12.0,0.0637,1.7
SBR-08-325,12.0,13.0,0.9841,2.03
SBR-08-325,13.0,14.0,1.0267,1.89
SBR-08-325,14.0,15.0,0.1592,1.94
SBR-08-325,15.0,15.4,0.0253,2.06
SBR-08-350,0.0,1.0,0.002,1.61
SBR-08-350,1.0,2.0,0.002,1.51
SBR-08-350,2.0,3.0,0.002,1.65
SBR-08-350,3.0,4.0,0.002,1.71
SBR-08-350,4.0,5.0,0.002,1.79
SBR-08-350,5.0,6.0,0.002,1.65
SBR-08-350,6.0,7.0,0.002,1.59
SBR-08-350,7.0,8.0,0.002,1.78
SBR-08-350,8.0,9.0,0.002,1.63
SBR-08-350,9.0,10.0,0.0088,1.93
SBR-08-350,10.0,11.0,0.0209,1.71
SBR-08-350,11.0,12.0,0.0147,1.69
SBR-08-350,12.0,13.0,0.296,1.93
SBR-08-350,13.0,14.0,0.6936,1.76
SBR-08-350,14.0,15.0,0.0973,2.05
SBR-08-350,15.0,15.8,0.0144,2.11
SBR-08-375,0.0,1.0,0.002,1.53
SBR-08-375,1.0,2.0,0.002,1.65
SBR-08-375,2.0,3.0,0.002,1.52
SBR-08-375,3.0,4.0,0.002,1.65
SBR-08-375,4.0,5.0,0.002,1.63
SBR-08-375,5.0,6.0,0.002,1.77
SBR-08-375,6.0,7.0,0.0054,1.82
SBR-08-375,7.0,8.0,0.002,1.8
SBR-08-375,8.0,9.0,0.0068,1.75
SBR-08-375,9.0,10.0,0.0181,1.77
SBR-08-375,10.0,11.0,0.0082,1.82
SBR-08-375,11.0,12.0,0.019,1.71
SBR-08-375,12.0,13.0,0.337,2.05
SBR-08-375,13.0,14.0,0.9916,1.96
SBR-08-375,14.0,15.2,0.0692,2.15
SBR-08-400,0.0,1.0,0.002,1.53
SBR-08-400,1.0,2.0,0.002,1.6
SBR-08-400,2.0,3.0,0.002,1.61
SBR-08-400,3.0,4.0,0.002,1.76
SBR-08-400,4.0,5.0,0.002,1.65
SBR-08-400,5.0,6.0,0.0054,1.75
SBR-08-400,6.0,7.0,0.002,1.82
SBR-08-400,7.0,8.0,0.0154,1.84
SBR-08-400,8.0,8.9,0.0105,1.89
SBR-08-425,0.0,1.0,0.002,1.63
SBR-08-425,1.0,2.0,0.0057,1.52
SBR-08-425,2.0,3.0,0.002,1.6
SBR-08-425,3.0,4.0,0.002,1.74
SBR-08-425,4.0,5.0,0.0072,1.65
SBR-08-425,5.0,6.0,0.0156,1.7
SBR-08-425,6.0,7.0,0.0224,1.58
SBR-08-425,7.0,8.0,0.0369,1.67
SBR-08-425,8.0,9.0,0.046,1.64
SBR-08-425,9.0,10.0,0.083,1.67
SBR-08-425,10.0,11.0,0.0492,1.86
SBR-08-425,11.0,12.0,1.1328,1.78
SBR-08-425,12.0,13.0,0.1734,2.06
SBR-08-425,13.0,14.0,0.0702,1.81
SBR-08-450,0.0,1.0,0.002,1.53
SBR-08-450,1.0,2.0,0.002,1.61
SBR-08-450,2.0,3.0,0.002,1.51
SBR-08-450,3.0,4.0,0.002,1.78
SBR-08-450,4.0,5.0,0.0084,1.7
SBR-08-450,5.0,6.0,0.0078,1.74
SBR-08-450,6.0,7.0,0.0077,1.75
SBR-08-450,7.0,8.0,0.0202,1.76
SBR-08-450,8.0,9.0,0.0157,1.66
SBR-08-450,9.0,10.0,0.0589,1.67
SBR-08-450,10.0,11.0,0.5814,1.88
SBR-08-450,11.0,12.0,0.2157,2.13
SBR-08-450,12.0,12.3,0.0451,2.01
SBR-08-475,0.0,1.0,0.0119,1.61
SBR-08-475,1.0,2.0,0.0082,1.51
SBR-08-475,2.0,3.0,0.002,1.55
SBR-08-475,3.0,4.0,0.002,1.72
SBR-08-475,4.0,5.0,0.0055,1.68
SBR-08-475,5.0,6.0,0.0073,1.63
SBR-08-475,6.0,7.0,0.0066,1.66
SBR-08-475,7.0,8.0,0.0093,1.82
SBR-08-475,8.0,9.0,0.0456,1.71
SBR-08-475,9.0,10.0,0.5293,1.96
SBR-08-475,10.0,11.0,0.1702,2.06
SBR-08-475,11.0,11.4,0.0505,2.04
SBR-08-500,0.0,1.0,0.0145,1.65
SBR-08-500,1.0,2.0,0.0068,1.55
SBR-08-500,2.0,3.0,0.002,1.65
SBR-08-500,3.0,4.0,0.002,1.76
SBR-08-500,4.0,5.0,0.002,1.62
SBR-08-500,5.0,6.0,0.0063,1.69
SBR-08-500,6.0,7.0,0.0053,1.71
SBR-08-500,7.0,8.0,0.0183,1.59
SBR-08-500,8.0,9.0,0.2201,1.85
SBR-08-500,9.0,10.0,0.0431,2.1
SBR-08-500,10.0,10.4,0.0253,2.12
SBR-08-525,0.0,1.0,0.002,1.42
SBR-08-525,1.0,2.0,0.0078,1.59
SBR-08-525,2.0,3.0,0.002,1.63
SBR-08-525,3.0,4.0,0.0061,1.64
SBR-08-525,4.0,5.0,0.002,1.71
SBR-08-525,5.0,6.0,0.0063,1.78
SBR-08-525,6.0,7.0,0.0131,1.75
SBR-08-525,7.0,8.0,0.3973,2.06
SBR-08-525,8.0,8.8,0.0438,2.12
SBR-08-550,0.0,1.0,0.002,1.59
SBR-08-550,1.0,2.0,0.002,1.63
SBR-08-550,2.0,3.0,0.002,1.52
SBR-08-550,3.0,4.0,0.002,1.44
SBR-08-550,4.0,5.0,0.002,1.71
SBR-08-550,5.0,6.0,0.0952,1.94
SBR-08-550,6.0,7.0,0.016,1.94
SBR-08-550,7.0,7.5,0.002,2.06
SBR-08-575,0.0,1.0,0.002,1.51
SBR-08-575,1.0,2.0,0.002,1.4
SBR-08-575,2.0,3.0,0.002,1.61
SBR-08-575,3.0,4.0,0.0097,1.72
SBR-08-575,4.0,5.0,0.0249,2.11
SBR-08-575,5.0,5.6,0.0057,2.12
SBR-08-600,0.0,1.0,0.002,1.34
SBR-08-600,1.0,2.0,0.002,1.63
SBR-08-600,2.0,3.0,0.002,1.46
SBR-08-600,3.0,4.0,0.1453,1.93
SBR-08-600,4.0,5.1,0.0095,2.08
SBR-08-625,0.0,1.0,0.002,1.54
SBR-08-625,1.0,2.0,0.0073,1.53
SBR-08-625,2.0,3.0,0.002,1.59
SBR-08-625,3.0,4.0,0.0384,1.97
SBR-08-625,4.0,5.0,0.002,2.06
SBR-08-650,0.0,1.0,0.002,1.7
SBR-08-650,1.0,2.0,0.002,1.45
SBR-08-650,2.0,3.0,0.002,1.55
SBR-08-650,3.0,4.0,0.002,1.71
SBR-08-650,4.0,5.0,0.002,1.96
SBR-09-050,0.0,1.0,0.002,1.61
SBR-09-050,1.0,2.0,0.002,1.61
SBR-09-050,2.0,3.0,0.0059,1.58
SBR-09-050,3.0,4.0,0.002,1.52
SBR-09-050,4.0,5.0,0.002,1.66
SBR-09-050,5.0,6.0,0.002,2.14
SBR-09-050,6.0,6.7,0.002,2.02
SBR-09-075,0.0,1.0,0.002,1.41
SBR-09-075,1.0,2.0,0.0148,1.57
SBR-09-075,2.0,3.0,0.0056,1.49
SBR-09-075,3.0,4.0,0.002,1.72
SBR-09-075,4.0,5.0,0.002,1.64
SBR-09-075,5.0,6.0,0.002,2.01
SBR-09-075,6.0,6.8,0.002,1.86
SBR-09-100,0.0,1.0,0.002,1.47
SBR-09-100,1.0,2.0,0.002,1.6
SBR-09-100,2.0,3.0,0.002,1.55
SBR-09-100,3.0,4.0,0.0176,1.57
SBR-09-100,4.0,5.0,0.002,1.56
SBR-09-100,5.0,6.0,0.002,1.98
SBR-09-100,6.0,6.8,0.002,2.14
SBR-09-125,0.0,1.0,0.0076,1.58
SBR-09-125,1.0,2.0,0.002,1.44
SBR-09-125,2.0,3.0,0.002,1.53
SBR-09-125,3.0,4.0,0.002,1.58
SBR-09-125,4.0,5.0,0.0078,1.83
SBR-09-125,5.0,6.0,0.0317,2.13
SBR-09-125,6.0,6.4,0.007,2.1
SBR-09-150,0.0,1.0,0.002,1.53
SBR-09-150,1.0,2.0,0.0057,1.48
SBR-09-150,2.0,3.0,0.002,1.57
SBR-09-150,3.0,4.0,0.0125,1.59
SBR-09-150,4.0,5.0,0.0129,1.81
SBR-09-150,5.0,6.0,0.4777,1.95
SBR-09-150,6.0,7.0,0.0951,1.95
SBR-09-150,7.0,7.9,0.0224,2.22
SBR-09-175,0.0,1.0,0.002,1.61
SBR-09-175,1.0,2.0,0.002,1.52
SBR-09-175,2.0,3.0,0.002,1.62
SBR-09-175,3.0,4.0,0.0089,1.67
SBR-09-175,4.0,5.0,0.0199,1.7
SBR-09-175,5.0,6.0,0.0385,1.72
SBR-09-175,6.0,7.0,1.0303,2.01
SBR-09-175,7.0,8.0,3.1643,1.85
SBR-09-175,8.0,8.8,0.0952,2.06
SBR-09-200,0.0,1.0,0.006,1.48
SBR-09-200,1.0,2.0,0.002,1.52
SBR-09-200,2.0,3.0,0.002,1.65
SBR-09-200,3.0,4.0,0.0054,1.86
SBR-09-200,4.0,5.0,0.006,1.74
SBR-09-200,5.0,6.0,0.0285,1.64
SBR-09-200,6.0,7.0,0.0121,1.56
SBR-09-200,7.0,8.0,0.0126,1.63
SBR-09-200,8.0,9.0,0.9682,1.82
SBR-09-200,9.0,10.0,1.8112,2.0
SBR-09-200,10.0,11.2,0.0394,1.93
SBR-09-225,0.0,1.0,0.002,1.62
SBR-09-225,1.0,2.0,0.002,1.57
SBR-09-225,2.0,3.0,0.002,1.62
SBR-09-225,3.0,4.0,0.002,1.76
SBR-09-225,4.0,5.0,0.002,1.67
SBR-09-225,5.0,6.0,0.0061,1.52
SBR-09-225,6.0,7.0,0.021,1.68
SBR-09-225,7.0,8.0,0.0106,1.8
SBR-09-225,8.0,9.0,0.002,1.72
SBR-09-225,9.0,10.0,0.0227,1.63
SBR-09-225,10.0,11.0,0.5605,1.91
SBR-09-225,11.0,12.0,0.0828,2.11
SBR-09-225,12.0,12.4,0.0147,2.05
SBR-09-250,0.0,1.0,0.0066,1.52
SBR-09-250,1.0,2.0,0.002,1.54
SBR-09-250,2.0,3.0,0.002,1.43
SBR-09-250,3.0,4.0,0.002,1.76
SBR-09-250,4.0,5.0,0.002,1.69
SBR-09-250,5.0,6.0,0.002,1.63
SBR-09-250,6.0,7.0,0.002,1.62
SBR-09-250,7.0,8.0,0.0068,1.85
SBR-09-250,8.0,9.0,0.0099,1.8
SBR-09-250,9.0,10.0,0.0084,1.81
SBR-09-250,10.0,11.0,0.0162,1.68
SBR-09-250,11.0,12.0,0.1269,1.8
SBR-09-250,12.0,13.0,0.1881,1.86
SBR-09-250,13.0,14.0,0.1373,1.98
SBR-09-250,14.0,14.3,0.0184,2.01
SBR-09-275,0.0,1.0,0.002,1.44
SBR-09-275,1.0,2.0,0.002,1.43
SBR-09-275,2.0,3.0,0.002,1.53
SBR-09-275,3.0,4.0,0.002,1.51
SBR-09-275,4.0,5.0,0.002,1.84
SBR-09-275,5.0,6.0,0.002,1.74
SBR-09-275,6.0,7.0,0.002,1.73
SBR-09-275,7.0,8.0,0.0053,1.77
SBR-09-275,8.0,9.0,0.002,1.64
SBR-09-275,9.0,10.0,0.0109,1.58
SBR-09-275,10.0,11.0,0.0195,1.44
SBR-09-275,11.0,12.0,0.0249,1.7
SBR-09-275,12.0,13.0,0.0177,1.67
SBR-09-275,13.0,14.0,0.4725,2.02
SBR-09-275,14.0,15.0,0.833,1.93
SBR-09-275,15.0,16.1,0.0324,2.02
SBR-09-300,0.0,1.0,0.0105,1.57
SBR-09-300,1.0,2.0,0.002,1.49
SBR-09-300,2.0,3.0,0.0118,1.58
SBR-09-300,3.0,4.0,0.002,1.56
SBR-09-300,4.0,5.0,0.002,1.69
SBR-09-300,5.0,6.0,0.002,1.71
SBR-09-300,6.0,7.0,0.002,1.65
SBR-09-300,7.0,8.0,0.002,1.73
SBR-09-300,8.0,9.0,0.002,1.66
SBR-09-300,9.0,10.0,0.002,1.58
SBR-09-300,10.0,11.0,0.002,1.66
SBR-09-300,11.0,12.0,0.011,1.6
SBR-09-300,12.0,13.0,0.0137,1.67
SBR-09-300,13.0,14.0,0.0159,1.72
SBR-09-300,14.0,15.0,0.3638,1.87
SBR-09-300,15.0,16.0,0.3452,1.99
SBR-09-300,16.0,17.2,0.0345,2.09
SBR-09-325,0.0,1.0,0.002,1.71
SBR-09-325,1.0,2.0,0.002,1.5
SBR-09-325,2.0,3.0,0.002,1.55
SBR-09-325,3.0,4.0,0.002,1.54
SBR-09-325,4.0,5.0,0.002,1.67
SBR-09-325,5.0,6.0,0.002,1.61
SBR-09-325,6.0,7.0,0.002,1.77
SBR-09-325,7.0,8.0,0.002,1.7
SBR-09-325,8.0,9.0,0.002,1.75
SBR-09-325,9.0,10.0,0.0134,1.73
SBR-09-325,10.0,11.0,0.007,1.67
SBR-09-325,11.0,12.0,0.0069,1.69
SBR-09-325,12.0,13.0,0.0054,1.61
SBR-09-325,13.0,14.0,0.0057,1.71
SBR-09-325,14.0,15.0,0.0188,1.57
SBR-09-325,15.0,16.0,0.4836,2.02
SBR-09-325,16.0,17.0,0.0524,2.13
SBR-09-325,17.0,17.8,0.0565,2.09
SBR-09-350,0.0,1.0,0.002,1.54
SBR-09-350,1.0,2.0,0.002,1.6
SBR-09-350,2.0,3.0,0.002,1.39
SBR-09-350,3.0,4.0,0.002,1.74
SBR-09-350,4.0,5.0,0.002,1.59
SBR-09-350,5.0,6.0,0.002,1.76
SBR-09-350,6.0,7.0,0.002,1.55
SBR-09-350,7.0,8.0,0.002,1.66
SBR-09-350,8.0,9.0,0.002,1.83
SBR-09-350,9.0,10.0,0.0094,1.68
SBR-09-350,10.0,11.0,0.0051,1.69
SBR-09-350,11.0,12.0,0.0069,1.65
SBR-09-350,12.0,13.0,0.0125,1.7
SBR-09-350,13.0,14.0,0.022,1.55
SBR-09-350,14.0,15.0,0.417,2.14
SBR-09-350,15.0,16.0,0.9311,2.09
SBR-09-350,16.0,16.8,0.0591,1.96
SBR-09-375,0.0,1.0,0.0055,1.56
SBR-09-375,1.0,2.0,0.0061,1.58
SBR-09-375,2.0,3.0,0.0121,1.61
SBR-09-375,3.0,4.0,0.002,1.75
SBR-09-375,4.0,5.0,0.002,1.94
SBR-09-375,5.0,6.0,0.002,1.79
SBR-09-375,6.0,7.0,0.002,1.86
SBR-09-375,7.0,8.0,0.002,1.64
SBR-09-375,8.0,9.0,0.0056,1.69
SBR-09-375,9.0,10.0,0.0085,1.57
SBR-09-375,10.0,10.7,0.0232,1.7
SBR-09-400,0.0,1.0,0.0111,1.62
SBR-09-400,1.0,2.0,0.002,1.49
SBR-09-400,2.0,3.0,0.002,1.77
SBR-09-400,3.0,4.0,0.002,1.82
SBR-09-400,4.0,5.0,0.002,1.71
SBR-09-400,5.0,6.0,0.002,1.73
SBR-09-400,6.0,7.0,0.002,1.83
SBR-09-400,7.0,8.0,0.002,1.79
SBR-09-400,8.0,9.0,0.002,1.7
SBR-09-400,9.0,10.0,0.002,1.74
SBR-09-400,10.0,11.0,0.006,1.79
SBR-09-400,11.0,12.0,0.0174,1.63
SBR-09-400,12.0,13.0,0.5478,1.93
SBR-09-400,13.0,14.0,0.0357,1.97
SBR-09-400,14.0,14.3,0.0697,2.05
SBR-09-425,0.0,1.0,0.002,1.58
SBR-09-425,1.0,2.0,0.002,1.51
SBR-09-425,2.0,3.0,0.002,1.72
SBR-09-425,3.0,4.0,0.002,1.62
SBR-09-425,4.0,5.0,0.002,1.69
SBR-09-425,5.0,6.0,0.002,1.79
SBR-09-425,6.0,7.0,0.002,1.75
SBR-09-425,7.0,8.0,0.002,1.71
SBR-09-425,8.0,9.0,0.0069,1.68
SBR-09-425,9.0,10.0,0.0115,1.7
SBR-09-425,10.0,11.0,0.428,2.11
SBR-09-425,11.0,12.0,0.1426,1.93
SBR-09-425,12.0,13.0,0.0278,2.0
SBR-09-450,0.0,1.0,0.002,1.59
SBR-09-450,1.0,2.0,0.0102,1.52
SBR-09-450,2.0,3.0,0.002,1.77
SBR-09-450,3.0,4.0,0.0065,1.76
SBR-09-450,4.0,5.0,0.0056,1.54
SBR-09-450,5.0,6.0,0.002,1.78
SBR-09-450,6.0,7.0,0.0151,1.75
SBR-09-450,7.0,8.0,0.0075,1.54
SBR-09-450,8.0,9.0,0.0775,1.83
SBR-09-450,9.0,10.0,0.2819,1.99
SBR-09-450,10.0,11.1,0.0348,1.99
SBR-09-475,0.0,1.0,0.002,1.49
SBR-09-475,1.0,2.0,0.002,1.56
SBR-09-475,2.0,3.0,0.002,1.82
SBR-09-475,3.0,4.0,0.002,1.7
SBR-09-475,4.0,5.0,0.002,1.63
SBR-09-475,5.0,6.0,0.002,1.67
SBR-09-475,6.0,7.0,0.0666,1.97
SBR-09-475,7.0,8.0,0.2763,2.04
SBR-09-475,8.0,9.2,0.0235,2.01
SBR-09-500,0.0,1.0,0.002,1.63
SBR-09-500,1.0,2.0,0.002,1.5
SBR-09-500,2.0,3.0,0.0083,1.81
SBR-09-500,3.0,4.0,0.002,1.74
SBR-09-500,4.0,5.0,0.002,1.84
SBR-09-500,5.0,6.0,0.1077,1.98
SBR-09-500,6.0,7.0,0.0154,1.92
SBR-09-500,7.0,7.9,0.0058,2.11
SBR-09-525,0.0,1.0,0.0057,1.5
SBR-09-525,1.0,2.0,0.002,1.47
SBR-09-525,2.0,3.0,0.002,1.64
SBR-09-525,3.0,4.0,0.002,1.68
SBR-09-525,4.0,5.0,0.0485,1.81
SBR-09-525,5.0,6.0,0.0074,2.04
SBR-09-525,6.0,6.5,0.002,1.98
SBR-09-550,0.0,1.0,0.002,1.53
SBR-09-550,1.0,2.0,0.002,1.46
SBR-09-550,2.0,3.0,0.002,1.59
SBR-09-550,3.0,4.0,0.002,1.72
SBR-09-550,4.0,5.0,0.002,2.09
SBR-09-550,5.0,5.9,0.002,2.07
SBR-09-575,0.0,1.0,0.0104,1.52
SBR-09-575,1.0,2.0,0.002,1.57
SBR-09-575,2.0,3.0,0.002,1.45
SBR-09-575,3.0,4.0,0.0101,1.99
SBR-09-575,4.0,5.0,0.002,1.97
SBR-09-600,0.0,1.0,0.002,1.54
SBR-09-600,1.0,2.0,0.002,1.49
SBR-09-600,2.0,3.0,0.002,1.79
SBR-09-600,3.0,4.0,0.002,1.96
SBR-09-600,4.0,4.4,0.002,2.01
SBR-09-625,0.0,1.0,0.0117,1.55
SBR-09-625,1.0,2.0,0.002,1.55
SBR-09-625,2.0,3.0,0.002,2.0
SBR-09-625,3.0,4.0,0.002,2.13
SBR-09-625,4.0,4.9,0.002,2.07
SBR-09-650,0.0,1.0,0.002,1.68
SBR-09-650,1.0,2.0,0.002,1.58
SBR-09-650,2.0,3.0,0.002,1.73
SBR-09-650,3.0,4.0,0.002,2.03
SBR-09-650,4.0,4.7,0.002,2.06
SBR-10-050,0.0,1.0,0.0065,1.54
SBR-10-050,1.0,2.0,0.002,1.47
SBR-10-050,2.0,3.0,0.002,1.61
SBR-10-050,3.0,4.0,0.002,1.78
SBR-10-050,4.0,5.0,0.0569,1.98
SBR-10-050,5.0,5.8,0.002,2.03
SBR-10-075,0.0,1.0,0.0077,1.51
SBR-10-075,1.0,2.0,0.0064,1.62
SBR-10-075,2.0,3.0,0.0054,1.62
SBR-10-075,3.0,4.0,0.002,1.62
SBR-10-075,4.0,5.0,0.0496,1.89
SBR-10-075,5.0,6.3,0.0095,2.15
SBR-10-100,0.0,1.0,0.002,1.57
SBR-10-100,1.0,2.0,0.002,1.55
SBR-10-100,2.0,3.0,0.002,1.61
SBR-10-100,3.0,4.0,0.0113,1.77
SBR-10-100,4.0,5.0,0.0241,1.66
SBR-10-100,5.0,6.0,0.2822,2.02
SBR-10-100,6.0,7.0,0.021,2.02
SBR-10-100,7.0,7.6,0.002,2.13
SBR-10-125,0.0,1.0,0.002,1.49
SBR-10-125,1.0,2.0,0.002,1.58
SBR-10-125,2.0,3.0,0.0058,1.59
SBR-10-125,3.0,4.0,0.0094,1.75
SBR-10-125,4.0,5.0,0.0113,1.58
SBR-10-125,5.0,6.0,0.0071,1.64
SBR-10-125,6.0,7.0,0.1574,1.93
SBR-10-125,7.0,8.0,0.4228,1.8
SBR-10-125,8.0,9.0,0.0222,2.1
SBR-10-125,9.0,9.3,0.0062,2.13
SBR-10-150,0.0,1.0,0.002,1.72
SBR-10-150,1.0,2.0,0.002,1.49
SBR-10-150,2.0,3.0,0.002,1.84
SBR-10-150,3.0,4.0,0.002,1.7
SBR-10-150,4.0,5.0,0.002,1.8
SBR-10-150,5.0,6.0,0.008,1.62
SBR-10-150,6.0,7.0,0.0075,1.83
SBR-10-150,7.0,8.0,0.0201,1.73
SBR-10-150,8.0,9.0,0.2021,1.92
SBR-10-150,9.0,10.0,0.3388,1.88
SBR-10-150,10.0,11.0,0.0203,2.16
SBR-10-150,11.0,11.3,0.0138,2.19
SBR-10-175,0.0,1.0,0.002,1.5
SBR-10-175,1.0,2.0,0.002,1.55
SBR-10-175,2.0,3.0,0.0152,1.59
SBR-10-175,3.0,4.0,0.002,1.82
SBR-10-175,4.0,5.0,0.002,1.78
SBR-10-175,5.0,6.0,0.002,1.65
SBR-10-175,6.0,7.0,0.002,1.73
SBR-10-175,7.0,8.0,0.002,1.72
SBR-10-175,8.0,9.0,0.002,1.66
SBR-10-175,9.0,10.0,0.01,1.77
SBR-10-175,10.0,11.0,0.9537,1.93
SBR-10-175,11.0,12.0,0.1704,1.98
SBR-10-175,12.0,13.1,0.027,2.17
SBR-10-200,0.0,1.0,0.002,1.53
SBR-10-200,1.0,2.0,0.002,1.61
SBR-10-200,2.0,3.0,0.002,1.53
SBR-10-200,3.0,4.0,0.002,1.73
SBR-10-200,4.0,5.0,0.002,1.7
SBR-10-200,5.0,6.0,0.002,1.78
SBR-10-200,6.0,7.0,0.002,1.76
SBR-10-200,7.0,8.0,0.0051,1.76
SBR-10-200,8.0,9.0,0.0094,1.81
SBR-10-200,9.0,10.0,0.0095,1.96
SBR-10-200,10.0,11.0,0.018,1.72
SBR-10-200,11.0,12.0,0.0149,1.8
SBR-10-200,12.0,13.0,0.3916,1.96
SBR-10-200,13.0,14.0,0.5775,1.96
SBR-10-200,14.0,15.0,0.0784,1.93
SBR-10-200,15.0,15.5,0.0648,2.13
SBR-10-225,0.0,1.0,0.002,1.53
SBR-10-225,1.0,2.0,0.002,1.56
SBR-10-225,2.0,3.0,0.002,1.57
SBR-10-225,3.0,4.0,0.002,1.8
SBR-10-225,4.0,5.0,0.002,1.81
SBR-10-225,5.0,6.0,0.002,1.87
SBR-10-225,6.0,7.0,0.002,1.81
SBR-10-225,7.0,8.0,0.002,1.82
SBR-10-225,8.0,9.0,0.002,1.68
SBR-10-225,9.0,10.0,0.0115,1.55
SBR-10-225,10.0,11.0,0.0182,1.89
SBR-10-225,11.0,12.0,0.0304,1.74
SBR-10-225,12.0,13.0,0.0223,1.73
SBR-10-225,13.0,14.0,0.0585,1.71
SBR-10-225,14.0,15.0,1.2098,1.99
SBR-10-225,15.0,16.0,2.5983,2.08
SBR-10-225,16.0,17.1,0.0907,2.02
SBR-10-250,0.0,1.0,0.0119,1.57
SBR-10-250,1.0,2.0,0.002,1.58
SBR-10-250,2.0,3.0,0.002,1.62
SBR-10-250,3.0,4.0,0.002,1.9
SBR-10-250,4.0,5.0,0.002,1.71
SBR-10-250,5.0,6.0,0.002,1.76
SBR-10-250,6.0,7.0,0.002,1.77
SBR-10-250,7.0,8.0,0.002,1.74
SBR-10-250,8.0,9.0,0.002,1.8
SBR-10-250,9.0,10.0,0.0063,1.74
SBR-10-250,10.0,11.0,0.0074,1.77
SBR-10-250,11.0,12.0,0.0448,1.78
SBR-10-250,12.0,13.0,0.0286,1.6
SBR-10-250,13.0,14.0,0.0228,1.64
SBR-10-250,14.0,15.0,0.0277,1.74
SBR-10-250,15.0,16.0,0.0916,1.67
SBR-10-250,16.0,17.0,1.4807,1.85
SBR-10-250,17.0,18.0,0.145,1.84
SBR-10-250,18.0,18.7,0.0382,1.96
SBR-10-275,0.0,1.0,0.0052,1.36
SBR-10-275,1.0,2.0,0.002,1.51
SBR-10-275,2.0,3.0,0.002,1.86
SBR-10-275,3.0,4.0,0.002,1.81
SBR-10-275,4.0,5.0,0.002,1.76
SBR-10-275,5.0,6.0,0.002,1.65
SBR-10-275,6.0,7.0,0.002,1.72
SBR-10-275,7.0,8.0,0.002,1.8
SBR-10-275,8.0,9.0,0.002,1.84
SBR-10-275,9.0,10.0,0.002,1.88
SBR-10-275,10.0,11.0,0.002,1.66
SBR-10-275,11.0,12.0,0.002,1.57
SBR-10-275,12.0,13.0,0.011,1.59
SBR-10-275,13.0,14.0,0.002,1.65
SBR-10-275,14.0,15.0,0.013,1.61
SBR-10-275,15.0,16.0,0.0281,1.73
SBR-10-275,16.0,17.0,0.0426,1.88
SBR-10-275,17.0,18.0,0.8288,1.87
SBR-10-275,18.0,19.0,0.0522,2.04
SBR-10-275,19.0,19.6,0.036,1.88
SBR-10-300,0.0,1.0,0.002,1.63
SBR-10-300,1.0,2.0,0.002,1.62
SBR-10-300,2.0,3.0,0.002,1.71
SBR-10-300,3.0,4.0,0.002,1.82
SBR-10-300,4.0,5.0,0.002,1.88
SBR-10-300,5.0,6.0,0.002,1.67
SBR-10-300,6.0,7.0,0.002,1.75
SBR-10-300,7.0,8.0,0.002,1.76
SBR-10-300,8.0,9.0,0.002,1.64
SBR-10-300,9.0,10.0,0.002,1.76
SBR-10-300,10.0,11.0,0.002,1.86
SBR-10-300,11.0,12.0,0.002,1.67
SBR-10-300,12.0,13.0,0.002,1.56
SBR-10-300,13.0,14.0,0.002,1.74
SBR-10-300,14.0,15.0,0.0129,1.71
SBR-10-300,15.0,16.0,0.0102,1.66
SBR-10-300,16.0,17.0,0.0305,1.87
SBR-10-300,17.0,18.0,0.4527,1.84
SBR-10-300,18.0,19.0,0.0701,1.96
SBR-10-300,19.0,19.4,0.0284,1.91
SBR-10-325,0.0,1.0,0.0066,1.47
SBR-10-325,1.0,2.0,0.002,1.5
SBR-10-325,2.0,3.0,0.002,1.73
SBR-10-325,3.0,4.0,0.002,1.63
SBR-10-325,4.0,5.0,0.002,1.69
SBR-10-325,5.0,6.0,0.002,1.81
SBR-10-325,6.0,7.0,0.002,1.75
SBR-10-325,7.0,8.0,0.002,1.68
SBR-10-325,8.0,9.0,0.002,1.8
SBR-10-325,9.0,10.0,0.002,1.7
SBR-10-325,10.0,11.0,0.002,1.86
SBR-10-325,11.0,12.0,0.0053,1.75
SBR-10-325,12.0,13.0,0.002,1.76
SBR-10-325,13.0,14.0,0.0209,1.87
SBR-10-325,14.0,15.0,0.0089,1.77
SBR-10-325,15.0,16.0,0.0062,1.78
SBR-10-325,16.0,17.0,0.2714,1.94
SBR-10-325,17.0,18.0,0.5553,1.98
SBR-10-325,18.0,19.0,0.1362,1.88
SBR-10-350,0.0,1.0,0.002,1.59
SBR-10-350,1.0,2.0,0.002,1.55
SBR-10-350,2.0,3.0,0.002,1.71
SBR-10-350,3.0,4.0,0.002,1.67
SBR-10-350,4.0,5.0,0.002,1.79
SBR-10-350,5.0,6.0,0.002,1.71
SBR-10-350,6.0,7.0,0.002,1.7
SBR-10-350,7.0,8.0,0.002,1.62
SBR-10-350,8.0,9.0,0.002,1.81
SBR-10-350,9.0,10.0,0.0051,1.74
SBR-10-350,10.0,11.0,0.002,1.69
SBR-10-350,11.0,12.0,0.002,1.76
SBR-10-350,12.0,13.0,0.0073,1.82
SBR-10-350,13.0,14.0,0.0089,1.69
SBR-10-350,14.0,15.0,0.0102,1.74
SBR-10-350,15.0,16.0,0.2554,1.88
SBR-10-350,16.0,17.0,3.0305,1.88
SBR-10-350,17.0,18.2,0.1321,2.18
SBR-10-375,0.0,1.0,0.002,1.55
SBR-10-375,1.0,2.0,0.002,1.54
SBR-10-375,2.0,3.0,0.002,1.8
SBR-10-375,3.0,4.0,0.002,1.79
SBR-10-375,4.0,5.0,0.002,1.72
SBR-10-375,5.0,6.0,0.002,1.61
SBR-10-375,6.0,7.0,0.002,1.81
SBR-10-375,7.0,8.0,0.002,1.76
SBR-10-375,8.0,9.0,0.002,1.76
SBR-10-375,9.0,10.0,0.002,1.71
SBR-10-375,10.0,11.0,0.002,1.64
SBR-10-375,11.0,12.0,0.0099,1.83
SBR-10-375,12.0,13.0,0.0051,1.71
SBR-10-375,13.0,14.0,0.0157,1.81
SBR-10-375,14.0,15.0,0.3263,1.87
SBR-10-375,15.0,16.0,1.7866,1.82
SBR-10-375,16.0,17.0,0.3872,2.06
SBR-10-375,17.0,17.8,0.1286,2.08
SBR-10-400,0.0,1.0,0.002,1.6
SBR-10-400,1.0,2.0,0.002,1.55
SBR-10-400,2.0,3.0,0.002,1.72
SBR-10-400,3.0,4.0,0.002,1.6
SBR-10-400,4.0,5.0,0.002,1.68
SBR-10-400,5.0,6.0,0.002,1.71
SBR-10-400,6.0,7.0,0.002,1.74
SBR-10-400,7.0,8.0,0.0074,1.69
SBR-10-400,8.0,9.0,0.0073,1.72
SBR-10-400,9.0,10.0,0.0139,1.76
SBR-10-400,10.0,11.0,0.0135,1.78
SBR-10-400,11.0,12.0,0.0151,1.63
SBR-10-400,12.0,13.0,0.023,1.82
SBR-10-400,13.0,14.0,0.8805,2.03
SBR-10-400,14.0,15.0,0.6325,1.88
SBR-10-400,15.0,16.1,0.187,1.83
SBR-10-425,0.0,1.0,0.002,1.49
SBR-10-425,1.0,2.0,0.002,1.49
SBR-10-425,2.0,3.0,0.002,1.63
SBR-10-425,3.0,4.0,0.002,1.78
SBR-10-425,4.0,5.0,0.002,1.75
SBR-10-425,5.0,6.0,0.0097,1.66
SBR-10-425,6.0,7.0,0.0068,1.72
SBR-10-425,7.0,8.0,0.0084,1.66
SBR-10-425,8.0,9.0,0.008,1.65
SBR-10-425,9.0,10.0,0.011,1.7
SBR-10-425,10.0,11.0,0.0251,1.72
SBR-10-425,11.0,12.0,0.0248,1.64
SBR-10-425,12.0,13.0,0.5425,2.06
SBR-10-425,13.0,14.0,0.2309,2.05
SBR-10-425,14.0,14.4,0.0531,2.01
SBR-10-450,0.0,1.0,0.002,1.5
SBR-10-450,1.0,2.0,0.0056,1.55
SBR-10-450,2.0,3.0,0.002,1.72
SBR-10-450,3.0,4.0,0.002,1.72
SBR-10-450,4.0,5.0,0.0059,1.72
SBR-10-450,5.0,6.0,0.002,1.7
SBR-10-450,6.0,7.0,0.0163,1.54
SBR-10-450,7.0,8.0,0.0053,1.7
SBR-10-450,8.0,9.0,0.0061,1.7
SBR-10-450,9.0,10.0,0.0169,1.7
SBR-10-450,10.0,11.0,0.5346,1.84
SBR-10-450,11.0,12.0,0.0733,2.2
SBR-10-450,12.0,12.7,0.0418,2.05
SBR-10-475,0.0,1.0,0.002,1.58
SBR-10-475,1.0,2.0,0.002,1.59
SBR-10-475,2.0,3.0,0.002,1.73
SBR-10-475,3.0,4.0,0.002,1.61
SBR-10-475,4.0,5.0,0.0082,1.73
SBR-10-475,5.0,6.0,0.0054,1.79
SBR-10-475,6.0,7.0,0.002,1.85
SBR-10-475,7.0,8.0,0.0124,1.68
SBR-10-475,8.0,9.0,0.0131,1.59
SBR-10-475,9.0,10.0,0.3645,1.91
SBR-10-475,10.0,10.7,0.0342,2.01
SBR-10-500,0.0,1.0,0.002,1.59
SBR-10-500,1.0,2.0,0.002,1.46
SBR-10-500,2.0,3.0,0.002,1.68
SBR-10-500,3.0,4.0,0.002,1.71
SBR-10-500,4.0,5.0,0.002,1.69
SBR-10-500,5.0,6.0,0.002,1.79
SBR-10-500,6.0,7.0,0.002,1.66
SBR-10-500,7.0,8.0,0.1123,2.01
SBR-10-500,8.0,9.0,0.0253,2.17
SBR-10-500,9.0,9.7,0.0062,2.1
SBR-10-525,0.0,1.0,0.002,1.58
SBR-10-525,1.0,2.0,0.002,1.5
SBR-10-525,2.0,3.0,0.002,1.46
SBR-10-525,3.0,4.0,0.002,1.7
SBR-10-525,4.0,5.0,0.002,1.73
SBR-10-525,5.0,6.0,0.002,1.74
SBR-10-525,6.0,7.0,0.0177,1.85
SBR-10-525,7.0,8.0,0.002,2.07
SBR-10-525,8.0,8.8,0.002,2.08
SBR-10-550,0.0,1.0,0.002,1.52
SBR-10-550,1.0,2.0,0.0091,1.74
SBR-10-550,2.0,3.0,0.002,1.63
SBR-10-550,3.0,4.0,0.002,1.72
SBR-10-550,4.0,5.0,0.002,1.73
SBR-10-550,5.0,6.0,0.002,1.79
SBR-10-550,6.0,7.0,0.0098,2.0
SBR-10-550,7.0,8.1,0.002,2.04
SBR-10-575,0.0,1.0,0.0052,1.46
SBR-10-575,1.0,2.0,0.002,1.44
SBR-10-575,2.0,3.0,0.0054,1.61
SBR-10-575,3.0,4.0,0.002,1.72
SBR-10-575,4.0,5.0,0.002,1.64
SBR-10-575,5.0,6.0,0.002,2.09
SBR-10-575,6.0,6.6,0.002,2.05
SBR-10-600,0.0,1.0,0.0088,1.53
SBR-10-600,1.0,2.0,0.002,1.52
SBR-10-600,2.0,3.0,0.002,1.65
SBR-10-600,3.0,4.0,0.002,1.71
SBR-10-600,4.0,5.0,0.002,1.96
SBR-10-600,5.0,6.0,0.002,2.13
SBR-10-600,6.0,6.4,0.002,2.08
SBR-10-625,0.0,1.0,0.002,1.6
SBR-10-625,1.0,2.0,0.0057,1.44
SBR-10-625,2.0,3.0,0.0108,1.52
SBR-10-625,3.0,4.0,0.002,1.82
SBR-10-625,4.0,5.3,0.002,2.12
SBR-10-650,0.0,1.0,0.002,1.59
SBR-10-650,1.0,2.0,0.002,1.41
SBR-10-650,2.0,3.0,0.002,1.77
SBR-10-650,3.0,4.0,0.002,1.84
SBR-10-650,4.0,4.9,0.002,1.83
SBR-11-050,0.0,1.0,0.002,1.49
SBR-11-050,1.0,2.0,0.002,1.57
SBR-11-050,2.0,3.0,0.002,1.76
SBR-11-050,3.0,4.0,0.0171,1.82
SBR-11-050,4.0,4.6,0.002,2.07
SBR-11-075,0.0,1.0,0.0061,1.71
SBR-11-075,1.0,2.0,0.002,1.74
SBR-11-075,2.0,3.0,0.002,1.68
SBR-11-075,3.0,4.0,0.002,1.73
SBR-11-075,4.0,5.0,0.0108,2.08
SBR-11-075,5.0,6.3,0.002,2.09
SBR-11-100,0.0,1.0,0.002,1.61
SBR-11-100,1.0,2.0,0.002,1.6
SBR-11-100,2.0,3.0,0.002,1.82
SBR-11-100,3.0,4.0,0.002,1.79
SBR-11-100,4.0,5.0,0.002,1.65
SBR-11-100,5.0,6.0,0.002,1.69
SBR-11-100,6.0,7.0,0.0271,1.89
SBR-11-100,7.0,7.8,0.002,2.06
SBR-11-125,0.0,1.0,0.002,1.49
SBR-11-125,1.0,2.0,0.002,1.65
SBR-11-125,2.0,3.0,0.002,1.78
SBR-11-125,3.0,4.0,0.002,1.77
SBR-11-125,4.0,5.0,0.002,1.62
SBR-11-125,5.0,6.0,0.002,1.74
SBR-11-125,6.0,7.0,0.0054,1.88
SBR-11-125,7.0,8.0,0.0964,1.98
SBR-11-125,8.0,9.0,0.023,1.88
SBR-11-125,9.0,9.6,0.0147,1.92
SBR-11-150,0.0,1.0,0.002,1.64
SBR-11-150,1.0,2.0,0.002,1.65
SBR-11-150,2.0,3.0,0.002,1.67
SBR-11-150,3.0,4.0,0.002,1.88
SBR-11-150,4.0,5.0,0.002,1.7
SBR-11-150,5.0,6.0,0.002,1.89
SBR-11-150,6.0,7.0,0.002,1.78
SBR-11-150,7.0,8.0,0.002,1.73
SBR-11-150,8.0,9.0,0.002,1.81
SBR-11-150,9.0,10.0,0.1016,2.02
SBR-11-150,10.0,11.0,0.0097,2.02
SBR-11-150,11.0,12.0,0.002,2.04
SBR-11-175,0.0,1.0,0.002,1.66
SBR-11-175,1.0,2.0,0.002,1.57
SBR-11-175,2.0,3.0,0.002,1.7
SBR-11-175,3.0,4.0,0.002,1.69
SBR-11-175,4.0,5.0,0.002,1.86
SBR-11-175,5.0,6.0,0.002,1.75
SBR-11-175,6.0,7.0,0.002,1.81
SBR-11-175,7.0,8.0,0.002,1.66
SBR-11-175,8.0,9.0,0.002,1.73
SBR-11-175,9.0,10.0,0.002,1.72
SBR-11-175,10.0,11.0,0.0063,1.74
SBR-11-175,11.0,12.0,0.068,1.9
SBR-11-175,12.0,13.0,0.008,2.14
SBR-11-175,13.0,14.1,0.002,1.77
SBR-11-200,0.0,1.0,0.002,1.46
SBR-11-200,1.0,2.0,0.0064,1.5
SBR-11-200,2.0,3.0,0.002,1.62
SBR-11-200,3.0,4.0,0.002,1.7
SBR-11-200,4.0,5.0,0.002,1.67
SBR-11-200,5.0,6.0,0.002,1.79
SBR-11-200,6.0,7.0,0.002,1.84
SBR-11-200,7.0,8.0,0.002,1.78
SBR-11-200,8.0,9.0,0.002,1.77
SBR-11-200,9.0,10.0,0.002,1.79
SBR-11-200,10.0,11.0,0.002,1.58
SBR-11-200,11.0,12.0,0.002,1.67
SBR-11-200,12.0,13.0,0.002,1.75
SBR-11-200,13.0,14.0,0.0588,2.04
SBR-11-200,14.0,15.0,0.0458,2.05
SBR-11-200,15.0,16.2,0.0094,1.95
SBR-11-225,0.0,1.0,0.002,1.59
SBR-11-225,1.0,2.0,0.002,1.57
SBR-11-225,2.0,3.0,0.002,1.72
SBR-11-225,3.0,4.0,0.002,1.73
SBR-11-225,4.0,5.0,0.002,1.76
SBR-11-225,5.0,6.0,0.002,1.8
SBR-11-225,6.0,7.0,0.002,1.58
SBR-11-225,7.0,8.0,0.002,1.74
SBR-11-225,8.0,9.0,0.002,1.61
SBR-11-225,9.0,10.0,0.002,1.82
SBR-11-225,10.0,11.0,0.002,1.73
SBR-11-225,11.0,12.0,0.002,1.71
SBR-11-225,12.0,13.0,0.002,1.8
SBR-11-225,13.0,14.0,0.002,1.72
SBR-11-225,14.0,15.0,0.0098,1.71
SBR-11-225,15.0,16.0,0.096,1.99
SBR-11-225,16.0,17.0,0.1384,1.96
SBR-11-225,17.0,18.0,0.0264,1.98
SBR-11-225,18.0,18.3,0.0176,2.15
SBR-11-250,0.0,1.0,0.002,1.54
SBR-11-250,1.0,2.0,0.002,1.7
SBR-11-250,2.0,3.0,0.002,1.73
SBR-11-250,3.0,4.0,0.002,1.7
SBR-11-250,4.0,5.0,0.002,1.56
SBR-11-250,5.0,6.0,0.002,1.64
SBR-11-250,6.0,7.0,0.002,1.72
SBR-11-250,7.0,8.0,0.002,1.7
SBR-11-250,8.0,9.0,0.002,1.7
SBR-11-250,9.0,10.0,0.002,1.83
SBR-11-250,10.0,11.0,0.002,1.69
SBR-11-250,11.0,12.0,0.002,1.67
SBR-11-250,12.0,13.0,0.0053,1.69
SBR-11-250,13.0,14.0,0.002,1.61
SBR-11-250,14.0,15.0,0.0329,1.68
SBR-11-250,15.0,16.0,0.0063,1.75
SBR-11-250,16.0,17.0,0.0074,1.63
SBR-11-250,17.0,18.0,0.5204,1.91
SBR-11-250,18.0,19.0,0.8196,1.85
SBR-11-250,19.0,20.0,0.1478,2.16
SBR-11-250,20.0,20.8,0.0141,1.71
SBR-11-275,0.0,1.0,0.002,1.56
SBR-11-275,1.0,2.0,0.002,1.66
SBR-11-275,2.0,3.0,0.002,1.69
SBR-11-275,3.0,4.0,0.002,1.77
SBR-11-275,4.0,5.0,0.002,1.73
SBR-11-275,5.0,6.0,0.002,1.8
SBR-11-275,6.0,7.0,0.002,1.67
SBR-11-275,7.0,8.0,0.002,1.76
SBR-11-275,8.0,9.0,0.002,1.73
SBR-11-275,9.0,10.0,0.002,1.85
SBR-11-275,10.0,11.0,0.002,1.75
SBR-11-275,11.0,12.0,0.0117,1.84
SBR-11-275,12.0,13.0,0.002,1.81
SBR-11-275,13.0,14.0,0.0147,1.68
SBR-11-275,14.0,15.0,0.0134,1.69
SBR-11-275,15.0,16.0,0.0211,1.75
SBR-11-275,16.0,17.0,0.0344,1.72
SBR-11-275,17.0,18.0,0.0403,1.69
SBR-11-275,18.0,19.0,1.6062,2.18
SBR-11-275,19.0,20.0,0.8828,2.01
SBR-11-275,20.0,21.0,0.0913,2.17
SBR-11-275,21.0,21.8,0.0324,2.05
SBR-11-300,0.0,1.0,0.002,1.61
SBR-11-300,1.0,2.0,0.002,1.81
SBR-11-300,2.0,3.0,0.002,1.73
SBR-11-300,3.0,4.0,0.002,1.71
SBR-11-300,4.0,5.0,0.002,1.66
SBR-11-300,5.0,6.0,0.002,1.59
SBR-11-300,6.0,7.0,0.002,1.77
SBR-11-300,7.0,8.0,0.002,1.84
SBR-11-300,8.0,9.0,0.002,1.76
SBR-11-300,9.0,10.0,0.002,1.75
SBR-11-300,10.0,11.0,0.002,1.66
SBR-11-300,11.0,12.0,0.002,1.85
SBR-11-300,12.0,13.0,0.0106,1.88
SBR-11-300,13.0,14.0,0.0164,1.77
SBR-11-300,14.0,15.0,0.0293,1.82
SBR-11-300,15.0,16.0,0.0698,1.75
SBR-11-300,16.0,17.0,0.1185,1.76
SBR-11-300,17.0,18.0,0.0875,1.56
SBR-11-300,18.0,19.0,2.6073,1.96
SBR-11-300,19.0,20.0,2.2785,2.1
SBR-11-300,20.0,21.2,0.0494,1.98
SBR-11-325,0.0,1.0,0.0055,1.61
SBR-11-325,1.0,2.0,0.002,1.68
SBR-11-325,2.0,3.0,0.002,1.76
SBR-11-325,3.0,4.0,0.002,1.64
SBR-11-325,4.0,5.0,0.002,1.74
SBR-11-325,5.0,6.0,0.002,1.58
SBR-11-325,6.0,7.0,0.002,1.66
SBR-11-325,7.0,8.0,0.002,1.8
SBR-11-325,8.0,9.0,0.002,1.65
SBR-11-325,9.0,10.0,0.0056,1.82
SBR-11-325,10.0,11.0,0.002,1.7
SBR-11-325,11.0,12.0,0.002,1.54
SBR-11-325,12.0,13.0,0.002,1.72
SBR-11-325,13.0,14.0,0.0073,1.73
SBR-11-325,14.0,15.0,0.0173,1.79
SBR-11-325,15.0,16.0,0.0392,1.81
SBR-11-325,16.0,17.0,0.0168,1.77
SBR-11-325,17.0,18.0,0.4834,1.81
SBR-11-325,18.0,19.0,0.9071,1.91
SBR-11-325,19.0,20.0,0.0816,2.15
SBR-11-325,20.0,20.5,0.0678,1.99
SBR-11-350,0.0,1.0,0.002,1.62
SBR-11-350,1.0,2.0,0.002,1.71
SBR-11-350,2.0,3.0,0.002,1.69
SBR-11-350,3.0,4.0,0.002,1.73
SBR-11-350,4.0,5.0,0.002,1.69
SBR-11-350,5.0,6.0,0.002,1.79
SBR-11-350,6.0,7.0,0.002,1.78
SBR-11-350,7.0,8.0,0.002,1.6
SBR-11-350,8.0,9.0,0.002,1.67
SBR-11-350,9.0,10.0,0.002,1.82
SBR-11-350,10.0,11.0,0.002,1.83
SBR-11-350,11.0,12.0,0.002,1.65
SBR-11-350,12.0,13.0,0.002,1.67
SBR-11-350,13.0,14.0,0.002,1.59
SBR-11-350,14.0,15.0,0.0079,1.76
SBR-11-350,15.0,16.0,0.0087,1.72
SBR-11-350,16.0,17.0,0.0081,1.62
SBR-11-350,17.0,18.0,0.2982,2.09
SBR-11-350,18.0,19.0,0.0149,1.97
SBR-11-350,19.0,19.3,0.0246,2.1
SBR-11-375,0.0,1.0,0.002,1.69
SBR-11-375,1.0,2.0,0.002,1.73
SBR-11-375,2.0,3.0,0.002,1.7
SBR-11-375,3.0,4.0,0.002,1.77
SBR-11-375,4.0,5.0,0.002,1.79
SBR-11-375,5.0,6.0,0.002,1.75
SBR-11-375,6.0,7.0,0.002,1.81
SBR-11-375,7.0,8.0,0.002,1.81
SBR-11-375,8.0,9.0,0.002,1.74
SBR-11-375,9.0,10.0,0.002,1.82
SBR-11-375,10.0,11.0,0.002,1.7
SBR-11-375,11.0,12.0,0.002,1.71
SBR-11-375,12.0,13.0,0.002,1.67
SBR-11-375,13.0,14.0,0.002,1.55
SBR-11-375,14.0,15.0,0.0065,1.82
SBR-11-375,15.0,16.0,0.0076,1.88
SBR-11-375,16.0,17.0,0.183,1.72
SBR-11-375,17.0,18.0,0.0305,2.07
SBR-11-375,18.0,18.3,0.0148,2.14
SBR-11-400,0.0,1.0,0.015,1.65
SBR-11-400,1.0,2.0,0.002,1.73
SBR-11-400,2.0,3.0,0.002,1.82
SBR-11-400,3.0,4.0,0.002,1.74
SBR-11-400,4.0,5.0,0.002,1.67
SBR-11-400,5.0,6.0,0.002,1.74
SBR-11-400,6.0,7.0,0.002,1.71
SBR-11-400,7.0,8.0,0.002,1.71
SBR-11-400,8.0,9.0,0.002,1.7
SBR-11-400,9.0,10.0,0.002,1.67
SBR-11-400,10.0,11.0,0.002,1.58
SBR-11-400,11.0,12.0,0.002,1.64
SBR-11-400,12.0,13.0,0.002,1.74
SBR-11-400,13.0,14.0,0.0059,1.66
SBR-11-400,14.0,15.0,0.0906,1.91
SBR-11-400,15.0,16.0,0.0341,1.8
SBR-11-400,16.0,16.3,0.0217,2.05
SBR-11-425,0.0,1.0,0.0106,1.46
SBR-11-425,1.0,2.0,0.002,1.72
SBR-11-425,2.0,3.0,0.002,1.69
SBR-11-425,3.0,4.0,0.002,1.67
SBR-11-425,4.0,5.0,0.002,1.72
SBR-11-425,5.0,6.0,0.002,1.62
SBR-11-425,6.0,7.0,0.002,1.78
SBR-11-425,7.0,8.0,0.002,1.78
SBR-11-425,8.0,9.0,0.002,1.68
SBR-11-425,9.0,10.0,0.002,1.62
SBR-11-425,10.0,11.0,0.002,1.67
SBR-11-425,11.0,12.0,0.002,1.78
SBR-11-425,12.0,13.0,0.0147,1.67
SBR-11-425,13.0,14.0,0.1575,1.95
SBR-11-425,14.0,15.0,0.0229,1.83
SBR-11-425,15.0,15.4,0.0174,2.03
SBR-11-450,0.0,1.0,0.002,1.64
SBR-11-450,1.0,2.0,0.002,1.63
SBR-11-450,2.0,3.0,0.002,1.86
SBR-11-450,3.0,4.0,0.002,1.72
SBR-11-450,4.0,5.0,0.002,1.7
SBR-11-450,5.0,6.0,0.002,1.64
SBR-11-450,6.0,7.0,0.002,1.85
SBR-11-450,7.0,8.0,0.002,1.8
SBR-11-450,8.0,9.0,0.002,1.65
SBR-11-450,9.0,10.0,0.002,1.74
SBR-11-450,10.0,11.0,0.002,1.6
SBR-11-450,11.0,12.0,0.0649,1.82
SBR-11-450,12.0,13.0,0.1681,2.0
SBR-11-450,13.0,14.0,0.0156,2.06
SBR-11-450,14.0,14.3,0.006,2.2
SBR-11-475,0.0,1.0,0.002,1.57
SBR-11-475,1.0,2.0,0.0053,1.56
SBR-11-475,2.0,3.0,0.002,1.74
SBR-11-475,3.0,4.0,0.002,1.67
SBR-11-475,4.0,5.0,0.002,1.69
SBR-11-475,5.0,6.0,0.002,1.77
SBR-11-475,6.0,6.9,0.002,1.8
SBR-11-500,0.0,1.0,0.002,1.43
SBR-11-500,1.0,2.0,0.002,1.68
SBR-11-500,2.0,3.0,0.002,1.76
SBR-11-500,3.0,4.0,0.002,1.74
SBR-11-500,4.0,5.0,0.002,1.8
SBR-11-500,5.0,6.0,0.002,1.65
SBR-11-500,6.0,7.0,0.002,1.84
SBR-11-500,7.0,8.0,0.002,1.76
SBR-11-500,8.0,9.0,0.002,1.82
SBR-11-500,9.0,10.0,0.0428,1.94
SBR-11-500,10.0,10.9,0.012,2.1
SBR-11-525,0.0,1.0,0.002,1.49
SBR-11-525,1.0,2.0,0.002,1.47
SBR-11-525,2.0,3.0,0.0062,1.57
SBR-11-525,3.0,4.0,0.002,1.81
SBR-11-525,4.0,5.0,0.002,1.62
SBR-11-525,5.0,6.0,0.002,1.71
SBR-11-525,6.0,7.0,0.002,1.8
SBR-11-525,7.0,8.0,0.002,1.74
SBR-11-525,8.0,9.0,0.088,1.94
SBR-11-525,9.0,10.0,0.0056,2.1
SBR-11-525,10.0,10.4,0.002,1.97
SBR-11-550,0.0,1.0,0.002,1.56
SBR-11-550,1.0,2.0,0.002,1.64
SBR-11-550,2.0,3.0,0.002,1.59
SBR-11-550,3.0,4.0,0.002,1.76
SBR-11-550,4.0,5.0,0.002,1.49
SBR-11-550,5.0,6.0,0.002,1.66
SBR-11-550,6.0,7.0,0.002,1.66
SBR-11-550,7.0,8.0,0.1264,1.95
SBR-11-550,8.0,9.0,0.0263,1.95
SBR-11-550,9.0,9.5,0.0072,2.06
SBR-11-575,0.0,1.0,0.0062,1.45
SBR-11-575,1.0,2.0,0.002,1.6
SBR-11-575,2.0,3.0,0.0053,1.54
SBR-11-575,3.0,4.0,0.002,1.55
SBR-11-575,4.0,5.3,0.002,1.71
SBR-11-600,0.0,1.0,0.002,1.61
SBR-11-600,1.0,2.0,0.002,1.49
SBR-11-600,2.0,3.0,0.002,1.46
SBR-11-600,3.0,4.0,0.006,1.63
SBR-11-600,4.0,5.0,0.002,1.79
SBR-11-600,5.0,6.0,0.002,1.67
SBR-11-600,6.0,7.0,0.005,1.88
SBR-11-600,7.0,8.0,0.002,2.06
SBR-11-600,8.0,8.6,0.002,2.05
SBR-11-625,0.0,1.0,0.0064,1.52
SBR-11-625,1.0,2.0,0.002,1.5
SBR-11-625,2.0,3.0,0.002,1.48
SBR-11-625,3.0,4.0,0.002,1.56
SBR-11-625,4.0,5.0,0.002,1.7
SBR-11-625,5.0,6.0,0.002,1.94
SBR-11-625,6.0,7.3,0.002,1.9
SBR-11-650,0.0,1.0,0.002,1.62
SBR-11-650,1.0,2.0,0.0111,1.56
SBR-11-650,2.0,3.0,0.002,1.63
SBR-11-650,3.0,4.0,0.002,1.51
SBR-11-650,4.0,5.0,0.002,1.83
SBR-11-650,5.0,6.0,0.002,2.03
SBR-12-050,0.0,1.0,0.002,1.44
SBR-12-050,1.0,2.0,0.002,1.48
SBR-12-050,2.0,3.0,0.002,1.62
SBR-12-050,3.0,4.0,0.002,1.97
SBR-12-050,4.0,4.7,0.002,2.07
SBR-12-075,0.0,1.0,0.002,1.55
SBR-12-075,1.0,2.0,0.002,1.6
SBR-12-075,2.0,3.0,0.002,1.7
SBR-12-075,3.0,4.0,0.002,1.53
SBR-12-075,4.0,5.0,0.002,1.8
SBR-12-075,5.0,6.0,0.002,1.98
SBR-12-075,6.0,6.6,0.002,1.94
SBR-12-100,0.0,1.0,0.0073,1.54
SBR-12-100,1.0,2.0,0.002,1.58
SBR-12-100,2.0,3.0,0.002,1.67
SBR-12-100,3.0,4.0,0.002,1.74
SBR-12-100,4.0,5.0,0.002,1.81
SBR-12-100,5.0,6.0,0.002,1.58
SBR-12-100,6.0,7.0,0.0075,2.04
SBR-12-100,7.0,8.0,0.002,2.28
SBR-12-125,0.0,1.0,0.002,1.45
SBR-12-125,1.0,2.0,0.002,1.61
SBR-12-125,2.0,3.0,0.002,1.72
SBR-12-125,3.0,4.0,0.002,1.73
SBR-12-125,4.0,5.0,0.002,1.67
SBR-12-125,5.0,6.0,0.002,1.74
SBR-12-125,6.0,7.0,0.002,1.86
SBR-12-125,7.0,8.0,0.002,1.79
SBR-12-125,8.0,9.0,0.0216,2.13
SBR-12-125,9.0,9.9,0.002,2.08
SBR-12-150,0.0,1.0,0.002,1.51
SBR-12-150,1.0,2.0,0.002,1.51
SBR-12-150,2.0,3.0,0.002,1.54
SBR-12-150,3.0,4.0,0.002,1.81
SBR-12-150,4.0,5.0,0.002,1.79
SBR-12-150,5.0,6.0,0.002,1.72
SBR-12-150,6.0,7.0,0.002,1.66
SBR-12-150,7.0,8.0,0.002,1.74
SBR-12-150,8.0,9.0,0.002,1.75
SBR-12-150,9.0,10.0,0.058,1.97
SBR-12-150,10.0,11.0,0.0162,1.99
SBR-12-150,11.0,12.0,0.002,2.21
SBR-12-175,0.0,1.0,0.002,1.54
SBR-12-175,1.0,2.0,0.002,1.59
SBR-12-175,2.0,3.0,0.002,1.74
SBR-12-175,3.0,4.0,0.002,1.73
SBR-12-175,4.0,5.0,0.002,1.73
SBR-12-175,5.0,6.0,0.002,1.75
SBR-12-175,6.0,7.0,0.002,1.7
SBR-12-175,7.0,8.0,0.002,1.78
SBR-12-175,8.0,9.0,0.0088,1.77
SBR-12-175,9.0,10.0,0.002,1.68
SBR-12-175,10.0,11.0,0.0081,1.73
SBR-12-175,11.0,12.0,0.4913,1.99
SBR-12-175,12.0,13.0,0.0164,2.06
SBR-12-175,13.0,13.4,0.0063,2.27
SBR-12-200,0.0,1.0,0.002,1.59
SBR-12-200,1.0,2.0,0.0054,1.55
SBR-12-200,2.0,3.0,0.002,1.73
SBR-12-200,3.0,4.0,0.002,1.65
SBR-12-200,4.0,5.0,0.002,1.69
SBR-12-200,5.0,6.0,0.002,1.76
SBR-12-200,6.0,7.0,0.002,1.65
SBR-12-200,7.0,8.0,0.002,1.71
SBR-12-200,8.0,9.0,0.002,1.64
SBR-12-200,9.0,10.0,0.002,1.64
SBR-12-200,10.0,11.0,0.002,1.79
SBR-12-200,11.0,12.0,0.0094,1.75
SBR-12-200,12.0,13.0,0.2435,1.96
SBR-12-200,13.0,14.0,0.4913,1.97
SBR-12-200,14.0,14.8,0.0167,2.01
SBR-12-225,0.0,1.0,0.002,1.49
SBR-12-225,1.0,2.0,0.002,1.57
SBR-12-225,2.0,3.0,0.002,1.71
SBR-12-225,3.0,4.0,0.002,1.86
SBR-12-225,4.0,5.0,0.002,1.57
SBR-12-225,5.0,6.0,0.002,1.66
SBR-12-225,6.0,7.0,0.002,1.78
SBR-12-225,7.0,8.0,0.002,1.81
SBR-12-225,8.0,9.0,0.002,1.7
SBR-12-225,9.0,10.0,0.002,1.75
SBR-12-225,10.0,11.0,0.002,1.78
SBR-12-225,11.0,12.0,0.002,1.77
SBR-12-225,12.0,13.0,0.0278,1.79
SBR-12-225,13.0,14.0,0.4036,1.89
SBR-12-225,14.0,15.0,0.052,2.05
SBR-12-225,15.0,15.3,0.0756,2.06
SBR-12-250,0.0,1.0,0.002,1.45
SBR-12-250,1.0,2.0,0.002,1.57
SBR-12-250,2.0,3.0,0.002,1.75
SBR-12-250,3.0,4.0,0.002,1.55
SBR-12-250,4.0,5.0,0.002,1.8
SBR-12-250,5.0,6.0,0.002,1.74
SBR-12-250,6.0,7.0,0.002,1.73
SBR-12-250,7.0,8.0,0.002,1.82
SBR-12-250,8.0,9.0,0.002,1.57
SBR-12-250,9.0,9.8,0.002,1.74
SBR-12-275,0.0,1.0,0.002,1.65
SBR-12-275,1.0,2.0,0.002,1.5
SBR-12-275,2.0,3.0,0.002,1.76
SBR-12-275,3.0,4.0,0.002,1.8
SBR-12-275,4.0,5.0,0.002,1.68
SBR-12-275,5.0,6.0,0.002,1.76
SBR-12-275,6.0,7.0,0.002,1.7
SBR-12-275,7.0,8.0,0.002,1.82
SBR-12-275,8.0,9.0,0.002,1.8
SBR-12-275,9.0,10.0,0.002,1.88
SBR-12-275,10.0,11.0,0.0058,1.58
SBR-12-275,11.0,12.0,0.0121,1.59
SBR-12-275,12.0,13.0,0.0082,1.64
SBR-12-275,13.0,14.0,0.024,1.58
SBR-12-275,14.0,15.0,0.0333,1.72
SBR-12-275,15.0,16.0,1.3925,1.86
SBR-12-275,16.0,17.0,1.1705,1.96
SBR-12-275,17.0,18.0,0.0985,2.15
SBR-12-300,0.0,1.0,0.002,1.45
SBR-12-300,1.0,2.0,0.002,1.83
SBR-12-300,2.0,3.0,0.002,1.62
SBR-12-300,3.0,4.0,0.002,1.79
SBR-12-300,4.0,5.0,0.002,1.71
SBR-12-300,5.0,6.0,0.002,1.87
SBR-12-300,6.0,7.0,0.002,1.81
SBR-12-300,7.0,8.0,0.002,1.76
SBR-12-300,8.0,9.0,0.002,1.79
SBR-12-300,9.0,10.0,0.002,1.56
SBR-12-300,10.0,11.0,0.002,1.75
SBR-12-300,11.0,12.0,0.002,1.7
SBR-12-300,12.0,13.0,0.002,1.7
SBR-12-300,13.0,14.0,0.0054,1.65
SBR-12-300,14.0,15.0,0.0108,1.76
SBR-12-300,15.0,16.0,0.0264,1.91
SBR-12-300,16.0,17.0,0.0472,1.7
SBR-12-300,17.0,18.0,1.5666,2.05
SBR-12-300,18.0,19.0,0.6424,2.0
SBR-12-300,19.0,19.5,0.0543,1.94
SBR-12-325,0.0,1.0,0.002,1.6
SBR-12-325,1.0,2.0,0.002,1.62
SBR-12-325,2.0,3.0,0.002,1.63
SBR-12-325,3.0,4.0,0.002,1.83
SBR-12-325,4.0,5.0,0.002,1.69
SBR-12-325,5.0,6.0,0.002,1.69
SBR-12-325,6.0,7.0,0.002,1.59
SBR-12-325,7.0,8.0,0.002,1.68
SBR-12-325,8.0,9.0,0.002,1.63
SBR-12-325,9.0,10.0,0.002,1.79
SBR-12-325,10.0,11.0,0.002,1.92
SBR-12-325,11.0,12.0,0.002,1.73
SBR-12-325,12.0,13.0,0.015,1.56
SBR-12-325,13.0,14.0,0.002,1.68
SBR-12-325,14.0,15.0,0.032,1.71
SBR-12-325,15.0,16.0,0.0086,1.67
SBR-12-325,16.0,17.0,0.0192,1.65
SBR-12-325,17.0,18.0,0.0952,1.69
SBR-12-325,18.0,19.0,1.0046,1.93
SBR-12-325,19.0,20.0,0.7943,1.86
SBR-12-325,20.0,20.9,0.073,2.07
SBR-12-350,0.0,1.0,0.0087,1.61
SBR-12-350,1.0,2.0,0.002,1.63
SBR-12-350,2.0,3.0,0.002,1.68
SBR-12-350,3.0,4.0,0.002,1.81
SBR-12-350,4.0,5.0,0.002,1.96
SBR-12-350,5.0,6.0,0.002,1.73
SBR-12-350,6.0,7.0,0.002,1.57
SBR-12-350,7.0,8.0,0.002,1.83
SBR-12-350,8.0,9.0,0.002,1.81
SBR-12-350,9.0,10.0,0.002,1.61
SBR-12-350,10.0,11.0,0.002,1.62
SBR-12-350,11.0,12.0,0.002,1.67
SBR-12-350,12.0,13.0,0.002,1.58
SBR-12-350,13.0,14.0,0.0108,1.68
SBR-12-350,14.0,15.0,0.002,1.69
SBR-12-350,15.0,16.0,0.0131,1.59
SBR-12-350,16.0,17.0,0.0096,1.8
SBR-12-350,17.0,18.0,0.0416,1.72
SBR-12-350,18.0,19.0,0.3286,1.99
SBR-12-350,19.0,20.0,0.2113,1.94
SBR-12-350,20.0,20.5,0.0679,1.96
SBR-12-375,0.0,1.0,0.0055,1.45
SBR-12-375,1.0,2.0,0.002,1.85
SBR-12-375,2.0,3.0,0.002,1.68
SBR-12-375,3.0,4.0,0.002,1.57
SBR-12-375,4.0,5.0,0.002,1.76
SBR-12-375,5.0,6.0,0.002,1.79
SBR-12-375,6.0,7.0,0.002,1.62
SBR-12-375,7.0,8.0,0.002,1.65
SBR-12-375,8.0,9.0,0.002,1.72
SBR-12-375,9.0,10.0,0.002,1.65
SBR-12-375,10.0,11.0,0.002,1.74
SBR-12-375,11.0,12.0,0.002,1.64
SBR-12-375,12.0,13.0,0.0052,1.76
SBR-12-375,13.0,14.0,0.0074,1.78
SBR-12-375,14.0,15.0,0.0058,1.57
SBR-12-375,15.0,16.0,0.0056,1.71
SBR-12-375,16.0,17.0,0.0075,1.63
SBR-12-375,17.0,18.0,0.0176,1.76
SBR-12-375,18.0,19.0,0.0465,2.03
SBR-12-375,19.0,19.7,0.0267,2.05
SBR-12-400,0.0,1.0,0.0059,1.46
SBR-12-400,1.0,2.0,0.002,1.79
SBR-12-400,2.0,3.0,0.002,1.67
SBR-12-400,3.0,4.0,0.002,1.6
SBR-12-400,4.0,5.0,0.002,1.83
SBR-12-400,5.0,6.0,0.002,1.85
SBR-12-400,6.0,7.0,0.002,1.65
SBR-12-400,7.0,8.0,0.002,1.75
SBR-12-400,8.0,9.0,0.002,1.68
SBR-12-400,9.0,10.0,0.002,1.78
SBR-12-400,10.0,11.0,0.0093,1.69
SBR-12-400,11.0,12.0,0.0138,1.74
SBR-12-400,12.0,13.0,0.0063,1.67
SBR-12-400,13.0,14.0,0.0076,1.78
SBR-12-400,14.0,15.0,0.0236,1.7
SBR-12-400,15.0,16.0,0.0094,1.6
SBR-12-400,16.0,17.0,0.2837,1.99
SBR-12-400,17.0,18.0,0.0411,2.18
SBR-12-425,0.0,1.0,0.002,1.44
SBR-12-425,1.0,2.0,0.002,1.61
SBR-12-425,2.0,3.0,0.002,1.77
SBR-12-425,3.0,4.0,0.002,1.71
SBR-12-425,4.0,5.0,0.002,1.65
SBR-12-425,5.0,6.0,0.002,1.73
SBR-12-425,6.0,7.0,0.002,1.63
SBR-12-425,7.0,8.0,0.005,1.69
SBR-12-425,8.0,9.0,0.002,1.75
SBR-12-425,9.0,10.0,0.002,1.74
SBR-12-425,10.0,11.0,0.0067,1.66
SBR-12-425,11.0,12.0,0.0053,1.67
SBR-12-425,12.0,13.0,0.0235,1.75
SBR-12-425,13.0,14.0,0.0295,1.68
SBR-12-425,14.0,15.0,0.3442,2.03
SBR-12-425,15.0,16.0,0.058,2.09
SBR-12-450,0.0,1.0,0.002,1.62
SBR-12-450,1.0,2.0,0.002,1.73
SBR-12-450,2.0,3.0,0.002,1.63
SBR-12-450,3.0,4.0,0.002,1.69
SBR-12-450,4.0,5.0,0.002,1.75
SBR-12-450,5.0,6.0,0.002,1.67
SBR-12-450,6.0,7.0,0.0077,1.66
SBR-12-450,7.0,8.0,0.0195,1.73
SBR-12-450,8.0,9.0,0.0079,1.57
SBR-12-450,9.0,10.0,0.0268,1.69
SBR-12-450,10.0,11.0,0.0153,1.77
SBR-12-450,11.0,12.0,0.1922,1.98
SBR-12-450,12.0,13.0,0.3386,1.77
SBR-12-450,13.0,14.0,0.0428,2.09
SBR-12-450,14.0,14.5,0.0073,2.07
SBR-12-475,0.0,1.0,0.002,1.54
SBR-12-475,1.0,2.0,0.002,1.8
SBR-12-475,2.0,3.0,0.002,1.78
SBR-12-475,3.0,4.0,0.002,1.57
SBR-12-475,4.0,5.0,0.002,1.65
SBR-12-475,5.0,6.0,0.002,1.75
SBR-12-475,6.0,7.0,0.002,1.67
SBR-12-475,7.0,8.0,0.0053,1.65
SBR-12-475,8.0,9.0,0.0275,1.7
SBR-12-475,9.0,10.0,0.317,1.83
SBR-12-475,10.0,11.0,0.0167,2.1
SBR-12-475,11.0,11.9,0.002,2.02
SBR-12-500,0.0,1.0,0.0092,1.54
SBR-12-500,1.0,2.0,0.002,1.63
SBR-12-500,2.0,3.0,0.002,1.69
SBR-12-500,3.0,4.0,0.002,1.62
SBR-12-500,4.0,5.0,0.002,1.7
SBR-12-500,5.0,6.0,0.002,1.77
SBR-12-500,6.0,7.0,0.002,1.79
SBR-12-500,7.0,8.0,0.002,1.69
SBR-12-500,8.0,9.0,0.2153,2.06
SBR-12-500,9.0,10.2,0.0146,1.74
SBR-12-525,0.0,1.0,0.002,1.57
SBR-12-525,1.0,2.0,0.002,1.62
SBR-12-525,2.0,3.0,0.002,1.49
SBR-12-525,3.0,4.0,0.002,1.65
SBR-12-525,4.0,5.0,0.002,1.77
SBR-12-525,5.0,5.8,0.002,1.67
SBR-12-550,0.0,1.0,0.002,1.53
SBR-12-550,1.0,2.0,0.002,1.5
SBR-12-550,2.0,3.0,0.0054,1.6
SBR-12-550,3.0,4.0,0.002,1.78
SBR-12-550,4.0,5.0,0.002,1.73
SBR-12-550,5.0,6.0,0.002,1.74
SBR-12-550,6.0,7.0,0.0083,1.86
SBR-12-550,7.0,7.9,0.002,2.05
SBR-12-575,0.0,1.0,0.0068,1.6
SBR-12-575,1.0,2.0,0.0064,1.54
SBR-12-575,2.0,3.0,0.002,1.43
SBR-12-575,3.0,4.0,0.002,1.76
SBR-12-575,4.0,5.0,0.002,1.8
SBR-12-575,5.0,6.0,0.002,1.61
SBR-12-575,6.0,7.0,0.0154,2.16
SBR-12-575,7.0,8.0,0.002,1.99
SBR-12-575,8.0,8.4,0.002,2.03
SBR-12-600,0.0,1.0,0.002,1.73
SBR-12-600,1.0,2.0,0.002,1.5
SBR-12-600,2.0,3.0,0.002,1.61
SBR-12-600,3.0,4.0,0.002,1.72
SBR-12-600,4.0,5.0,0.002,1.8
SBR-12-600,5.0,6.0,0.002,1.7
SBR-12-600,6.0,7.0,0.002,1.92
SBR-12-600,7.0,8.2,0.002,2.01
SBR-12-625,0.0,1.0,0.002,1.49
SBR-12-625,1.0,2.0,0.002,1.47
SBR-12-625,2.0,3.0,0.002,1.73
SBR-12-625,3.0,4.0,0.002,1.79
SBR-12-625,4.0,5.0,0.002,1.8
SBR-12-625,5.0,6.0,0.002,1.68
SBR-12-625,6.0,7.0,0.002,2.14
SBR-12-625,7.0,7.5,0.002,2.17
SBR-12-650,0.0,1.0,0.002,1.49
SBR-12-650,1.0,2.0,0.0055,1.68
SBR-12-650,2.0,3.0,0.002,1.74
SBR-12-650,3.0,4.0,0.002,1.73
SBR-12-650,4.0,5.0,0.002,1.87
SBR-12-650,5.0,6.0,0.002,1.8
SBR-12-650,6.0,7.3,0.002,2.06
SBR-13-050,0.0,1.0,0.002,1.6
SBR-13-050,1.0,2.0,0.002,1.66
SBR-13-050,2.0,3.0,0.002,1.67
SBR-13-050,3.0,4.0,0.002,2.05
SBR-13-050,4.0,4.8,0.002,1.97
SBR-13-075,0.0,1.0,0.002,1.67
SBR-13-075,1.0,2.0,0.002,1.78
SBR-13-075,2.0,3.0,0.002,1.66
SBR-13-075,3.0,4.0,0.002,1.64
SBR-13-075,4.0,5.0,0.002,2.21
SBR-13-075,5.0,5.7,0.002,1.92
SBR-13-100,0.0,1.0,0.002,1.57
SBR-13-100,1.0,2.0,0.002,1.72
SBR-13-100,2.0,3.0,0.002,1.78
SBR-13-100,3.0,4.0,0.002,1.63
SBR-13-100,4.0,5.0,0.002,1.84
SBR-13-100,5.0,6.0,0.0125,2.03
SBR-13-100,6.0,6.8,0.002,2.07
SBR-13-125,0.0,1.0,0.002,1.6
SBR-13-125,1.0,2.0,0.002,1.66
SBR-13-125,2.0,3.0,0.002,1.73
SBR-13-125,3.0,4.0,0.002,1.73
SBR-13-125,4.0,5.0,0.002,1.77
SBR-13-125,5.0,6.0,0.002,1.74
SBR-13-125,6.0,7.0,0.002,1.62
SBR-13-125,7.0,8.0,0.0069,1.93
SBR-13-125,8.0,8.7,0.002,2.22
SBR-13-150,0.0,1.0,0.002,1.6
SBR-13-150,1.0,2.0,0.002,1.76
SBR-13-150,2.0,3.0,0.002,1.78
SBR-13-150,3.0,4.0,0.002,1.71
SBR-13-150,4.0,5.0,0.002,1.72
SBR-13-150,5.0,6.0,0.002,1.79
SBR-13-150,6.0,7.0,0.002,1.58
SBR-13-150,7.0,8.0,0.002,1.75
SBR-13-150,8.0,9.0,0.002,1.8
SBR-13-150,9.0,10.0,0.0154,2.14
SBR-13-150,10.0,10.5,0.0092,2.11
SBR-13-175,0.0,1.0,0.009,1.46
SBR-13-175,1.0,2.0,0.002,1.72
SBR-13-175,2.0,3.0,0.002,1.73
SBR-13-175,3.0,4.0,0.002,1.83
SBR-13-175,4.0,5.0,0.002,1.86
SBR-13-175,5.0,6.0,0.002,1.75
SBR-13-175,6.0,7.0,0.002,1.66
SBR-13-175,7.0,8.0,0.002,1.79
SBR-13-175,8.0,9.0,0.002,1.69
SBR-13-175,9.0,10.0,0.002,1.78
SBR-13-175,10.0,11.0,0.0552,1.93
SBR-13-175,11.0,12.1,0.0383,2.15
SBR-13-200,0.0,1.0,0.002,1.53
SBR-13-200,1.0,2.0,0.002,1.86
SBR-13-200,2.0,3.0,0.002,1.69
SBR-13-200,3.0,4.0,0.002,1.76
SBR-13-200,4.0,5.0,0.002,1.7
SBR-13-200,5.0,6.0,0.002,1.81
SBR-13-200,6.0,7.0,0.002,1.83
SBR-13-200,7.0,8.0,0.002,1.72
SBR-13-200,8.0,9.0,0.002,1.65
SBR-13-200,9.0,10.0,0.002,1.74
SBR-13-200,10.0,11.0,0.002,1.68
SBR-13-200,11.0,12.0,0.0131,1.75
SBR-13-200,12.0,13.0,0.4829,1.83
SBR-13-200,13.0,14.0,0.0172,1.94
SBR-13-225,0.0,1.0,0.002,1.58
SBR-13-225,1.0,2.0,0.002,1.81
SBR-13-225,2.0,3.0,0.002,1.73
SBR-13-225,3.0,4.0,0.002,1.65
SBR-13-225,4.0,5.0,0.002,1.73
SBR-13-225,5.0,6.0,0.002,1.74
SBR-13-225,6.0,7.0,0.002,1.8
SBR-13-225,7.0,8.0,0.002,1.81
SBR-13-225,8.0,9.0,0.002,1.71
SBR-13-225,9.0,10.0,0.002,1.75
SBR-13-225,10.0,11.0,0.0089,1.84
SBR-13-225,11.0,12.0,0.0083,1.79
SBR-13-225,12.0,13.0,0.0069,1.69
SBR-13-225,13.0,14.0,0.0357,1.82
SBR-13-225,14.0,15.0,0.6081,1.95
SBR-13-225,15.0,16.2,0.1576,1.91
SBR-13-250,0.0,1.0,0.002,1.69
SBR-13-250,1.0,2.0,0.002,1.65
SBR-13-250,2.0,3.0,0.002,1.84
SBR-13-250,3.0,4.0,0.002,1.67
SBR-13-250,4.0,5.0,0.002,1.78
SBR-13-250,5.0,6.0,0.002,1.72
SBR-13-250,6.0,7.0,0.002,1.62
SBR-13-250,7.0,8.0,0.002,1.69
SBR-13-250,8.0,9.0,0.002,1.62
SBR-13-250,9.0,10.0,0.002,1.78
SBR-13-250,10.0,11.0,0.002,1.9
SBR-13-250,11.0,12.0,0.002,1.82
SBR-13-250,12.0,13.0,0.0242,1.48
SBR-13-250,13.0,14.0,0.0111,1.82
SBR-13-250,14.0,15.0,0.0126,1.68
SBR-13-250,15.0,16.0,0.6369,2.13
SBR-13-250,16.0,17.0,0.6634,1.84
SBR-13-250,17.0,18.0,0.2111,2.07
SBR-13-250,18.0,18.9,0.1035,2.01
SBR-13-275,0.0,1.0,0.002,1.52
SBR-13-275,1.0,2.0,0.002,1.74
SBR-13-275,2.0,3.0,0.002,1.86
SBR-13-275,3.0,4.0,0.002,1.66
SBR-13-275,4.0,5.0,0.002,1.62
SBR-13-275,5.0,6.0,0.002,1.72
SBR-13-275,6.0,7.0,0.002,1.74
SBR-13-275,7.0,8.0,0.002,1.74
SBR-13-275,8.0,9.0,0.002,1.68
SBR-13-275,9.0,10.0,0.002,1.71
SBR-13-275,10.0,11.0,0.002,1.57
SBR-13-275,11.0,12.0,0.002,1.79
SBR-13-275,12.0,13.0,0.0054,1.66
SBR-13-275,13.0,14.0,0.0233,1.64
SBR-13-275,14.0,15.0,0.0239,1.68
SBR-13-275,15.0,16.0,0.0191,1.75
SBR-13-275,16.0,17.0,0.7347,2.01
SBR-13-275,17.0,18.0,1.4013,2.02
SBR-13-275,18.0,19.0,0.2098,1.91
SBR-13-275,19.0,19.9,0.0631,2.04
SBR-13-300,0.0,1.0,0.002,1.52
SBR-13-300,1.0,2.0,0.002,1.48
SBR-13-300,2.0,3.0,0.002,1.6
SBR-13-300,3.0,4.0,0.002,1.74
SBR-13-300,4.0,5.0,0.002,1.63
SBR-13-300,5.0,6.0,0.002,1.7
SBR-13-300,6.0,7.0,0.002,1.79
SBR-13-300,7.0,8.0,0.002,1.79
SBR-13-300,8.0,9.0,0.002,1.64
SBR-13-300,9.0,10.0,0.002,1.76
SBR-13-300,10.0,11.0,0.002,1.67
SBR-13-300,11.0,12.0,0.002,1.85
SBR-13-300,12.0,13.0,0.002,1.78
SBR-13-300,13.0,14.0,0.0134,1.75
SBR-13-300,14.0,15.0,0.0141,1.62
SBR-13-300,15.0,16.0,0.0452,1.79
SBR-13-300,16.0,17.0,0.5055,2.05
SBR-13-300,17.0,18.0,2.1992,1.95
SBR-13-300,18.0,19.0,1.687,1.89
SBR-13-300,19.0,20.0,0.0984,2.08
SBR-13-300,20.0,20.5,0.0489,2.14
SBR-13-325,0.0,1.0,0.002,1.52
SBR-13-325,1.0,2.0,0.002,1.86
SBR-13-325,2.0,3.0,0.002,1.82
SBR-13-325,3.0,4.0,0.002,1.67
SBR-13-325,4.0,5.0,0.002,1.52
SBR-13-325,5.0,6.0,0.002,1.7
SBR-13-325,6.0,7.0,0.002,1.75
SBR-13-325,7.0,8.0,0.002,1.67
SBR-13-325,8.0,9.0,0.002,1.66
SBR-13-325,9.0,10.0,0.002,1.61
SBR-13-325,10.0,11.0,0.0057,1.83
SBR-13-325,11.0,12.0,0.0136,1.64
SBR-13-325,12.0,13.0,0.0081,1.73
SBR-13-325,13.0,14.0,0.0106,1.76
SBR-13-325,14.0,15.0,0.0762,1.67
SBR-13-325,15.0,16.0,0.0251,1.73
SBR-13-325,16.0,17.0,0.6979,1.86
SBR-13-325,17.0,18.0,1.1234,1.92
SBR-13-325,18.0,19.0,0.2485,1.9
SBR-13-325,19.0,19.5,0.1986,2.22
SBR-13-350,0.0,1.0,0.002,1.59
SBR-13-350,1.0,2.0,0.002,1.67
SBR-13-350,2.0,3.0,0.002,1.8
SBR-13-350,3.0,4.0,0.002,1.67
SBR-13-350,4.0,5.0,0.002,1.74
SBR-13-350,5.0,6.0,0.002,1.81
SBR-13-350,6.0,7.0,0.002,1.8
SBR-13-350,7.0,8.0,0.002,1.64
SBR-13-350,8.0,9.0,0.002,1.65
SBR-13-350,9.0,10.0,0.002,1.7
SBR-13-350,10.0,11.0,0.0096,1.69
SBR-13-350,11.0,12.0,0.0241,1.73
SBR-13-350,12.0,13.0,0.0208,1.66
SBR-13-350,13.0,14.0,0.0362,1.83
SBR-13-350,14.0,15.0,0.0361,1.64
SBR-13-350,15.0,16.0,0.5466,2.04
SBR-13-350,16.0,17.0,1.687,1.92
SBR-13-350,17.0,18.0,0.1155,1.95
SBR-13-350,18.0,18.6,0.0581,2.04
SBR-13-375,0.0,1.0,0.0115,1.58
SBR-13-375,1.0,2.0,0.002,1.79
SBR-13-375,2.0,3.0,0.002,1.71
SBR-13-375,3.0,4.0,0.002,1.72
SBR-13-375,4.0,5.0,0.002,1.67
SBR-13-375,5.0,6.0,0.002,1.7
SBR-13-375,6.0,7.0,0.002,1.76
SBR-13-375,7.0,8.0,0.002,1.82
SBR-13-375,8.0,9.0,0.0099,1.74
SBR-13-375,9.0,10.0,0.0062,1.76
SBR-13-375,10.0,11.0,0.0195,1.67
SBR-13-375,11.0,12.0,0.0169,1.73
SBR-13-375,12.0,13.0,0.0217,1.78
SBR-13-375,13.0,14.0,0.4673,1.98
SBR-13-375,14.0,15.0,1.3869,1.86
SBR-13-375,15.0,16.0,0.4201,1.9
SBR-13-375,16.0,17.0,0.0368,2.1
SBR-13-400,0.0,1.0,0.002,1.53
SBR-13-400,1.0,2.0,0.002,1.66
SBR-13-400,2.0,3.0,0.002,1.74
SBR-13-400,3.0,4.0,0.002,1.71
SBR-13-400,4.0,5.0,0.002,1.7
SBR-13-400,5.0,6.0,0.002,1.72
SBR-13-400,6.0,7.0,0.002,1.8
SBR-13-400,7.0,8.0,0.002,1.81
SBR-13-400,8.0,9.0,0.0202,1.68
SBR-13-400,9.0,10.0,0.0233,1.85
SBR-13-400,10.0,11.0,0.0053,1.55
SBR-13-400,11.0,12.0,0.1605,1.9
SBR-13-400,12.0,13.0,0.5136,1.81
SBR-13-400,13.0,14.0,0.0972,2.01
SBR-13-400,14.0,14.6,0.0293,2.11
SBR-13-425,0.0,1.0,0.0053,1.6
SBR-13-425,1.0,2.0,0.002,1.63
SBR-13-425,2.0,3.0,0.002,1.69
SBR-13-425,3.0,4.0,0.002,1.67
SBR-13-425,4.0,5.0,0.002,1.8
SBR-13-425,5.0,6.0,0.002,1.66
SBR-13-425,6.0,7.0,0.0056,1.58
SBR-13-425,7.0,8.0,0.0082,1.73
SBR-13-425,8.0,9.0,0.0139,1.66
SBR-13-425,9.0,10.0,0.015,1.79
SBR-13-425,10.0,11.0,0.3544,1.75
SBR-13-425,11.0,12.0,0.1161,1.99
SBR-13-425,12.0,13.1,0.0202,1.83
SBR-13-450,0.0,1.0,0.002,1.46
SBR-13-450,1.0,2.0,0.0063,1.48
SBR-13-450,2.0,3.0,0.002,1.72
SBR-13-450,3.0,4.0,0.002,1.72
SBR-13-450,4.0,5.0,0.0052,1.67
SBR-13-450,5.0,6.0,0.0065,1.59
SBR-13-450,6.0,7.0,0.002,1.79
SBR-13-450,7.0,8.0,0.1064,2.01
SBR-13-450,8.0,9.0,0.1237,1.92
SBR-13-450,9.0,10.0,0.0272,2.01
SBR-13-450,10.0,10.5,0.021,2.09
SBR-13-475,0.0,1.0,0.005,1.63
SBR-13-475,1.0,2.0,0.002,1.44
SBR-13-475,2.0,3.0,0.002,1.72
SBR-13-475,3.0,4.0,0.002,1.94
SBR-13-475,4.0,4.8,0.002,1.58
SBR-13-500,0.0,1.0,0.002,1.47
SBR-13-500,1.0,2.0,0.002,1.49
SBR-13-500,2.0,3.0,0.002,1.83
SBR-13-500,3.0,4.0,0.002,1.85
SBR-13-500,4.0,5.0,0.0232,2.07
SBR-13-500,5.0,6.0,0.002,2.04
SBR-13-500,6.0,7.0,0.002,2.21
SBR-13-525,0.0,1.0,0.002,1.57
SBR-13-525,1.0,2.0,0.002,1.56
SBR-13-525,2.0,3.0,0.002,1.75
SBR-13-525,3.0,4.0,0.014,1.97
SBR-13-525,4.0,5.0,0.002,2.19
SBR-13-525,5.0,5.9,0.002,2.07
SBR-13-550,0.0,1.0,0.002,1.63
SBR-13-550,1.0,2.0,0.002,1.66
SBR-13-550,2.0,3.0,0.002,1.87
SBR-13-550,3.0,4.0,0.002,2.01
SBR-13-550,4.0,4.7,0.002,1.92
SBR-13-575,0.0,1.0,0.002,1.54
SBR-13-575,1.0,2.0,0.002,1.57
SBR-13-575,2.0,3.0,0.002,1.97
SBR-13-575,3.0,4.0,0.002,1.94
SBR-13-575,4.0,4.6,0.002,2.06
SBR-13-600,0.0,1.0,0.0051,1.56
SBR-13-600,1.0,2.0,0.002,1.53
SBR-13-600,2.0,3.0,0.002,1.63
SBR-13-600,3.0,4.0,0.002,2.02
SBR-13-600,4.0,5.0,0.002,2.08
SBR-13-625,0.0,1.0,0.002,1.52
SBR-13-625,1.0,2.0,0.002,1.55
SBR-13-625,2.0,3.0,0.002,1.6
SBR-13-625,3.0,4.0,0.002,1.7
SBR-13-625,4.0,5.3,0.002,2.15
SBR-13-650,0.0,1.0,0.0053,1.63
SBR-13-650,1.0,2.0,0.002,1.48
SBR-13-650,2.0,3.0,0.002,1.64
SBR-13-650,3.0,4.0,0.002,1.68
SBR-13-650,4.0,5.0,0.002,2.07
SBR-13-650,5.0,6.0,0.002,2.0
SBR-13-650,6.0,6.7,0.002,2.0
SBR-14-050,0.0,1.0,0.002,1.58
SBR-14-050,1.0,2.0,0.002,1.76
SBR-14-050,2.0,3.0,0.002,1.71
SBR-14-050,3.0,4.0,0.0057,1.64
SBR-14-050,4.0,5.0,0.002,1.97
SBR-14-050,5.0,5.8,0.002,1.93
SBR-14-075,0.0,1.0,0.002,1.54
SBR-14-075,1.0,2.0,0.002,1.53
SBR-14-075,2.0,3.0,0.002,1.74
SBR-14-075,3.0,4.0,0.002,1.72
SBR-14-075,4.0,5.0,0.002,1.68
SBR-14-075,5.0,6.0,0.002,2.18
SBR-14-075,6.0,6.5,0.002,2.05
SBR-14-100,0.0,1.0,0.002,1.56
SBR-14-100,1.0,2.0,0.002,1.6
SBR-14-100,2.0,3.0,0.002,1.71
SBR-14-100,3.0,4.0,0.002,1.66
SBR-14-100,4.0,5.0,0.002,1.72
SBR-14-100,5.0,6.0,0.002,1.78
SBR-14-100,6.0,7.0,0.0377,1.99
SBR-14-100,7.0,7.7,0.0059,2.0
SBR-14-125,0.0,1.0,0.002,1.53
SBR-14-125,1.0,2.0,0.002,1.61
SBR-14-125,2.0,3.0,0.002,1.59
SBR-14-125,3.0,4.0,0.002,1.72
SBR-14-125,4.0,5.0,0.002,1.68
SBR-14-125,5.0,6.0,0.002,1.69
SBR-14-125,6.0,7.0,0.007,1.79
SBR-14-125,7.0,8.0,0.0055,1.61
SBR-14-125,8.0,9.0,0.0434,2.12
SBR-14-125,9.0,9.9,0.002,2.18
SBR-14-150,0.0,1.0,0.002,1.57
SBR-14-150,1.0,2.0,0.002,1.55
SBR-14-150,2.0,3.0,0.002,1.67
SBR-14-150,3.0,4.0,0.002,1.59
SBR-14-150,4.0,5.0,0.002,1.83
SBR-14-150,5.0,6.0,0.002,1.79
SBR-14-150,6.0,7.0,0.002,1.74
SBR-14-150,7.0,8.0,0.002,1.78
SBR-14-150,8.0,9.0,0.0066,1.84
SBR-14-150,9.0,10.0,0.0183,1.77
SBR-14-150,10.0,11.0,0.0131,1.74
SBR-14-150,11.0,12.2,0.115,2.11
SBR-14-175,0.0,1.0,0.002,1.47
SBR-14-175,1.0,2.0,0.03,1.62
SBR-14-175,2.0,3.0,0.002,1.59
SBR-14-175,3.0,4.0,0.002,1.62
SBR-14-175,4.0,5.0,0.002,1.7
SBR-14-175,5.0,6.0,0.002,1.81
SBR-14-175,6.0,7.0,0.002,1.73
SBR-14-175,7.0,8.0,0.002,1.71
SBR-14-175,8.0,9.0,0.002,1.6
SBR-14-175,9.0,10.0,0.002,1.61
SBR-14-175,10.0,11.0,0.002,1.58
SBR-14-175,11.0,12.0,0.0051,1.74
SBR-14-175,12.0,13.0,0.007,1.73
SBR-14-175,13.0,14.0,0.0133,1.64
SBR-14-175,14.0,15.0,0.044,2.24
SBR-14-200,0.0,1.0,0.002,1.48
SBR-14-200,1.0,2.0,0.002,1.78
SBR-14-200,2.0,3.0,0.002,1.79
SBR-14-200,3.0,4.0,0.002,1.68
SBR-14-200,4.0,5.0,0.002,1.89
SBR-14-200,5.0,6.0,0.002,1.8
SBR-14-200,6.0,7.0,0.002,1.75
SBR-14-200,7.0,8.0,0.002,1.73
SBR-14-200,8.0,9.0,0.002,1.7
SBR-14-200,9.0,10.0,0.002,1.84
SBR-14-200,10.0,11.0,0.002,1.67
SBR-14-200,11.0,12.0,0.002,2.01
SBR-14-200,12.0,13.0,0.002,1.79
SBR-14-200,13.0,14.0,0.002,1.82
SBR-14-200,14.0,15.0,0.002,1.79
SBR-14-200,15.0,16.0,0.002,1.71
SBR-14-200,16.0,17.0,0.0155,1.96
SBR-14-200,17.0,18.0,0.0076,2.09
SBR-14-225,0.0,1.0,0.0074,1.51
SBR-14-225,1.0,2.0,0.002,1.55
SBR-14-225,2.0,3.0,0.002,1.78
SBR-14-225,3.0,4.0,0.002,1.9
SBR-14-225,4.0,5.0,0.002,1.65
SBR-14-225,5.0,6.0,0.002,1.8
SBR-14-225,6.0,7.0,0.002,1.7
SBR-14-225,7.0,8.0,0.002,1.72
SBR-14-225,8.0,9.0,0.002,1.73
SBR-14-225,9.0,10.0,0.002,1.52
SBR-14-225,10.0,11.0,0.002,1.6
SBR-14-225,11.0,12.0,0.002,1.71
SBR-14-225,12.0,13.0,0.002,1.74
SBR-14-225,13.0,14.0,0.002,1.66
SBR-14-225,14.0,15.0,0.002,1.65
SBR-14-225,15.0,16.0,0.002,1.97
SBR-14-225,16.0,17.0,0.0123,1.83
SBR-14-225,17.0,18.0,0.0912,1.73
SBR-14-225,18.0,19.0,0.0601,2.05
SBR-14-225,19.0,19.6,0.0187,2.0
SBR-14-250,0.0,1.0,0.002,1.54
SBR-14-250,1.0,2.0,0.002,1.53
SBR-14-250,2.0,3.0,0.002,1.61
SBR-14-250,3.0,4.0,0.002,1.77
SBR-14-250,4.0,5.0,0.002,1.65
SBR-14-250,5.0,6.0,0.002,1.61
SBR-14-250,6.0,7.0,0.002,1.7
SBR-14-250,7.0,8.0,0.002,1.63
SBR-14-250,8.0,9.0,0.002,1.63
SBR-14-250,9.0,10.0,0.002,1.86
SBR-14-250,10.0,11.0,0.002,1.82
SBR-14-250,11.0,12.0,0.002,1.76
SBR-14-250,12.0,13.0,0.002,1.64
SBR-14-250,13.0,14.0,0.002,1.67
SBR-14-250,14.0,15.0,0.002,1.74
SBR-14-250,15.0,16.0,0.002,1.73
SBR-14-250,16.0,17.0,0.0139,1.59
SBR-14-250,17.0,18.0,0.002,1.74
SBR-14-250,18.0,19.0,0.4546,1.93
SBR-14-250,19.0,20.0,0.0344,2.13
SBR-14-250,20.0,20.4,0.0215,1.95
SBR-14-275,0.0,1.0,0.002,1.52
SBR-14-275,1.0,2.0,0.002,1.61
SBR-14-275,2.0,3.0,0.002,1.62
SBR-14-275,3.0,4.0,0.002,1.67
SBR-14-275,4.0,5.0,0.002,1.72
SBR-14-275,5.0,6.0,0.002,1.72
SBR-14-275,6.0,7.0,0.002,1.86
SBR-14-275,7.0,8.0,0.002,1.65
SBR-14-275,8.0,9.0,0.002,1.79
SBR-14-275,9.0,10.0,0.002,1.58
SBR-14-275,10.0,11.0,0.002,1.76
SBR-14-275,11.0,12.0,0.002,1.66
SBR-14-275,12.0,13.0,0.0056,1.64
SBR-14-275,13.0,14.0,0.002,1.66
SBR-14-275,14.0,15.0,0.0071,1.76
SBR-14-275,15.0,16.0,0.0187,1.75
SBR-14-275,16.0,17.0,0.0265,1.75
SBR-14-275,17.0,18.0,0.3872,2.06
SBR-14-275,18.0,19.0,0.9049,1.91
SBR-14-275,19.0,20.1,0.0997,2.06
SBR-14-300,0.0,1.0,0.002,1.59
SBR-14-300,1.0,2.0,0.002,1.55
SBR-14-300,2.0,3.0,0.002,1.82
SBR-14-300,3.0,4.0,0.002,1.72
SBR-14-300,4.0,5.0,0.002,1.56
SBR-14-300,5.0,6.0,0.002,1.8
SBR-14-300,6.0,7.0,0.002,1.77
SBR-14-300,7.0,8.0,0.002,1.75
SBR-14-300,8.0,9.0,0.002,1.67
SBR-14-300,9.0,10.0,0.002,1.83
SBR-14-300,10.0,11.0,0.0052,1.66
SBR-14-300,11.0,12.0,0.0184,1.68
SBR-14-300,12.0,13.0,0.012,1.71
SBR-14-300,13.0,14.0,0.0158,1.66
SBR-14-300,14.0,15.0,0.0274,1.77
SBR-14-300,15.0,16.0,0.0415,1.74
SBR-14-300,16.0,17.0,1.2187,1.98
SBR-14-300,17.0,18.0,3.1515,1.78
SBR-14-300,18.0,19.0,0.2421,2.05
SBR-14-300,19.0,19.4,0.0472,2.01
SBR-14-325,0.0,1.0,0.002,1.61
SBR-14-325,1.0,2.0,0.002,1.55
SBR-14-325,2.0,3.0,0.002,1.62
SBR-14-325,3.0,4.0,0.002,1.67
SBR-14-325,4.0,5.0,0.002,1.74
SBR-14-325,5.0,6.0,0.002,1.74
SBR-14-325,6.0,7.0,0.002,1.8
SBR-14-325,7.0,8.0,0.002,1.72
SBR-14-325,8.0,9.0,0.012,1.77
SBR-14-325,9.0,10.0,0.01,1.9
SBR-14-325,10.0,11.0,0.0163,1.64
SBR-14-325,11.0,12.0,0.0162,1.73
SBR-14-325,12.0,13.0,0.087,1.68
SBR-14-325,13.0,14.0,0.0732,1.8
SBR-14-325,14.0,15.0,1.3533,1.86
SBR-14-325,15.0,16.0,1.2569,1.82
SBR-14-325,16.0,17.0,0.211,1.94
SBR-14-325,17.0,17.8,0.2135,1.96
SBR-14-350,0.0,1.0,0.002,1.62
SBR-14-350,1.0,2.0,0.002,1.57
SBR-14-350,2.0,3.0,0.002,1.74
SBR-14-350,3.0,4.0,0.002,1.74
SBR-14-350,4.0,5.0,0.002,1.51
SBR-14-350,5.0,6.0,0.002,1.56
SBR-14-350,6.0,7.0,0.002,1.74
SBR-14-350,7.0,8.0,0.0134,1.75
SBR-14-350,8.0,9.0,0.0099,1.59
SBR-14-350,9.0,10.0,0.0199,1.77
SBR-14-350,10.0,11.0,0.1248,1.86
SBR-14-350,11.0,12.0,0.0965,1.66
SBR-14-350,12.0,13.0,1.5277,1.87
SBR-14-350,13.0,14.0,3.4302,1.89
SBR-14-350,14.0,15.0,0.1516,1.99
SBR-14-350,15.0,15.8,0.0964,2.05
SBR-14-375,0.0,1.0,0.002,1.54
SBR-14-375,1.0,2.0,0.002,1.5
SBR-14-375,2.0,3.0,0.002,1.64
SBR-14-375,3.0,4.0,0.002,1.84
SBR-14-375,4.0,5.0,0.007,1.63
SBR-14-375,5.0,6.0,0.0058,1.64
SBR-14-375,6.0,7.0,0.0126,1.8
SBR-14-375,7.0,8.0,0.0282,1.77
SBR-14-375,8.0,9.0,0.0618,1.67
SBR-14-375,9.0,10.0,0.0558,1.68
SBR-14-375,10.0,11.0,1.4225,2.17
SBR-14-375,11.0,12.0,1.36,2.02
SBR-14-375,12.0,13.0,0.1651,1.98
SBR-14-375,13.0,13.4,0.1585,2.1
SBR-14-400,0.0,1.0,0.002,1.69
SBR-14-400,1.0,2.0,0.002,1.59
SBR-14-400,2.0,3.0,0.0057,1.84
SBR-14-400,3.0,4.0,0.0111,1.7
SBR-14-400,4.0,5.0,0.0284,1.77
SBR-14-400,5.0,6.0,0.0489,1.65
SBR-14-400,6.0,7.0,0.0143,1.74
SBR-14-400,7.0,8.0,0.0828,1.79
SBR-14-400,8.0,9.0,0.7425,1.92
SBR-14-400,9.0,10.0,0.1507,1.93
SBR-14-400,10.0,10.9,0.0793,1.91
SBR-14-425,0.0,1.0,0.002,1.47
SBR-14-425,1.0,2.0,0.002,1.5
SBR-14-425,2.0,3.0,0.0103,1.76
SBR-14-425,3.0,4.0,0.009,1.89
SBR-14-425,4.0,5.0,0.0135,1.81
SBR-14-425,5.0,6.0,0.0162,1.77
SBR-14-425,6.0,7.0,0.8708,1.88
SBR-14-425,7.0,8.0,0.0611,2.11
SBR-14-425,8.0,8.6,0.0269,2.06
SBR-14-450,0.0,1.0,0.002,1.66
SBR-14-450,1.0,2.0,0.002,1.54
SBR-14-450,2.0,3.0,0.002,1.74
SBR-14-450,3.0,4.0,0.002,1.64
SBR-14-450,4.0,5.0,0.1127,1.87
SBR-14-450,5.0,6.0,0.0374,2.02
SBR-14-450,6.0,7.2,0.0358,2.04
SBR-14-475,0.0,1.0,0.002,1.52
SBR-14-475,1.0,2.0,0.002,1.55
SBR-14-475,2.0,3.0,0.0111,1.88
SBR-14-475,3.0,4.0,0.0189,2.08
SBR-14-475,4.0,5.0,0.0097,2.13
SBR-14-500,0.0,1.0,0.0063,1.51
SBR-14-500,1.0,2.0,0.0589,2.03
SBR-14-500,2.0,3.0,0.0077,2.01
SBR-14-500,3.0,3.9,0.002,2.11
SBR-14-525,0.0,1.0,0.002,1.43
SBR-14-525,1.0,2.0,0.0123,1.73
SBR-14-525,2.0,3.0,0.0083,1.98
SBR-14-525,3.0,3.7,0.002,2.08
SBR-14-550,0.0,1.0,0.002,1.43
SBR-14-550,1.0,2.0,0.002,1.69
SBR-14-550,2.0,3.0,0.002,2.07
SBR-14-550,3.0,3.8,0.002,1.96
SBR-14-575,0.0,1.0,0.002,1.56
SBR-14-575,1.0,2.0,0.002,1.63
SBR-14-575,2.0,3.0,0.002,1.86
SBR-14-575,3.0,3.8,0.002,2.15
SBR-14-600,0.0,1.0,0.0203,1.56
SBR-14-600,1.0,2.0,0.002,1.67
SBR-14-600,2.0,3.0,0.002,2.11
SBR-14-600,3.0,4.0,0.002,2.21
SBR-14-625,0.0,1.0,0.002,1.59
SBR-14-625,1.0,2.0,0.002,1.63
SBR-14-625,2.0,3.0,0.002,1.97
SBR-14-625,3.0,4.3,0.002,1.9
SBR-14-650,0.0,1.0,0.002,1.59
SBR-14-650,1.0,2.0,0.002,1.53
SBR-14-650,2.0,3.0,0.002,1.69
SBR-14-650,3.0,4.0,0.002,2.18
SBR-14-650,4.0,5.2,0.002,2.09
SBR-15-050,0.0,1.0,0.002,1.6
SBR-15-050,1.0,2.0,0.002,1.51
SBR-15-050,2.0,3.0,0.002,1.74
SBR-15-050,3.0,4.0,0.005,1.8
SBR-15-050,4.0,5.0,0.002,1.66
SBR-15-050,5.0,6.0,0.0064,1.79
SBR-15-050,6.0,7.0,0.002,1.68
SBR-15-050,7.0,8.0,0.048,1.95
SBR-15-050,8.0,8.5,0.0179,1.91
SBR-15-075,0.0,1.0,0.002,1.5
SBR-15-075,1.0,2.0,0.0152,1.47
SBR-15-075,2.0,3.0,0.002,1.84
SBR-15-075,3.0,4.0,0.002,1.75
SBR-15-075,4.0,5.0,0.002,1.69
SBR-15-075,5.0,6.0,0.0081,1.78
SBR-15-075,6.0,7.0,0.002,1.58
SBR-15-075,7.0,8.0,0.0106,1.76
SBR-15-075,8.0,9.0,0.3618,1.87
SBR-15-075,9.0,10.0,0.0321,2.12
SBR-15-100,0.0,1.0,0.002,1.44
SBR-15-100,1.0,2.0,0.002,1.77
SBR-15-100,2.0,3.0,0.002,1.74
SBR-15-100,3.0,4.0,0.002,1.73
SBR-15-100,4.0,5.0,0.002,1.67
SBR-15-100,5.0,6.0,0.002,1.85
SBR-15-100,6.0,7.0,0.002,1.61
SBR-15-100,7.0,8.0,0.002,1.69
SBR-15-100,8.0,9.0,0.0149,1.82
SBR-15-100,9.0,10.0,1.2348,1.95
SBR-15-100,10.0,11.0,0.0629,2.03
SBR-15-100,11.0,11.4,0.0161,1.91
SBR-15-125,0.0,1.0,0.002,1.59
SBR-15-125,1.0,2.0,0.002,1.71
SBR-15-125,2.0,3.0,0.002,1.63
SBR-15-125,3.0,4.0,0.002,1.76
SBR-15-125,4.0,5.0,0.002,1.83
SBR-15-125,5.0,6.0,0.002,1.66
SBR-15-125,6.0,7.0,0.002,1.78
SBR-15-125,7.0,8.0,0.002,1.73
SBR-15-125,8.0,9.0,0.0106,1.9
SBR-15-125,9.0,10.0,0.0105,1.62
SBR-15-125,10.0,11.0,0.4739,1.92
SBR-15-125,11.0,12.0,0.0382,2.06
SBR-15-125,12.0,12.5,0.0361,2.04
SBR-15-150,0.0,1.0,0.002,1.47
SBR-15-150,1.0,2.0,0.002,1.78
SBR-15-150,2.0,3.0,0.002,1.59
SBR-15-150,3.0,4.0,0.002,1.74
SBR-15-150,4.0,5.0,0.002,1.69
SBR-15-150,5.0,6.0,0.002,1.59
SBR-15-150,6.0,7.0,0.002,1.65
SBR-15-150,7.0,8.0,0.0062,1.8
SBR-15-150,8.0,9.0,0.002,1.73
SBR-15-150,9.0,10.0,0.0091,1.81
SBR-15-150,10.0,11.0,0.0099,1.93
SBR-15-150,11.0,12.0,0.0051,1.73
SBR-15-150,12.0,13.0,0.2525,1.9
SBR-15-150,13.0,14.0,0.0584,2.13
SBR-15-150,14.0,14.6,0.0133,2.16
SBR-15-175,0.0,1.0,0.0099,1.57
SBR-15-175,1.0,2.0,0.002,1.62
SBR-15-175,2.0,3.0,0.002,1.68
SBR-15-175,3.0,4.0,0.002,1.61
SBR-15-175,4.0,5.0,0.002,1.7
SBR-15-175,5.0,6.0,0.002,1.81
SBR-15-175,6.0,7.0,0.002,1.71
SBR-15-175,7.0,8.0,0.002,1.63
SBR-15-175,8.0,9.0,0.002,1.76
SBR-15-175,9.0,10.0,0.0093,1.66
SBR-15-175,10.0,11.0,0.0096,1.66
SBR-15-175,11.0,12.0,0.0107,1.66
SBR-15-175,12.0,13.0,0.006,1.75
SBR-15-175,13.0,14.0,0.0059,1.69
SBR-15-175,14.0,15.0,0.2579,1.99
SBR-15-175,15.0,16.0,0.2544,1.8
SBR-15-175,16.0,17.0,0.0739,2.07
SBR-15-175,17.0,17.6,0.0189,1.97
SBR-15-200,0.0,1.0,0.002,1.56
SBR-15-200,1.0,2.0,0.002,1.62
SBR-15-200,2.0,3.0,0.002,1.65
SBR-15-200,3.0,4.0,0.002,1.66
SBR-15-200,4.0,5.0,0.002,1.69
SBR-15-200,5.0,6.0,0.002,1.79
SBR-15-200,6.0,7.0,0.002,1.71
SBR-15-200,7.0,8.0,0.002,1.72
SBR-15-200,8.0,9.0,0.002,1.75
SBR-15-200,9.0,10.0,0.002,1.74
SBR-15-200,10.0,11.0,0.0081,1.68
SBR-15-200,11.0,12.0,0.0096,1.69
SBR-15-200,12.0,13.0,0.0111,1.78
SBR-15-200,13.0,14.0,0.0125,1.75
SBR-15-200,14.0,15.0,0.0093,1.72
SBR-15-200,15.0,16.0,0.0153,1.55
SBR-15-200,16.0,17.0,0.2385,2.02
SBR-15-200,17.0,18.0,0.6845,1.87
SBR-15-200,18.0,19.0,0.0918,2.06
SBR-15-225,0.0,1.0,0.002,1.7
SBR-15-225,1.0,2.0,0.002,1.69
SBR-15-225,2.0,3.0,0.002,1.66
SBR-15-225,3.0,4.0,0.002,1.79
SBR-15-225,4.0,5.0,0.002,1.69
SBR-15-225,5.0,6.0,0.002,1.74
SBR-15-225,6.0,7.0,0.002,1.74
SBR-15-225,7.0,8.0,0.002,1.79
SBR-15-225,8.0,9.0,0.002,1.69
SBR-15-225,9.0,10.0,0.002,1.76
SBR-15-225,10.0,11.0,0.002,1.81
SBR-15-225,11.0,12.0,0.002,1.65
SBR-15-225,12.0,13.0,0.002,1.74
SBR-15-225,13.0,14.0,0.0056,1.61
SBR-15-225,14.0,15.0,0.012,1.75
SBR-15-225,15.0,16.0,0.0221,1.67
SBR-15-225,16.0,17.0,0.0128,1.69
SBR-15-225,17.0,18.0,0.0654,1.69
SBR-15-225,18.0,19.0,0.6314,1.91
SBR-15-225,19.0,20.0,2.3407,2.02
SBR-15-225,20.0,20.7,0.0975,1.99
SBR-15-250,0.0,1.0,0.002,1.53
SBR-15-250,1.0,2.0,0.002,1.74
SBR-15-250,2.0,3.0,0.002,1.71
SBR-15-250,3.0,4.0,0.002,1.75
SBR-15-250,4.0,5.0,0.002,1.74
SBR-15-250,5.0,6.0,0.002,1.76
SBR-15-250,6.0,7.0,0.002,1.85
SBR-15-250,7.0,8.0,0.002,1.76
SBR-15-250,8.0,9.0,0.002,1.62
SBR-15-250,9.0,10.0,0.002,1.66
SBR-15-250,10.0,11.0,0.002,1.63
SBR-15-250,11.0,12.0,0.002,1.76
SBR-15-250,12.0,13.0,0.002,1.81
SBR-15-250,13.0,14.0,0.0071,1.74
SBR-15-250,14.0,15.0,0.0064,1.74
SBR-15-250,15.0,16.0,0.0057,1.7
SBR-15-250,16.0,17.0,0.0189,1.74
SBR-15-250,17.0,18.0,0.0181,1.65
SBR-15-250,18.0,19.0,0.7284,1.91
SBR-15-250,19.0,20.0,2.3339,1.85
SBR-15-250,20.0,21.0,0.2328,2.14
SBR-15-250,21.0,21.8,0.0754,2.05
SBR-15-275,0.0,1.0,0.002,1.43
SBR-15-275,1.0,2.0,0.002,1.71
SBR-15-275,2.0,3.0,0.002,1.63
SBR-15-275,3.0,4.0,0.002,1.78
SBR-15-275,4.0,5.0,0.002,1.74
SBR-15-275,5.0,6.0,0.002,1.78
SBR-15-275,6.0,7.0,0.002,1.55
SBR-15-275,7.0,8.0,0.002,1.59
SBR-15-275,8.0,9.0,0.002,1.83
SBR-15-275,9.0,10.0,0.002,1.81
SBR-15-275,10.0,11.0,0.002,1.82
SBR-15-275,11.0,12.0,0.002,1.89
SBR-15-275,12.0,13.0,0.0056,1.74
SBR-15-275,13.0,14.0,0.0134,1.93
SBR-15-275,14.0,15.0,0.0099,1.77
SBR-15-275,15.0,16.0,0.0155,1.68
SBR-15-275,16.0,17.0,0.0205,1.78
SBR-15-275,17.0,18.0,0.0363,1.67
SBR-15-275,18.0,19.0,0.3344,1.84
SBR-15-275,19.0,20.0,2.2906,1.91
SBR-15-275,20.0,21.2,0.1273,2.22
SBR-15-300,0.0,1.0,0.002,1.66
SBR-15-300,1.0,2.0,0.002,1.68
SBR-15-300,2.0,3.0,0.002,1.8
SBR-15-300,3.0,4.0,0.002,1.83
SBR-15-300,4.0,5.0,0.002,1.74
SBR-15-300,5.0,6.0,0.002,1.72
SBR-15-300,6.0,7.0,0.002,1.66
SBR-15-300,7.0,8.0,0.002,1.68
SBR-15-300,8.0,9.0,0.002,1.7
SBR-15-300,9.0,10.0,0.002,1.77
SBR-15-300,10.0,11.0,0.002,1.81
SBR-15-300,11.0,12.0,0.002,1.72
SBR-15-300,12.0,13.0,0.0063,1.67
SBR-15-300,13.0,14.0,0.0207,1.62
SBR-15-300,14.0,15.0,0.0234,1.75
SBR-15-300,15.0,16.0,0.0401,1.64
SBR-15-300,16.0,17.0,0.2736,1.9
SBR-15-300,17.0,18.0,0.2717,1.93
SBR-15-300,18.0,18.9,0.0301,2.11
SBR-15-325,0.0,1.0,0.002,1.53
SBR-15-325,1.0,2.0,0.002,1.53
SBR-15-325,2.0,3.0,0.002,1.7
SBR-15-325,3.0,4.0,0.002,1.71
SBR-15-325,4.0,5.0,0.002,1.79
SBR-15-325,5.0,6.0,0.002,1.76
SBR-15-325,6.0,7.0,0.002,1.67
SBR-15-325,7.0,8.0,0.0051,1.84
SBR-15-325,8.0,9.0,0.0061,1.69
SBR-15-325,9.0,10.0,0.0056,1.72
SBR-15-325,10.0,11.0,0.0147,1.68
SBR-15-325,11.0,12.0,0.0057,1.75
SBR-15-325,12.0,13.0,0.0147,1.64
SBR-15-325,13.0,14.0,0.0091,1.7
SBR-15-325,14.0,15.0,0.4729,1.87
SBR-15-325,15.0,16.0,0.1091,2.07
SBR-15-325,16.0,17.1,0.0362,1.83
SBR-15-350,0.0,1.0,0.002,1.56
SBR-15-350,1.0,2.0,0.002,1.55
SBR-15-350,2.0,3.0,0.002,1.73
SBR-15-350,3.0,4.0,0.002,1.68
SBR-15-350,4.0,5.0,0.0053,1.74
SBR-15-350,5.0,6.0,0.0076,1.7
SBR-15-350,6.0,7.0,0.002,1.66
SBR-15-350,7.0,8.0,0.0054,1.65
SBR-15-350,8.0,9.0,0.006,1.57
SBR-15-350,9.0,10.0,0.012,1.75
SBR-15-350,10.0,11.0,0.0074,1.75
SBR-15-350,11.0,12.0,0.0565,1.63
SBR-15-350,12.0,13.0,1.1956,1.89
SBR-15-350,13.0,14.0,0.2032,2.05
SBR-15-350,14.0,14.5,0.0434,2.02
SBR-15-375,0.0,1.0,0.002,1.55
SBR-15-375,1.0,2.0,0.002,1.55
SBR-15-375,2.0,3.0,0.002,1.84
SBR-15-375,3.0,4.0,0.002,1.74
SBR-15-375,4.0,5.0,0.002,1.71
SBR-15-375,5.0,6.0,0.0079,1.72
SBR-15-375,6.0,7.0,0.0109,1.77
SBR-15-375,7.0,8.0,0.0088,1.74
SBR-15-375,8.0,9.0,0.0206,1.61
SBR-15-375,9.0,10.0,0.3029,1.97
SBR-15-375,10.0,11.0,0.3642,1.95
SBR-15-375,11.0,11.7,0.0176,2.15
SBR-15-400,0.0,1.0,0.002,1.54
SBR-15-400,1.0,2.0,0.002,1.59
SBR-15-400,2.0,3.0,0.0132,1.61
SBR-15-400,3.0,4.0,0.002,1.76
SBR-15-400,4.0,5.0,0.002,1.67
SBR-15-400,5.0,6.0,0.0101,1.64
SBR-15-400,6.0,7.0,0.0078,1.73
SBR-15-400,7.0,8.0,0.1219,1.86
SBR-15-400,8.0,9.0,0.021,2.08
SBR-15-400,9.0,10.2,0.0056,2.22
SBR-15-425,0.0,1.0,0.002,1.62
SBR-15-425,1.0,2.0,0.002,1.68
SBR-15-425,2.0,3.0,0.002,1.58
SBR-15-425,3.0,4.0,0.002,1.84
SBR-15-425,4.0,5.0,0.002,1.64
SBR-15-425,5.0,6.0,0.002,1.79
SBR-15-425,6.0,7.0,0.0069,2.15
SBR-15-425,7.0,7.4,0.002,2.09
SBR-15-450,0.0,1.0,0.002,1.5
SBR-15-450,1.0,2.0,0.002,1.61
SBR-15-450,2.0,3.0,0.002,1.67
SBR-15-450,3.0,4.0,0.002,1.79
SBR-15-450,4.0,5.0,0.0072,1.99
SBR-15-450,5.0,5.7,0.002,2.03
SBR-15-475,0.0,1.0,0.002,1.57
SBR-15-475,1.0,2.0,0.002,1.79
SBR-15-475,2.0,3.0,0.008,1.99
SBR-15-475,3.0,3.7,0.002,2.08
SBR-15-500,0.0,1.0,0.0055,1.63
SBR-15-500,1.0,2.0,0.002,1.66
SBR-15-500,2.0,3.0,0.0054,1.99
SBR-15-500,3.0,3.4,0.002,1.96
SBR-15-525,0.0,1.0,0.002,1.48
SBR-15-525,1.0,2.0,0.002,1.84
SBR-15-525,2.0,3.0,0.002,2.13
SBR-15-525,3.0,3.5,0.002,2.0
SBR-15-550,0.0,1.0,0.002,1.47
SBR-15-550,1.0,2.0,0.002,1.71
SBR-15-550,2.0,3.0,0.002,1.94
SBR-15-550,3.0,3.5,0.002,2.1
SBR-15-575,0.0,1.0,0.0093,1.51
SBR-15-575,1.0,2.0,0.002,1.76
SBR-15-575,2.0,3.0,0.002,1.95
SBR-15-575,3.0,3.5,0.002,1.93
SBR-15-600,0.0,1.0,0.002,1.59
SBR-15-600,1.0,2.0,0.002,1.85
SBR-15-600,2.0,3.0,0.002,2.0
SBR-15-600,3.0,4.1,0.002,2.09
SBR-15-625,0.0,1.0,0.002,1.63
SBR-15-625,1.0,2.0,0.0082,1.58
SBR-15-625,2.0,2.5,0.0093,1.5
SBR-15-650,0.0,1.0,0.002,1.61
SBR-15-650,1.0,2.0,0.002,1.52
SBR-15-650,2.0,3.0,0.002,1.56
SBR-15-650,3.0,4.0,0.002,1.69
SBR-15-650,4.0,5.0,0.002,2.03
SBR-15-650,5.0,5.8,0.002,2.07
SBR-16-050,0.0,1.0,0.002,1.6
SBR-16-050,1.0,2.0,0.002,1.62
SBR-16-050,2.0,3.0,0.002,1.58
SBR-16-050,3.0,4.0,0.002,1.83
SBR-16-050,4.0,5.0,0.002,1.57
SBR-16-050,5.0,6.0,0.002,1.77
SBR-16-050,6.0,7.0,0.002,1.74
SBR-16-050,7.0,8.0,0.0126,1.69
SBR-16-050,8.0,9.0,1.5017,1.83
SBR-16-050,9.0,9.8,0.0676,1.92
SBR-16-075,0.0,1.0,0.0063,1.67
SBR-16-075,1.0,2.0,0.002,1.51
SBR-16-075,2.0,3.0,0.002,1.77
SBR-16-075,3.0,4.0,0.002,1.81
SBR-16-075,4.0,5.0,0.002,1.74
SBR-16-075,5.0,6.0,0.002,1.77
SBR-16-075,6.0,7.0,0.0091,1.78
SBR-16-075,7.0,8.0,0.002,1.74
SBR-16-075,8.0,9.0,0.0122,1.51
SBR-16-075,9.0,10.0,0.0082,1.77
SBR-16-075,10.0,11.0,0.398,2.05
SBR-16-075,11.0,12.0,0.1117,2.11
SBR-16-075,12.0,12.5,0.0309,2.14
SBR-16-100,0.0,1.0,0.002,1.46
SBR-16-100,1.0,2.0,0.002,1.58
SBR-16-100,2.0,3.0,0.002,1.92
SBR-16-100,3.0,4.0,0.002,1.61
SBR-16-100,4.0,5.0,0.002,1.77
SBR-16-100,5.0,6.0,0.002,1.71
SBR-16-100,6.0,7.0,0.002,1.84
SBR-16-100,7.0,8.0,0.002,1.74
SBR-16-100,8.0,9.0,0.002,1.6
SBR-16-100,9.0,10.0,0.0075,1.63
SBR-16-100,10.0,11.0,0.01,1.7
SBR-16-100,11.0,12.0,0.0119,1.86
SBR-16-100,12.0,13.0,0.039,1.78
SBR-16-100,13.0,14.0,1.6671,1.88
SBR-16-100,14.0,14.9,0.0862,1.96
SBR-16-125,0.0,1.0,0.0058,1.53
SBR-16-125,1.0,2.0,0.002,1.52
SBR-16-125,2.0,3.0,0.002,1.69
SBR-16-125,3.0,4.0,0.002,1.62
SBR-16-125,4.0,5.0,0.002,1.65
SBR-16-125,5.0,6.0,0.002,1.7
SBR-16-125,6.0,7.0,0.0061,1.71
SBR-16-125,7.0,8.0,0.002,1.76
SBR-16-125,8.0,9.0,0.0076,1.67
SBR-16-125,9.0,10.0,0.002,1.82
SBR-16-125,10.0,11.0,0.002,1.73
SBR-16-125,11.0,12.0,0.0126,1.72
SBR-16-125,12.0,13.0,0.0105,1.69
SBR-16-125,13.0,14.0,0.0429,1.76
SBR-16-125,14.0,15.0,0.6529,1.94
SBR-16-125,15.0,16.0,0.5617,1.93
SBR-16-125,16.0,17.0,0.0297,1.99
SBR-16-125,17.0,17.3,0.0122,2.13
SBR-16-150,0.0,1.0,0.002,1.53
SBR-16-150,1.0,2.0,0.0065,1.53
SBR-16-150,2.0,3.0,0.002,1.72
SBR-16-150,3.0,4.0,0.002,1.58
SBR-16-150,4.0,5.0,0.002,1.71
SBR-16-150,5.0,6.0,0.002,1.78
SBR-16-150,6.0,7.0,0.002,1.52
SBR-16-150,7.0,8.0,0.002,1.66
SBR-16-150,8.0,9.0,0.002,1.72
SBR-16-150,9.0,10.0,0.002,1.76
SBR-16-150,10.0,11.0,0.002,1.68
SBR-16-150,11.0,12.0,0.0051,1.62
SBR-16-150,12.0,13.0,0.0059,1.81
SBR-16-150,13.0,14.0,0.0177,1.65
SBR-16-150,14.0,15.0,0.0259,1.8
SBR-16-150,15.0,16.0,0.0279,1.73
SBR-16-150,16.0,17.0,0.7829,1.98
SBR-16-150,17.0,18.0,1.1591,2.15
SBR-16-150,18.0,18.8,0.1003,2.07
SBR-16-175,0.0,1.0,0.002,1.35
SBR-16-175,1.0,2.0,0.002,1.5
SBR-16-175,2.0,3.0,0.002,1.78
SBR-16-175,3.0,4.0,0.002,1.75
SBR-16-175,4.0,5.0,0.002,1.78
SBR-16-175,5.0,6.0,0.002,1.69
SBR-16-175,6.0,7.0,0.002,1.85
SBR-16-175,7.0,8.0,0.002,1.7
SBR-16-175,8.0,9.0,0.002,1.75
SBR-16-175,9.0,10.0,0.002,1.71
SBR-16-175,10.0,11.0,0.002,1.75
SBR-16-175,11.0,12.0,0.01,1.65
SBR-16-175,12.0,13.0,0.002,1.71
SBR-16-175,13.0,14.0,0.0064,1.63
SBR-16-175,14.0,15.0,0.0376,1.81
SBR-16-175,15.0,16.0,0.0161,1.6
SBR-16-175,16.0,17.0,0.0227,1.69
SBR-16-175,17.0,18.0,0.3499,1.95
SBR-16-175,18.0,19.0,0.9756,1.94
SBR-16-175,19.0,20.0,0.1896,2.16
SBR-16-175,20.0,20.5,0.0534,2.07
SBR-16-200,0.0,1.0,0.002,1.6
SBR-16-200,1.0,2.0,0.002,1.54
SBR-16-200,2.0,3.0,0.002,1.54
SBR-16-200,3.0,4.0,0.002,1.74
SBR-16-200,4.0,5.0,0.002,1.83
SBR-16-200,5.0,6.0,0.002,1.74
SBR-16-200,6.0,7.0,0.002,1.64
SBR-16-200,7.0,8.0,0.002,1.55
SBR-16-200,8.0,9.0,0.002,1.76
SBR-16-200,9.0,10.0,0.002,1.76
SBR-16-200,10.0,11.0,0.002,1.72
SBR-16-200,11.0,12.0,0.002,1.7
SBR-16-200,12.0,13.0,0.002,1.69
SBR-16-200,13.0,14.0,0.0068,1.88
SBR-16-200,14.0,15.0,0.0136,1.76
SBR-16-200,15.0,16.0,0.0192,1.73
SBR-16-200,16.0,17.0,0.0404,1.61
SBR-16-200,17.0,18.0,0.0143,1.66
SBR-16-200,18.0,19.0,0.5782,2.09
SBR-16-200,19.0,20.0,1.0141,1.92
SBR-16-200,20.0,21.0,0.0613,1.85
SBR-16-200,21.0,21.4,0.0708,2.1
SBR-16-225,0.0,1.0,0.002,1.62
SBR-16-225,1.0,2.0,0.002,1.61
SBR-16-225,2.0,3.0,0.002,1.52
SBR-16-225,3.0,4.0,0.002,1.66
SBR-16-225,4.0,5.0,0.002,1.71
SBR-16-225,5.0,6.0,0.002,1.78
SBR-16-225,6.0,7.0,0.002,1.82
SBR-16-225,7.0,8.0,0.002,1.59
SBR-16-225,8.0,9.0,0.002,1.79
SBR-16-225,9.0,10.0,0.002,1.78
SBR-16-225,10.0,11.0,0.002,1.57
SBR-16-225,11.0,12.0,0.002,1.76
SBR-16-225,12.0,13.0,0.002,1.58
SBR-16-225,13.0,14.0,0.002,1.8
SBR-16-225,14.0,15.0,0.002,1.61
SBR-16-225,15.0,16.0,0.002,1.72
SBR-16-225,16.0,17.0,0.0201,1.69
SBR-16-225,17.0,18.0,0.0092,1.75
SBR-16-225,18.0,19.0,0.2797,2.02
SBR-16-225,19.0,20.0,0.5245,1.99
SBR-16-225,20.0,21.0,0.8812,2.05
SBR-16-225,21.0,22.0,0.1,2.1
SBR-16-250,0.0,1.0,0.0052,1.53
SBR-16-250,1.0,2.0,0.002,1.61
SBR-16-250,2.0,3.0,0.002,1.72
SBR-16-250,3.0,4.0,0.002,1.82
SBR-16-250,4.0,5.0,0.002,1.64
SBR-16-250,5.0,6.0,0.002,1.86
SBR-16-250,6.0,7.0,0.002,1.78
SBR-16-250,7.0,8.0,0.002,1.7
SBR-16-250,8.0,9.0,0.002,1.75
SBR-16-250,9.0,10.0,0.002,1.71
SBR-16-250,10.0,11.0,0.002,1.75
SBR-16-250,11.0,12.0,0.002,1.68
SBR-16-250,12.0,13.0,0.002,1.68
SBR-16-250,13.0,14.0,0.002,1.72
SBR-16-250,14.0,15.0,0.002,1.89
SBR-16-250,15.0,16.0,0.002,1.71
SBR-16-250,16.0,17.0,0.0164,1.66
SBR-16-250,17.0,18.0,0.011,1.77
SBR-16-250,18.0,19.0,0.1994,2.01
SBR-16-250,19.0,20.0,0.4352,2.0
SBR-16-250,20.0,21.0,0.7411,1.96
SBR-16-250,21.0,22.0,0.1449,1.94
SBR-16-250,22.0,22.5,0.0735,2.05
SBR-16-275,0.0,1.0,0.002,1.63
SBR-16-275,1.0,2.0,0.002,1.57
SBR-16-275,2.0,3.0,0.002,1.83
SBR-16-275,3.0,4.0,0.002,1.7
SBR-16-275,4.0,5.0,0.002,1.64
SBR-16-275,5.0,6.0,0.002,1.75
SBR-16-275,6.0,7.0,0.002,1.67
SBR-16-275,7.0,8.0,0.002,1.7
SBR-16-275,8.0,9.0,0.002,1.71
SBR-16-275,9.0,10.0,0.002,1.71
SBR-16-275,10.0,11.0,0.002,1.68
SBR-16-300,0.0,1.0,0.002,1.61
SBR-16-300,1.0,2.0,0.002,1.59
SBR-16-300,2.0,3.0,0.002,1.74
SBR-16-300,3.0,4.0,0.002,1.72
SBR-16-300,4.0,5.0,0.002,1.84
SBR-16-300,5.0,6.0,0.002,1.76
SBR-16-300,6.0,7.0,0.002,1.66
SBR-16-300,7.0,8.0,0.002,1.78
SBR-16-300,8.0,9.0,0.002,1.67
SBR-16-300,9.0,10.0,0.002,1.74
SBR-16-300,10.0,11.0,0.002,1.78
SBR-16-300,11.0,12.0,0.002,1.8
SBR-16-300,12.0,13.0,0.007,1.72
SBR-16-300,13.0,14.0,0.0129,1.79
SBR-16-300,14.0,15.0,0.0265,1.69
SBR-16-300,15.0,16.0,0.2576,1.84
SBR-16-300,16.0,17.0,0.7512,2.05
SBR-16-300,17.0,18.0,0.1032,1.99
SBR-16-300,18.0,18.6,0.0681,2.24
SBR-16-325,0.0,1.0,0.002,1.54
SBR-16-325,1.0,2.0,0.002,1.63
SBR-16-325,2.0,3.0,0.002,1.74
SBR-16-325,3.0,4.0,0.002,1.78
SBR-16-325,4.0,5.0,0.002,1.74
SBR-16-325,5.0,6.0,0.002,1.65
SBR-16-325,6.0,7.0,0.002,1.58
SBR-16-325,7.0,8.0,0.002,1.77
SBR-16-325,8.0,9.0,0.002,1.75
SBR-16-325,9.0,10.0,0.0152,1.7
SBR-16-325,10.0,11.0,0.0234,1.71
SBR-16-325,11.0,12.0,0.0162,1.8
SBR-16-325,12.0,13.0,0.0309,1.64
SBR-16-325,13.0,14.0,0.5451,1.95
SBR-16-325,14.0,15.0,0.0658,2.09
SBR-16-325,15.0,15.4,0.0758,1.95
SBR-16-350,0.0,1.0,0.002,1.5
SBR-16-350,1.0,2.0,0.0077,1.58
SBR-16-350,2.0,3.0,0.002,1.72
SBR-16-350,3.0,4.0,0.002,1.72
SBR-16-350,4.0,5.0,0.002,1.66
SBR-16-350,5.0,6.0,0.002,1.81
SBR-16-350,6.0,7.0,0.0104,1.78
SBR-16-350,7.0,8.0,0.0082,1.61
SBR-16-350,8.0,9.0,0.0127,1.75
SBR-16-350,9.0,10.0,0.0368,1.74
SBR-16-350,10.0,11.0,0.615,1.92
SBR-16-350,11.0,12.2,0.0583,2.01
SBR-16-375,0.0,1.0,0.002,1.54
SBR-16-375,1.0,2.0,0.0078,1.53
SBR-16-375,2.0,3.0,0.002,1.68
SBR-16-375,3.0,4.0,0.002,1.7
SBR-16-375,4.0,5.0,0.0066,1.67
SBR-16-375,5.0,6.0,0.0079,1.72
SBR-16-375,6.0,7.0,0.0253,1.9
SBR-16-375,7.0,8.0,0.0397,1.52
SBR-16-375,8.0,9.0,0.0881,2.01
SBR-16-375,9.0,10.0,0.0153,1.81
SBR-16-400,0.0,1.0,0.0065,1.65
SBR-16-400,1.0,2.0,0.002,1.51
SBR-16-400,2.0,3.0,0.002,1.46
SBR-16-400,3.0,4.0,0.002,1.73
SBR-16-400,4.0,5.0,0.002,1.68
SBR-16-400,5.0,6.0,0.0118,1.77
SBR-16-400,6.0,7.0,0.013,2.16
SBR-16-400,7.0,7.4,0.0073,2.06
SBR-16-425,0.0,1.0,0.002,1.58
SBR-16-425,1.0,2.0,0.002,1.42
SBR-16-425,2.0,3.0,0.002,1.43
SBR-16-425,3.0,4.0,0.002,1.61
SBR-16-425,4.0,5.0,0.002,1.61
SBR-16-425,5.0,6.1,0.0085,2.19
SBR-16-450,0.0,1.0,0.0065,1.56
SBR-16-450,1.0,2.0,0.002,1.56
SBR-16-450,2.0,3.0,0.002,1.64
SBR-16-450,3.0,4.0,0.002,1.79
SBR-16-450,4.0,5.0,0.002,2.01
SBR-16-450,5.0,5.4,0.002,2.22
SBR-16-475,0.0,1.0,0.002,1.67
SBR-16-475,1.0,2.0,0.0075,1.63
SBR-16-475,2.0,3.0,0.002,1.85
SBR-16-475,3.0,4.0,0.002,2.04
SBR-16-475,4.0,4.5,0.002,2.19
SBR-16-500,0.0,1.0,0.002,1.62
SBR-16-500,1.0,2.0,0.002,1.64
SBR-16-500,2.0,3.0,0.002,1.77
SBR-16-500,3.0,4.0,0.002,2.09
SBR-16-500,4.0,4.5,0.002,2.0
SBR-16-525,0.0,1.0,0.002,1.5
SBR-16-525,1.0,2.0,0.002,1.57
SBR-16-525,2.0,3.0,0.002,1.71
SBR-16-525,3.0,4.0,0.002,2.12
SBR-16-525,4.0,4.6,0.002,2.18
SBR-16-550,0.0,1.0,0.002,1.49
SBR-16-550,1.0,2.0,0.002,1.46
SBR-16-550,2.0,3.0,0.002,1.66
SBR-16-550,3.0,4.2,0.002,1.96
SBR-16-575,0.0,1.0,0.002,1.58
SBR-16-575,1.0,2.0,0.002,1.59
SBR-16-575,2.0,3.0,0.002,1.75
SBR-16-575,3.0,4.0,0.002,2.01
SBR-16-575,4.0,4.6,0.002,2.01
SBR-16-600,0.0,1.0,0.002,1.52
SBR-16-600,1.0,2.0,0.0087,1.61
SBR-16-600,2.0,3.0,0.002,1.77
SBR-16-600,3.0,4.0,0.002,1.71
SBR-16-600,4.0,5.0,0.002,2.16
SBR-16-600,5.0,5.6,0.002,2.02
SBR-16-625,0.0,1.0,0.002,1.58
SBR-16-625,1.0,2.0,0.002,1.47
SBR-16-625,2.0,3.0,0.002,1.66
SBR-16-625,3.0,4.0,0.002,1.73
SBR-16-625,4.0,5.0,0.002,1.78
SBR-16-625,5.0,6.0,0.002,2.03
SBR-16-625,6.0,6.6,0.002,2.12
SBR-16-650,0.0,1.0,0.002,1.67
SBR-16-650,1.0,2.0,0.002,1.51
SBR-16-650,2.0,3.0,0.002,1.72
SBR-16-650,3.0,4.0,0.002,1.79
SBR-16-650,4.0,5.0,0.002,1.68
SBR-16-650,5.0,6.0,0.002,1.54
SBR-16-650,6.0,7.0,0.002,1.9
SBR-17-050,0.0,1.0,0.002,1.66
SBR-17-050,1.0,2.0,0.002,1.5
SBR-17-050,2.0,3.0,0.002,1.75
SBR-17-050,3.0,4.0,0.0059,1.72
SBR-17-050,4.0,5.0,0.0053,1.86
SBR-17-050,5.0,6.0,0.0083,1.71
SBR-17-050,6.0,7.0,0.0098,1.76
SBR-17-050,7.0,8.0,0.0198,1.65
SBR-17-050,8.0,9.0,0.0162,1.8
SBR-17-050,9.0,10.0,0.4196,1.94
SBR-17-050,10.0,11.0,0.4645,1.82
SBR-17-050,11.0,11.6,0.0997,1.98
SBR-17-075,0.0,1.0,0.002,1.57
SBR-17-075,1.0,2.0,0.002,1.55
SBR-17-075,2.0,3.0,0.002,1.77
SBR-17-075,3.0,4.0,0.002,1.87
SBR-17-075,4.0,5.0,0.002,1.69
SBR-17-075,5.0,6.0,0.002,1.78
SBR-17-075,6.0,7.0,0.002,1.81
SBR-17-075,7.0,8.0,0.0192,1.73
SBR-17-075,8.0,9.0,0.0143,1.77
SBR-17-075,9.0,10.0,0.0146,1.74
SBR-17-075,10.0,11.0,0.0453,1.63
SBR-17-075,11.0,12.0,0.2919,1.86
SBR-17-075,12.0,13.0,0.4074,1.99
SBR-17-075,13.0,14.0,0.1438,2.1
SBR-17-075,14.0,15.0,0.0498,1.88
SBR-17-100,0.0,1.0,0.002,1.49
SBR-17-100,1.0,2.0,0.002,1.6
SBR-17-100,2.0,3.0,0.0063,1.58
SBR-17-100,3.0,4.0,0.002,1.81
SBR-17-100,4.0,5.0,0.002,1.68
SBR-17-100,5.0,6.0,0.002,1.79
SBR-17-100,6.0,7.0,0.002,1.65
SBR-17-100,7.0,8.0,0.0062,1.71
SBR-17-100,8.0,9.0,0.0097,1.75
SBR-17-100,9.0,10.0,0.0196,1.81
SBR-17-100,10.0,11.0,0.0101,1.72
SBR-17-100,11.0,12.0,0.0264,1.76
SBR-17-100,12.0,13.0,0.0372,1.85
SBR-17-100,13.0,14.0,1.4696,1.99
SBR-17-100,14.0,15.0,0.5178,2.0
SBR-17-100,15.0,16.0,0.6876,1.91
SBR-17-100,16.0,16.7,0.0519,2.07
SBR-17-125,0.0,1.0,0.002,1.54
SBR-17-125,1.0,2.0,0.002,1.54
SBR-17-125,2.0,3.0,0.0058,1.64
SBR-17-125,3.0,4.0,0.002,1.8
SBR-17-125,4.0,5.0,0.002,1.74
SBR-17-125,5.0,6.0,0.002,1.62
SBR-17-125,6.0,7.0,0.002,1.56
SBR-17-125,7.0,8.0,0.002,1.78
SBR-17-125,8.0,9.0,0.002,1.77
SBR-17-125,9.0,10.0,0.002,1.56
SBR-17-125,10.0,11.0,0.0099,1.82
SBR-17-125,11.0,12.0,0.0145,1.88
SBR-17-125,12.0,13.0,0.0224,1.76
SBR-17-125,13.0,14.0,0.0249,1.71
SBR-17-125,14.0,15.0,0.0321,1.72
SBR-17-125,15.0,16.0,0.6475,1.83
SBR-17-125,16.0,17.0,1.7957,1.94
SBR-17-125,17.0,18.0,1.624,1.78
SBR-17-125,18.0,19.0,0.1127,2.21
SBR-17-125,19.0,19.5,0.0466,2.11
SBR-17-150,0.0,1.0,0.0094,1.51
SBR-17-150,1.0,2.0,0.0065,1.6
SBR-17-150,2.0,3.0,0.002,1.47
SBR-17-150,3.0,4.0,0.002,1.6
SBR-17-150,4.0,5.0,0.002,1.75
SBR-17-150,5.0,6.0,0.002,1.7
SBR-17-150,6.0,7.0,0.002,1.59
SBR-17-150,7.0,8.0,0.002,1.65
SBR-17-150,8.0,9.0,0.002,1.66
SBR-17-150,9.0,10.0,0.002,1.78
SBR-17-150,10.0,11.0,0.002,1.69
SBR-17-150,11.0,12.0,0.002,1.75
SBR-17-150,12.0,13.0,0.002,1.79
SBR-17-150,13.0,14.0,0.0106,1.66
SBR-17-150,14.0,15.0,0.0171,1.93
SBR-17-150,15.0,16.0,0.0212,1.78
SBR-17-150,16.0,17.0,0.1337,1.8
SBR-17-150,17.0,18.0,0.14,1.74
SBR-17-150,18.0,19.0,0.3664,1.91
SBR-17-150,19.0,20.0,0.0965,1.97
SBR-17-175,0.0,1.0,0.002,1.62
SBR-17-175,1.0,2.0,0.002,1.47
SBR-17-175,2.0,3.0,0.002,1.61
SBR-17-175,3.0,4.0,0.0051,1.56
SBR-17-175,4.0,5.0,0.002,1.79
SBR-17-175,5.0,6.0,0.002,1.8
SBR-17-175,6.0,7.0,0.002,1.67
SBR-17-175,7.0,8.0,0.002,1.78
SBR-17-175,8.0,9.0,0.002,1.68
SBR-17-175,9.0,10.0,0.0155,1.65
SBR-17-175,10.0,11.0,0.002,1.7
SBR-17-175,11.0,12.0,0.008,1.76
SBR-17-175,12.0,13.0,0.0157,1.78
SBR-17-175,13.0,14.0,0.0106,1.86
SBR-17-175,14.0,15.0,0.0148,1.85
SBR-17-175,15.0,16.0,0.0101,1.84
SBR-17-175,16.0,17.0,0.033,1.79
SBR-17-175,17.0,18.0,0.7618,2.02
SBR-17-175,18.0,19.0,0.6732,1.75
SBR-17-175,19.0,20.0,0.112,2.08
SBR-17-175,20.0,20.8,0.051,1.92
SBR-17-200,0.0,1.0,0.0054,1.61
SBR-17-200,1.0,2.0,0.002,1.55
SBR-17-200,2.0,3.0,0.0057,1.62
SBR-17-200,3.0,4.0,0.011,1.75
SBR-17-200,4.0,5.0,0.002,1.73
SBR-17-200,5.0,6.0,0.002,1.66
SBR-17-200,6.0,7.0,0.002,1.71
SBR-17-200,7.0,8.0,0.002,1.84
SBR-17-200,8.0,9.0,0.002,1.71
SBR-17-200,9.0,10.0,0.002,1.89
SBR-17-200,10.0,11.0,0.002,1.76
SBR-17-200,11.0,12.0,0.002,1.66
SBR-17-200,12.0,13.0,0.0071,1.76
SBR-17-200,13.0,14.0,0.0083,1.76
SBR-17-200,14.0,15.0,0.0084,1.74
SBR-17-200,15.0,16.0,0.0071,1.48
SBR-17-200,16.0,17.0,0.0105,1.76
SBR-17-200,17.0,18.0,0.5555,1.96
SBR-17-200,18.0,19.0,1.7768,1.85
SBR-17-200,19.0,20.0,0.1212,2.13
SBR-17-200,20.0,20.6,0.0174,1.98
SBR-17-225,0.0,1.0,0.002,1.45
SBR-17-225,1.0,2.0,0.0072,1.55
SBR-17-225,2.0,3.0,0.002,1.53
SBR-17-225,3.0,4.0,0.002,1.66
SBR-17-225,4.0,5.0,0.002,1.63
SBR-17-225,5.0,6.0,0.002,1.64
SBR-17-225,6.0,7.0,0.002,1.8
SBR-17-225,7.0,8.0,0.002,1.65
SBR-17-225,8.0,9.0,0.002,1.53
SBR-17-225,9.0,10.0,0.002,1.72
SBR-17-225,10.0,11.0,0.0155,1.81
SBR-17-225,11.0,12.0,0.002,1.56
SBR-17-225,12.0,13.0,0.0131,1.87
SBR-17-225,13.0,14.0,0.0131,1.78
SBR-17-225,14.0,15.0,0.0153,1.73
SBR-17-225,15.0,16.0,0.0368,1.72
SBR-17-225,16.0,17.0,1.014,1.96
SBR-17-225,17.0,18.0,1.6064,2.02
SBR-17-225,18.0,19.1,0.0976,2.04
SBR-17-250,0.0,1.0,0.002,1.59
SBR-17-250,1.0,2.0,0.0054,1.58
SBR-17-250,2.0,3.0,0.002,1.55
SBR-17-250,3.0,4.0,0.002,1.49
SBR-17-250,4.0,5.0,0.002,1.85
SBR-17-250,5.0,6.0,0.002,1.84
SBR-17-250,6.0,7.0,0.002,1.64
SBR-17-250,7.0,8.0,0.002,1.69
SBR-17-250,8.0,9.0,0.002,1.68
SBR-17-250,9.0,10.0,0.002,1.6
SBR-17-250,10.0,11.0,0.0063,1.87
SBR-17-250,11.0,12.0,0.0068,1.75
SBR-17-250,12.0,13.0,0.0121,1.68
SBR-17-250,13.0,14.0,0.0081,1.75
SBR-17-250,14.0,15.0,0.055,1.84
SBR-17-250,15.0,16.0,0.7702,1.95
SBR-17-250,16.0,17.0,0.3218,2.17
SBR-17-250,17.0,17.9,0.0202,1.97
SBR-17-275,0.0,1.0,0.0059,1.49
SBR-17-275,1.0,2.0,0.002,1.6
SBR-17-275,2.0,3.0,0.002,1.55
SBR-17-275,3.0,4.0,0.0086,1.56
SBR-17-275,4.0,5.0,0.002,1.8
SBR-17-275,5.0,6.0,0.002,1.72
SBR-17-275,6.0,7.0,0.002,1.68
SBR-17-275,7.0,8.0,0.002,1.7
SBR-17-275,8.0,9.0,0.002,1.9
SBR-17-275,9.0,10.0,0.0067,1.83
SBR-17-275,10.0,11.0,0.0087,1.68
SBR-17-275,11.0,12.0,0.002,1.81
SBR-17-275,12.0,13.0,0.0051,1.63
SBR-17-275,13.0,14.0,0.1348,1.81
SBR-17-275,14.0,15.0,0.1586,1.98
SBR-17-275,15.0,16.0,0.0773,2.13
SBR-17-275,16.0,16.5,0.026,2.03
SBR-17-300,0.0,1.0,0.002,1.6
SBR-17-300,1.0,2.0,0.0082,1.51
SBR-17-300,2.0,3.0,0.0064,1.52
SBR-17-300,3.0,4.0,0.002,1.85
SBR-17-300,4.0,5.0,0.002,1.85
SBR-17-300,5.0,6.0,0.002,1.69
SBR-17-300,6.0,7.0,0.002,1.8
SBR-17-300,7.0,8.0,0.002,1.61
SBR-17-300,8.0,9.0,0.002,1.65
SBR-17-300,9.0,10.0,0.002,1.69
SBR-17-300,10.0,11.0,0.002,1.65
SBR-17-300,11.0,12.0,0.09,1.96
SBR-17-300,12.0,13.0,0.3552,1.94
SBR-17-300,13.0,14.0,0.0191,1.98
SBR-17-300,14.0,15.0,0.0187,2.22
SBR-17-325,0.0,1.0,0.002,1.62
SBR-17-325,1.0,2.0,0.002,1.51
SBR-17-325,2.0,3.0,0.002,1.56
SBR-17-325,3.0,4.0,0.002,1.8
SBR-17-325,4.0,5.0,0.002,1.59
SBR-17-325,5.0,6.0,0.002,1.68
SBR-17-325,6.0,7.0,0.002,1.68
SBR-17-325,7.0,8.0,0.002,1.78
SBR-17-325,8.0,9.0,0.002,1.7
SBR-17-325,9.0,10.0,0.0684,2.12
SBR-17-325,10.0,11.0,0.0432,2.02
SBR-17-325,11.0,12.2,0.0081,1.98
SBR-17-350,0.0,1.0,0.002,1.62
SBR-17-350,1.0,2.0,0.002,1.54
SBR-17-350,2.0,3.0,0.002,1.51
SBR-17-350,3.0,4.0,0.002,1.74
SBR-17-350,4.0,5.0,0.002,1.72
SBR-17-350,5.0,6.0,0.002,1.66
SBR-17-350,6.0,7.0,0.002,1.67
SBR-17-350,7.0,8.0,0.008,2.0
SBR-17-350,8.0,9.0,0.0617,1.86
SBR-17-350,9.0,10.0,0.002,1.99
SBR-17-350,10.0,10.3,0.002,1.87
SBR-17-375,0.0,1.0,0.002,1.47
SBR-17-375,1.0,2.0,0.0068,1.66
SBR-17-375,2.0,3.0,0.002,1.66
SBR-17-375,3.0,4.0,0.002,1.67
SBR-17-375,4.0,5.0,0.002,1.81
SBR-17-375,5.0,6.0,0.002,1.78
SBR-17-375,6.0,7.0,0.04,1.98
SBR-17-375,7.0,8.0,0.002,1.94
SBR-17-375,8.0,8.5,0.002,2.02
SBR-17-400,0.0,1.0,0.002,1.56
SBR-17-400,1.0,2.0,0.002,1.57
SBR-17-400,2.0,3.0,0.002,1.68
SBR-17-400,3.0,4.0,0.002,1.77
SBR-17-400,4.0,5.0,0.0115,1.97
SBR-17-400,5.0,6.0,0.002,2.02
SBR-17-400,6.0,6.9,0.002,1.95
SBR-17-425,0.0,1.0,0.0097,1.57
SBR-17-425,1.0,2.0,0.002,1.5
SBR-17-425,2.0,3.0,0.002,1.68
SBR-17-425,3.0,4.0,0.0066,2.06
SBR-17-425,4.0,5.2,0.002,2.07
SBR-17-450,0.0,1.0,0.002,1.47
SBR-17-450,1.0,2.0,0.002,1.66
SBR-17-450,2.0,3.0,0.002,1.75
SBR-17-450,3.0,4.0,0.002,2.1
SBR-17-450,4.0,4.6,0.002,2.06
SBR-17-475,0.0,1.0,0.002,1.6
SBR-17-475,1.0,2.0,0.0075,1.41
SBR-17-475,2.0,3.0,0.002,1.78
SBR-17-475,3.0,4.3,0.002,2.06
SBR-17-500,0.0,1.0,0.002,1.48
SBR-17-500,1.0,2.0,0.002,1.45
SBR-17-500,2.0,3.0,0.002,1.97
SBR-17-500,3.0,4.2,0.002,2.04
SBR-17-525,0.0,1.0,0.0055,1.59
SBR-17-525,1.0,2.0,0.002,1.53
SBR-17-525,2.0,3.0,0.002,1.95
SBR-17-525,3.0,4.2,0.002,2.12
SBR-17-550,0.0,1.0,0.0066,1.63
SBR-17-550,1.0,2.0,0.0055,1.49
SBR-17-550,2.0,3.0,0.002,1.7
SBR-17-550,3.0,4.0,0.002,1.98
SBR-17-550,4.0,5.0,0.002,2.08
SBR-17-575,0.0,1.0,0.002,1.54
SBR-17-575,1.0,2.0,0.002,1.81
SBR-17-575,2.0,3.0,0.002,1.74
SBR-17-575,3.0,4.0,0.002,1.77
SBR-17-575,4.0,5.1,0.002,2.12
SBR-17-600,0.0,1.0,0.002,1.6
SBR-17-600,1.0,2.0,0.002,1.8
SBR-17-600,2.0,3.0,0.002,1.78
SBR-17-600,3.0,4.0,0.002,1.77
SBR-17-600,4.0,5.0,0.002,2.03
SBR-17-600,5.0,5.5,0.002,1.86
SBR-17-625,0.0,1.0,0.002,1.49
SBR-17-625,1.0,2.0,0.002,1.66
SBR-17-625,2.0,3.0,0.002,1.82
SBR-17-625,3.0,4.0,0.002,1.74
SBR-17-625,4.0,5.0,0.002,2.09
SBR-17-625,5.0,6.2,0.002,2.02
SBR-17-650,0.0,1.0,0.002,1.53
SBR-17-650,1.0,2.0,0.002,1.56
SBR-17-650,2.0,3.0,0.002,1.72
SBR-17-650,3.0,4.0,0.002,1.68
SBR-17-650,4.0,5.0,0.002,1.8
SBR-17-650,5.0,6.0,0.002,1.98
SBR-17-650,6.0,6.7,0.002,2.1
SBR-18-050,0.0,1.0,0.002,1.51
SBR-18-050,1.0,2.0,0.0087,1.51
SBR-18-050,2.0,3.0,0.002,1.69
SBR-18-050,3.0,4.0,0.002,1.71
SBR-18-050,4.0,5.0,0.002,1.76
SBR-18-050,5.0,6.3,0.007,1.55
SBR-18-075,0.0,1.0,0.005,1.66
SBR-18-075,1.0,2.0,0.0071,1.5
SBR-18-075,2.0,3.0,0.002,1.85
SBR-18-075,3.0,4.0,0.002,1.74
SBR-18-075,4.0,5.0,0.002,1.71
SBR-18-075,5.0,6.0,0.002,1.7
SBR-18-075,6.0,7.0,0.002,1.66
SBR-18-075,7.0,8.0,0.002,1.67
SBR-18-075,8.0,9.0,0.002,1.51
SBR-18-075,9.0,10.0,0.0084,1.78
SBR-18-075,10.0,11.0,0.0153,1.65
SBR-18-075,11.0,12.0,0.6186,1.93
SBR-18-075,12.0,13.0,0.4139,1.86
SBR-18-075,13.0,14.0,0.7975,1.85
SBR-18-075,14.0,14.7,0.0354,2.01
SBR-18-100,0.0,1.0,0.002,1.64
SBR-18-100,1.0,2.0,0.011,1.47
SBR-18-100,2.0,3.0,0.002,1.61
SBR-18-100,3.0,4.0,0.002,1.71
SBR-18-100,4.0,5.0,0.002,1.79
SBR-18-100,5.0,6.0,0.002,1.65
SBR-18-100,6.0,7.0,0.002,1.82
SBR-18-100,7.0,8.0,0.002,1.73
SBR-18-100,8.0,9.0,0.002,1.65
SBR-18-100,9.0,10.0,0.002,1.67
SBR-18-100,10.0,11.0,0.0067,1.77
SBR-18-100,11.0,12.0,0.0088,1.75
SBR-18-100,12.0,13.0,0.0054,1.65
SBR-18-100,13.0,14.0,0.0146,1.78
SBR-18-100,14.0,15.0,0.2821,1.98
SBR-18-100,15.0,16.0,0.4133,1.95
SBR-18-100,16.0,17.0,0.042,2.17
SBR-18-100,17.0,17.9,0.0255,2.04
SBR-18-125,0.0,1.0,0.0119,1.66
SBR-18-125,1.0,2.0,0.002,1.53
SBR-18-125,2.0,3.0,0.002,1.51
SBR-18-125,3.0,4.0,0.002,1.72
SBR-18-125,4.0,5.0,0.002,1.64
SBR-18-125,5.0,6.0,0.002,1.78
SBR-18-125,6.0,7.0,0.002,1.69
SBR-18-125,7.0,8.0,0.002,1.72
SBR-18-125,8.0,9.0,0.002,1.71
SBR-18-125,9.0,10.0,0.0068,1.7
SBR-18-125,10.0,11.0,0.002,1.63
SBR-18-125,11.0,12.0,0.002,1.72
SBR-18-125,12.0,13.0,0.0079,1.75
SBR-18-125,13.0,14.0,0.014,1.7
SBR-18-125,14.0,15.0,0.0561,1.83
SBR-18-125,15.0,16.0,0.0207,1.69
SBR-18-125,16.0,17.0,0.6068,1.84
SBR-18-125,17.0,18.0,0.9448,1.92
SBR-18-125,18.0,19.0,0.1146,2.03
SBR-18-125,19.0,19.5,0.0436,2.06
SBR-18-150,0.0,1.0,0.0069,1.69
SBR-18-150,1.0,2.0,0.002,1.5
SBR-18-150,2.0,3.0,0.002,1.57
SBR-18-150,3.0,4.0,0.002,1.59
SBR-18-150,4.0,5.0,0.002,1.59
SBR-18-150,5.0,6.0,0.002,1.66
SBR-18-150,6.0,7.0,0.002,1.63
SBR-18-150,7.0,8.0,0.002,1.69
SBR-18-150,8.0,9.0,0.002,1.66
SBR-18-150,9.0,10.0,0.002,1.67
SBR-18-150,10.0,11.0,0.002,1.78
SBR-18-150,11.0,12.0,0.002,1.7
SBR-18-150,12.0,13.0,0.0091,1.55
SBR-18-150,13.0,14.0,0.0093,1.81
SBR-18-150,14.0,15.0,0.027,1.59
SBR-18-150,15.0,16.0,0.0282,1.71
SBR-18-150,16.0,17.0,0.0379,1.62
SBR-18-150,17.0,18.0,0.7927,1.89
SBR-18-150,18.0,19.0,1.0979,1.97
SBR-18-150,19.0,20.0,0.6601,2.03
SBR-18-150,20.0,20.3,0.1495,2.08
SBR-18-175,0.0,1.0,0.002,1.59
SBR-18-175,1.0,2.0,0.002,1.52
SBR-18-175,2.0,3.0,0.002,1.71
SBR-18-175,3.0,4.0,0.002,1.74
SBR-18-175,4.0,5.0,0.002,1.72
SBR-18-175,5.0,6.0,0.002,1.63
SBR-18-175,6.0,7.0,0.002,1.63
SBR-18-175,7.0,8.0,0.002,1.71
SBR-18-175,8.0,9.0,0.002,1.63
SBR-18-175,9.0,10.0,0.002,1.86
SBR-18-175,10.0,11.0,0.0058,1.7
SBR-18-175,11.0,12.0,0.0138,1.91
SBR-18-175,12.0,13.0,0.0082,1.74
SBR-18-175,13.0,14.0,0.002,1.64
SBR-18-175,14.0,14.7,0.0061,1.84
SBR-18-200,0.0,1.0,0.002,1.49
SBR-18-200,1.0,2.0,0.002,1.57
SBR-18-200,2.0,3.0,0.002,1.65
SBR-18-200,3.0,4.0,0.002,1.66
SBR-18-200,4.0,5.0,0.002,1.84
SBR-18-200,5.0,6.0,0.002,1.6
SBR-18-200,6.0,7.0,0.002,1.75
SBR-18-200,7.0,8.0,0.002,1.86
SBR-18-200,8.0,9.0,0.002,1.78
SBR-18-200,9.0,10.0,0.002,1.7
SBR-18-200,10.0,11.0,0.002,1.7
SBR-18-200,11.0,12.0,0.002,1.7
SBR-18-200,12.0,13.0,0.007,1.72
SBR-18-200,13.0,14.0,0.0196,1.66
SBR-18-200,14.0,15.0,0.0151,1.59
SBR-18-200,15.0,16.0,0.0306,1.81
SBR-18-200,16.0,17.0,0.7177,1.98
SBR-18-200,17.0,18.0,0.7361,1.88
SBR-18-200,18.0,19.0,0.1247,1.83
SBR-18-200,19.0,19.4,0.1042,2.14
SBR-18-225,0.0,1.0,0.002,1.47
SBR-18-225,1.0,2.0,0.0066,1.59
SBR-18-225,2.0,3.0,0.002,1.51
SBR-18-225,3.0,4.0,0.002,1.77
SBR-18-225,4.0,5.0,0.002,1.7
SBR-18-225,5.0,6.0,0.002,1.86
SBR-18-225,6.0,7.0,0.002,1.7
SBR-18-225,7.0,8.0,0.002,1.75
SBR-18-225,8.0,9.0,0.002,1.75
SBR-18-225,9.0,10.0,0.002,1.75
SBR-18-225,10.0,11.0,0.002,1.65
SBR-18-225,11.0,12.0,0.0059,1.78
SBR-18-225,12.0,13.0,0.0065,1.6
SBR-18-225,13.0,14.0,0.0063,1.76
SBR-18-225,14.0,15.0,0.0085,1.67
SBR-18-225,15.0,16.0,0.0773,2.11
SBR-18-225,16.0,17.0,0.3113,2.0
SBR-18-225,17.0,18.0,0.1018,1.97
SBR-18-225,18.0,18.7,0.0658,2.09
SBR-18-250,0.0,1.0,0.002,1.55
SBR-18-250,1.0,2.0,0.002,1.46
SBR-18-250,2.0,3.0,0.002,1.5
SBR-18-250,3.0,4.0,0.002,1.6
SBR-18-250,4.0,5.0,0.002,1.71
SBR-18-250,5.0,6.0,0.002,1.6
SBR-18-250,6.0,7.0,0.002,1.71
SBR-18-250,7.0,8.0,0.002,1.78
SBR-18-250,8.0,9.0,0.002,1.79
SBR-18-250,9.0,10.0,0.002,1.72
SBR-18-250,10.0,11.0,0.002,1.64
SBR-18-250,11.0,12.0,0.0061,1.69
SBR-18-250,12.0,13.0,0.008,1.7
SBR-18-250,13.0,14.0,0.0058,1.62
SBR-18-250,14.0,15.0,0.2505,2.01
SBR-18-250,15.0,16.0,0.2097,1.86
SBR-18-250,16.0,16.9,0.0288,2.25
SBR-18-275,0.0,1.0,0.002,1.54
SBR-18-275,1.0,2.0,0.0053,1.54
SBR-18-275,2.0,3.0,0.002,1.48
SBR-18-275,3.0,4.0,0.002,1.75
SBR-18-275,4.0,5.0,0.002,1.65
SBR-18-275,5.0,6.0,0.002,1.81
SBR-18-275,6.0,7.0,0.002,1.84
SBR-18-275,7.0,8.0,0.002,1.62
SBR-18-275,8.0,9.0,0.002,1.89
SBR-18-275,9.0,10.0,0.002,1.77
SBR-18-275,10.0,11.0,0.002,1.76
SBR-18-275,11.0,12.0,0.0059,1.61
SBR-18-275,12.0,13.0,0.1829,1.87
SBR-18-275,13.0,14.0,0.328,2.0
SBR-18-275,14.0,15.0,0.0687,1.84
SBR-18-275,15.0,15.4,0.0194,2.1
SBR-18-300,0.0,1.0,0.002,1.52
SBR-18-300,1.0,2.0,0.002,1.56
SBR-18-300,2.0,3.0,0.002,1.51
SBR-18-300,3.0,4.0,0.002,1.82
SBR-18-300,4.0,5.0,0.002,1.69
SBR-18-300,5.0,6.0,0.002,1.77
SBR-18-300,6.0,7.0,0.002,1.59
SBR-18-300,7.0,8.0,0.002,1.77
SBR-18-300,8.0,9.0,0.002,1.71
SBR-18-300,9.0,10.0,0.002,1.74
SBR-18-300,10.0,11.0,0.0884,1.97
SBR-18-300,11.0,12.0,0.1186,1.98
SBR-18-300,12.0,13.0,0.0207,2.15
SBR-18-300,13.0,13.5,0.016,1.96
SBR-18-325,0.0,1.0,0.002,1.51
SBR-18-325,1.0,2.0,0.002,1.54
SBR-18-325,2.0,3.0,0.0066,1.51
SBR-18-325,3.0,4.0,0.002,1.76
SBR-18-325,4.0,5.0,0.002,1.82
SBR-18-325,5.0,6.0,0.002,1.7
SBR-18-325,6.0,7.0,0.002,1.72
SBR-18-325,7.0,8.0,0.002,1.68
SBR-18-325,8.0,9.0,0.0322,1.87
SBR-18-325,9.0,10.0,0.0606,1.9
SBR-18-325,10.0,11.0,0.0077,2.31
SBR-18-325,11.0,11.4,0.002,2.05
SBR-18-350,0.0,1.0,0.0114,1.51
SBR-18-350,1.0,2.0,0.002,1.5
SBR-18-350,2.0,3.0,0.002,1.76
SBR-18-350,3.0,4.0,0.002,1.69
SBR-18-350,4.0,5.0,0.002,1.69
SBR-18-350,5.0,6.0,0.002,1.72
SBR-18-350,6.0,7.0,0.002,1.84
SBR-18-350,7.0,8.0,0.023,2.05
SBR-18-350,8.0,9.0,0.0714,1.95
SBR-18-350,9.0,10.2,0.0083,2.09
SBR-18-375,0.0,1.0,0.002,1.58
SBR-18-375,1.0,2.0,0.0058,1.55
SBR-18-375,2.0,3.0,0.002,1.6
SBR-18-375,3.0,4.0,0.002,1.66
SBR-18-375,4.0,5.0,0.002,1.64
SBR-18-375,5.0,6.0,0.002,1.69
SBR-18-375,6.0,7.0,0.01,1.83
SBR-18-375,7.0,8.0,0.0217,1.82
SBR-18-375,8.0,9.0,0.002,1.99
SBR-18-375,9.0,9.6,0.002,1.95
SBR-18-400,0.0,1.0,0.0077,1.57
SBR-18-400,1.0,2.0,0.0054,1.5
SBR-18-400,2.0,3.0,0.002,1.73
SBR-18-400,3.0,4.0,0.002,1.74
SBR-18-400,4.0,5.0,0.002,1.68
SBR-18-400,5.0,6.0,0.002,1.69
SBR-18-400,6.0,7.0,0.0228,1.85
SBR-18-400,7.0,8.0,0.002,2.08
SBR-18-400,8.0,8.3,0.002,2.08
SBR-18-425,0.0,1.0,0.002,1.47
SBR-18-425,1.0,2.0,0.0072,1.46
SBR-18-425,2.0,3.0,0.002,1.73
SBR-18-425,3.0,4.0,0.002,1.73
SBR-18-425,4.0,5.0,0.0093,2.08
SBR-18-425,5.0,6.0,0.0251,2.01
SBR-18-425,6.0,6.6,0.002,1.92
SBR-18-450,0.0,1.0,0.002,1.53
SBR-18-450,1.0,2.0,0.0058,1.64
SBR-18-450,2.0,3.0,0.002,1.58
SBR-18-450,3.0,4.0,0.002,1.75
SBR-18-450,4.0,5.0,0.0076,1.93
SBR-18-450,5.0,6.0,0.002,1.95
SBR-18-450,6.0,6.5,0.002,2.1
SBR-18-475,0.0,1.0,0.002,1.5
SBR-18-475,1.0,2.0,0.002,1.5
SBR-18-475,2.0,3.0,0.002,1.66
SBR-18-475,3.0,4.0,0.002,1.87
SBR-18-475,4.0,5.0,0.002,2.05
SBR-18-475,5.0,5.8,0.002,1.94
SBR-18-500,0.0,1.0,0.0068,1.63
SBR-18-500,1.0,2.0,0.002,1.78
SBR-18-500,2.0,3.0,0.002,1.86
SBR-18-500,3.0,4.0,0.002,1.73
SBR-18-500,4.0,5.0,0.002,1.93
SBR-18-500,5.0,5.6,0.002,1.99
SBR-18-525,0.0,1.0,0.005,1.48
SBR-18-525,1.0,2.0,0.002,1.66
SBR-18-550,0.0,1.0,0.002,1.44
SBR-18-550,1.0,2.0,0.002,1.78
SBR-18-550,2.0,3.0,0.002,1.72
SBR-18-550,3.0,4.0,0.002,1.57
SBR-18-550,4.0,5.0,0.002,1.99
SBR-18-550,5.0,6.2,0.002,1.85
SBR-18-575,0.0,1.0,0.002,1.62
SBR-18-575,1.0,2.0,0.002,1.81
SBR-18-575,2.0,3.0,0.002,1.63
SBR-18-575,3.0,4.0,0.002,1.64
SBR-18-575,4.0,5.0,0.002,1.7
SBR-18-575,5.0,6.0,0.002,1.93
SBR-18-575,6.0,7.0,0.002,2.08
SBR-18-600,0.0,1.0,0.0059,1.55
SBR-18-600,1.0,2.0,0.002,1.59
SBR-18-600,2.0,3.0,0.002,1.81
SBR-18-600,3.0,4.0,0.002,1.74
SBR-18-600,4.0,5.0,0.002,1.68
SBR-18-600,5.0,6.0,0.002,1.81
SBR-18-600,6.0,7.0,0.002,2.22
SBR-18-600,7.0,7.4,0.002,1.98
SBR-18-625,0.0,1.0,0.0064,1.48
SBR-18-625,1.0,2.0,0.002,1.67
SBR-18-625,2.0,3.0,0.002,1.73
SBR-18-625,3.0,4.0,0.002,1.63
SBR-18-625,4.0,5.0,0.002,1.86
SBR-18-625,5.0,6.0,0.002,2.1
SBR-18-625,6.0,6.6,0.002,2.05
SBR-18-650,0.0,1.0,0.0087,1.55
SBR-18-650,1.0,2.0,0.002,1.69
SBR-18-650,2.0,3.3,0.002,1.75
SBR-19-050,0.0,1.0,0.002,1.71
SBR-19-050,1.0,2.0,0.002,1.55
SBR-19-050,2.0,3.0,0.002,1.69
SBR-19-050,3.0,4.0,0.002,1.67
SBR-19-050,4.0,5.0,0.002,1.73
SBR-19-050,5.0,6.0,0.0062,1.88
SBR-19-050,6.0,7.0,0.0082,1.73
SBR-19-050,7.0,8.0,0.002,1.75
SBR-19-050,8.0,9.0,0.0122,1.62
SBR-19-050,9.0,10.0,0.0232,1.77
SBR-19-050,10.0,11.0,0.22,1.8
SBR-19-050,11.0,12.0,0.5771,1.88
SBR-19-050,12.0,13.0,0.0342,1.97
SBR-19-050,13.0,13.4,0.0156,2.17
SBR-19-075,0.0,1.0,0.0054,1.52
SBR-19-075,1.0,2.0,0.002,1.77
SBR-19-075,2.0,3.0,0.002,1.76
SBR-19-075,3.0,4.0,0.002,1.69
SBR-19-075,4.0,5.0,0.002,1.74
SBR-19-075,5.0,6.0,0.0056,1.79
SBR-19-075,6.0,7.0,0.0062,1.65
SBR-19-075,7.0,8.0,0.0078,1.85
SBR-19-075,8.0,9.0,0.0064,1.79
SBR-19-075,9.0,10.0,0.037,1.65
SBR-19-075,10.0,11.0,0.0338,1.68
SBR-19-075,11.0,12.0,0.6374,1.82
SBR-19-075,12.0,13.0,1.6091,1.95
SBR-19-075,13.0,14.0,0.3058,2.11
SBR-19-075,14.0,15.0,0.0724,2.09
SBR-19-100,0.0,1.0,0.002,1.44
SBR-19-100,1.0,2.0,0.002,1.74
SBR-19-100,2.0,3.0,0.002,1.68
SBR-19-100,3.0,4.0,0.002,1.59
SBR-19-100,4.0,5.0,0.002,1.78
SBR-19-100,5.0,6.0,0.0053,1.6
SBR-19-100,6.0,7.0,0.002,1.96
SBR-19-100,7.0,8.0,0.002,1.71
SBR-19-100,8.0,9.0,0.0099,1.67
SBR-19-100,9.0,10.0,0.0115,1.74
SBR-19-100,10.0,11.0,0.0272,1.66
SBR-19-100,11.0,12.0,0.0252,1.75
SBR-19-100,12.0,13.0,0.0709,1.83
SBR-19-100,13.0,14.0,1.3356,2.08
SBR-19-100,14.0,15.0,1.3302,1.8
SBR-19-100,15.0,16.0,0.3503,2.16
SBR-19-100,16.0,16.3,0.0863,2.02
SBR-19-125,0.0,1.0,0.002,1.51
SBR-19-125,1.0,2.0,0.002,1.71
SBR-19-125,2.0,3.0,0.002,1.82
SBR-19-125,3.0,4.0,0.002,1.77
SBR-19-125,4.0,5.0,0.002,1.67
SBR-19-125,5.0,6.0,0.002,1.66
SBR-19-125,6.0,7.0,0.002,1.75
SBR-19-125,7.0,8.0,0.002,1.55
SBR-19-125,8.0,9.0,0.002,1.76
SBR-19-125,9.0,10.0,0.002,1.86
SBR-19-125,10.0,11.0,0.0171,1.76
SBR-19-125,11.0,12.0,0.0194,1.7
SBR-19-125,12.0,13.0,0.0283,1.69
SBR-19-125,13.0,14.0,0.0739,1.69
SBR-19-125,14.0,15.0,1.7224,2.07
SBR-19-125,15.0,16.0,0.5929,1.99
SBR-19-125,16.0,17.0,3.9833,1.92
SBR-19-125,17.0,18.0,0.0247,1.99
SBR-19-150,0.0,1.0,0.002,1.51
SBR-19-150,1.0,2.0,0.002,1.76
SBR-19-150,2.0,3.0,0.002,1.63
SBR-19-150,3.0,4.0,0.002,1.61
SBR-19-150,4.0,5.0,0.002,1.77
SBR-19-150,5.0,6.0,0.002,1.58
SBR-19-150,6.0,7.0,0.002,1.72
SBR-19-150,7.0,8.0,0.002,1.82
SBR-19-150,8.0,9.0,0.002,1.85
SBR-19-150,9.0,10.0,0.0091,1.8
SBR-19-150,10.0,11.0,0.0092,1.71
SBR-19-150,11.0,12.0,0.0171,1.75
SBR-19-150,12.0,13.0,0.0109,1.75
SBR-19-150,13.0,14.0,0.0745,1.65
SBR-19-150,14.0,15.0,0.0399,1.58
SBR-19-150,15.0,16.0,1.07,2.08
SBR-19-150,16.0,17.0,1.2768,1.79
SBR-19-150,17.0,18.0,3.64,1.82
SBR-19-150,18.0,19.0,0.4836,2.0
SBR-19-150,19.0,19.3,0.2187,2.2
SBR-19-175,0.0,1.0,0.002,1.56
SBR-19-175,1.0,2.0,0.002,1.73
SBR-19-175,2.0,3.0,0.002,1.74
SBR-19-175,3.0,4.0,0.002,1.77
SBR-19-175,4.0,5.0,0.002,1.53
SBR-19-175,5.0,6.0,0.002,1.91
SBR-19-175,6.0,7.0,0.002,1.69
SBR-19-175,7.0,8.0,0.002,1.72
SBR-19-175,8.0,9.0,0.002,1.7
SBR-19-175,9.0,10.0,0.002,1.75
SBR-19-175,10.0,11.0,0.0058,1.86
SBR-19-175,11.0,12.0,0.0151,1.7
SBR-19-175,12.0,13.0,0.008,1.77
SBR-19-175,13.0,14.0,0.0241,1.76
SBR-19-175,14.0,15.0,0.0496,1.75
SBR-19-175,15.0,16.0,0.1746,1.78
SBR-19-175,16.0,17.0,2.7513,1.91
SBR-19-175,17.0,18.0,5.8841,1.89
SBR-19-175,18.0,19.0,9.7418,1.9
SBR-19-175,19.0,20.0,0.4473,1.82
SBR-19-175,20.0,20.4,0.2711,1.93
SBR-19-200,0.0,1.0,0.0127,1.52
SBR-19-200,1.0,2.0,0.002,1.71
SBR-19-200,2.0,3.0,0.002,1.81
SBR-19-200,3.0,4.0,0.002,1.65
SBR-19-200,4.0,5.0,0.002,1.71
SBR-19-200,5.0,6.0,0.002,1.57
SBR-19-200,6.0,7.0,0.002,1.63
SBR-19-200,7.0,8.0,0.002,1.86
SBR-19-200,8.0,9.0,0.002,1.68
SBR-19-200,9.0,10.0,0.002,1.74
SBR-19-200,10.0,11.0,0.002,1.64
SBR-19-200,11.0,12.0,0.002,1.74
SBR-19-200,12.0,13.0,0.0097,1.76
SBR-19-200,13.0,14.0,0.0191,1.53
SBR-19-200,14.0,15.0,0.0538,1.82
SBR-19-200,15.0,16.0,0.0364,1.75
SBR-19-200,16.0,17.0,0.8028,2.0
SBR-19-200,17.0,18.0,0.9742,2.07
SBR-19-200,18.0,19.0,2.4288,1.95
SBR-19-200,19.0,20.0,5.7199,2.12
SBR-19-200,20.0,20.7,0.1047,2.16
SBR-19-225,0.0,1.0,0.002,1.5
SBR-19-225,1.0,2.0,0.002,1.71
SBR-19-225,2.0,3.0,0.002,1.82
SBR-19-225,3.0,4.0,0.002,1.77
SBR-19-225,4.0,5.0,0.002,1.76
SBR-19-225,5.0,6.0,0.002,1.86
SBR-19-225,6.0,7.0,0.002,1.76
SBR-19-225,7.0,8.0,0.002,1.66
SBR-19-225,8.0,9.0,0.002,1.62
SBR-19-225,9.0,10.0,0.002,1.6
SBR-19-225,10.0,11.0,0.002,1.86
SBR-19-225,11.0,12.0,0.002,1.74
SBR-19-225,12.0,13.0,0.0105,1.89
SBR-19-225,13.0,14.0,0.0165,1.78
SBR-19-225,14.0,15.0,0.0531,1.72
SBR-19-225,15.0,16.0,0.0381,1.67
SBR-19-225,16.0,17.0,0.3811,1.99
SBR-19-225,17.0,18.0,0.4914,1.95
SBR-19-225,18.0,19.0,0.2239,1.82
SBR-19-225,19.0,20.1,0.0468,2.05
SBR-19-250,0.0,1.0,0.002,1.64
SBR-19-250,1.0,2.0,0.002,1.77
SBR-19-250,2.0,3.0,0.002,1.73
SBR-19-250,3.0,4.0,0.002,1.7
SBR-19-250,4.0,5.0,0.002,1.65
SBR-19-250,5.0,6.0,0.002,1.79
SBR-19-250,6.0,7.0,0.002,1.79
SBR-19-250,7.0,8.0,0.002,1.72
SBR-19-250,8.0,9.0,0.002,1.67
SBR-19-250,9.0,10.0,0.002,1.67
SBR-19-250,10.0,11.0,0.002,1.85
SBR-19-250,11.0,12.0,0.0072,1.69
SBR-19-250,12.0,13.0,0.0233,1.76
SBR-19-250,13.0,14.0,0.0148,1.7
SBR-19-250,14.0,15.0,0.4142,1.95
SBR-19-250,15.0,16.0,0.7047,2.05
SBR-19-250,16.0,17.0,0.4217,1.91
SBR-19-250,17.0,18.0,0.0645,2.06
SBR-19-250,18.0,18.7,0.0143,2.01
SBR-19-275,0.0,1.0,0.0055,1.54
SBR-19-275,1.0,2.0,0.002,1.79
SBR-19-275,2.0,3.0,0.002,1.68
SBR-19-275,3.0,4.0,0.002,1.77
SBR-19-275,4.0,5.0,0.002,1.75
SBR-19-275,5.0,6.0,0.002,1.69
SBR-19-275,6.0,7.0,0.002,1.84
SBR-19-275,7.0,7.5,0.002,1.71
SBR-19-300,0.0,1.0,0.002,1.52
SBR-19-300,1.0,2.0,0.002,1.58
SBR-19-300,2.0,3.0,0.002,1.68
SBR-19-300,3.0,4.0,0.002,1.65
SBR-19-300,4.0,5.0,0.002,1.6
SBR-19-300,5.0,6.0,0.002,1.65
SBR-19-300,6.0,7.0,0.002,1.59
SBR-19-300,7.0,8.0,0.002,1.77
SBR-19-300,8.0,9.0,0.02,1.78
SBR-19-300,9.0,10.0,0.002,1.64
SBR-19-300,10.0,11.0,0.0102,1.67
SBR-19-300,11.0,12.0,0.013,1.77
SBR-19-300,12.0,13.0,0.2609,2.09
SBR-19-300,13.0,14.0,0.2644,1.82
SBR-19-300,14.0,15.0,0.4243,1.89
SBR-19-300,15.0,16.2,0.0394,1.8
SBR-19-325,0.0,1.0,0.002,1.46
SBR-19-325,1.0,2.0,0.002,1.76
SBR-19-325,2.0,3.0,0.002,1.49
SBR-19-325,3.0,4.0,0.002,1.79
SBR-19-325,4.0,5.0,0.002,1.74
SBR-19-325,5.0,6.0,0.002,1.71
SBR-19-325,6.0,7.0,0.002,1.72
SBR-19-325,7.0,8.0,0.002,1.72
SBR-19-325,8.0,9.0,0.002,1.63
SBR-19-325,9.0,10.0,0.0064,1.61
SBR-19-325,10.0,11.0,0.0212,1.75
SBR-19-325,11.0,12.0,0.222,2.2
SBR-19-325,12.0,13.0,0.1905,2.01
SBR-19-325,13.0,14.0,0.0361,2.11
SBR-19-325,14.0,14.3,0.0084,2.16
SBR-19-350,0.0,1.0,0.002,1.53
SBR-19-350,1.0,2.0,0.002,1.72
SBR-19-350,2.0,3.0,0.002,1.71
SBR-19-350,3.0,4.0,0.002,1.75
SBR-19-350,4.0,5.0,0.002,1.61
SBR-19-350,5.0,6.0,0.002,1.74
SBR-19-350,6.0,7.0,0.002,1.71
SBR-19-350,7.0,8.0,0.002,1.55
SBR-19-350,8.0,9.0,0.002,1.61
SBR-19-350,9.0,10.0,0.094,2.07
SBR-19-350,10.0,11.0,0.3071,2.1
SBR-19-350,11.0,12.0,0.0109,2.16
SBR-19-350,12.0,12.3,0.0257,2.01
SBR-19-375,0.0,1.0,0.002,1.64
SBR-19-375,1.0,2.0,0.002,1.88
SBR-19-375,2.0,3.0,0.002,1.71
SBR-19-375,3.0,4.0,0.002,1.64
SBR-19-375,4.0,5.0,0.002,1.71
SBR-19-375,5.0,6.0,0.002,1.88
SBR-19-375,6.0,7.0,0.002,1.65
SBR-19-375,7.0,8.0,0.0269,1.8
SBR-19-375,8.0,9.0,0.0226,1.99
SBR-19-375,9.0,10.0,0.0064,2.1
SBR-19-375,10.0,10.5,0.002,1.91
SBR-19-400,0.0,1.0,0.002,1.62
SBR-19-400,1.0,2.0,0.002,1.8
SBR-19-400,2.0,3.0,0.002,1.67
SBR-19-400,3.0,4.0,0.002,1.68
SBR-19-400,4.0,5.0,0.002,1.67
SBR-19-400,5.0,6.0,0.002,1.66
SBR-19-400,6.0,7.0,0.0422,1.89
SBR-19-400,7.0,8.0,0.0607,2.0
SBR-19-400,8.0,9.0,0.0067,1.9
SBR-19-425,0.0,1.0,0.002,1.62
SBR-19-425,1.0,2.0,0.002,1.65
SBR-19-425,2.0,3.0,0.002,1.7
SBR-19-425,3.0,4.0,0.002,1.69
SBR-19-425,4.0,5.0,0.002,1.74
SBR-19-425,5.0,6.0,0.002,1.67
SBR-19-425,6.0,7.0,0.0349,1.91
SBR-19-425,7.0,8.0,0.0096,2.06
SBR-19-425,8.0,8.6,0.002,2.2
SBR-19-450,0.0,1.0,0.002,1.55
SBR-19-450,1.0,2.0,0.002,1.67
SBR-19-450,2.0,3.0,0.002,1.83
SBR-19-450,3.0,4.0,0.002,1.75
SBR-19-450,4.0,5.0,0.002,1.68
SBR-19-450,5.0,6.0,0.0091,1.93
SBR-19-450,6.0,7.0,0.0068,2.13
SBR-19-450,7.0,7.4,0.002,2.03
SBR-19-475,0.0,1.0,0.002,1.4
SBR-19-475,1.0,2.0,0.002,1.79
SBR-19-475,2.0,3.0,0.002,1.58
SBR-19-475,3.0,4.0,0.002,1.71
SBR-19-475,4.0,5.0,0.002,1.64
SBR-19-475,5.0,6.0,0.0379,1.89
SBR-19-475,6.0,7.0,0.002,2.11
SBR-19-475,7.0,7.5,0.002,1.93
SBR-19-500,0.0,1.0,0.002,1.5
SBR-19-500,1.0,2.0,0.002,1.9
SBR-19-500,2.0,3.0,0.002,1.59
SBR-19-500,3.0,4.0,0.002,1.76
SBR-19-500,4.0,5.0,0.002,1.59
SBR-19-500,5.0,6.0,0.002,1.82
SBR-19-500,6.0,7.2,0.002,2.14
SBR-19-525,0.0,1.0,0.002,1.63
SBR-19-525,1.0,2.0,0.002,1.77
SBR-19-525,2.0,3.0,0.002,1.8
SBR-19-525,3.0,4.0,0.002,1.48
SBR-19-525,4.0,5.0,0.002,1.73
SBR-19-525,5.0,6.0,0.002,1.77
SBR-19-525,6.0,7.2,0.002,2.09
SBR-19-550,0.0,1.0,0.002,1.52
SBR-19-550,1.0,2.0,0.002,1.6
SBR-19-550,2.0,3.0,0.002,1.77
SBR-19-550,3.0,4.0,0.002,1.73
SBR-19-550,4.0,5.0,0.002,1.66
SBR-19-550,5.0,6.0,0.002,2.02
SBR-19-550,6.0,6.9,0.002,2.01
SBR-19-575,0.0,1.0,0.0126,1.62
SBR-19-575,1.0,2.0,0.002,1.71
SBR-19-575,2.0,3.0,0.002,1.63
SBR-19-575,3.0,4.0,0.002,1.83
SBR-19-575,4.0,5.0,0.002,1.82
SBR-19-575,5.0,6.0,0.002,2.03
SBR-19-575,6.0,7.0,0.002,2.21
SBR-19-600,0.0,1.0,0.002,1.48
SBR-19-600,1.0,2.0,0.002,1.75
SBR-19-600,2.0,3.0,0.002,1.84
SBR-19-600,3.0,4.0,0.002,1.9
SBR-19-600,4.0,5.0,0.002,1.76
SBR-19-600,5.0,6.0,0.002,2.02
SBR-19-600,6.0,6.8,0.002,1.94
SBR-19-625,0.0,1.0,0.002,1.59
SBR-19-625,1.0,2.0,0.002,1.81
SBR-19-625,2.0,3.0,0.002,1.87
SBR-19-625,3.0,4.0,0.002,1.78
SBR-19-625,4.0,5.0,0.002,1.73
SBR-19-625,5.0,6.0,0.002,1.79
SBR-19-625,6.0,7.0,0.002,1.96
SBR-19-625,7.0,7.5,0.002,2.15
SBR-19-650,0.0,1.0,0.0105,1.55
SBR-19-650,1.0,2.0,0.002,1.74
SBR-19-650,2.0,3.0,0.002,1.67
SBR-19-650,3.0,4.0,0.002,1.74
SBR-19-650,4.0,5.0,0.002,1.74
SBR-19-650,5.0,6.0,0.002,2.06
SBR-19-650,6.0,7.0,0.002,1.91
SBR-20-050,0.0,1.0,0.0065,1.57
SBR-20-050,1.0,2.0,0.002,1.5
SBR-20-050,2.0,3.0,0.002,1.67
SBR-20-050,3.0,4.0,0.002,1.42
SBR-20-050,4.0,5.0,0.002,1.8
SBR-20-050,5.0,6.0,0.0063,1.83
SBR-20-050,6.0,7.0,0.002,1.55
SBR-20-050,7.0,8.0,0.1092,2.01
SBR-20-050,8.0,9.0,0.0168,2.15
SBR-20-050,9.0,9.5,0.002,2.04
SBR-20-075,0.0,1.0,0.0101,1.52
SBR-20-075,1.0,2.0,0.002,1.72
SBR-20-075,2.0,3.0,0.002,1.74
SBR-20-075,3.0,4.0,0.0086,1.62
SBR-20-075,4.0,5.0,0.0069,1.78
SBR-20-075,5.0,6.0,0.0138,1.62
SBR-20-075,6.0,7.0,0.0096,1.79
SBR-20-075,7.0,8.0,0.0067,1.75
SBR-20-075,8.0,9.0,0.2634,2.03
SBR-20-075,9.0,10.0,0.0373,1.95
SBR-20-075,10.0,10.6,0.0187,2.01
SBR-20-100,0.0,1.0,0.002,1.57
SBR-20-100,1.0,2.0,0.002,1.68
SBR-20-100,2.0,3.0,0.002,1.69
SBR-20-100,3.0,4.0,0.002,1.64
SBR-20-100,4.0,5.0,0.0051,1.73
SBR-20-100,5.0,6.0,0.0094,1.74
SBR-20-100,6.0,7.0,0.0114,1.64
SBR-20-100,7.0,8.0,0.0126,1.67
SBR-20-100,8.0,9.0,0.0389,1.77
SBR-20-100,9.0,10.0,0.0131,1.67
SBR-20-100,10.0,11.0,1.0349,1.93
SBR-20-100,11.0,12.0,0.454,1.75
SBR-20-100,12.0,13.0,0.0629,1.94
SBR-20-100,13.0,13.4,0.0189,2.13
SBR-20-125,0.0,1.0,0.002,1.57
SBR-20-125,1.0,2.0,0.002,1.87
SBR-20-125,2.0,3.0,0.002,1.69
SBR-20-125,3.0,4.0,0.002,1.67
SBR-20-125,4.0,5.0,0.002,1.66
SBR-20-125,5.0,6.0,0.002,1.76
SBR-20-125,6.0,7.0,0.0052,1.76
SBR-20-125,7.0,8.0,0.002,1.75
SBR-20-125,8.0,9.0,0.0083,1.84
SBR-20-125,9.0,10.0,0.0164,1.7
SBR-20-125,10.0,11.0,0.0225,1.63
SBR-20-125,11.0,12.0,0.4021,2.07
SBR-20-125,12.0,13.0,0.3027,1.95
SBR-20-125,13.0,14.0,1.4076,2.0
SBR-20-125,14.0,15.0,0.0437,1.92
SBR-20-150,0.0,1.0,0.002,1.57
SBR-20-150,1.0,2.0,0.002,1.74
SBR-20-150,2.0,3.0,0.002,1.71
SBR-20-150,3.0,4.0,0.002,1.7
SBR-20-150,4.0,5.0,0.002,1.64
SBR-20-150,5.0,6.0,0.0051,1.79
SBR-20-150,6.0,7.0,0.0067,1.89
SBR-20-150,7.0,8.0,0.002,1.8
SBR-20-150,8.0,9.0,0.0097,1.64
SBR-20-150,9.0,10.0,0.0111,1.85
SBR-20-150,10.0,11.0,0.026,1.79
SBR-20-150,11.0,12.0,0.0382,1.86
SBR-20-150,12.0,13.0,0.4222,1.94
SBR-20-150,13.0,14.0,1.6633,1.98
SBR-20-150,14.0,15.0,1.8286,1.97
SBR-20-150,15.0,16.0,0.313,2.0
SBR-20-150,16.0,16.7,0.2027,2.16
SBR-20-175,0.0,1.0,0.002,1.56
SBR-20-175,1.0,2.0,0.002,1.66
SBR-20-175,2.0,3.0,0.002,1.65
SBR-20-175,3.0,4.0,0.002,1.74
SBR-20-175,4.0,5.0,0.002,1.75
SBR-20-175,5.0,6.0,0.002,1.74
SBR-20-175,6.0,7.0,0.002,1.67
SBR-20-175,7.0,8.0,0.002,1.63
SBR-20-175,8.0,9.0,0.002,1.67
SBR-20-175,9.0,10.0,0.0177,1.73
SBR-20-175,10.0,11.0,0.0197,1.7
SBR-20-175,11.0,12.0,0.0481,1.84
SBR-20-175,12.0,13.0,0.02,1.69
SBR-20-175,13.0,14.0,0.7054,1.87
SBR-20-175,14.0,15.0,1.1079,1.9
SBR-20-175,15.0,16.0,2.3389,2.13
SBR-20-175,16.0,17.0,0.3239,1.99
SBR-20-175,17.0,17.7,0.1199,2.08
SBR-20-200,0.0,1.0,0.0059,1.52
SBR-20-200,1.0,2.0,0.002,1.73
SBR-20-200,2.0,3.0,0.002,1.61
SBR-20-200,3.0,4.0,0.002,1.77
SBR-20-200,4.0,5.0,0.002,1.71
SBR-20-200,5.0,6.0,0.002,1.59
SBR-20-200,6.0,7.0,0.002,1.73
SBR-20-200,7.0,8.0,0.002,1.78
SBR-20-200,8.0,9.0,0.0061,1.64
SBR-20-200,9.0,10.0,0.002,1.74
SBR-20-200,10.0,11.0,0.0126,1.76
SBR-20-200,11.0,12.0,0.0114,1.8
SBR-20-200,12.0,13.0,0.0266,1.61
SBR-20-200,13.0,14.0,0.0194,1.81
SBR-20-200,14.0,15.0,0.6778,1.77
SBR-20-200,15.0,16.0,0.9946,1.98
SBR-20-200,16.0,17.0,2.9919,1.95
SBR-20-200,17.0,18.0,0.3074,2.19
SBR-20-200,18.0,18.5,0.0986,2.02
SBR-20-225,0.0,1.0,0.002,1.57
SBR-20-225,1.0,2.0,0.002,1.62
SBR-20-225,2.0,3.0,0.002,1.75
SBR-20-225,3.0,4.0,0.002,1.77
SBR-20-225,4.0,5.0,0.002,1.76
SBR-20-225,5.0,6.0,0.002,1.7
SBR-20-225,6.0,7.0,0.002,1.68
SBR-20-225,7.0,8.0,0.0057,1.86
SBR-20-225,8.0,9.0,0.0109,1.72
SBR-20-225,9.0,10.0,0.0276,1.64
SBR-20-225,10.0,11.0,0.002,1.73
SBR-20-225,11.0,12.0,0.0104,1.89
SBR-20-225,12.0,13.0,0.0321,1.64
SBR-20-225,13.0,14.0,0.0174,1.73
SBR-20-225,14.0,15.0,1.1124,1.98
SBR-20-225,15.0,16.0,1.619,1.88
SBR-20-225,16.0,17.0,1.1547,1.82
SBR-20-225,17.0,18.0,0.2329,2.1
SBR-20-225,18.0,19.1,0.0581,2.21
SBR-20-250,0.0,1.0,0.0058,1.67
SBR-20-250,1.0,2.0,0.002,1.8
SBR-20-250,2.0,3.0,0.002,1.77
SBR-20-250,3.0,4.0,0.002,1.7
SBR-20-250,4.0,5.0,0.002,1.85
SBR-20-250,5.0,6.0,0.002,1.84
SBR-20-250,6.0,7.0,0.002,1.7
SBR-20-250,7.0,8.0,0.002,1.82
SBR-20-250,8.0,9.0,0.0065,1.73
SBR-20-250,9.0,10.0,0.015,1.79
SBR-20-250,10.0,11.0,0.0217,1.74
SBR-20-250,11.0,12.0,0.0122,1.7
SBR-20-250,12.0,13.0,0.0628,1.76
SBR-20-250,13.0,14.0,0.0715,1.63
SBR-20-250,14.0,15.0,0.8969,2.0
SBR-20-250,15.0,16.0,0.8935,1.96
SBR-20-250,16.0,17.0,1.4476,1.99
SBR-20-250,17.0,18.0,0.2271,1.91
SBR-20-250,18.0,18.5,0.0541,2.16
SBR-20-275,0.0,1.0,0.002,1.45
SBR-20-275,1.0,2.0,0.002,1.77
SBR-20-275,2.0,3.0,0.002,1.74
SBR-20-275,3.0,4.0,0.002,1.62
SBR-20-275,4.0,5.0,0.002,1.71
SBR-20-275,5.0,6.0,0.002,1.79
SBR-20-275,6.0,7.0,0.002,1.63
SBR-20-275,7.0,8.0,0.002,1.69
SBR-20-275,8.0,9.0,0.002,1.83
SBR-20-275,9.0,10.0,0.002,1.71
SBR-20-275,10.0,11.0,0.0064,1.72
SBR-20-275,11.0,12.0,0.0158,1.7
SBR-20-275,12.0,13.0,0.2409,1.9
SBR-20-275,13.0,14.0,0.317,1.92
SBR-20-275,14.0,15.0,0.3563,2.08
SBR-20-275,15.0,16.0,0.36,2.01
SBR-20-275,16.0,17.0,0.0412,2.12
SBR-20-275,17.0,17.6,0.0068,2.17
SBR-20-300,0.0,1.0,0.002,1.55
SBR-20-300,1.0,2.0,0.002,1.64
SBR-20-300,2.0,3.0,0.002,1.7
SBR-20-300,3.0,4.0,0.002,1.65
SBR-20-300,4.0,5.0,0.002,1.66
SBR-20-300,5.0,6.0,0.002,1.71
SBR-20-300,6.0,7.0,0.002,1.58
SBR-20-300,7.0,8.0,0.0143,1.77
SBR-20-300,8.0,9.0,0.002,1.82
SBR-20-300,9.0,10.0,0.0135,1.68
SBR-20-300,10.0,11.0,0.0212,1.6
SBR-20-300,11.0,12.0,0.2937,2.01
SBR-20-300,12.0,13.0,0.1903,1.7
SBR-20-300,13.0,14.0,0.2869,1.95
SBR-20-300,14.0,15.0,0.0324,2.09
SBR-20-300,15.0,15.5,0.0073,2.06
SBR-20-325,0.0,1.0,0.002,1.58
SBR-20-325,1.0,2.0,0.002,1.68
SBR-20-325,2.0,3.0,0.002,1.7
SBR-20-325,3.0,4.0,0.002,1.71
SBR-20-325,4.0,5.0,0.002,1.77
SBR-20-325,5.0,6.0,0.002,1.75
SBR-20-325,6.0,7.0,0.0055,1.73
SBR-20-325,7.0,8.0,0.002,1.58
SBR-20-325,8.0,9.0,0.0068,1.68
SBR-20-325,9.0,10.0,0.1311,2.16
SBR-20-325,10.0,11.0,0.268,1.94
SBR-20-325,11.0,12.0,0.6078,1.94
SBR-20-325,12.0,13.0,0.0429,1.92
SBR-20-325,13.0,13.8,0.0327,1.98
SBR-20-350,0.0,1.0,0.002,1.51
SBR-20-350,1.0,2.0,0.002,1.73
SBR-20-350,2.0,3.0,0.002,1.56
SBR-20-350,3.0,4.0,0.002,1.59
SBR-20-350,4.0,5.0,0.002,1.69
SBR-20-350,5.0,6.0,0.002,1.88
SBR-20-350,6.0,7.0,0.002,1.85
SBR-20-350,7.0,8.0,0.0062,1.62
SBR-20-350,8.0,9.0,0.002,1.73
SBR-20-350,9.0,10.0,0.0693,1.76
SBR-20-350,10.0,11.0,0.2687,1.83
SBR-20-350,11.0,12.0,0.0083,1.95
SBR-20-350,12.0,12.6,0.002,1.92
SBR-20-375,0.0,1.0,0.002,1.5
SBR-20-375,1.0,2.0,0.002,1.82
SBR-20-375,2.0,3.0,0.002,1.77
SBR-20-375,3.0,4.0,0.002,1.85
SBR-20-375,4.0,5.0,0.002,1.7
SBR-20-375,5.0,6.0,0.002,1.81
SBR-20-375,6.0,7.0,0.002,1.76
SBR-20-375,7.0,8.0,0.002,1.68
SBR-20-375,8.0,9.0,0.1103,2.06
SBR-20-375,9.0,10.0,0.1395,1.94
SBR-20-375,10.0,11.2,0.0103,1.96
SBR-20-400,0.0,1.0,0.002,1.5
SBR-20-400,1.0,2.0,0.002,1.69
SBR-20-400,2.0,3.0,0.002,1.82
SBR-20-400,3.0,4.0,0.002,1.75
SBR-20-400,4.0,5.0,0.002,1.68
SBR-20-400,5.0,6.0,0.002,1.72
SBR-20-400,6.0,7.0,0.002,1.7
SBR-20-400,7.0,8.0,0.0647,2.01
SBR-20-400,8.0,9.0,0.1031,2.05
SBR-20-400,9.0,9.8,0.0089,2.1
SBR-20-425,0.0,1.0,0.002,1.59
SBR-20-425,1.0,2.0,0.002,1.77
SBR-20-425,2.0,3.0,0.002,1.61
SBR-20-425,3.0,4.0,0.002,1.8
SBR-20-425,4.0,5.0,0.002,1.77
SBR-20-425,5.0,6.0,0.002,1.73
SBR-20-425,6.0,7.0,0.0199,1.92
SBR-20-425,7.0,8.0,0.0593,2.04
SBR-20-425,8.0,9.0,0.002,2.1
SBR-20-425,9.0,9.4,0.002,2.04
SBR-20-450,0.0,1.0,0.002,1.53
SBR-20-450,1.0,2.0,0.002,1.77
SBR-20-450,2.0,3.0,0.002,1.54
SBR-20-450,3.0,4.0,0.002,1.67
SBR-20-450,4.0,5.0,0.002,1.75
SBR-20-450,5.0,6.0,0.002,1.73
SBR-20-450,6.0,7.0,0.0261,2.01
SBR-20-450,7.0,8.2,0.002,2.04
SBR-20-475,0.0,1.0,0.002,1.64
SBR-20-475,1.0,2.0,0.002,1.74
SBR-20-475,2.0,3.0,0.002,1.56
SBR-20-475,3.0,4.0,0.002,1.71
SBR-20-475,4.0,5.0,0.002,1.74
SBR-20-475,5.0,6.0,0.002,1.76
SBR-20-475,6.0,7.0,0.002,2.05
SBR-20-475,7.0,7.6,0.002,1.95
SBR-20-500,0.0,1.0,0.0136,1.53
SBR-20-500,1.0,2.0,0.002,1.58
SBR-20-500,2.0,3.2,0.002,1.61
SBR-20-525,0.0,1.0,0.002,1.5
SBR-20-525,1.0,2.0,0.002,1.81
SBR-20-525,2.0,3.0,0.002,1.81
SBR-20-525,3.0,4.0,0.002,1.86
SBR-20-525,4.0,5.0,0.002,1.74
SBR-20-525,5.0,6.0,0.002,1.8
SBR-20-525,6.0,7.0,0.002,2.09
SBR-20-525,7.0,7.4,0.002,1.93
SBR-20-550,0.0,1.0,0.0058,1.41
SBR-20-550,1.0,2.0,0.002,1.57
SBR-20-550,2.0,3.0,0.002,1.54
SBR-20-550,3.0,4.0,0.002,1.83
SBR-20-550,4.0,5.0,0.002,1.71
SBR-20-550,5.0,6.0,0.002,2.11
SBR-20-550,6.0,7.1,0.002,2.09
SBR-20-575,0.0,1.0,0.002,1.53
SBR-20-575,1.0,2.0,0.002,1.82
SBR-20-575,2.0,3.0,0.002,1.72
SBR-20-575,3.0,4.0,0.002,1.68
SBR-20-575,4.0,5.0,0.002,1.82
SBR-20-575,5.0,6.0,0.002,2.02
SBR-20-575,6.0,6.4,0.002,2.14
SBR-20-600,0.0,1.0,0.0081,1.58
SBR-20-600,1.0,2.0,0.002,1.67
SBR-20-600,2.0,3.0,0.002,1.8
SBR-20-600,3.0,4.0,0.002,1.66
SBR-20-600,4.0,5.0,0.002,1.77
SBR-20-600,5.0,6.2,0.002,2.08
SBR-20-625,0.0,1.0,0.002,1.55
SBR-20-625,1.0,2.0,0.002,1.63
SBR-20-625,2.0,3.0,0.002,1.66
SBR-20-625,3.0,4.0,0.002,1.7
SBR-20-625,4.0,5.0,0.002,1.94
SBR-20-625,5.0,6.0,0.002,2.21
SBR-20-650,0.0,1.0,0.002,1.49
SBR-20-650,1.0,2.0,0.002,1.86
SBR-20-650,2.0,3.0,0.002,1.65
SBR-20-650,3.0,4.0,0.002,1.67
SBR-20-650,4.0,5.0,0.002,2.06
SBR-20-650,5.0,6.3,0.002,2.12
