BHID,FROM,TO,NI_PCT,CO_PCT,FE_PCT,MGO_PCT,SIO2_PCT,AL2O3_PCT,CR2O3_PCT,SG
LMT-0001,0.0,1.0,0.582,0.0375,50.41,0.73,3.55,7.04,3.074,1.45
LMT-0001,1.0,2.0,0.936,0.0664,48.97,1.58,6.67,6.36,2.679,1.46
LMT-0001,2.0,3.0,0.812,0.0772,45.42,1.91,7.95,5.54,2.724,1.51
LMT-0001,3.0,4.0,0.97,0.0769,43.48,2.88,10.05,4.86,2.33,1.42
LMT-0001,4.0,5.0,0.991,0.0654,42.35,3.39,10.65,4.89,2.519,1.44
LMT-0001,5.0,6.0,1.174,0.0889,38.31,3.99,12.04,5.44,1.871,1.52
LMT-0001,6.0,7.0,1.27,0.1242,39.53,4.94,13.29,4.18,2.241,1.52
LMT-0001,7.0,8.0,1.237,0.2334,41.47,5.09,14.97,3.93,1.826,1.54
LMT-0001,8.0,9.0,1.396,0.296,35.34,5.68,16.47,2.99,1.936,1.54
LMT-0001,9.0,10.0,1.935,0.1507,21.86,11.15,32.09,2.92,1.272,1.5
LMT-0001,10.0,11.0,1.971,0.0893,19.87,11.25,33.83,2.16,1.506,1.49
LMT-0001,11.0,12.0,2.127,0.0626,18.01,14.46,32.78,2.48,1.361,1.59
LMT-0001,12.0,13.0,1.741,0.0404,16.34,14.44,33.53,1.78,1.091,1.54
LMT-0001,13.0,14.0,1.685,0.046,14.38,17.15,37.8,1.28,1.03,1.81
LMT-0001,14.0,15.0,1.411,0.0352,15.33,18.4,32.88,1.8,1.169,1.75
LMT-0001,15.0,16.0,1.482,0.0325,12.76,19.15,37.58,1.4,1.13,1.65
LMT-0001,16.0,17.0,1.494,0.0311,13.1,22.32,36.55,1.3,0.831,1.68
LMT-0001,17.0,18.0,1.088,0.0266,11.75,26.17,39.7,1.12,1.048,1.81
LMT-0001,18.0,19.0,1.252,0.0283,10.57,24.2,40.79,1.09,0.896,1.85
LMT-0001,19.0,20.0,0.881,0.0277,9.86,25.89,41.32,0.9,0.77,1.88
LMT-0001,20.0,21.0,0.317,0.0145,6.78,39.19,39.88,0.96,0.486,2.68
LMT-0001,21.0,22.0,0.239,0.0064,6.77,36.96,41.05,1.02,0.458,2.72
LMT-0001,22.0,22.4,0.197,0.0133,6.13,37.09,42.92,0.77,0.422,2.6
LMT-0002,0.0,1.0,0.656,0.0254,46.4,0.72,3.35,5.48,2.018,1.34
LMT-0002,1.0,2.0,0.736,0.0479,42.24,1.58,6.61,3.69,2.038,1.33
LMT-0002,2.0,3.0,0.918,0.0422,39.38,2.3,9.13,3.93,1.531,1.31
LMT-0002,3.0,4.0,0.754,0.0637,38.66,2.54,9.44,3.71,1.858,1.22
LMT-0002,4.0,5.0,0.964,0.0771,38.45,3.76,11.92,2.45,1.506,1.34
LMT-0002,5.0,6.0,1.189,0.1506,38.61,4.09,13.96,2.43,1.627,1.4
LMT-0002,6.0,7.0,0.996,0.1968,32.67,5.22,14.48,2.43,1.406,1.37
LMT-0002,7.0,8.0,2.017,0.0701,18.45,9.52,28.53,1.2,1.244,1.42
LMT-0002,8.0,9.0,1.833,0.0533,17.11,10.39,29.49,1.24,1.074,1.38
LMT-0002,9.0,10.0,1.399,0.0368,16.31,11.02,28.35,1.5,1.125,1.47
LMT-0002,10.0,11.0,1.688,0.0169,15.2,13.32,31.78,1.01,1.15,1.45
LMT-0002,11.0,12.0,1.186,0.0266,14.01,16.23,32.66,1.38,1.077,1.53
LMT-0002,12.0,13.0,1.24,0.0307,13.38,15.49,32.04,1.19,1.07,1.56
LMT-0002,13.0,14.0,1.258,0.0301,11.88,19.34,33.56,0.74,0.738,1.64
LMT-0002,14.0,15.0,1.073,0.0234,11.44,18.58,32.77,0.81,1.019,1.66
LMT-0002,15.0,16.0,0.971,0.0188,10.06,19.34,35.47,1.06,0.856,1.55
LMT-0002,16.0,17.0,0.914,0.0092,9.24,22.66,36.57,0.87,0.732,1.62
LMT-0002,17.0,18.0,0.607,0.0092,8.9,21.09,37.22,0.91,0.715,1.72
LMT-0002,18.0,19.0,0.247,0.0101,6.35,38.7,33.42,0.8,0.314,2.43
LMT-0002,19.0,20.0,0.247,0.0094,5.61,29.23,31.8,0.67,0.389,2.47
LMT-0002,20.0,21.0,0.225,0.0077,6.17,30.3,41.45,0.52,0.374,2.47
LMT-0002,21.0,21.3,0.21,0.0076,5.87,37.97,36.73,0.68,0.352,2.57
LMT-0003,0.0,1.0,0.72,0.0384,48.53,0.88,4.27,6.97,3.231,1.45
LMT-0003,1.0,2.0,1.023,0.0712,46.28,1.96,8.04,4.23,2.613,1.32
LMT-0003,2.0,3.0,1.319,0.1024,40.63,3.23,10.47,3.5,2.164,1.37
LMT-0003,3.0,4.0,1.044,0.198,40.52,4.25,13.72,4.67,1.739,1.56
LMT-0003,4.0,5.0,2.441,0.1254,20.91,9.81,31.69,2.32,1.566,1.51
LMT-0003,5.0,6.0,2.058,0.1096,19.88,10.45,32.14,2.06,1.46,1.46
LMT-0003,6.0,7.0,2.327,0.0633,18.77,13.86,31.02,2.03,1.629,1.62
LMT-0003,7.0,8.0,1.736,0.0475,16.79,16.06,35.5,1.98,1.369,1.65
LMT-0003,8.0,9.0,1.608,0.031,13.46,19.53,35.31,1.65,1.141,1.68
LMT-0003,9.0,10.0,1.486,0.032,13.48,17.52,36.0,1.56,1.013,1.68
LMT-0003,10.0,11.0,1.541,0.0191,12.58,21.8,34.81,1.23,1.147,1.78
LMT-0003,11.0,12.0,1.193,0.0278,10.76,25.5,35.81,1.14,0.657,1.87
LMT-0003,12.0,13.0,1.207,0.024,9.95,26.25,44.64,1.16,0.658,1.93
LMT-0003,13.0,14.0,0.257,0.0115,6.49,35.95,37.88,0.88,0.331,2.57
LMT-0003,14.0,15.0,0.291,0.0138,6.27,36.43,37.86,1.12,0.569,2.76
LMT-0003,15.0,15.3,0.284,0.011,6.83,32.96,37.32,0.93,0.415,2.4
LMT-0004,0.0,1.0,0.661,0.048,42.11,0.7,3.69,7.68,2.1,1.45
LMT-0004,1.0,2.0,0.941,0.1199,39.97,2.61,8.6,4.15,2.42,1.45
LMT-0004,2.0,3.0,1.245,0.2241,37.9,4.1,13.3,5.22,2.06,1.37
LMT-0004,3.0,4.0,2.219,0.1315,20.05,10.16,32.64,2.43,1.477,1.42
LMT-0004,4.0,5.0,2.029,0.0985,18.21,11.7,31.92,1.6,1.413,1.62
LMT-0004,5.0,6.0,1.966,0.0556,17.63,12.86,32.3,1.68,1.038,1.58
LMT-0004,6.0,7.0,1.718,0.0432,16.74,17.07,34.05,1.7,1.074,1.56
LMT-0004,7.0,8.0,1.679,0.0318,15.03,16.48,37.5,1.63,1.154,1.56
LMT-0004,8.0,9.0,1.37,0.0369,11.97,19.04,34.47,1.19,0.785,1.63
LMT-0004,9.0,10.0,1.471,0.0217,11.45,23.15,40.68,0.97,0.829,1.85
LMT-0004,10.0,11.0,1.107,0.0247,10.81,27.77,37.29,1.07,0.773,1.71
LMT-0004,11.0,12.0,0.296,0.0128,6.3,29.06,36.78,1.0,0.411,2.57
LMT-0004,12.0,13.0,0.262,0.0137,6.83,36.94,38.75,0.75,0.362,2.62
LMT-0004,13.0,13.7,0.244,0.0138,5.92,37.86,35.39,0.95,0.462,2.71
LMT-0005,0.0,1.0,0.882,0.0502,45.73,0.68,4.24,7.64,3.538,1.68
LMT-0005,1.0,2.0,1.181,0.2272,47.58,2.61,9.14,6.41,3.395,1.43
LMT-0005,2.0,3.0,1.343,0.2589,40.5,5.68,15.5,4.61,2.028,1.52
LMT-0005,3.0,4.0,2.792,0.136,21.71,11.28,36.2,2.27,1.823,1.62
LMT-0005,4.0,5.0,2.367,0.091,18.88,14.99,33.75,2.14,1.478,1.67
LMT-0005,5.0,6.0,2.119,0.0513,17.49,16.95,37.13,1.81,1.449,1.78
LMT-0005,6.0,7.0,1.956,0.0488,15.31,21.75,38.88,1.57,1.508,1.77
LMT-0005,7.0,8.0,1.482,0.0416,13.15,27.56,35.43,1.54,0.958,1.86
LMT-0005,8.0,9.0,1.407,0.0333,11.88,31.55,42.53,1.27,0.767,1.84
LMT-0005,9.0,10.0,0.362,0.0157,7.27,36.42,44.83,1.17,0.547,2.77
LMT-0005,10.0,11.0,0.3,0.0136,6.62,39.63,43.18,1.04,0.561,2.74
LMT-0005,11.0,12.0,0.283,0.0135,6.5,38.96,44.47,1.2,0.38,2.79
LMT-0005,12.0,12.6,0.297,0.0174,6.42,42.38,38.63,0.9,0.531,2.82
LMT-0006,0.0,1.0,0.755,0.0499,48.69,0.79,4.29,9.86,2.918,1.72
LMT-0006,1.0,2.0,0.985,0.0786,43.48,2.24,7.75,6.46,2.841,1.52
LMT-0006,2.0,3.0,1.22,0.1095,42.33,3.41,11.02,5.87,2.528,1.44
LMT-0006,3.0,4.0,1.552,0.1925,39.56,4.56,13.35,4.91,2.321,1.53
LMT-0006,4.0,5.0,1.587,0.3389,37.03,5.66,15.45,4.64,2.134,1.48
LMT-0006,5.0,6.0,2.533,0.1553,20.79,10.27,32.84,2.41,1.673,1.55
LMT-0006,6.0,7.0,2.162,0.1347,19.01,12.53,33.41,2.08,1.699,1.58
LMT-0006,7.0,8.0,1.988,0.0743,19.13,15.99,36.63,2.27,1.634,1.59
LMT-0006,8.0,9.0,1.964,0.041,14.14,18.21,34.64,2.44,1.223,1.66
LMT-0006,9.0,10.0,1.889,0.0448,16.45,18.98,40.63,2.03,1.259,1.62
LMT-0006,10.0,11.0,1.476,0.0404,14.16,24.2,43.4,1.38,0.971,1.78
LMT-0006,11.0,12.0,1.282,0.0398,11.5,22.29,40.65,1.77,1.172,1.86
LMT-0006,12.0,13.0,1.166,0.0299,11.72,31.14,42.71,1.22,0.872,1.86
LMT-0006,13.0,14.0,0.308,0.018,7.43,39.0,42.33,0.98,0.517,2.6
LMT-0006,14.0,15.0,0.284,0.0145,6.77,35.29,43.33,0.75,0.525,2.62
LMT-0006,15.0,16.0,0.312,0.0133,7.07,43.07,43.0,0.87,0.502,2.61
LMT-0006,16.0,16.9,0.31,0.0143,6.25,43.05,42.13,0.69,0.463,2.85
LMT-0007,0.0,1.0,0.748,0.0284,47.85,0.72,3.6,6.98,2.029,1.52
LMT-0007,1.0,2.0,0.906,0.0819,44.67,1.84,8.32,4.36,2.546,1.41
LMT-0007,2.0,3.0,1.131,0.1395,41.51,3.38,10.58,5.08,2.191,1.45
LMT-0007,3.0,4.0,1.134,0.1673,40.12,4.4,15.11,4.55,2.159,1.43
LMT-0007,4.0,5.0,2.104,0.1764,19.88,8.33,30.32,2.18,1.397,1.47
LMT-0007,5.0,6.0,2.029,0.1065,18.96,13.22,34.83,2.03,1.314,1.54
LMT-0007,6.0,7.0,1.414,0.0575,15.17,17.1,34.77,1.65,1.367,1.56
LMT-0007,7.0,8.0,1.112,0.0342,12.57,20.05,36.21,1.51,1.114,1.77
LMT-0007,8.0,9.0,1.056,0.0225,10.8,23.85,43.46,0.89,0.859,1.79
LMT-0007,9.0,10.0,0.346,0.013,6.58,35.39,38.94,0.97,0.456,2.78
LMT-0007,10.0,11.0,0.292,0.016,6.05,35.82,37.06,0.75,0.509,2.54
LMT-0007,11.0,11.3,0.296,0.0118,6.84,32.77,39.12,0.97,0.489,2.51
LMT-0008,0.0,1.0,0.679,0.0599,50.74,0.76,3.76,6.23,2.742,1.64
LMT-0008,1.0,2.0,1.026,0.1547,41.74,3.04,9.57,5.65,1.882,1.34
LMT-0008,2.0,3.0,1.419,0.285,36.99,6.16,16.8,4.11,1.884,1.51
LMT-0008,3.0,4.0,1.819,0.091,18.74,10.45,30.61,1.67,1.548,1.5
LMT-0008,4.0,5.0,1.875,0.0717,18.25,16.44,34.92,1.91,1.314,1.6
LMT-0008,5.0,6.0,1.593,0.0479,14.35,17.1,33.62,1.69,1.235,1.67
LMT-0008,6.0,7.0,1.267,0.0345,13.32,17.17,38.02,1.44,1.254,1.71
LMT-0008,7.0,8.0,1.191,0.0302,13.49,22.12,34.84,0.98,0.886,1.74
LMT-0008,8.0,9.0,1.206,0.0202,10.13,22.69,39.29,0.94,0.87,1.72
LMT-0008,9.0,10.0,0.283,0.013,6.59,32.65,34.49,0.98,0.521,2.31
LMT-0008,10.0,11.2,0.294,0.0111,6.46,36.39,39.3,0.94,0.516,2.68
LMT-0009,0.0,1.0,0.648,0.0402,49.51,0.73,3.19,7.94,2.538,1.6
LMT-0009,1.0,2.0,0.983,0.1008,40.09,1.49,6.91,5.91,2.259,1.45
LMT-0009,2.0,3.0,1.141,0.17,42.34,3.63,12.86,3.16,1.803,1.46
LMT-0009,3.0,4.0,1.868,0.1715,20.7,8.57,28.5,2.37,1.365,1.48
LMT-0009,4.0,5.0,2.318,0.078,19.36,10.04,32.22,2.48,1.387,1.42
LMT-0009,5.0,6.0,1.884,0.0548,16.55,11.9,33.33,2.53,1.4,1.43
LMT-0009,6.0,7.0,1.98,0.0341,17.45,12.27,34.02,1.56,1.274,1.44
LMT-0009,7.0,8.0,1.854,0.0376,17.37,15.24,36.54,1.89,1.186,1.49
LMT-0009,8.0,9.0,1.714,0.0309,16.0,15.59,34.21,1.51,1.108,1.66
LMT-0009,9.0,10.0,1.689,0.0365,13.64,18.38,31.28,1.65,1.081,1.65
LMT-0009,10.0,11.0,1.426,0.0334,13.33,18.9,37.94,1.37,0.865,1.64
LMT-0009,11.0,12.0,1.542,0.0365,13.66,20.07,37.29,1.11,0.937,1.7
LMT-0009,12.0,13.0,1.015,0.0227,11.93,18.8,37.05,0.93,0.798,1.75
LMT-0009,13.0,14.0,1.084,0.0278,9.88,22.5,35.38,1.0,0.844,1.72
LMT-0009,14.0,15.0,0.988,0.0204,10.18,27.4,37.23,1.08,0.709,1.71
LMT-0009,15.0,16.0,0.3,0.013,6.3,34.6,37.32,0.86,0.504,2.52
LMT-0009,16.0,17.0,0.304,0.013,6.81,33.97,41.07,0.68,0.38,2.67
LMT-0009,17.0,18.0,0.255,0.0108,6.42,30.69,39.41,1.0,0.473,2.51
LMT-0009,18.0,18.8,0.258,0.0109,6.02,36.21,36.85,0.67,0.335,2.65
LMT-0010,0.0,1.0,0.668,0.0452,48.91,0.64,3.26,6.11,2.936,1.53
LMT-0010,1.0,2.0,0.715,0.0644,44.91,1.4,6.78,6.98,2.746,1.39
LMT-0010,2.0,3.0,0.888,0.0507,43.86,2.42,7.22,5.4,2.181,1.51
LMT-0010,3.0,4.0,0.96,0.077,41.78,3.24,10.65,4.78,2.272,1.52
LMT-0010,4.0,5.0,1.111,0.1212,38.75,3.61,13.22,3.71,2.147,1.49
LMT-0010,5.0,6.0,1.223,0.1936,38.95,4.82,13.74,3.61,2.14,1.4
LMT-0010,6.0,7.0,1.392,0.215,36.01,5.23,15.39,3.04,1.849,1.42
LMT-0010,7.0,8.0,2.309,0.158,18.89,9.87,30.44,2.38,1.418,1.44
LMT-0010,8.0,9.0,2.532,0.0967,18.93,11.47,32.2,2.37,1.417,1.65
LMT-0010,9.0,10.0,2.134,0.0593,20.42,11.38,30.87,2.27,1.301,1.5
LMT-0010,10.0,11.0,2.073,0.0675,16.91,13.38,30.18,1.85,1.253,1.4
LMT-0010,11.0,12.0,2.122,0.0433,18.14,14.52,31.88,1.47,1.354,1.47
LMT-0010,12.0,13.0,1.825,0.0447,15.48,14.93,33.05,1.87,1.35,1.6
LMT-0010,13.0,14.0,1.791,0.0342,15.59,15.77,35.51,2.26,1.264,1.55
LMT-0010,14.0,15.0,1.927,0.0337,14.33,17.65,35.46,1.99,1.188,1.55
LMT-0010,15.0,16.0,1.504,0.0337,14.53,19.9,34.74,1.53,1.092,1.66
LMT-0010,16.0,17.0,1.263,0.0239,14.04,21.24,38.28,1.48,0.931,1.56
LMT-0010,17.0,18.0,1.474,0.0325,12.53,19.79,34.11,1.56,1.109,1.59
LMT-0010,18.0,19.0,1.248,0.0287,13.23,19.26,35.16,1.53,0.84,1.74
LMT-0010,19.0,20.0,1.306,0.0329,11.93,24.07,38.78,1.27,1.108,1.82
LMT-0010,20.0,21.0,1.038,0.0217,11.01,22.91,37.88,1.15,0.825,1.65
LMT-0010,21.0,22.0,0.934,0.0192,10.19,26.53,40.98,1.04,0.818,1.82
LMT-0010,22.0,23.0,1.04,0.0153,10.04,28.93,43.35,0.86,0.988,1.73
LMT-0010,23.0,24.0,0.261,0.0133,6.86,33.23,37.52,0.82,0.405,2.81
LMT-0010,24.0,25.0,0.234,0.0134,5.67,36.59,40.13,1.02,0.459,2.49
LMT-0011,0.0,1.0,0.583,0.0319,48.19,0.68,3.63,5.75,2.736,1.4
LMT-0011,1.0,2.0,0.895,0.0665,47.31,1.44,6.98,5.61,2.217,1.36
LMT-0011,2.0,3.0,0.911,0.08,41.69,1.63,6.19,7.95,2.42,1.38
LMT-0011,3.0,4.0,0.924,0.0673,49.84,2.27,9.26,5.38,1.981,1.33
LMT-0011,4.0,5.0,0.859,0.0606,40.57,2.43,8.43,6.82,1.998,1.33
LMT-0011,5.0,6.0,0.895,0.0498,40.2,2.69,9.59,6.82,2.195,1.28
LMT-0011,6.0,7.0,1.156,0.0638,40.23,3.39,10.02,2.8,1.878,1.39
LMT-0011,7.0,8.0,,,,,,,,1.43
LMT-0011,8.0,9.0,1.076,0.0827,39.7,3.42,12.52,4.66,2.177,1.38
LMT-0011,9.0,10.0,1.14,0.0592,38.52,3.72,12.41,4.07,1.978,1.47
LMT-0011,10.0,11.0,1.255,0.0882,37.48,4.86,12.85,2.1,1.917,1.44
LMT-0011,11.0,12.0,1.31,0.0612,41.4,4.22,14.21,3.47,2.025,1.38
LMT-0011,12.0,13.0,1.123,0.115,41.21,5.07,16.14,4.08,1.677,1.55
LMT-0011,13.0,14.0,1.3,0.1477,38.81,5.14,14.83,4.15,1.465,1.41
LMT-0011,14.0,15.0,1.275,0.2134,35.07,5.39,15.62,4.24,2.015,1.44
LMT-0011,15.0,16.0,1.831,0.1141,21.2,8.88,27.81,1.85,1.738,1.46
LMT-0011,16.0,17.0,1.861,0.1193,21.1,9.76,32.02,2.67,1.545,1.37
LMT-0011,17.0,18.0,2.188,0.069,18.12,9.72,33.83,2.24,1.402,1.56
LMT-0011,18.0,19.0,1.939,0.0637,19.06,14.01,32.34,1.93,1.369,1.52
LMT-0011,19.0,20.0,1.929,0.0471,16.97,11.79,32.49,1.86,1.3,1.57
LMT-0011,20.0,21.0,2.091,0.0408,18.01,11.04,35.47,1.85,1.43,1.54
LMT-0011,21.0,22.0,1.916,0.0247,18.84,13.72,32.27,1.89,1.214,1.57
LMT-0011,22.0,23.0,1.668,0.0367,15.66,14.99,34.34,2.21,1.492,1.61
LMT-0011,23.0,24.0,1.382,0.0442,16.69,16.4,35.67,1.56,0.994,1.61
LMT-0011,24.0,25.0,1.585,0.0282,16.58,16.55,36.12,1.82,1.221,1.66
LMT-0011,25.0,26.0,1.577,0.0252,14.41,17.35,35.49,1.58,1.121,1.54
LMT-0011,26.0,27.0,1.58,0.0281,14.29,16.07,37.94,1.17,1.193,1.61
LMT-0011,27.0,28.0,1.599,0.032,13.23,24.0,35.33,1.63,1.161,1.71
LMT-0011,28.0,29.0,1.692,0.0274,12.94,19.7,36.09,1.37,0.968,1.6
LMT-0011,29.0,30.0,1.289,0.0238,11.94,18.99,35.55,1.36,1.047,1.63
LMT-0011,30.0,31.0,1.283,0.0357,13.08,20.84,33.87,1.5,0.958,1.76
LMT-0011,31.0,32.0,1.421,0.0165,11.49,23.43,34.65,1.23,1.062,1.78
LMT-0011,32.0,33.0,1.007,0.0353,10.53,23.28,38.43,1.04,0.759,1.69
LMT-0011,33.0,34.0,1.076,0.028,10.98,19.79,41.28,1.08,1.026,1.72
LMT-0011,34.0,35.0,1.096,0.0289,10.28,21.58,38.97,0.89,0.846,1.78
LMT-0011,35.0,36.0,1.116,0.0116,9.66,26.53,41.81,1.23,0.797,1.66
LMT-0011,36.0,37.0,0.24,0.0167,6.7,42.17,42.56,0.81,0.376,2.69
LMT-0011,37.0,38.0,0.32,0.0126,6.5,37.46,40.05,0.88,0.417,2.63
LMT-0011,38.0,39.3,0.233,0.0118,6.36,32.64,38.45,0.91,0.493,2.67
LMT-0012,0.0,1.0,0.607,0.0348,52.7,0.72,3.74,6.66,3.221,1.54
LMT-0012,1.0,2.0,1.002,0.0739,45.68,1.54,6.25,6.75,2.647,1.39
LMT-0012,2.0,3.0,1.208,0.0824,47.08,1.82,6.91,7.4,2.436,1.4
LMT-0012,3.0,4.0,0.976,0.0739,48.73,2.01,7.92,6.6,2.548,1.36
LMT-0012,4.0,5.0,1.18,0.0759,48.52,2.26,8.27,6.18,2.5,1.44
LMT-0012,5.0,6.0,1.048,0.0816,45.27,1.98,8.01,5.68,2.126,1.45
LMT-0012,6.0,7.0,1.189,0.0716,39.58,2.56,9.41,6.24,2.227,1.46
LMT-0012,7.0,8.0,1.09,0.0569,43.85,2.94,10.19,5.01,1.998,1.43
LMT-0012,8.0,9.0,1.068,0.0781,44.66,3.19,10.72,4.94,2.414,1.5
LMT-0012,9.0,10.0,1.248,0.0798,40.43,3.37,11.38,4.34,2.549,1.51
LMT-0012,10.0,11.0,1.089,0.1063,43.61,3.63,11.75,5.51,1.884,1.33
LMT-0012,11.0,12.0,1.099,0.0763,42.47,4.34,11.71,4.33,2.408,1.49
LMT-0012,12.0,13.0,1.263,0.0678,40.94,4.11,12.86,4.45,2.159,1.47
LMT-0012,13.0,14.0,1.027,0.0693,38.71,4.42,12.91,5.11,2.195,1.61
LMT-0012,14.0,15.0,1.183,0.0922,41.35,4.97,12.26,4.11,2.181,1.45
LMT-0012,15.0,16.0,1.29,0.1004,39.74,4.56,13.05,4.53,2.138,1.54
LMT-0012,16.0,17.0,1.283,0.1105,36.86,4.85,16.3,3.93,2.05,1.56
LMT-0012,17.0,18.0,1.273,0.1121,37.64,5.14,14.84,4.08,1.578,1.43
LMT-0012,18.0,19.0,1.25,0.1522,38.15,5.45,16.5,4.43,2.083,1.51
LMT-0012,19.0,20.0,1.407,0.3143,39.06,6.03,19.4,3.48,2.094,1.54
LMT-0012,20.0,21.0,2.273,0.126,21.21,10.15,32.17,2.14,1.447,1.49
LMT-0012,21.0,22.0,2.513,0.1269,20.82,9.89,30.29,1.75,1.61,1.43
LMT-0012,22.0,23.0,2.231,0.0841,19.52,10.76,33.0,2.1,1.348,1.61
LMT-0012,23.0,24.0,2.052,0.041,19.51,13.52,34.95,2.15,1.705,1.56
LMT-0012,24.0,25.0,1.849,0.0436,17.48,13.82,33.69,1.87,1.249,1.45
LMT-0012,25.0,26.0,2.021,0.046,19.13,14.26,33.07,1.98,1.429,1.66
LMT-0012,26.0,27.0,2.062,0.042,17.49,16.29,34.26,1.94,1.275,1.51
LMT-0012,27.0,28.0,2.079,0.0479,18.09,15.74,37.88,1.71,1.249,1.59
LMT-0012,28.0,29.0,1.556,0.0501,16.04,16.33,38.72,1.7,1.209,1.55
LMT-0012,29.0,30.0,1.631,0.0329,16.45,17.09,36.77,1.89,1.223,1.6
LMT-0012,30.0,31.0,2.027,0.033,15.11,14.73,39.57,1.62,1.331,1.67
LMT-0012,31.0,32.0,1.545,0.0345,13.87,19.22,38.55,1.83,1.009,1.69
LMT-0012,32.0,33.0,1.46,0.0425,14.07,20.15,38.03,1.71,1.003,1.63
LMT-0012,33.0,34.0,1.524,0.0346,12.95,18.65,41.3,1.39,1.046,1.72
LMT-0012,34.0,35.0,1.603,0.0336,13.8,25.04,35.87,1.22,1.034,1.73
LMT-0012,35.0,36.0,1.435,0.0198,11.94,21.31,39.29,1.25,0.97,1.72
LMT-0012,36.0,37.0,1.387,0.0318,11.87,21.34,37.46,1.3,0.986,1.67
LMT-0012,37.0,38.0,1.377,0.025,11.62,28.66,42.8,1.33,0.914,1.8
LMT-0012,38.0,39.0,1.066,0.0356,10.35,24.99,39.84,1.13,0.937,1.92
LMT-0012,39.0,40.0,1.183,0.0248,9.48,28.61,40.83,1.03,0.783,1.81
LMT-0012,40.0,41.0,1.088,0.0214,8.51,28.36,45.69,0.87,0.876,1.75
LMT-0012,41.0,42.0,0.287,0.0135,6.89,40.74,37.12,0.96,0.484,2.6
LMT-0012,42.0,43.0,0.315,0.0131,6.37,38.72,43.3,0.87,0.413,2.74
LMT-0012,43.0,44.2,0.264,0.0121,6.44,42.18,38.45,0.95,0.463,2.55
LMT-0013,0.0,1.0,0.768,0.0331,47.35,0.61,3.38,8.02,3.172,1.53
LMT-0013,1.0,2.0,0.95,0.0676,45.5,1.33,6.77,5.59,2.101,1.38
LMT-0013,2.0,3.0,0.845,0.0484,46.13,1.68,7.35,5.45,2.333,1.35
LMT-0013,3.0,4.0,0.919,0.0691,42.24,1.94,8.03,5.52,2.121,1.31
LMT-0013,4.0,5.0,0.855,0.0641,44.85,2.08,8.73,5.48,2.663,1.46
LMT-0013,5.0,6.0,0.954,0.0719,43.75,2.45,8.95,4.23,2.418,1.4
LMT-0013,6.0,7.0,1.101,0.0695,41.04,2.84,10.49,4.7,2.4,1.37
LMT-0013,7.0,8.0,1.168,0.0641,43.15,3.16,11.12,5.08,2.003,1.35
LMT-0013,8.0,9.0,1.087,0.0677,43.0,3.63,11.01,4.12,2.544,1.44
LMT-0013,9.0,10.0,1.234,0.0808,38.94,3.84,11.37,5.14,2.247,1.58
LMT-0013,10.0,11.0,1.041,0.0767,41.31,4.12,12.84,3.89,2.028,1.39
LMT-0013,11.0,12.0,1.181,0.0699,38.57,4.8,12.73,4.37,1.939,1.44
LMT-0013,12.0,13.0,1.303,0.0725,36.05,4.77,14.06,3.33,1.781,1.48
LMT-0013,13.0,14.0,1.379,0.117,39.45,4.89,15.78,3.41,1.697,1.47
LMT-0013,14.0,15.0,1.255,0.1378,39.38,6.34,14.25,2.33,2.018,1.47
LMT-0013,15.0,16.0,1.374,0.3303,36.5,5.65,17.16,3.07,2.044,1.53
LMT-0013,16.0,17.0,2.345,0.132,21.72,8.05,28.04,2.21,1.47,1.31
LMT-0013,17.0,18.0,2.284,0.1173,19.46,10.31,33.27,1.81,1.309,1.44
LMT-0013,18.0,19.0,1.682,0.0652,20.44,10.27,29.99,2.12,1.644,1.38
LMT-0013,19.0,20.0,2.151,0.0631,20.15,11.44,29.6,2.14,1.068,1.47
LMT-0013,20.0,21.0,1.986,0.0468,18.69,14.41,32.66,2.04,1.267,1.54
LMT-0013,21.0,22.0,1.965,0.0528,17.18,13.9,32.89,1.99,1.114,1.54
LMT-0013,22.0,23.0,1.586,0.0291,15.91,14.95,36.06,1.35,1.223,1.47
LMT-0013,23.0,24.0,1.645,0.033,15.1,16.1,33.28,1.45,1.227,1.71
LMT-0013,24.0,25.0,1.913,0.0308,14.63,18.35,35.04,1.97,0.984,1.78
LMT-0013,25.0,26.0,1.342,0.0267,14.99,17.88,35.69,1.51,1.188,1.65
LMT-0013,26.0,27.0,1.68,0.0295,14.13,15.63,35.67,1.77,1.156,1.73
LMT-0013,27.0,28.0,1.445,0.019,13.55,16.42,39.08,1.18,1.049,1.69
LMT-0013,28.0,29.0,1.692,0.023,12.42,24.5,35.77,1.45,0.887,1.75
LMT-0013,29.0,30.0,1.39,0.0287,12.68,21.66,35.14,1.58,0.96,1.77
LMT-0013,30.0,31.0,1.201,0.0281,10.96,20.79,34.41,1.19,1.023,1.68
LMT-0013,31.0,32.0,1.211,0.0295,9.79,21.84,37.92,1.32,1.025,1.82
LMT-0013,32.0,33.0,1.034,0.0258,10.7,26.76,36.64,1.3,0.753,1.8
LMT-0013,33.0,34.0,1.085,0.03,9.25,27.43,39.48,1.02,0.76,1.78
LMT-0013,34.0,35.0,0.971,0.0196,9.42,27.15,41.63,0.96,0.93,1.77
LMT-0013,35.0,36.0,0.273,0.0145,6.38,34.55,36.59,0.83,0.519,2.6
LMT-0013,36.0,37.0,0.32,0.0112,6.19,40.04,38.01,0.8,0.512,2.42
LMT-0014,0.0,1.0,0.654,0.0282,49.14,0.72,2.76,7.23,1.683,1.56
LMT-0014,1.0,2.0,0.666,0.0584,44.05,1.51,6.31,4.67,1.439,1.36
LMT-0014,2.0,3.0,0.973,0.0601,38.98,2.28,7.15,3.9,2.156,1.43
LMT-0014,3.0,4.0,0.853,0.0483,38.8,2.78,8.89,3.54,2.23,1.46
LMT-0014,4.0,5.0,1.025,0.087,34.62,4.04,11.86,4.7,1.625,1.36
LMT-0014,5.0,6.0,1.137,0.1919,34.66,4.23,14.09,2.44,1.6,1.33
LMT-0014,6.0,7.0,1.167,0.2574,32.24,6.3,16.05,2.8,1.399,1.41
LMT-0014,7.0,8.0,2.269,0.1028,18.64,8.89,26.94,1.51,1.139,1.41
LMT-0014,8.0,9.0,1.755,0.0571,16.3,10.1,29.63,1.13,1.217,1.4
LMT-0014,9.0,10.0,1.369,0.0437,17.33,13.87,31.42,1.57,1.17,1.39
LMT-0014,10.0,11.0,1.903,0.0217,15.61,14.59,34.74,1.44,0.835,1.41
LMT-0014,11.0,12.0,1.645,0.0213,14.57,15.87,33.7,1.32,0.835,1.48
LMT-0014,12.0,13.0,1.436,0.0225,13.94,15.36,36.19,1.48,0.785,1.62
LMT-0014,13.0,14.0,1.162,0.0237,12.09,15.34,35.82,1.29,0.782,1.66
LMT-0014,14.0,15.0,1.498,0.023,11.92,17.5,36.31,1.0,0.86,1.55
LMT-0014,15.0,16.0,1.235,0.0162,10.29,26.66,35.81,0.82,0.631,1.7
LMT-0014,16.0,17.0,0.968,0.0115,9.84,18.27,35.78,0.92,0.621,1.62
LMT-0014,17.0,18.0,0.267,0.0098,6.27,30.58,33.49,0.79,0.396,2.45
LMT-0014,18.0,19.0,0.223,0.0109,6.46,28.8,35.71,0.65,0.293,2.6
LMT-0014,19.0,20.0,0.282,0.0067,6.5,30.88,35.43,0.6,0.309,2.66
LMT-0014,20.0,20.9,0.25,0.0108,5.6,26.11,32.2,1.02,0.423,2.51
LMT-0015,0.0,1.0,0.644,0.0308,47.4,0.63,3.3,4.96,2.867,1.36
LMT-0015,1.0,2.0,0.877,0.0309,46.17,1.04,4.89,4.86,2.372,1.44
LMT-0015,2.0,3.0,1.168,0.0934,42.62,2.25,7.93,5.36,1.99,1.39
LMT-0015,3.0,4.0,1.247,0.1369,38.2,4.01,12.84,4.69,2.667,1.43
LMT-0015,4.0,5.0,1.319,0.242,38.26,5.53,14.1,3.53,1.666,1.41
LMT-0015,5.0,6.0,2.572,0.1409,19.62,9.21,27.97,2.0,1.284,1.5
LMT-0015,6.0,7.0,1.763,0.0547,16.91,12.65,33.23,1.48,1.245,1.49
LMT-0015,7.0,8.0,1.676,0.0454,16.32,12.3,31.54,1.71,1.119,1.42
LMT-0015,8.0,9.0,1.734,0.0276,13.05,17.3,36.88,1.38,1.031,1.45
LMT-0015,9.0,10.0,1.585,0.0301,12.63,19.94,35.92,1.19,0.951,1.49
LMT-0015,10.0,11.0,1.539,0.0315,10.89,17.92,36.63,1.22,1.019,1.58
LMT-0015,11.0,12.0,1.122,0.0215,10.03,26.78,36.52,0.86,0.862,1.77
LMT-0015,12.0,13.0,0.85,0.0116,8.52,26.16,36.21,0.84,0.734,1.83
LMT-0015,13.0,14.0,0.281,0.0108,6.47,31.21,40.43,0.57,0.422,2.55
LMT-0015,14.0,15.0,0.306,0.009,6.07,33.54,33.3,0.73,0.415,2.57
LMT-0015,15.0,15.7,0.217,0.0085,6.15,29.7,39.09,0.62,0.408,2.45
LMT-0016,0.0,1.0,0.729,0.0348,50.3,0.72,3.43,8.59,2.363,1.53
LMT-0016,1.0,2.0,1.218,0.0657,44.4,1.59,7.23,7.19,2.426,1.43
LMT-0016,2.0,3.0,1.321,0.1522,43.85,3.11,12.21,5.34,2.577,1.44
LMT-0016,3.0,4.0,1.345,0.2016,41.78,4.92,14.65,3.21,2.195,1.47
LMT-0016,4.0,5.0,2.661,0.1736,20.28,10.13,33.46,2.13,1.816,1.45
LMT-0016,5.0,6.0,2.452,0.1192,18.25,11.36,32.04,1.85,1.62,1.45
LMT-0016,6.0,7.0,2.668,0.0782,18.64,13.18,36.98,2.2,1.77,1.62
LMT-0016,7.0,8.0,2.394,0.0346,15.77,16.8,33.37,1.98,1.419,1.63
LMT-0016,8.0,9.0,2.23,0.0435,16.77,17.29,34.77,1.78,1.237,1.61
LMT-0016,9.0,10.0,1.976,0.0379,14.57,19.22,33.15,1.47,1.289,1.73
LMT-0016,10.0,11.0,1.713,0.0235,13.42,21.94,35.78,1.57,1.082,1.68
LMT-0016,11.0,12.0,2.076,0.0384,12.89,19.91,35.34,1.32,1.25,1.73
LMT-0016,12.0,13.0,1.448,0.031,11.05,23.32,37.4,1.06,1.072,1.69
LMT-0016,13.0,14.0,1.268,0.0213,10.56,24.4,40.08,1.39,0.976,1.79
LMT-0016,14.0,15.0,0.327,0.0144,6.17,37.31,38.34,0.8,0.44,2.65
LMT-0016,15.0,16.0,0.327,0.0134,6.79,39.65,45.9,0.89,0.484,2.56
LMT-0016,16.0,16.5,0.3,0.0131,6.94,35.9,39.22,0.91,0.457,2.63
LMT-0017,0.0,1.0,0.824,0.0593,50.48,0.9,3.68,6.81,2.745,1.44
LMT-0017,1.0,2.0,1.204,0.2407,41.91,2.9,9.9,5.75,2.218,1.48
LMT-0017,2.0,3.0,2.843,0.1436,20.93,9.07,30.43,1.81,1.436,1.37
LMT-0017,3.0,4.0,2.607,0.1052,19.97,11.1,34.49,1.74,1.472,1.46
LMT-0017,4.0,5.0,2.361,0.0625,20.71,11.32,29.48,2.05,1.392,1.52
LMT-0017,5.0,6.0,2.273,0.0495,17.73,12.22,32.2,1.56,1.329,1.59
LMT-0017,6.0,7.0,2.384,0.0358,16.96,11.3,33.53,1.78,1.335,1.59
LMT-0017,7.0,8.0,2.403,0.0384,16.16,15.19,35.53,1.77,1.08,1.49
LMT-0017,8.0,9.0,1.925,0.0347,16.78,16.74,32.89,1.69,1.167,1.57
LMT-0017,9.0,10.0,2.024,0.0314,14.35,16.67,35.53,1.6,1.163,1.74
LMT-0017,10.0,11.0,1.984,0.0295,14.16,19.66,34.97,1.47,0.972,1.71
LMT-0017,11.0,12.0,1.724,0.0333,11.66,20.63,33.0,1.37,1.13,1.64
LMT-0017,12.0,13.0,1.557,0.0289,13.23,19.9,35.38,1.48,0.991,1.58
LMT-0017,13.0,14.0,1.841,0.0188,11.48,22.33,36.92,1.19,1.059,1.76
LMT-0017,14.0,15.0,1.514,0.0265,11.77,23.84,39.13,1.33,0.865,1.73
LMT-0017,15.0,16.0,1.407,0.0295,10.13,25.3,40.96,1.16,0.743,1.69
LMT-0017,16.0,17.0,1.476,0.0202,8.9,24.35,38.0,0.84,0.826,1.78
LMT-0017,17.0,18.0,0.407,0.0117,6.55,35.56,36.6,1.08,0.476,2.62
LMT-0017,18.0,19.0,0.338,0.0118,6.55,34.98,42.0,0.87,0.416,2.69
LMT-0017,19.0,20.0,0.296,0.0057,6.19,32.59,36.4,0.74,0.492,2.5
LMT-0017,20.0,20.3,0.35,0.0106,6.51,37.09,40.12,0.85,0.358,2.58
LMT-0018,0.0,1.0,0.753,0.0436,46.39,0.6,3.44,6.94,2.522,1.51
LMT-0018,1.0,2.0,0.959,0.0972,48.21,0.84,4.64,6.07,2.404,1.55
LMT-0018,2.0,3.0,1.783,0.2678,35.85,5.72,14.4,3.04,1.772,1.43
LMT-0018,3.0,4.0,3.221,0.1402,16.97,9.11,31.31,2.18,1.513,1.38
LMT-0018,4.0,5.0,2.84,0.073,19.19,12.28,31.71,2.12,1.415,1.48
LMT-0018,5.0,6.0,2.5,0.0512,17.44,13.6,30.61,1.68,1.383,1.43
LMT-0018,6.0,7.0,2.568,0.0427,18.29,13.29,30.86,1.68,1.322,1.53
LMT-0018,7.0,8.0,2.003,0.0336,16.88,15.44,33.02,1.53,1.188,1.58
LMT-0018,8.0,9.0,1.846,0.0432,14.87,16.58,34.33,1.61,1.311,1.51
LMT-0018,9.0,10.0,1.937,0.0284,14.15,18.28,34.87,1.44,1.204,1.66
LMT-0018,10.0,11.0,1.794,0.0394,13.43,18.56,33.39,1.29,0.893,1.6
LMT-0018,11.0,12.0,1.949,0.0258,12.98,17.32,37.11,1.56,1.143,1.67
LMT-0018,12.0,13.0,1.736,0.0246,12.96,19.54,37.09,1.15,0.862,1.64
LMT-0018,13.0,14.0,1.554,0.0269,11.33,23.2,34.94,0.94,0.88,1.68
LMT-0018,14.0,15.0,1.395,0.0195,10.74,23.68,41.11,1.03,0.787,1.81
LMT-0018,15.0,16.0,0.998,0.0223,10.06,28.01,40.6,0.89,0.803,1.81
LMT-0018,16.0,17.0,0.346,0.0127,6.86,35.21,35.52,0.74,0.463,2.52
LMT-0018,17.0,18.0,0.394,0.01,6.21,34.71,38.62,0.82,0.455,2.58
LMT-0018,18.0,18.7,0.307,0.0078,6.52,30.86,39.83,0.8,0.337,2.52
LMT-0019,0.0,1.0,0.772,0.0425,48.23,0.66,3.39,7.26,3.087,1.44
LMT-0019,1.0,2.0,1.087,0.0642,49.79,0.94,4.91,7.05,2.894,1.6
LMT-0019,2.0,3.0,1.311,0.1298,44.9,3.42,10.61,5.21,2.694,1.32
LMT-0019,3.0,4.0,1.665,0.3023,37.69,5.7,15.96,3.57,2.117,1.57
LMT-0019,4.0,5.0,2.829,0.1158,20.03,10.31,30.32,2.37,1.169,1.44
LMT-0019,5.0,6.0,2.707,0.0948,17.87,11.15,30.96,2.48,1.272,1.54
LMT-0019,6.0,7.0,2.303,0.0572,17.02,12.79,31.75,1.83,1.319,1.48
LMT-0019,7.0,8.0,2.216,0.0444,17.49,12.75,34.09,2.33,1.28,1.57
LMT-0019,8.0,9.0,2.011,0.0463,15.75,15.08,32.01,1.96,1.003,1.58
LMT-0019,9.0,10.0,2.317,0.0517,15.27,16.85,35.62,1.52,1.026,1.72
LMT-0019,10.0,11.0,2.065,0.0351,14.32,17.34,37.53,1.76,1.003,1.65
LMT-0019,11.0,12.0,2.191,0.0368,13.54,22.62,34.89,1.7,1.095,1.76
LMT-0019,12.0,13.0,1.697,0.04,12.92,23.0,38.09,1.66,1.281,1.7
LMT-0019,13.0,14.0,1.512,0.026,13.06,23.48,38.65,1.69,1.042,1.65
LMT-0019,14.0,15.0,1.468,0.0317,11.53,23.98,36.87,1.37,0.898,1.88
LMT-0019,15.0,16.0,1.396,0.0284,11.01,24.34,37.05,1.27,0.859,1.81
LMT-0019,16.0,17.0,1.227,0.0239,9.06,25.91,39.84,0.81,0.85,1.84
LMT-0019,17.0,18.0,0.35,0.0105,7.31,35.7,38.92,0.7,0.463,2.62
LMT-0019,18.0,19.0,0.325,0.0145,6.32,32.28,40.58,1.12,0.426,2.49
LMT-0019,19.0,20.0,0.334,0.0141,6.19,33.61,41.41,0.95,0.391,2.73
LMT-0019,20.0,20.6,0.246,0.0117,6.0,37.25,43.84,0.72,0.382,2.55
LMT-0020,0.0,1.0,0.494,0.0295,47.69,0.59,3.38,5.43,2.833,1.48
LMT-0020,1.0,2.0,0.779,0.0302,46.45,1.01,4.53,6.92,2.662,1.49
LMT-0020,2.0,3.0,0.879,0.0561,43.07,1.95,7.48,6.24,2.316,1.41
LMT-0020,3.0,4.0,0.906,0.0669,44.14,2.32,8.75,3.22,2.182,1.39
LMT-0020,4.0,5.0,0.796,0.0651,37.95,3.18,9.11,5.56,1.883,1.36
LMT-0020,5.0,6.0,0.97,0.0717,37.63,3.13,10.54,3.2,1.867,1.36
LMT-0020,6.0,7.0,1.031,0.064,40.04,4.86,12.63,3.41,2.15,1.46
LMT-0020,7.0,8.0,1.239,0.1532,39.75,5.06,14.2,3.33,1.859,1.43
LMT-0020,8.0,9.0,1.081,0.2178,37.37,4.72,15.87,4.23,1.798,1.45
LMT-0020,9.0,10.0,2.183,0.1458,18.99,9.98,30.03,2.61,1.131,1.42
LMT-0020,10.0,11.0,1.719,0.0971,17.47,10.54,30.05,1.97,1.361,1.44
LMT-0020,11.0,12.0,1.499,0.0474,18.18,12.3,32.89,1.92,1.344,1.42
LMT-0020,12.0,13.0,1.697,0.0303,16.18,14.63,32.74,1.87,0.92,1.49
LMT-0020,13.0,14.0,1.624,0.0325,15.37,14.2,34.35,1.42,1.134,1.53
LMT-0020,14.0,15.0,1.525,0.0272,13.93,17.71,34.98,1.33,1.006,1.62
LMT-0020,15.0,16.0,1.359,0.0235,13.16,18.89,37.4,1.27,0.81,1.64
LMT-0020,16.0,17.0,1.141,0.0273,13.07,18.85,34.64,1.48,0.832,1.55
LMT-0020,17.0,18.0,1.335,0.0236,11.31,19.32,34.27,1.07,0.914,1.77
LMT-0020,18.0,19.0,1.0,0.0145,10.82,21.28,35.47,0.93,0.88,1.7
LMT-0020,19.0,20.0,0.827,0.0137,8.36,23.34,36.56,0.8,0.649,1.61
LMT-0020,20.0,21.0,0.282,0.0122,5.68,33.76,35.8,0.73,0.375,2.52
LMT-0020,21.0,22.0,0.287,0.0132,6.11,36.67,36.93,0.78,0.383,2.44
LMT-0020,22.0,22.9,0.213,0.0096,6.05,33.03,40.67,0.56,0.43,2.59
LMT-0021,0.0,1.0,0.546,0.0207,43.51,0.69,3.12,6.71,2.295,1.3
LMT-0021,1.0,2.0,0.817,0.0411,42.21,1.42,6.75,3.4,2.151,1.23
LMT-0021,2.0,3.0,0.712,0.0481,41.32,1.74,6.95,4.44,1.856,1.22
LMT-0021,3.0,4.0,0.887,0.0593,39.17,2.68,8.43,5.4,2.072,1.46
LMT-0021,4.0,5.0,,,,,,,,1.45
LMT-0021,5.0,6.0,1.016,0.062,33.81,3.38,11.12,2.69,1.971,1.37
LMT-0021,6.0,7.0,0.968,0.0857,38.4,4.23,13.42,3.26,1.746,1.3
LMT-0021,7.0,8.0,1.146,0.1629,35.06,4.22,12.56,3.99,1.492,1.36
LMT-0021,8.0,9.0,0.942,0.2821,35.69,5.3,15.1,2.88,1.95,1.28
LMT-0021,9.0,10.0,1.817,0.1033,20.88,8.85,28.95,1.93,1.391,1.41
LMT-0021,10.0,11.0,1.73,0.0756,17.51,9.7,32.99,1.59,1.316,1.36
LMT-0021,11.0,12.0,1.485,0.0484,16.92,8.9,31.44,1.64,1.314,1.35
LMT-0021,12.0,13.0,1.643,0.0319,17.62,11.5,31.95,1.42,1.016,1.42
LMT-0021,13.0,14.0,1.559,0.0231,16.51,13.3,29.09,1.36,1.078,1.54
LMT-0021,14.0,15.0,1.639,0.0248,14.61,13.98,31.21,1.18,1.11,1.48
LMT-0021,15.0,16.0,1.346,0.0208,14.71,15.51,32.2,1.29,1.21,1.48
LMT-0021,16.0,17.0,1.337,0.0299,14.13,18.5,28.6,1.11,1.084,1.58
LMT-0021,17.0,18.0,1.197,0.011,13.68,17.7,35.23,1.18,0.835,1.53
LMT-0021,18.0,19.0,1.132,0.0267,13.56,19.47,33.51,0.83,0.906,1.52
LMT-0021,19.0,20.0,1.218,0.0241,11.87,16.28,36.11,1.11,0.647,1.57
LMT-0021,20.0,21.0,1.204,0.0182,11.6,21.46,36.48,0.93,0.77,1.63
LMT-0021,21.0,22.0,1.042,0.0152,9.21,23.19,33.02,0.75,0.708,1.74
LMT-0021,22.0,23.0,0.874,0.0208,10.07,21.58,33.36,0.86,0.787,1.8
LMT-0021,23.0,24.0,1.0,0.0159,9.15,19.82,35.98,0.37,0.611,1.7
LMT-0021,24.0,25.0,0.235,0.0099,5.94,34.79,37.96,0.91,0.293,2.37
LMT-0021,25.0,26.0,0.207,0.0121,5.98,34.89,37.38,0.53,0.371,2.33
LMT-0021,26.0,27.1,0.256,0.0093,5.56,31.78,32.81,0.8,0.409,2.55
LMT-0022,0.0,1.0,0.64,0.0273,43.84,0.92,3.97,4.39,2.642,1.46
LMT-0022,1.0,2.0,0.832,0.0534,43.45,1.43,8.8,5.94,2.117,1.42
LMT-0022,2.0,3.0,0.867,0.0618,36.41,2.57,9.53,4.25,2.185,1.33
LMT-0022,3.0,4.0,0.866,0.0786,38.49,3.35,10.7,3.09,1.971,1.33
LMT-0022,4.0,5.0,0.92,0.1154,36.3,4.53,12.57,3.26,1.497,1.42
LMT-0022,5.0,6.0,1.112,0.1756,40.7,5.14,13.16,2.53,1.48,1.39
LMT-0022,6.0,7.0,1.704,0.1207,19.27,7.74,30.32,2.04,1.049,1.42
LMT-0022,7.0,8.0,1.73,0.1063,18.29,10.44,28.98,1.29,1.081,1.6
LMT-0022,8.0,9.0,1.535,0.0455,16.57,13.53,32.46,1.6,1.047,1.43
LMT-0022,9.0,10.0,1.451,0.0392,15.87,13.77,34.47,1.4,1.075,1.58
LMT-0022,10.0,11.0,1.264,0.0249,12.53,16.65,34.95,1.2,0.967,1.59
LMT-0022,11.0,12.0,1.34,0.0281,12.88,16.27,35.1,1.28,0.966,1.56
LMT-0022,12.0,13.0,1.123,0.0177,10.2,21.24,35.18,0.89,0.81,1.83
LMT-0022,13.0,14.0,1.077,0.0171,8.67,20.69,39.22,0.92,0.834,1.71
LMT-0022,14.0,15.0,0.208,0.0064,6.43,32.26,37.74,0.9,0.409,2.43
LMT-0022,15.0,16.0,0.209,0.0109,6.02,34.02,36.98,0.75,0.346,2.44
LMT-0022,16.0,17.0,0.289,0.0112,5.88,37.86,32.73,0.66,0.438,2.61
LMT-0023,0.0,1.0,0.763,0.0697,52.7,0.88,4.67,6.65,2.678,1.53
LMT-0023,1.0,2.0,1.173,0.2101,44.48,3.58,10.46,5.02,2.121,1.34
LMT-0023,2.0,3.0,1.481,0.2626,38.22,6.12,18.11,3.39,2.055,1.57
LMT-0023,3.0,4.0,1.561,0.0745,15.68,18.0,33.82,1.66,1.368,1.73
LMT-0023,4.0,5.0,0.337,0.0245,6.24,37.1,40.21,1.19,0.427,2.54
LMT-0023,5.0,6.0,0.287,0.0193,6.95,37.99,41.08,1.04,0.494,2.57
LMT-0023,6.0,6.6,0.344,0.0141,7.45,38.32,40.68,1.16,0.421,2.62
LMT-0024,0.0,1.0,0.728,0.0804,48.63,0.88,4.48,5.61,2.762,1.52
LMT-0024,1.0,2.0,1.125,0.1829,41.17,3.48,12.03,4.07,1.95,1.57
LMT-0024,2.0,3.0,2.236,0.14,18.03,11.21,32.45,2.23,1.272,1.53
LMT-0024,3.0,4.0,0.28,0.029,5.96,34.08,41.41,0.98,0.411,2.47
LMT-0024,4.0,5.0,0.298,0.0145,6.85,36.56,38.35,0.85,0.44,2.59
LMT-0024,5.0,6.0,0.307,0.0109,6.7,37.58,37.35,0.77,0.449,2.5
LMT-0025,0.0,1.0,0.833,0.0675,48.85,1.04,4.88,7.2,2.95,1.49
LMT-0025,1.0,2.0,1.228,0.1961,42.47,3.47,11.28,6.03,2.238,1.46
LMT-0025,2.0,3.0,1.545,0.29,37.9,4.62,17.14,4.32,1.942,1.45
LMT-0025,3.0,4.0,2.234,0.1418,19.37,13.54,33.2,2.07,1.626,1.57
LMT-0025,4.0,5.0,1.813,0.0974,16.42,14.87,37.15,1.78,1.461,1.65
LMT-0025,5.0,6.0,1.594,0.0396,13.4,22.65,36.34,1.59,1.168,1.54
LMT-0025,6.0,7.0,1.37,0.0275,10.88,25.82,41.08,1.29,0.915,1.78
LMT-0025,7.0,8.0,0.323,0.0161,6.95,37.42,41.57,1.17,0.494,2.64
LMT-0025,8.0,9.0,0.333,0.0135,7.04,43.95,40.45,0.98,0.558,2.64
LMT-0025,9.0,9.7,0.292,0.0121,6.71,37.74,43.18,1.08,0.484,2.76
LMT-0026,0.0,1.0,0.715,0.0412,48.08,0.79,4.31,7.22,2.196,1.56
LMT-0026,1.0,2.0,0.979,0.1038,41.0,2.93,8.88,4.96,2.079,1.28
LMT-0026,2.0,3.0,1.091,0.162,38.98,4.62,13.6,5.31,1.72,1.47
LMT-0026,3.0,4.0,2.256,0.1263,20.28,9.45,29.68,1.83,1.142,1.39
LMT-0026,4.0,5.0,1.942,0.0723,18.48,12.1,33.63,2.08,1.241,1.46
LMT-0026,5.0,6.0,1.424,0.0737,16.66,12.96,32.13,1.62,1.092,1.56
LMT-0026,6.0,7.0,1.576,0.0368,14.98,16.65,36.45,1.77,0.93,1.53
LMT-0026,7.0,8.0,1.447,0.03,13.77,20.78,38.35,1.66,0.952,1.66
LMT-0026,8.0,9.0,1.163,0.0238,11.48,22.09,39.8,1.4,0.643,1.74
LMT-0026,9.0,10.0,1.056,0.0249,10.5,27.01,35.23,1.27,0.825,1.75
LMT-0026,10.0,11.0,0.243,0.0107,6.13,29.61,38.86,0.88,0.329,2.49
LMT-0026,11.0,12.1,0.287,0.0117,6.54,30.25,38.37,1.04,0.504,2.64
LMT-0027,0.0,1.0,0.793,0.0465,40.13,1.51,6.74,5.6,1.743,1.37
LMT-0027,1.0,2.0,1.005,0.1006,39.84,3.47,9.22,4.16,2.08,1.34
LMT-0027,2.0,3.0,1.021,0.1999,35.76,4.49,13.56,3.68,1.51,1.41
LMT-0027,3.0,4.0,2.233,0.1239,17.7,9.12,30.04,2.28,1.425,1.55
LMT-0027,4.0,5.0,1.655,0.0982,17.93,10.93,30.03,2.29,1.222,1.48
LMT-0027,5.0,6.0,2.253,0.054,16.79,13.47,34.86,2.22,1.294,1.44
LMT-0027,6.0,7.0,1.691,0.0349,16.85,13.25,36.53,1.97,1.073,1.58
LMT-0027,7.0,8.0,1.68,0.0312,15.33,17.56,35.62,1.56,1.364,1.68
LMT-0027,8.0,9.0,1.57,0.0339,13.38,18.02,34.48,1.42,1.363,1.57
LMT-0027,9.0,10.0,1.359,0.0299,13.46,19.42,31.21,1.18,1.141,1.76
LMT-0027,10.0,11.0,1.314,0.0235,11.24,19.36,32.48,1.18,0.812,1.77
LMT-0027,11.0,12.0,1.271,0.0207,9.81,21.75,34.32,1.08,0.95,1.63
LMT-0027,12.0,13.0,1.004,0.024,9.72,25.19,36.04,0.91,0.672,1.67
LMT-0027,13.0,14.0,0.313,0.0129,6.26,33.47,37.82,0.88,0.405,2.45
LMT-0027,14.0,15.0,0.258,0.0121,5.78,28.76,39.38,0.73,0.408,2.5
LMT-0027,15.0,15.6,0.247,0.0075,6.32,32.01,39.18,0.91,0.403,2.51
LMT-0028,0.0,1.0,0.862,0.063,49.5,1.46,7.47,5.36,2.459,1.42
LMT-0028,1.0,2.0,1.01,0.0836,42.49,2.72,8.06,5.24,2.333,1.49
LMT-0028,2.0,3.0,1.072,0.1453,40.62,3.6,12.09,3.95,1.91,1.49
LMT-0028,3.0,4.0,1.42,0.1821,35.7,5.57,16.04,4.13,1.82,1.41
LMT-0028,4.0,5.0,2.51,0.1344,21.55,8.13,32.6,1.95,1.425,1.42
LMT-0028,5.0,6.0,2.469,0.1002,19.75,10.0,32.9,2.54,1.491,1.43
LMT-0028,6.0,7.0,2.681,0.0574,18.86,12.3,35.12,2.06,1.569,1.37
LMT-0028,7.0,8.0,2.068,0.0606,20.05,11.91,32.2,2.03,1.113,1.57
LMT-0028,8.0,9.0,1.888,0.0531,18.33,11.75,33.03,1.68,1.102,1.54
LMT-0028,9.0,10.0,2.438,0.0449,17.0,13.65,32.32,1.78,1.459,1.63
LMT-0028,10.0,11.0,2.273,0.0467,16.16,14.03,35.35,1.91,1.278,1.66
LMT-0028,11.0,12.0,1.863,0.0428,15.37,16.06,33.98,1.42,1.404,1.59
LMT-0028,12.0,13.0,1.904,0.0381,15.42,17.86,32.57,2.15,1.099,1.66
LMT-0028,13.0,14.0,1.788,0.0397,15.21,18.38,39.34,1.36,1.234,1.72
LMT-0028,14.0,15.0,1.303,0.0356,13.6,19.42,36.97,1.44,1.226,1.63
LMT-0028,15.0,16.0,1.436,0.0411,12.28,18.73,36.47,1.38,1.118,1.74
LMT-0028,16.0,17.0,1.526,0.0312,12.95,18.58,37.38,1.06,1.03,1.63
LMT-0028,17.0,18.0,1.377,0.0291,12.27,21.44,36.5,1.32,0.87,1.75
LMT-0028,18.0,19.0,1.216,0.032,11.52,24.07,41.93,1.44,0.952,1.73
LMT-0028,19.0,20.0,1.079,0.0243,11.57,24.53,39.15,1.1,0.877,1.65
LMT-0028,20.0,21.0,1.135,0.0219,10.17,22.28,37.88,1.16,0.792,1.72
LMT-0028,21.0,22.0,1.221,0.0238,9.82,28.19,38.94,1.22,0.873,1.84
LMT-0028,22.0,23.0,0.805,0.0201,9.37,26.31,43.28,0.84,0.833,1.78
LMT-0028,23.0,24.0,0.267,0.0148,6.71,39.1,37.17,1.03,0.357,2.5
LMT-0028,24.0,25.0,0.27,0.0145,6.34,33.04,41.28,0.92,0.413,2.62
LMT-0028,25.0,25.9,0.323,0.0139,6.39,35.38,39.35,0.92,0.464,2.49
LMT-0029,0.0,1.0,0.73,0.0294,44.02,1.09,4.83,6.96,2.165,1.42
LMT-0029,1.0,2.0,0.902,0.0658,44.64,2.1,7.96,4.36,2.571,1.31
LMT-0029,2.0,3.0,1.07,0.0755,39.43,2.8,9.79,4.93,2.479,1.39
LMT-0029,3.0,4.0,1.129,0.0742,40.75,3.58,10.61,5.09,2.33,1.39
LMT-0029,4.0,5.0,1.094,0.1268,40.56,4.48,13.56,3.79,2.095,1.46
LMT-0029,5.0,6.0,1.357,0.2488,38.9,4.7,15.68,4.15,2.009,1.36
LMT-0029,6.0,7.0,1.242,0.2515,36.97,5.98,17.42,2.71,2.178,1.57
LMT-0029,7.0,8.0,2.201,0.1206,21.01,9.8,34.62,2.28,1.165,1.39
LMT-0029,8.0,9.0,2.367,0.0965,18.83,10.96,29.4,1.82,1.29,1.47
LMT-0029,9.0,10.0,2.255,0.0391,20.42,13.34,34.68,2.0,0.979,1.4
LMT-0029,10.0,11.0,2.443,0.0424,15.84,13.47,33.6,1.73,1.241,1.49
LMT-0029,11.0,12.0,2.397,0.0458,16.93,13.26,30.99,1.98,1.425,1.52
LMT-0029,12.0,13.0,1.994,0.0431,17.31,14.63,35.19,1.6,1.151,1.53
LMT-0029,13.0,14.0,2.002,0.0331,17.04,18.41,34.79,2.01,1.271,1.52
LMT-0029,14.0,15.0,1.791,0.0344,16.0,16.39,30.16,1.77,1.154,1.69
LMT-0029,15.0,16.0,1.618,0.0294,14.66,18.06,35.17,1.52,1.159,1.46
LMT-0029,16.0,17.0,1.572,0.037,12.39,17.86,34.02,1.69,1.088,1.62
LMT-0029,17.0,18.0,1.627,0.0345,13.23,19.76,35.23,1.57,1.122,1.69
LMT-0029,18.0,19.0,1.631,0.029,13.39,21.38,35.13,1.51,1.013,1.72
LMT-0029,19.0,20.0,1.245,0.0258,12.57,21.3,37.0,1.44,0.889,1.61
LMT-0029,20.0,21.0,1.177,0.027,12.3,17.91,37.39,1.05,0.894,1.66
LMT-0029,21.0,22.0,1.261,0.0248,11.71,25.89,34.96,1.15,0.871,1.78
LMT-0029,22.0,23.0,1.357,0.0219,10.31,20.94,36.67,1.24,0.95,1.69
LMT-0029,23.0,24.0,1.124,0.0169,10.43,23.65,36.59,1.06,0.805,1.86
LMT-0029,24.0,25.0,1.105,0.018,9.91,26.92,41.13,0.93,0.873,1.84
LMT-0029,25.0,26.0,0.338,0.0143,5.83,31.8,37.78,0.94,0.438,2.3
LMT-0029,26.0,27.0,0.268,0.0115,6.24,35.53,38.0,0.67,0.385,2.7
LMT-0029,27.0,27.3,0.303,0.0137,6.7,37.46,39.2,0.8,0.364,2.53
LMT-0030,0.0,1.0,0.637,0.0287,48.16,0.64,3.43,6.37,2.494,1.5
LMT-0030,1.0,2.0,0.947,0.0594,43.51,1.43,5.78,4.69,1.768,1.3
LMT-0030,2.0,3.0,0.903,0.0504,40.75,1.81,7.55,5.65,2.898,1.32
LMT-0030,3.0,4.0,0.967,0.0501,41.91,2.38,7.34,4.6,1.934,1.43
LMT-0030,4.0,5.0,1.241,0.046,43.77,2.21,8.11,3.31,2.683,1.32
LMT-0030,5.0,6.0,1.05,0.0611,36.21,2.74,9.89,4.52,1.93,1.41
LMT-0030,6.0,7.0,1.029,0.0655,37.92,2.92,8.9,4.6,2.064,1.36
LMT-0030,7.0,8.0,1.182,0.0704,40.02,3.55,12.09,4.88,2.086,1.34
LMT-0030,8.0,9.0,1.129,0.0596,43.09,3.79,13.35,4.75,1.93,1.38
LMT-0030,9.0,10.0,1.085,0.0754,36.6,3.78,12.58,3.78,1.769,1.41
LMT-0030,10.0,11.0,1.108,0.0848,38.56,4.11,13.5,2.61,2.102,1.52
LMT-0030,11.0,12.0,1.253,0.0886,39.85,4.22,14.47,2.88,1.581,1.55
LMT-0030,12.0,13.0,1.225,0.1939,38.67,4.24,15.81,4.36,1.76,1.44
LMT-0030,13.0,14.0,1.206,0.2148,33.24,5.94,16.41,2.97,1.791,1.35
LMT-0030,14.0,15.0,1.972,0.1175,19.0,8.77,33.77,1.97,1.372,1.44
LMT-0030,15.0,16.0,2.322,0.0772,18.33,10.62,26.94,2.29,0.979,1.37
LMT-0030,16.0,17.0,2.491,0.0407,17.91,9.7,28.38,1.95,1.148,1.47
LMT-0030,17.0,18.0,1.583,0.0304,17.15,11.02,30.28,2.05,1.367,1.36
LMT-0030,18.0,19.0,1.484,0.0352,16.56,14.61,29.54,1.55,1.265,1.55
LMT-0030,19.0,20.0,1.695,0.0443,16.31,13.53,29.4,1.58,1.265,1.45
LMT-0030,20.0,21.0,1.95,0.0401,16.71,13.64,31.38,1.6,1.374,1.45
LMT-0030,21.0,22.0,1.724,0.0187,14.76,14.43,31.63,1.36,1.157,1.49
LMT-0030,22.0,23.0,1.644,0.033,15.25,16.24,33.83,1.55,1.301,1.52
LMT-0030,23.0,24.0,1.682,0.036,14.29,15.41,34.43,1.33,1.154,1.69
LMT-0030,24.0,25.0,1.492,0.0369,13.5,16.96,35.84,1.42,0.934,1.57
LMT-0030,25.0,26.0,1.326,0.022,13.07,17.8,34.82,1.42,1.146,1.67
LMT-0030,26.0,27.0,1.304,0.0255,13.22,17.82,34.91,1.28,1.012,1.57
LMT-0030,27.0,28.0,1.285,0.0308,11.34,20.77,36.28,0.96,0.931,1.52
LMT-0030,28.0,29.0,1.45,0.0283,11.36,19.94,36.56,1.57,0.948,1.65
LMT-0030,29.0,30.0,0.913,0.0211,10.72,22.98,40.24,1.05,0.862,1.54
LMT-0030,30.0,31.0,1.197,0.0202,10.57,21.78,39.7,1.0,0.755,1.61
LMT-0030,31.0,32.0,1.04,0.0206,9.78,21.01,37.03,0.78,0.793,1.6
LMT-0030,32.0,33.0,1.117,0.0106,9.48,24.01,41.45,0.89,0.623,1.68
LMT-0030,33.0,34.0,0.286,0.0137,6.17,26.99,37.47,0.71,0.45,2.43
LMT-0030,34.0,35.0,0.284,0.0122,5.97,35.63,39.2,0.87,0.44,2.53
LMT-0030,35.0,35.6,0.269,0.0121,5.96,32.39,32.36,0.84,0.411,2.3
LMT-0031,0.0,1.0,0.608,0.0325,51.76,0.8,3.79,7.11,3.178,1.43
LMT-0031,1.0,2.0,0.968,0.0506,43.68,1.58,6.81,7.66,2.584,1.46
LMT-0031,2.0,3.0,1.084,0.0757,41.58,1.72,7.15,6.58,2.032,1.37
LMT-0031,3.0,4.0,1.152,0.0627,41.82,2.1,8.32,6.5,2.367,1.53
LMT-0031,4.0,5.0,1.134,0.0755,45.35,2.62,9.6,5.11,2.258,1.3
LMT-0031,5.0,6.0,1.19,0.0753,47.12,2.72,9.17,3.98,2.32,1.4
LMT-0031,6.0,7.0,1.039,0.0878,42.04,3.4,9.56,4.89,2.39,1.49
LMT-0031,7.0,8.0,1.146,0.0859,42.87,3.1,11.14,5.91,2.142,1.4
LMT-0031,8.0,9.0,1.275,0.0873,44.97,3.6,11.21,6.01,1.977,1.34
LMT-0031,9.0,10.0,1.097,0.088,42.83,3.95,11.91,3.93,2.072,1.53
LMT-0031,10.0,11.0,1.309,0.0669,42.34,4.3,13.67,4.8,2.066,1.47
LMT-0031,11.0,12.0,1.11,0.0881,39.35,4.15,14.84,4.44,2.085,1.46
LMT-0031,12.0,13.0,1.45,0.0962,41.65,5.4,13.56,3.88,2.238,1.37
LMT-0031,13.0,14.0,1.308,0.084,40.77,5.56,16.87,4.15,2.573,1.53
LMT-0031,14.0,15.0,1.223,0.1375,39.28,6.23,16.17,4.1,2.328,1.51
LMT-0031,15.0,16.0,1.513,0.2545,41.38,5.73,16.73,2.47,2.069,1.61
LMT-0031,16.0,17.0,1.463,0.3469,38.85,6.47,16.27,3.48,1.706,1.56
LMT-0031,17.0,18.0,2.444,0.1179,21.83,9.58,32.82,1.86,1.628,1.48
LMT-0031,18.0,19.0,2.077,0.0933,18.25,10.49,34.92,1.95,1.862,1.56
LMT-0031,19.0,20.0,2.344,0.0453,19.7,10.78,34.09,1.62,1.436,1.56
LMT-0031,20.0,21.0,2.089,0.0462,19.41,11.38,35.25,1.83,1.188,1.44
LMT-0031,21.0,22.0,2.1,0.0498,17.82,15.18,31.81,1.79,1.32,1.67
LMT-0031,22.0,23.0,1.883,0.0528,18.7,14.86,33.64,2.01,1.385,1.6
LMT-0031,23.0,24.0,2.16,0.0431,18.0,14.15,34.05,1.88,1.499,1.69
LMT-0031,24.0,25.0,1.745,0.0485,16.43,17.03,38.65,1.88,1.209,1.63
LMT-0031,25.0,26.0,1.751,0.0459,16.75,16.21,36.38,1.43,1.248,1.59
LMT-0031,26.0,27.0,1.576,0.0363,15.5,16.32,35.48,1.81,1.347,1.57
LMT-0031,27.0,28.0,1.725,0.0384,15.05,18.87,37.77,1.65,1.18,1.66
LMT-0031,28.0,29.0,1.721,0.0361,14.13,17.9,39.16,1.65,0.846,1.66
LMT-0031,29.0,30.0,1.543,0.0338,13.09,19.42,36.41,1.23,1.351,1.79
LMT-0031,30.0,31.0,1.53,0.0377,13.06,19.27,38.65,1.49,0.992,1.81
LMT-0031,31.0,32.0,1.505,0.0348,12.89,18.71,38.01,1.37,1.095,1.69
LMT-0031,32.0,33.0,1.562,0.0326,11.92,22.17,35.21,1.0,0.923,1.84
LMT-0031,33.0,34.0,1.104,0.0292,12.37,26.26,45.23,1.24,1.154,1.75
LMT-0031,34.0,35.0,1.367,0.0215,11.48,23.32,38.5,1.13,1.019,1.83
LMT-0031,35.0,36.0,1.356,0.0265,9.86,22.54,40.11,1.21,0.914,1.77
LMT-0031,36.0,37.0,1.267,0.0222,10.32,28.33,36.02,1.08,0.861,1.72
LMT-0031,37.0,38.0,1.156,0.026,8.85,21.07,42.15,1.07,0.794,1.72
LMT-0031,38.0,39.0,0.317,0.0154,6.75,35.89,38.78,0.76,0.557,2.74
LMT-0031,39.0,40.0,0.321,0.0102,6.79,37.98,40.61,0.86,0.515,2.6
LMT-0031,40.0,40.4,0.331,0.0122,6.34,40.93,39.82,0.9,0.425,2.48
LMT-0032,0.0,1.0,0.666,0.0495,48.22,0.71,3.86,7.36,2.71,1.68
LMT-0032,1.0,2.0,1.137,0.0694,46.96,1.62,6.51,7.13,2.733,1.39
LMT-0032,2.0,3.0,1.218,0.0535,48.25,1.92,7.66,7.99,2.706,1.38
LMT-0032,3.0,4.0,1.025,0.0947,47.72,1.98,8.95,7.48,2.442,1.54
LMT-0032,4.0,5.0,1.173,0.0809,43.15,2.92,9.85,6.25,2.306,1.52
LMT-0032,5.0,6.0,1.084,0.0591,44.78,3.01,10.44,4.9,2.082,1.5
LMT-0032,6.0,7.0,1.17,0.0949,40.43,2.73,10.88,5.87,2.402,1.54
LMT-0032,7.0,8.0,1.319,0.0747,42.63,4.03,11.74,4.61,1.958,1.42
LMT-0032,8.0,9.0,1.467,0.1023,44.75,4.2,12.79,6.03,2.858,1.45
LMT-0032,9.0,10.0,1.343,0.0984,43.59,4.36,13.34,5.33,2.342,1.51
LMT-0032,10.0,11.0,1.352,0.103,43.74,4.6,13.84,4.03,2.182,1.5
LMT-0032,11.0,12.0,1.31,0.089,40.4,5.38,14.45,4.22,2.061,1.45
LMT-0032,12.0,13.0,1.554,0.13,42.31,5.86,16.14,4.7,1.979,1.43
LMT-0032,13.0,14.0,1.392,0.2166,38.43,6.47,16.88,3.88,2.013,1.63
LMT-0032,14.0,15.0,1.754,0.3266,39.69,6.52,17.8,4.39,1.986,1.69
LMT-0032,15.0,16.0,2.851,0.1206,21.66,10.54,32.23,2.19,1.594,1.39
LMT-0032,16.0,17.0,2.181,0.0747,20.57,11.93,34.41,2.21,1.546,1.51
LMT-0032,17.0,18.0,2.141,0.0864,19.36,12.6,32.0,2.07,1.318,1.55
LMT-0032,18.0,19.0,2.159,0.0463,19.34,13.3,30.54,2.3,1.355,1.69
LMT-0032,19.0,20.0,2.024,0.0563,19.9,15.51,33.91,1.78,1.34,1.64
LMT-0032,20.0,21.0,1.954,0.054,17.82,16.38,35.02,1.44,1.407,1.62
LMT-0032,21.0,22.0,2.242,0.0523,16.94,16.18,35.85,1.82,1.348,1.78
LMT-0032,22.0,23.0,1.945,0.0465,16.6,17.87,35.23,1.48,1.071,1.75
LMT-0032,23.0,24.0,1.975,0.0386,14.18,16.5,36.92,1.86,1.312,1.65
LMT-0032,24.0,25.0,1.606,0.0476,15.59,17.29,36.89,1.74,1.289,1.54
LMT-0032,25.0,26.0,1.753,0.0384,14.26,20.47,41.48,1.68,1.204,1.77
LMT-0032,26.0,27.0,1.355,0.0357,14.53,19.97,38.51,1.58,1.174,1.85
LMT-0032,27.0,28.0,1.327,0.0263,13.5,20.51,40.11,1.31,1.144,1.67
LMT-0032,28.0,29.0,1.614,0.0294,12.4,24.52,35.15,1.27,1.059,1.78
LMT-0032,29.0,30.0,1.612,0.0258,12.08,27.32,38.76,1.36,0.973,1.82
LMT-0032,30.0,31.0,1.394,0.0273,11.11,23.05,39.62,1.15,0.931,1.81
LMT-0032,31.0,32.0,1.1,0.0236,11.08,26.5,41.15,1.35,0.96,1.87
LMT-0032,32.0,33.0,1.247,0.0233,9.89,25.74,42.95,1.07,0.971,1.94
LMT-0032,33.0,34.0,0.305,0.0141,6.8,35.93,41.02,1.17,0.497,2.73
LMT-0032,34.0,35.0,0.315,0.0132,6.77,36.48,40.41,1.06,0.504,2.52
LMT-0032,35.0,35.4,0.323,0.0126,6.37,37.37,42.27,0.85,0.511,2.79
LMT-0033,0.0,1.0,0.733,0.0304,45.63,0.77,3.36,5.59,2.728,1.4
LMT-0033,1.0,2.0,1.162,0.0567,44.18,1.66,7.55,5.65,2.365,1.41
LMT-0033,2.0,3.0,1.066,0.0495,46.36,2.58,8.96,5.52,1.453,1.38
LMT-0033,3.0,4.0,1.038,0.0812,37.23,3.09,9.98,3.98,1.98,1.29
LMT-0033,4.0,5.0,1.085,0.0694,37.62,4.21,11.6,4.06,1.864,1.46
LMT-0033,5.0,6.0,1.014,0.151,38.35,4.43,13.09,2.54,2.149,1.47
LMT-0033,6.0,7.0,1.218,0.2881,34.33,5.18,15.49,3.42,2.203,1.49
LMT-0033,7.0,8.0,2.125,0.165,19.01,9.68,31.17,2.11,1.287,1.33
LMT-0033,8.0,9.0,2.181,0.0796,17.15,11.94,31.02,2.13,1.231,1.49
LMT-0033,9.0,10.0,1.702,0.05,16.46,12.34,33.64,1.94,1.13,1.46
LMT-0033,10.0,11.0,1.791,0.0335,15.89,15.64,31.5,1.75,1.0,1.51
LMT-0033,11.0,12.0,1.135,0.0373,13.88,16.77,34.25,1.4,1.082,1.65
LMT-0033,12.0,13.0,1.606,0.0224,13.07,17.64,38.09,1.39,1.113,1.6
LMT-0033,13.0,14.0,1.339,0.0261,13.18,19.04,40.67,1.52,0.914,1.64
LMT-0033,14.0,15.0,1.215,0.0274,11.19,17.66,32.61,1.17,0.971,1.61
LMT-0033,15.0,16.0,1.171,0.0238,10.34,23.19,36.03,1.2,0.901,1.59
LMT-0033,16.0,17.0,1.104,0.0201,9.98,23.55,42.17,1.02,0.796,1.69
LMT-0033,17.0,18.0,0.249,0.0176,6.18,31.52,36.41,0.72,0.385,2.61
LMT-0033,18.0,19.0,0.313,0.011,6.5,32.53,38.23,0.67,0.476,2.59
LMT-0033,19.0,20.2,0.288,0.0106,5.46,35.46,39.49,0.77,0.447,2.57
LMT-0034,0.0,1.0,0.805,0.0499,54.68,0.8,4.32,8.0,2.576,1.61
LMT-0034,1.0,2.0,1.203,0.0654,46.79,1.85,7.35,7.08,2.656,1.41
LMT-0034,2.0,3.0,1.27,0.091,45.05,2.88,9.68,7.23,2.376,1.47
LMT-0034,3.0,4.0,1.455,0.0972,43.84,3.83,12.29,4.41,2.163,1.46
LMT-0034,4.0,5.0,1.431,0.2254,46.39,5.05,15.15,4.72,2.345,1.62
LMT-0034,5.0,6.0,1.396,0.2777,39.2,5.21,16.75,4.06,2.184,1.53
LMT-0034,6.0,7.0,2.639,0.1375,21.89,10.95,32.99,2.42,1.455,1.55
LMT-0034,7.0,8.0,2.291,0.1015,19.69,12.91,35.26,2.03,1.733,1.55
LMT-0034,8.0,9.0,2.286,0.0804,18.77,13.45,35.79,1.98,1.419,1.65
LMT-0034,9.0,10.0,2.248,0.0519,16.94,17.91,36.36,1.68,1.301,1.67
LMT-0034,10.0,11.0,2.031,0.0376,15.3,21.34,36.7,1.51,1.494,1.86
LMT-0034,11.0,12.0,1.804,0.031,14.01,22.59,40.48,1.49,1.07,1.74
LMT-0034,12.0,13.0,1.617,0.0356,13.17,22.71,41.95,1.48,1.249,1.89
LMT-0034,13.0,14.0,1.571,0.0392,12.28,25.1,43.97,1.21,1.071,1.84
LMT-0034,14.0,15.0,1.307,0.0283,10.24,29.72,44.94,1.03,0.947,1.83
LMT-0034,15.0,16.0,0.33,0.0145,6.88,38.82,40.68,1.0,0.554,2.8
LMT-0034,16.0,17.0,0.365,0.0166,7.66,40.17,42.02,1.32,0.604,2.69
LMT-0034,17.0,17.6,0.323,0.0139,7.09,41.01,42.42,1.09,0.502,2.79
LMT-0035,0.0,1.0,0.752,0.0282,45.36,0.84,3.78,7.28,2.725,1.53
LMT-0035,1.0,2.0,1.157,0.0659,45.85,1.64,8.11,5.18,2.443,1.45
LMT-0035,2.0,3.0,1.154,0.0753,44.87,2.38,8.73,5.44,2.266,1.35
LMT-0035,3.0,4.0,1.317,0.0795,38.1,3.13,10.53,5.33,2.236,1.43
LMT-0035,4.0,5.0,1.191,0.1058,40.65,3.71,13.31,4.28,2.351,1.38
LMT-0035,5.0,6.0,1.696,0.1158,38.09,4.8,13.42,5.82,1.891,1.37
LMT-0035,6.0,7.0,1.47,0.2509,36.38,4.8,16.16,3.15,2.269,1.48
LMT-0035,7.0,8.0,1.88,0.3133,37.1,6.26,18.44,3.33,1.657,1.5
LMT-0035,8.0,9.0,2.692,0.1162,20.39,10.16,29.67,2.0,1.347,1.41
LMT-0035,9.0,10.0,2.162,0.0617,18.67,12.24,36.1,1.5,1.468,1.6
LMT-0035,10.0,11.0,2.283,0.054,18.0,12.62,35.93,2.1,1.272,1.58
LMT-0035,11.0,12.0,2.277,0.0514,16.75,16.16,36.12,1.53,1.033,1.49
LMT-0035,12.0,13.0,2.113,0.0363,16.31,17.95,34.14,2.03,1.13,1.67
LMT-0035,13.0,14.0,1.987,0.0247,13.71,19.49,33.72,1.65,1.224,1.79
LMT-0035,14.0,15.0,1.828,0.0346,12.84,18.69,38.32,1.53,1.223,1.59
LMT-0035,15.0,16.0,1.839,0.0342,13.28,21.3,39.78,0.99,0.863,1.67
LMT-0035,16.0,17.0,1.5,0.0243,10.88,26.43,41.57,1.2,0.762,1.92
LMT-0035,17.0,18.0,1.661,0.0185,10.73,27.06,35.04,1.03,0.812,1.86
LMT-0035,18.0,19.0,0.361,0.0151,5.9,33.93,41.8,0.62,0.412,2.67
LMT-0035,19.0,20.0,0.312,0.0114,6.25,33.18,41.84,0.97,0.455,2.59
LMT-0035,20.0,20.5,0.367,0.0091,6.79,32.18,42.41,0.78,0.476,2.77
LMT-0036,0.0,1.0,1.014,0.062,55.9,1.01,4.97,8.85,2.954,1.64
LMT-0036,1.0,2.0,1.338,0.0871,45.58,2.2,7.59,8.68,2.597,1.44
LMT-0036,2.0,3.0,1.384,0.1071,48.55,2.14,9.76,6.96,2.832,1.43
LMT-0036,3.0,4.0,1.479,0.1069,51.07,4.08,10.81,6.87,2.707,1.46
LMT-0036,4.0,5.0,1.855,0.0986,46.62,4.3,12.83,6.26,2.188,1.5
LMT-0036,5.0,6.0,1.908,0.1186,43.85,4.77,13.39,5.55,2.61,1.61
LMT-0036,6.0,7.0,2.059,0.1757,43.19,4.84,15.07,4.72,2.355,1.52
LMT-0036,7.0,8.0,1.785,0.303,43.11,5.22,17.84,3.73,2.078,1.67
LMT-0036,8.0,9.0,3.362,0.2004,22.85,11.49,35.44,2.69,1.927,1.57
LMT-0036,9.0,10.0,3.256,0.1511,20.91,11.28,37.53,2.54,1.839,1.62
LMT-0036,10.0,11.0,2.821,0.1096,21.79,11.86,33.92,2.22,1.697,1.58
LMT-0036,11.0,12.0,3.193,0.0813,19.91,13.96,36.36,2.64,1.541,1.59
LMT-0036,12.0,13.0,2.876,0.0516,19.85,16.55,34.97,2.03,1.716,1.64
LMT-0036,13.0,14.0,2.704,0.0654,19.46,15.77,40.69,1.93,1.637,1.68
LMT-0036,14.0,15.0,2.942,0.054,18.85,16.55,38.11,1.66,1.495,1.67
LMT-0036,15.0,16.0,2.174,0.0456,16.54,17.86,40.33,2.53,1.413,1.77
LMT-0036,16.0,17.0,2.407,0.0394,16.54,21.66,39.39,2.07,1.569,1.87
LMT-0036,17.0,18.0,2.636,0.0397,15.06,19.39,39.64,1.93,1.378,1.89
LMT-0036,18.0,19.0,2.171,0.0425,14.61,18.08,36.91,1.38,1.215,1.76
LMT-0036,19.0,20.0,2.208,0.0418,14.34,24.1,43.42,1.67,1.434,1.89
LMT-0036,20.0,21.0,1.817,0.0348,13.36,26.05,41.75,1.41,1.078,1.79
LMT-0036,21.0,22.0,1.826,0.0256,12.61,26.72,43.13,1.47,1.125,1.95
LMT-0036,22.0,23.0,1.59,0.0348,11.61,25.66,43.55,1.39,0.927,1.79
LMT-0036,23.0,24.0,1.67,0.0343,11.45,31.39,45.26,1.38,1.021,1.88
LMT-0036,24.0,25.0,1.619,0.0244,10.3,30.48,46.2,1.24,0.999,2.08
LMT-0036,25.0,26.0,0.427,0.0141,7.36,39.75,44.75,1.48,0.457,2.68
LMT-0036,26.0,27.2,0.379,0.0152,6.1,37.6,39.84,1.03,0.454,2.85
LMT-0037,0.0,1.0,0.945,0.0467,56.0,0.8,3.95,9.7,3.561,1.61
LMT-0037,1.0,2.0,,,,,,,,1.49
LMT-0037,2.0,3.0,1.579,0.0846,49.92,2.61,8.26,6.74,2.996,1.52
LMT-0037,3.0,4.0,1.565,0.1157,46.54,3.89,11.4,5.99,2.468,1.67
LMT-0037,4.0,5.0,1.602,0.1674,40.98,4.17,13.18,4.94,2.18,1.58
LMT-0037,5.0,6.0,1.82,0.2628,42.22,4.87,16.58,5.76,2.769,1.63
LMT-0037,6.0,7.0,1.872,0.2784,41.39,6.51,15.85,4.1,1.886,1.65
LMT-0037,7.0,8.0,3.609,0.1447,19.91,11.93,34.54,2.95,1.596,1.66
LMT-0037,8.0,9.0,3.444,0.1186,21.59,12.53,34.69,2.81,1.852,1.72
LMT-0037,9.0,10.0,2.97,0.0647,19.42,13.89,36.74,2.81,1.402,1.65
LMT-0037,10.0,11.0,3.308,0.0661,20.66,14.75,32.53,2.63,1.683,1.72
LMT-0037,11.0,12.0,2.848,0.0571,20.17,18.71,39.94,2.28,1.556,1.76
LMT-0037,12.0,13.0,2.631,0.0529,19.28,19.73,38.74,2.53,1.429,1.57
LMT-0037,13.0,14.0,2.498,0.0483,17.13,17.12,40.09,2.23,1.56,1.83
LMT-0037,14.0,15.0,2.361,0.052,17.54,19.56,40.3,1.76,1.276,1.8
LMT-0037,15.0,16.0,1.948,0.0388,15.04,24.05,40.82,2.03,1.289,1.79
LMT-0037,16.0,17.0,2.0,0.047,15.93,21.16,36.53,1.81,1.291,1.87
LMT-0037,17.0,18.0,1.884,0.0356,13.84,23.11,40.08,1.49,1.284,1.89
LMT-0037,18.0,19.0,1.867,0.0311,12.7,25.6,44.3,1.59,1.375,1.85
LMT-0037,19.0,20.0,1.641,0.0431,11.71,25.7,41.97,1.45,1.105,1.87
LMT-0037,20.0,21.0,1.68,0.0289,11.52,28.09,45.42,1.63,1.149,1.88
LMT-0037,21.0,22.0,1.607,0.0348,10.76,35.26,44.29,1.25,1.097,2.01
LMT-0037,22.0,23.0,0.467,0.014,7.55,39.56,42.23,1.17,0.578,2.84
LMT-0037,23.0,24.0,0.399,0.0124,6.95,40.73,48.19,1.25,0.563,2.76
LMT-0037,24.0,24.6,0.45,0.0176,6.74,42.81,39.84,1.33,0.522,2.85
LMT-0038,0.0,1.0,0.739,0.0326,50.13,0.55,3.62,8.35,2.817,1.55
LMT-0038,1.0,2.0,1.221,0.0627,48.64,1.21,5.99,6.46,2.497,1.39
LMT-0038,2.0,3.0,1.348,0.0654,41.57,2.44,8.33,6.05,2.04,1.35
LMT-0038,3.0,4.0,1.3,0.1273,40.71,3.85,12.43,4.67,2.545,1.51
LMT-0038,4.0,5.0,1.393,0.2573,37.95,4.45,13.27,3.61,2.209,1.46
LMT-0038,5.0,6.0,1.485,0.2123,35.46,6.33,15.95,3.36,1.899,1.52
LMT-0038,6.0,7.0,2.673,0.0934,19.22,10.25,33.57,2.43,1.572,1.52
LMT-0038,7.0,8.0,2.138,0.0638,19.37,11.15,32.76,2.17,1.185,1.58
LMT-0038,8.0,9.0,2.304,0.0467,18.27,11.66,31.43,2.16,1.336,1.37
LMT-0038,9.0,10.0,1.996,0.0387,16.41,14.12,33.04,1.63,1.225,1.51
LMT-0038,10.0,11.0,2.058,0.0377,15.79,15.15,33.84,1.87,1.338,1.55
LMT-0038,11.0,12.0,1.984,0.0371,15.94,16.27,36.64,1.61,1.069,1.58
LMT-0038,12.0,13.0,1.789,0.04,15.33,20.48,37.4,1.59,0.927,1.67
LMT-0038,13.0,14.0,1.789,0.0264,15.21,19.89,34.04,1.57,1.059,1.59
LMT-0038,14.0,15.0,1.494,0.0362,14.11,19.28,36.06,1.39,0.981,1.68
LMT-0038,15.0,16.0,1.809,0.0285,12.59,20.85,38.09,1.34,0.993,1.69
LMT-0038,16.0,17.0,1.483,0.031,11.09,23.82,38.9,1.42,1.167,1.7
LMT-0038,17.0,18.0,1.332,0.0222,11.06,24.34,35.38,1.11,1.108,1.91
LMT-0038,18.0,19.0,1.144,0.027,9.9,29.71,37.48,0.97,0.835,1.73
LMT-0038,19.0,20.0,0.345,0.0133,6.86,39.64,37.39,1.04,0.437,2.78
LMT-0038,20.0,21.0,0.316,0.013,6.71,35.13,40.4,0.66,0.399,2.54
LMT-0038,21.0,22.1,0.325,0.0136,5.73,41.04,43.54,0.93,0.392,2.58
LMT-0039,0.0,1.0,0.655,0.0414,51.71,0.69,3.55,6.19,3.257,1.58
LMT-0039,1.0,2.0,0.839,0.0521,47.64,1.49,6.21,6.53,2.829,1.43
LMT-0039,2.0,3.0,0.91,0.0529,45.01,1.88,8.01,5.93,2.72,1.39
LMT-0039,3.0,4.0,1.001,0.082,44.19,2.63,8.84,5.02,2.442,1.41
LMT-0039,4.0,5.0,1.174,0.0586,39.42,3.18,10.48,5.83,1.935,1.46
LMT-0039,5.0,6.0,1.164,0.0988,39.55,3.75,10.62,4.53,2.171,1.39
LMT-0039,6.0,7.0,1.063,0.0786,39.45,3.91,10.94,5.43,2.337,1.49
LMT-0039,7.0,8.0,1.264,0.0988,44.34,3.82,13.0,4.49,2.727,1.55
LMT-0039,8.0,9.0,1.188,0.1325,38.87,5.39,13.43,4.43,2.193,1.52
LMT-0039,9.0,10.0,1.182,0.1691,34.87,5.72,16.37,3.75,2.108,1.43
LMT-0039,10.0,11.0,1.456,0.26,38.42,5.36,16.03,3.53,1.961,1.48
LMT-0039,11.0,12.0,2.338,0.1709,20.43,8.81,33.33,2.82,1.715,1.49
LMT-0039,12.0,13.0,2.203,0.1081,20.66,11.99,33.75,2.13,1.676,1.47
LMT-0039,13.0,14.0,2.144,0.0853,20.27,12.1,36.06,2.04,1.504,1.64
LMT-0039,14.0,15.0,2.035,0.0379,19.36,13.75,35.74,2.22,1.276,1.52
LMT-0039,15.0,16.0,1.866,0.0428,14.75,14.09,34.39,2.15,1.239,1.63
LMT-0039,16.0,17.0,2.097,0.0356,15.98,15.64,36.1,1.91,1.136,1.56
LMT-0039,17.0,18.0,1.712,0.0514,15.96,18.58,38.77,1.93,1.158,1.61
LMT-0039,18.0,19.0,1.726,0.039,15.96,19.04,33.94,1.62,1.288,1.69
LMT-0039,19.0,20.0,1.596,0.0392,13.77,23.27,38.05,1.36,1.166,1.74
LMT-0039,20.0,21.0,1.252,0.0307,12.71,20.86,40.44,1.37,1.023,1.84
LMT-0039,21.0,22.0,1.208,0.032,11.24,23.55,44.21,1.35,0.979,1.75
LMT-0039,22.0,23.0,1.203,0.0217,11.81,25.02,43.42,1.31,0.961,1.87
LMT-0039,23.0,24.0,1.17,0.0295,10.36,24.77,40.85,1.06,0.889,1.77
LMT-0039,24.0,25.0,0.31,0.0137,6.71,35.68,39.27,1.09,0.452,2.75
LMT-0039,25.0,26.0,0.274,0.014,6.67,38.27,42.87,0.8,0.42,2.66
LMT-0039,26.0,26.9,0.251,0.0154,6.61,35.42,40.51,0.81,0.37,2.65
LMT-0040,0.0,1.0,0.447,0.0236,50.29,0.69,3.08,4.78,2.127,1.44
LMT-0040,1.0,2.0,0.849,0.0358,44.09,1.47,6.1,3.95,2.18,1.29
LMT-0040,2.0,3.0,0.608,0.0472,40.59,2.15,8.08,4.79,2.093,1.35
LMT-0040,3.0,4.0,0.786,0.0563,39.11,2.31,8.61,4.32,1.67,1.45
LMT-0040,4.0,5.0,1.068,0.0584,39.34,3.3,11.83,4.31,2.05,1.36
LMT-0040,5.0,6.0,1.067,0.0551,39.98,4.06,12.25,3.82,1.972,1.47
LMT-0040,6.0,7.0,1.326,0.1931,38.42,5.35,15.18,3.56,1.224,1.47
LMT-0040,7.0,8.0,1.303,0.1651,34.74,5.01,15.56,2.74,1.783,1.38
LMT-0040,8.0,9.0,1.762,0.1248,18.8,8.5,32.52,1.54,1.35,1.33
LMT-0040,9.0,10.0,1.904,0.0488,16.95,10.73,29.08,1.88,1.229,1.42
LMT-0040,10.0,11.0,1.547,0.0486,17.36,13.02,28.99,1.79,1.088,1.47
LMT-0040,11.0,12.0,1.63,0.0377,16.37,13.14,33.11,1.84,1.136,1.63
LMT-0040,12.0,13.0,1.597,0.0337,14.74,13.85,33.01,1.34,0.802,1.54
LMT-0040,13.0,14.0,1.372,0.0308,12.74,16.59,37.0,1.45,0.861,1.57
LMT-0040,14.0,15.0,0.986,0.0289,12.51,18.18,36.15,1.25,0.965,1.41
LMT-0040,15.0,16.0,1.199,0.0233,10.99,17.08,33.51,0.91,0.97,1.6
LMT-0040,16.0,17.0,0.847,0.017,10.38,22.39,39.27,1.06,0.759,1.77
LMT-0040,17.0,18.0,0.831,0.016,9.34,24.04,41.62,0.76,0.697,1.7
LMT-0040,18.0,19.0,0.336,0.01,6.32,30.91,36.86,1.02,0.287,2.39
LMT-0040,19.0,20.1,0.252,0.0115,6.43,38.38,34.17,0.82,0.399,2.37
LMT-0041,0.0,1.0,0.657,0.0391,49.32,0.61,3.53,6.78,2.898,1.51
LMT-0041,1.0,2.0,0.968,0.0364,43.63,1.56,6.46,4.87,2.539,1.42
LMT-0041,2.0,3.0,0.858,0.0657,44.06,2.09,9.28,5.22,2.23,1.46
LMT-0041,3.0,4.0,1.198,0.1008,41.35,3.23,11.65,4.44,2.319,1.42
LMT-0041,4.0,5.0,0.95,0.1244,39.16,4.58,12.64,4.25,1.665,1.47
LMT-0041,5.0,6.0,1.131,0.1908,37.0,5.35,15.43,3.62,1.909,1.46
LMT-0041,6.0,7.0,2.255,0.1308,19.46,10.36,32.29,1.96,1.519,1.5
LMT-0041,7.0,8.0,2.069,0.0895,21.58,8.89,30.8,2.0,1.369,1.5
LMT-0041,8.0,9.0,2.078,0.071,17.35,13.06,37.22,2.38,1.35,1.53
LMT-0041,9.0,10.0,1.803,0.0363,16.3,15.7,33.0,1.9,1.243,1.4
LMT-0041,10.0,11.0,1.729,0.0267,14.39,15.77,34.97,1.3,1.258,1.74
LMT-0041,11.0,12.0,1.407,0.0347,14.0,16.4,38.07,1.07,0.959,1.7
LMT-0042,0.0,1.0,0.77,0.095,53.29,0.84,3.98,8.02,3.642,1.55
LMT-0042,1.0,2.0,1.223,0.2516,46.81,3.49,9.98,5.42,2.106,1.48
LMT-0042,2.0,3.0,1.874,0.1382,17.23,19.33,37.19,1.85,1.415,1.71
LMT-0042,3.0,4.0,0.332,0.0264,7.32,40.83,41.3,1.26,0.532,2.85
LMT-0042,4.0,5.0,0.305,0.0186,7.09,40.82,43.26,1.19,0.518,2.83
LMT-0042,5.0,5.7,0.296,0.0177,6.58,43.26,46.78,1.11,0.528,2.8
LMT-0043,0.0,1.0,0.573,0.0468,45.95,0.81,3.82,7.22,2.261,1.46
LMT-0043,1.0,2.0,0.852,0.084,43.23,2.69,8.82,5.1,2.2,1.38
LMT-0043,2.0,3.0,0.95,0.2492,38.41,4.93,13.61,3.46,1.69,1.41
LMT-0043,3.0,4.0,1.776,0.1244,16.24,14.61,35.12,1.09,1.077,1.56
LMT-0043,4.0,5.0,1.031,0.0358,8.5,24.77,39.91,1.01,0.885,1.81
LMT-0043,5.0,6.0,0.28,0.0158,6.14,32.09,40.71,0.86,0.476,2.73
LMT-0043,6.0,6.6,0.296,0.0115,6.5,30.12,37.97,0.74,0.431,2.74
LMT-0044,0.0,1.0,0.715,0.0498,45.78,1.04,4.04,7.29,2.483,1.38
LMT-0044,1.0,2.0,0.855,0.1045,39.49,2.45,9.35,5.55,2.049,1.4
LMT-0044,2.0,3.0,1.21,0.1359,41.13,3.9,12.72,5.3,2.359,1.56
LMT-0044,3.0,4.0,1.044,0.2944,38.43,5.19,17.5,2.89,1.759,1.43
LMT-0044,4.0,5.0,2.139,0.1106,19.37,11.94,36.01,1.84,1.477,1.64
LMT-0044,5.0,6.0,1.82,0.0768,15.76,15.89,34.23,1.78,1.167,1.61
LMT-0044,6.0,7.0,1.292,0.0416,13.85,17.13,35.41,1.54,0.984,1.68
LMT-0044,7.0,8.0,1.32,0.0279,10.91,24.66,39.68,0.99,0.871,1.76
LMT-0044,8.0,9.0,1.058,0.0222,9.55,25.88,41.77,1.06,0.786,1.89
LMT-0044,9.0,10.0,0.303,0.0122,6.67,38.38,38.35,0.8,0.483,2.65
LMT-0044,10.0,11.0,0.3,0.016,6.24,35.4,43.33,0.88,0.412,2.49
LMT-0044,11.0,11.9,0.274,0.0104,6.61,30.07,41.75,0.84,0.343,2.57
LMT-0045,0.0,1.0,0.87,0.0474,48.3,1.35,7.03,6.32,2.724,1.4
LMT-0045,1.0,2.0,1.107,0.0948,49.25,2.7,10.36,6.06,2.363,1.39
LMT-0045,2.0,3.0,1.104,0.1491,41.88,4.76,12.42,4.21,2.127,1.43
LMT-0045,3.0,4.0,1.312,0.2443,39.22,4.99,16.71,3.41,2.311,1.6
LMT-0045,4.0,5.0,2.038,0.1579,20.37,11.92,31.97,2.23,1.653,1.47
LMT-0045,5.0,6.0,1.541,0.0968,18.36,12.63,29.58,1.72,1.526,1.56
LMT-0045,6.0,7.0,1.585,0.0595,16.5,16.57,31.94,1.66,1.429,1.43
LMT-0045,7.0,8.0,1.494,0.0508,15.34,17.16,36.73,1.5,1.128,1.77
LMT-0045,8.0,9.0,1.683,0.04,13.22,21.16,36.66,1.56,1.138,1.58
LMT-0045,9.0,10.0,1.263,0.0329,12.77,22.96,41.44,1.35,0.919,1.67
LMT-0045,10.0,11.0,1.269,0.0229,10.74,24.99,40.38,1.1,1.029,1.76
LMT-0045,11.0,12.0,1.039,0.0243,9.36,26.56,39.87,0.7,0.804,1.81
LMT-0045,12.0,13.0,0.311,0.013,6.72,39.58,40.09,0.88,0.409,2.58
LMT-0045,13.0,13.7,0.281,0.0116,6.69,39.12,39.37,0.98,0.462,2.51
LMT-0046,0.0,1.0,0.631,0.0523,44.1,0.85,4.57,5.16,2.105,1.42
LMT-0046,1.0,2.0,0.868,0.0616,40.65,2.28,8.44,3.29,1.801,1.43
LMT-0046,2.0,3.0,1.182,0.1325,37.24,3.58,12.87,3.29,1.432,1.44
LMT-0046,3.0,4.0,1.044,0.2601,33.25,5.37,15.21,2.7,1.579,1.4
LMT-0046,4.0,5.0,1.657,0.1138,18.27,8.33,28.78,1.96,1.109,1.43
LMT-0046,5.0,6.0,1.816,0.0653,16.76,10.37,29.03,2.24,1.478,1.46
LMT-0046,6.0,7.0,1.64,0.0343,17.77,11.47,28.99,2.13,1.134,1.47
LMT-0046,7.0,8.0,2.011,0.0216,15.14,13.97,32.74,1.75,1.136,1.35
LMT-0046,8.0,9.0,1.258,0.0253,15.15,12.96,35.09,1.9,1.246,1.55
LMT-0046,9.0,10.0,1.609,0.032,14.2,15.49,32.41,1.33,0.977,1.49
LMT-0046,10.0,11.0,1.335,0.0304,14.65,15.11,35.74,1.32,1.154,1.52
LMT-0046,11.0,12.0,1.222,0.0247,13.63,15.04,33.58,1.76,0.784,1.56
LMT-0046,12.0,13.0,1.39,0.0264,12.78,16.83,32.5,1.29,1.069,1.51
LMT-0046,13.0,14.0,1.328,0.0156,11.76,17.7,32.34,1.45,1.032,1.66
LMT-0046,14.0,15.0,1.188,0.032,12.13,16.05,37.87,0.76,1.021,1.58
LMT-0046,15.0,16.0,1.158,0.0294,10.68,19.94,36.16,1.24,0.795,1.8
LMT-0046,16.0,17.0,1.241,0.0185,10.43,20.24,33.42,0.96,0.917,1.6
LMT-0046,17.0,18.0,1.105,0.0245,8.88,24.32,35.83,0.87,0.827,1.75
LMT-0046,18.0,19.0,0.85,0.0161,8.84,23.21,37.38,0.93,0.618,1.7
LMT-0046,19.0,20.0,0.226,0.0101,6.26,31.93,39.31,0.96,0.512,2.32
LMT-0046,20.0,21.0,0.22,0.0126,6.01,31.36,39.49,0.68,0.405,2.54
LMT-0046,21.0,22.1,0.225,0.0101,6.26,35.52,34.13,0.65,0.358,2.54
LMT-0047,0.0,1.0,0.967,0.0635,44.08,1.31,7.02,6.56,2.975,1.39
LMT-0047,1.0,2.0,0.82,0.0651,37.8,2.17,8.16,5.15,2.452,1.41
LMT-0047,2.0,3.0,1.273,0.0882,43.94,3.03,10.72,4.45,2.143,1.35
LMT-0047,3.0,4.0,1.099,0.0831,37.39,3.37,11.4,4.28,2.106,1.48
LMT-0047,4.0,5.0,1.238,0.1145,35.76,4.2,11.91,4.84,2.228,1.43
LMT-0047,5.0,6.0,1.251,0.2291,36.76,5.19,17.16,2.88,1.874,1.5
LMT-0047,6.0,7.0,2.115,0.1173,18.97,9.53,32.07,1.86,1.493,1.51
LMT-0047,7.0,8.0,1.892,0.117,20.11,9.64,31.45,1.99,1.297,1.52
LMT-0047,8.0,9.0,2.336,0.0547,18.02,11.86,30.56,1.95,1.276,1.53
LMT-0047,9.0,10.0,2.202,0.0485,18.03,11.48,32.4,1.76,1.547,1.52
LMT-0047,10.0,11.0,2.017,0.0368,19.13,10.41,29.41,1.96,1.221,1.41
LMT-0047,11.0,12.0,1.97,0.0501,18.3,12.27,31.34,2.12,1.394,1.44
LMT-0047,12.0,13.0,1.539,0.0416,17.81,11.99,33.87,1.94,1.284,1.5
LMT-0047,13.0,14.0,1.974,0.038,17.48,15.24,29.49,1.49,1.523,1.43
LMT-0047,14.0,15.0,1.604,0.0477,16.39,12.36,36.27,1.96,1.248,1.61
LMT-0047,15.0,16.0,1.661,0.0419,14.78,15.18,33.42,1.88,1.25,1.56
LMT-0047,16.0,17.0,1.553,0.041,15.75,14.94,34.69,1.74,0.81,1.64
LMT-0047,17.0,18.0,1.755,0.0485,15.89,15.66,35.37,1.39,1.164,1.64
LMT-0047,18.0,19.0,1.343,0.0434,13.71,18.38,37.31,1.96,1.147,1.55
LMT-0047,19.0,20.0,1.642,0.0344,14.09,18.35,35.99,1.37,1.062,1.6
LMT-0047,20.0,21.0,1.67,0.0283,13.89,18.75,39.0,1.29,0.913,1.61
LMT-0047,21.0,22.0,1.434,0.0321,14.19,18.99,38.0,1.66,1.08,1.65
LMT-0047,22.0,23.0,1.783,0.0375,12.98,18.83,35.54,1.42,1.079,1.62
LMT-0047,23.0,24.0,1.157,0.0264,12.62,19.38,40.58,1.49,1.072,1.63
LMT-0047,24.0,25.0,1.468,0.0315,12.41,20.6,38.84,1.19,0.987,1.72
LMT-0047,25.0,26.0,1.337,0.035,11.39,19.79,35.86,1.21,0.997,1.7
LMT-0047,26.0,27.0,1.295,0.0216,11.37,22.53,38.16,1.23,0.951,1.77
LMT-0047,27.0,28.0,1.255,0.0254,11.24,22.35,37.72,1.1,0.925,1.7
LMT-0047,28.0,29.0,1.166,0.0253,10.6,25.96,35.05,1.11,0.81,1.7
LMT-0047,29.0,30.0,1.125,0.0207,9.03,19.94,42.12,1.08,0.873,1.87
LMT-0047,30.0,31.0,0.967,0.0191,9.65,25.69,41.82,1.25,0.689,1.73
LMT-0047,31.0,32.0,1.161,0.0229,9.92,27.25,34.75,0.84,0.819,1.74
LMT-0047,32.0,33.0,0.303,0.0103,6.62,34.45,39.21,0.92,0.504,2.38
LMT-0047,33.0,34.0,0.291,0.0125,6.68,36.44,40.37,0.96,0.46,2.64
LMT-0047,34.0,35.1,0.309,0.0125,6.46,33.62,42.95,0.83,0.359,2.42
LMT-0048,0.0,1.0,0.906,0.042,45.97,0.88,4.51,6.61,2.918,1.41
LMT-0048,1.0,2.0,0.872,0.0587,43.22,1.72,7.03,5.46,2.39,1.34
LMT-0048,2.0,3.0,0.992,0.0552,41.96,2.03,7.9,5.86,2.645,1.42
LMT-0048,3.0,4.0,1.0,0.0877,42.33,2.81,8.52,5.52,2.04,1.43
LMT-0048,4.0,5.0,1.117,0.0725,41.76,2.92,9.65,5.05,2.274,1.33
LMT-0048,5.0,6.0,1.122,0.0612,40.16,4.01,11.42,3.65,1.955,1.51
LMT-0048,6.0,7.0,1.296,0.0699,38.8,4.23,12.9,4.97,2.009,1.47
LMT-0048,7.0,8.0,1.178,0.1046,37.9,4.85,13.88,4.29,1.78,1.46
LMT-0048,8.0,9.0,1.343,0.1444,37.96,5.22,16.62,2.45,2.153,1.46
LMT-0048,9.0,10.0,1.427,0.2666,36.11,5.41,17.61,2.94,1.716,1.43
LMT-0048,10.0,11.0,2.615,0.1345,18.45,9.9,30.7,2.15,1.477,1.39
LMT-0048,11.0,12.0,2.267,0.0814,20.3,10.07,33.01,1.5,1.458,1.37
LMT-0048,12.0,13.0,2.106,0.0472,18.84,11.54,31.15,1.56,1.237,1.43
LMT-0048,13.0,14.0,1.87,0.046,18.7,11.41,32.0,2.06,1.384,1.53
LMT-0048,14.0,15.0,1.908,0.0459,17.06,13.56,33.8,1.69,1.319,1.48
LMT-0048,15.0,16.0,2.012,0.0368,16.71,13.25,34.52,1.59,1.341,1.59
LMT-0048,16.0,17.0,1.519,0.0417,16.61,14.18,32.67,1.32,1.376,1.61
LMT-0048,17.0,18.0,1.751,0.0418,17.23,15.88,35.18,1.95,1.242,1.53
LMT-0048,18.0,19.0,1.812,0.0343,14.73,13.24,32.97,1.73,1.317,1.7
LMT-0048,19.0,20.0,1.715,0.0324,17.18,16.31,30.69,1.5,1.193,1.53
LMT-0048,20.0,21.0,1.537,0.0377,16.86,15.74,36.76,1.82,1.145,1.53
LMT-0048,21.0,22.0,1.551,0.0265,14.14,17.36,34.08,1.58,1.042,1.66
LMT-0048,22.0,23.0,1.609,0.0449,13.69,16.82,37.4,1.55,0.988,1.66
LMT-0048,23.0,24.0,1.65,0.0258,15.08,19.09,36.38,1.28,1.215,1.64
LMT-0048,24.0,25.0,1.632,0.0287,13.07,16.72,39.5,1.2,0.758,1.61
LMT-0048,25.0,26.0,1.26,0.0296,12.31,19.39,37.54,1.12,0.974,1.66
LMT-0048,26.0,27.0,1.388,0.0296,12.48,22.63,38.25,1.07,0.978,1.8
LMT-0048,27.0,28.0,1.385,0.0278,11.57,20.79,38.51,1.47,0.833,1.68
LMT-0048,28.0,29.0,1.38,0.0244,12.35,22.02,42.02,1.1,0.873,1.65
LMT-0048,29.0,30.0,1.351,0.023,11.36,22.8,36.32,1.08,0.901,1.75
LMT-0048,30.0,31.0,1.12,0.0225,10.13,27.83,38.98,0.89,0.842,1.66
LMT-0048,31.0,32.0,1.153,0.0204,10.61,24.83,42.58,0.91,0.97,1.74
LMT-0048,32.0,33.0,0.963,0.0226,9.48,23.76,39.43,0.93,0.73,1.86
LMT-0048,33.0,34.0,1.138,0.0174,9.59,28.54,39.44,0.98,0.753,1.6
LMT-0048,34.0,35.0,0.302,0.0112,6.68,33.72,35.01,0.82,0.473,2.58
LMT-0048,35.0,36.3,0.294,0.0102,6.72,33.77,38.51,0.86,0.474,2.58
LMT-0049,0.0,1.0,0.604,0.0339,50.68,0.63,3.59,7.56,2.81,1.6
LMT-0049,1.0,2.0,0.955,0.0633,46.34,1.66,6.52,6.58,2.57,1.42
LMT-0049,2.0,3.0,0.911,0.0504,41.27,1.63,7.76,4.88,2.11,1.32
LMT-0049,3.0,4.0,0.954,0.062,44.38,2.58,8.07,6.32,2.152,1.37
LMT-0049,4.0,5.0,1.018,0.0605,43.55,2.74,9.02,5.06,2.365,1.46
LMT-0049,5.0,6.0,1.185,0.0716,39.6,3.25,10.71,4.48,2.192,1.42
LMT-0049,6.0,7.0,1.066,0.0864,42.54,3.37,10.75,4.08,2.135,1.46
LMT-0049,7.0,8.0,1.141,0.0774,39.06,3.35,11.1,4.69,1.97,1.5
LMT-0049,8.0,9.0,1.322,0.0936,38.23,4.31,13.25,4.56,1.986,1.5
LMT-0049,9.0,10.0,1.083,0.0645,34.64,4.89,12.73,3.91,1.73,1.39
LMT-0049,10.0,11.0,1.416,0.1073,38.71,4.94,16.5,3.67,1.794,1.41
LMT-0049,11.0,12.0,1.209,0.1693,38.06,5.28,14.6,3.94,1.852,1.46
LMT-0049,12.0,13.0,1.453,0.2548,35.57,5.44,15.26,2.96,1.764,1.39
LMT-0049,13.0,14.0,2.49,0.1331,18.99,10.04,34.53,2.46,1.571,1.43
LMT-0049,14.0,15.0,2.202,0.1022,18.88,10.77,33.46,2.08,1.527,1.5
LMT-0049,15.0,16.0,2.145,0.0691,20.91,10.41,30.86,2.03,1.551,1.47
LMT-0049,16.0,17.0,2.122,0.0394,16.9,10.59,30.67,2.13,1.795,1.51
LMT-0049,17.0,18.0,2.065,0.0521,17.05,12.52,33.46,1.8,1.538,1.53
LMT-0049,18.0,19.0,2.256,0.0402,17.76,12.96,26.28,1.69,1.365,1.41
LMT-0049,19.0,20.0,1.815,0.0337,15.97,12.41,31.72,1.69,1.174,1.64
LMT-0049,20.0,21.0,2.272,0.0507,16.93,13.94,34.66,1.11,1.388,1.5
LMT-0049,21.0,22.0,1.696,0.0334,15.95,13.48,31.75,1.58,1.421,1.6
LMT-0049,22.0,23.0,1.858,0.0414,16.46,13.9,30.7,1.81,1.325,1.53
LMT-0049,23.0,24.0,1.34,0.0372,15.06,14.41,34.59,1.56,1.285,1.55
LMT-0049,24.0,25.0,1.599,0.0342,15.45,15.6,35.12,1.74,0.891,1.53
LMT-0049,25.0,26.0,1.756,0.0353,15.24,15.05,34.9,1.75,0.817,1.7
LMT-0049,26.0,27.0,1.514,0.0407,14.65,16.05,36.67,1.6,1.103,1.62
LMT-0049,27.0,28.0,1.45,0.0252,13.41,17.23,36.03,1.4,1.114,1.62
LMT-0049,28.0,29.0,1.56,0.0365,14.5,21.01,37.19,1.43,1.117,1.57
LMT-0049,29.0,30.0,1.5,0.0336,12.62,19.71,35.48,1.81,0.993,1.7
LMT-0049,30.0,31.0,1.444,0.025,14.17,21.22,34.51,1.53,0.98,1.72
LMT-0049,31.0,32.0,1.382,0.0311,12.87,19.4,38.53,1.36,1.014,1.73
LMT-0049,32.0,33.0,1.513,0.0288,12.42,20.79,34.07,1.52,1.025,1.72
LMT-0049,33.0,34.0,1.51,0.0124,11.8,23.66,39.87,1.23,1.024,1.76
LMT-0049,34.0,35.0,1.218,0.026,11.23,23.14,34.13,0.82,0.882,1.73
LMT-0049,35.0,36.0,1.337,0.0236,10.82,25.46,41.82,1.37,0.896,1.58
LMT-0049,36.0,37.0,1.1,0.0233,9.85,26.99,39.27,1.14,0.772,1.84
LMT-0049,37.0,38.0,1.295,0.0193,10.01,22.86,39.53,1.26,0.967,1.68
LMT-0049,38.0,39.0,0.966,0.0201,10.15,26.69,40.74,0.76,0.674,1.82
LMT-0049,39.0,40.0,1.025,0.0163,9.91,22.31,40.9,0.77,0.744,1.86
LMT-0049,40.0,41.0,0.273,0.0107,6.05,31.91,36.07,0.92,0.392,2.65
LMT-0049,41.0,42.0,0.229,0.0121,6.27,35.12,39.53,0.75,0.406,2.64
LMT-0049,42.0,42.7,0.32,0.0124,6.33,34.01,41.63,1.08,0.371,2.39
LMT-0050,0.0,1.0,0.629,0.032,46.83,0.76,3.71,6.03,2.577,1.52
LMT-0050,1.0,2.0,0.93,0.0472,42.64,1.63,6.8,5.09,2.281,1.47
LMT-0050,2.0,3.0,0.769,0.0687,43.7,2.0,7.18,5.67,2.669,1.29
LMT-0050,3.0,4.0,1.006,0.051,48.71,2.15,8.81,6.29,1.893,1.4
LMT-0050,4.0,5.0,1.083,0.0671,39.74,2.87,9.72,4.4,1.96,1.43
LMT-0050,5.0,6.0,1.057,0.0633,39.47,3.21,10.11,3.7,1.723,1.53
LMT-0050,6.0,7.0,1.14,0.0628,41.01,3.54,11.49,4.49,2.099,1.41
LMT-0050,7.0,8.0,1.276,0.0612,40.28,3.73,12.26,4.7,1.655,1.47
LMT-0050,8.0,9.0,1.068,0.0726,41.22,4.96,13.48,4.24,1.908,1.47
LMT-0050,9.0,10.0,1.163,0.0962,37.51,4.44,13.58,3.79,2.086,1.4
LMT-0050,10.0,11.0,1.19,0.0968,33.47,4.68,15.17,3.08,2.022,1.45
LMT-0050,11.0,12.0,1.179,0.2356,33.84,5.6,16.05,2.77,1.94,1.52
LMT-0050,12.0,13.0,2.254,0.1347,20.0,9.65,28.77,2.48,1.453,1.46
LMT-0050,13.0,14.0,2.112,0.106,19.34,11.6,29.93,2.0,1.564,1.43
LMT-0050,14.0,15.0,2.538,0.0839,16.61,12.1,31.26,2.36,1.298,1.42
LMT-0050,15.0,16.0,2.286,0.0539,18.86,12.12,29.64,1.85,1.385,1.47
LMT-0050,16.0,17.0,2.096,0.0343,18.54,12.29,32.87,1.95,1.463,1.36
LMT-0050,17.0,18.0,2.081,0.0465,16.78,12.84,34.82,1.89,1.079,1.53
LMT-0050,18.0,19.0,1.701,0.0444,17.37,14.63,33.98,1.99,1.355,1.56
LMT-0050,19.0,20.0,1.775,0.052,15.65,14.3,32.82,2.14,1.286,1.59
LMT-0050,20.0,21.0,1.803,0.0354,16.36,16.64,32.61,1.39,1.185,1.57
LMT-0050,21.0,22.0,1.533,0.0497,16.43,16.66,36.71,1.7,0.977,1.55
LMT-0050,22.0,23.0,1.759,0.0294,17.37,16.53,32.1,1.57,1.015,1.58
LMT-0050,23.0,24.0,1.584,0.0235,15.94,17.32,37.75,1.74,1.003,1.51
LMT-0050,24.0,25.0,1.932,0.0394,15.34,16.69,34.52,1.79,1.271,1.66
LMT-0050,25.0,26.0,1.609,0.0222,14.45,19.86,36.74,1.33,1.164,1.62
LMT-0050,26.0,27.0,1.782,0.0396,13.2,15.38,35.73,1.5,1.204,1.79
LMT-0050,27.0,28.0,1.474,0.0345,13.11,22.52,36.16,1.47,1.14,1.59
LMT-0050,28.0,29.0,1.392,0.03,13.1,20.25,37.99,1.62,0.937,1.7
LMT-0050,29.0,30.0,1.556,0.0405,11.81,22.97,38.84,1.43,1.067,1.69
LMT-0050,30.0,31.0,1.272,0.025,11.96,21.75,35.7,0.97,0.997,1.65
LMT-0050,31.0,32.0,1.298,0.0315,11.86,23.15,38.84,1.02,0.915,1.65
LMT-0050,32.0,33.0,1.066,0.0323,10.06,23.28,39.61,0.97,0.998,1.69
LMT-0050,33.0,34.0,1.289,0.0192,9.97,22.13,40.54,1.17,0.8,1.71
LMT-0050,34.0,35.0,1.37,0.0225,10.31,22.85,39.49,0.88,0.739,1.72
LMT-0050,35.0,36.0,1.192,0.0226,9.08,25.42,37.16,0.78,0.956,1.87
LMT-0050,36.0,37.0,0.265,0.0117,6.71,37.37,38.99,0.99,0.403,2.42
LMT-0050,37.0,38.0,0.309,0.0116,6.33,33.27,39.4,0.92,0.486,2.53
LMT-0050,38.0,38.7,0.25,0.0102,6.13,33.09,38.96,0.73,0.431,2.68
LMT-0051,0.0,1.0,0.732,0.0393,41.38,0.74,3.79,7.16,2.481,1.48
LMT-0051,1.0,2.0,0.834,0.034,43.56,1.53,7.24,2.83,1.994,1.35
LMT-0051,2.0,3.0,0.946,0.0726,41.13,2.0,8.0,6.16,2.075,1.39
LMT-0051,3.0,4.0,1.012,0.0487,41.49,3.0,8.37,3.95,1.887,1.35
LMT-0051,4.0,5.0,1.149,0.0781,37.06,3.21,11.6,3.77,1.876,1.42
LMT-0051,5.0,6.0,1.076,0.0663,39.27,3.82,13.3,2.73,2.152,1.39
LMT-0051,6.0,7.0,1.065,0.1183,37.52,4.03,11.53,3.36,1.918,1.35
LMT-0051,7.0,8.0,1.219,0.1756,34.16,5.19,15.66,2.68,1.476,1.44
LMT-0051,8.0,9.0,2.375,0.0902,19.48,7.48,30.05,2.27,1.391,1.38
LMT-0051,9.0,10.0,2.1,0.1337,20.31,10.45,26.53,2.04,1.43,1.46
LMT-0051,10.0,11.0,2.169,0.0632,18.04,9.57,30.63,1.91,0.859,1.4
LMT-0051,11.0,12.0,1.82,0.0506,18.72,11.35,31.83,1.85,1.273,1.51
LMT-0051,12.0,13.0,1.763,0.0462,16.56,12.48,32.66,1.4,1.289,1.41
LMT-0051,13.0,14.0,1.634,0.0498,17.09,12.17,31.52,1.76,1.045,1.43
LMT-0051,14.0,15.0,1.454,0.0297,14.76,15.16,29.23,1.38,0.941,1.53
LMT-0051,15.0,16.0,1.536,0.0347,16.57,16.16,34.2,1.1,0.889,1.43
LMT-0051,16.0,17.0,1.337,0.0373,14.33,14.03,37.1,1.11,0.91,1.42
LMT-0051,17.0,18.0,1.225,0.0284,13.56,17.24,35.47,1.17,1.092,1.51
LMT-0051,18.0,19.0,1.277,0.0303,13.49,19.37,35.29,1.32,0.931,1.59
LMT-0051,19.0,20.0,1.107,0.0225,12.24,18.43,35.7,0.93,0.721,1.59
LMT-0051,20.0,21.0,1.234,0.0231,12.16,19.38,37.0,1.29,0.906,1.63
LMT-0051,21.0,22.0,1.041,0.0143,10.38,21.2,32.8,1.25,0.815,1.72
LMT-0051,22.0,23.0,1.055,0.0169,9.6,22.78,39.13,1.07,0.842,1.85
LMT-0051,23.0,24.0,1.119,0.019,9.59,23.7,37.64,0.75,0.835,1.64
LMT-0051,24.0,25.0,1.0,0.0171,9.27,21.19,40.03,0.54,0.607,1.77
LMT-0051,25.0,26.0,0.266,0.0083,6.21,33.0,35.18,0.55,0.466,2.33
LMT-0051,26.0,27.0,0.265,0.0076,6.41,30.07,36.59,0.78,0.344,2.4
LMT-0051,27.0,28.0,0.231,0.0114,6.05,31.01,33.85,0.66,0.264,2.33
LMT-0051,28.0,28.3,0.246,0.0073,5.95,33.91,38.57,0.63,0.344,2.51
LMT-0052,0.0,1.0,0.613,0.0388,41.88,0.82,4.17,7.36,2.584,1.54
LMT-0052,1.0,2.0,1.075,0.0386,46.21,1.61,7.24,6.68,2.386,1.39
LMT-0052,2.0,3.0,0.993,0.0775,47.8,2.5,8.66,6.22,2.392,1.49
LMT-0052,3.0,4.0,1.244,0.0682,41.48,3.49,10.08,3.47,2.341,1.49
LMT-0052,4.0,5.0,0.947,0.0885,39.58,3.6,11.99,4.47,1.939,1.46
LMT-0052,5.0,6.0,1.173,0.0852,40.71,5.01,13.51,4.0,2.281,1.51
LMT-0052,6.0,7.0,1.49,0.2514,38.39,5.2,14.89,4.16,1.659,1.44
LMT-0052,7.0,8.0,1.506,0.3369,37.13,5.57,16.68,2.99,1.831,1.63
LMT-0052,8.0,9.0,2.365,0.1736,19.62,11.55,33.33,2.06,1.616,1.34
LMT-0052,9.0,10.0,2.033,0.0615,18.03,11.83,32.42,2.47,1.696,1.52
LMT-0052,10.0,11.0,1.851,0.0554,17.62,12.95,32.6,2.23,1.075,1.51
LMT-0052,11.0,12.0,1.837,0.0406,17.93,14.82,34.8,1.7,1.06,1.52
LMT-0052,12.0,13.0,1.929,0.038,17.36,15.54,33.96,2.16,1.189,1.58
LMT-0052,13.0,14.0,1.737,0.0395,15.1,15.18,35.61,1.79,1.051,1.57
LMT-0052,14.0,15.0,1.579,0.038,13.68,17.3,33.54,1.36,1.189,1.65
LMT-0052,15.0,16.0,1.597,0.034,13.54,19.51,37.03,1.29,0.828,1.57
LMT-0052,16.0,17.0,1.255,0.0295,12.64,23.03,39.52,1.34,0.825,1.72
LMT-0052,17.0,18.0,1.111,0.0284,11.43,23.2,40.53,1.2,0.856,1.66
LMT-0052,18.0,19.0,1.231,0.0291,10.67,23.8,38.9,0.86,0.886,1.76
LMT-0052,19.0,20.0,1.246,0.0206,9.59,25.69,37.93,0.92,0.866,1.89
LMT-0052,20.0,21.0,0.257,0.0159,6.81,38.35,39.14,0.93,0.462,2.34
LMT-0052,21.0,22.0,0.326,0.0111,6.67,39.87,42.58,0.84,0.396,2.79
LMT-0052,22.0,23.2,0.287,0.0092,6.46,37.16,39.51,0.8,0.411,2.58
LMT-0053,0.0,1.0,0.743,0.0394,45.97,0.79,3.58,6.4,2.212,1.47
LMT-0053,1.0,2.0,0.742,0.0394,43.24,1.74,6.97,6.14,2.182,1.46
LMT-0053,2.0,3.0,1.136,0.079,41.69,2.4,9.28,5.74,2.074,1.36
LMT-0053,3.0,4.0,1.17,0.0646,38.17,3.01,10.23,4.48,1.941,1.37
LMT-0053,4.0,5.0,1.263,0.103,40.86,3.75,11.65,5.02,1.952,1.4
LMT-0053,5.0,6.0,1.003,0.1433,38.71,4.21,13.52,3.52,1.798,1.49
LMT-0053,6.0,7.0,1.346,0.1887,35.99,5.71,14.45,3.34,2.006,1.33
LMT-0053,7.0,8.0,1.855,0.1056,19.41,8.07,32.32,1.74,1.473,1.47
LMT-0053,8.0,9.0,2.046,0.0966,19.46,9.98,32.07,1.5,1.363,1.45
LMT-0053,9.0,10.0,2.481,0.0552,18.73,11.36,32.29,1.99,1.028,1.45
LMT-0053,10.0,11.0,2.187,0.0514,18.49,11.78,32.8,1.66,1.263,1.57
LMT-0053,11.0,12.0,2.536,0.0471,15.41,12.65,34.63,1.35,1.117,1.54
LMT-0053,12.0,13.0,1.712,0.0312,17.0,13.1,31.85,1.53,1.08,1.58
LMT-0053,13.0,14.0,1.427,0.0391,14.87,16.83,35.74,1.31,1.134,1.44
LMT-0053,14.0,15.0,1.704,0.0403,14.54,16.24,34.74,1.26,1.156,1.69
LMT-0053,15.0,16.0,1.475,0.0374,13.18,18.73,33.47,1.54,0.989,1.55
LMT-0053,16.0,17.0,1.309,0.0309,14.44,17.69,31.71,1.09,1.065,1.67
LMT-0053,17.0,18.0,1.57,0.0221,11.89,18.21,36.43,1.28,0.911,1.69
LMT-0053,18.0,19.0,1.507,0.0223,11.9,21.24,38.29,1.14,0.974,1.69
LMT-0053,19.0,20.0,1.142,0.0261,10.68,22.53,34.87,1.33,0.927,1.73
LMT-0053,20.0,21.0,1.073,0.0203,10.8,22.01,36.48,0.99,0.865,1.78
LMT-0053,21.0,22.0,1.221,0.0154,9.01,21.18,41.61,0.76,0.808,1.68
LMT-0053,22.0,23.0,1.041,0.0176,9.29,22.49,39.94,0.55,0.737,1.74
LMT-0053,23.0,24.0,0.299,0.0129,6.41,33.24,40.38,0.81,0.517,2.68
LMT-0053,24.0,24.9,0.286,0.0105,5.94,35.52,40.77,0.77,0.415,2.5
LMT-0054,0.0,1.0,0.716,0.0235,48.84,0.8,3.65,6.53,2.588,1.51
LMT-0054,1.0,2.0,0.785,0.0548,45.19,1.35,6.31,5.65,2.684,1.34
LMT-0054,2.0,3.0,1.041,0.0513,47.84,2.1,7.67,6.03,1.843,1.34
LMT-0054,3.0,4.0,1.12,0.0427,38.39,2.54,9.04,4.42,1.908,1.37
LMT-0054,4.0,5.0,0.844,0.0751,37.39,3.2,10.68,3.61,2.189,1.33
LMT-0054,5.0,6.0,1.03,0.0578,39.56,3.33,12.09,4.65,1.722,1.38
LMT-0054,6.0,7.0,1.305,0.0745,40.43,3.75,11.23,4.96,2.019,1.52
LMT-0054,7.0,8.0,1.135,0.0855,38.5,4.95,14.13,4.14,1.752,1.37
LMT-0054,8.0,9.0,1.089,0.1254,36.6,4.81,12.49,3.23,1.498,1.39
LMT-0054,9.0,10.0,1.206,0.2284,36.79,5.44,14.96,3.94,2.006,1.37
LMT-0054,10.0,11.0,2.243,0.1086,18.56,8.86,30.04,1.45,1.266,1.55
LMT-0054,11.0,12.0,2.403,0.0925,18.15,9.08,34.84,1.86,1.105,1.39
LMT-0054,12.0,13.0,1.898,0.0563,19.17,10.9,30.57,1.77,1.051,1.43
LMT-0054,13.0,14.0,2.02,0.0395,16.2,12.93,33.78,1.89,0.965,1.49
LMT-0054,14.0,15.0,1.887,0.0511,16.45,11.73,32.65,1.56,1.354,1.47
LMT-0054,15.0,16.0,1.824,0.0383,15.12,17.13,35.93,1.63,1.084,1.52
LMT-0054,16.0,17.0,1.674,0.0268,13.81,16.99,36.57,1.5,0.779,1.61
LMT-0054,17.0,18.0,1.475,0.025,12.59,16.87,34.69,1.36,0.961,1.56
LMT-0054,18.0,19.0,1.68,0.0233,11.78,21.72,35.65,1.23,0.873,1.72
LMT-0054,19.0,20.0,1.305,0.0311,11.75,24.22,34.61,1.55,1.03,1.6
LMT-0054,20.0,21.0,1.151,0.0211,10.87,21.69,35.3,0.97,0.733,1.76
LMT-0054,21.0,22.0,1.022,0.0133,10.42,26.18,36.54,0.73,0.794,1.81
LMT-0054,22.0,23.0,0.259,0.0124,7.06,29.7,39.35,0.89,0.47,2.64
LMT-0054,23.0,24.1,0.262,0.0133,6.15,31.78,38.5,0.68,0.33,2.65
LMT-0055,0.0,1.0,0.782,0.0439,53.6,0.86,3.47,6.46,3.159,1.6
LMT-0055,1.0,2.0,1.127,0.0655,47.57,1.77,6.53,7.18,2.24,1.46
LMT-0055,2.0,3.0,1.145,0.0724,48.04,1.97,7.4,7.11,2.914,1.48
LMT-0055,3.0,4.0,1.11,0.0747,45.92,2.72,8.89,6.89,2.072,1.52
LMT-0055,4.0,5.0,1.132,0.0745,49.35,2.75,10.65,5.96,2.229,1.45
LMT-0055,5.0,6.0,1.52,0.0806,43.5,3.25,11.28,3.9,2.383,1.41
LMT-0055,6.0,7.0,1.49,0.0841,41.21,3.85,11.02,5.44,2.536,1.53
LMT-0055,7.0,8.0,1.382,0.0982,41.52,4.61,13.58,4.54,2.201,1.54
LMT-0055,8.0,9.0,1.455,0.077,40.89,4.85,14.98,5.54,2.495,1.56
LMT-0055,9.0,10.0,1.412,0.177,37.1,4.74,13.5,4.39,2.286,1.51
LMT-0055,10.0,11.0,1.664,0.2004,37.95,5.1,16.8,4.87,1.911,1.36
LMT-0055,11.0,12.0,1.558,0.3202,39.97,6.27,17.44,3.17,2.163,1.59
LMT-0055,12.0,13.0,2.863,0.1611,19.67,10.0,36.34,2.22,1.501,1.56
LMT-0055,13.0,14.0,2.651,0.1193,21.31,10.33,33.04,2.18,1.38,1.57
LMT-0055,14.0,15.0,2.438,0.0616,19.94,12.27,34.39,2.21,1.394,1.56
LMT-0055,15.0,16.0,2.888,0.0376,18.47,13.77,32.36,1.76,1.328,1.71
LMT-0055,16.0,17.0,2.188,0.0421,17.95,13.95,34.85,2.39,1.388,1.54
LMT-0055,17.0,18.0,2.252,0.0556,17.39,18.18,35.81,1.79,1.438,1.58
LMT-0055,18.0,19.0,2.187,0.0421,16.62,15.67,35.72,2.32,1.435,1.59
LMT-0055,19.0,20.0,1.897,0.0521,15.51,17.06,38.42,1.69,0.998,1.75
LMT-0055,20.0,21.0,1.985,0.0465,14.16,19.72,35.82,1.67,1.42,1.63
LMT-0055,21.0,22.0,2.082,0.0339,15.47,23.67,40.54,1.38,1.265,1.8
LMT-0055,22.0,23.0,1.842,0.0345,14.05,18.74,36.42,1.25,1.069,1.76
LMT-0055,23.0,24.0,1.761,0.0369,13.8,25.92,39.87,1.66,0.953,1.9
LMT-0055,24.0,25.0,1.961,0.0289,11.3,23.19,43.55,1.46,1.108,1.9
LMT-0055,25.0,26.0,1.599,0.0236,11.55,23.38,42.01,1.21,0.934,1.79
LMT-0055,26.0,27.0,1.452,0.0301,10.46,23.97,44.97,1.12,0.793,1.82
LMT-0055,27.0,28.0,1.154,0.025,9.67,25.57,41.04,1.25,1.021,1.94
LMT-0055,28.0,29.0,0.316,0.0161,6.78,39.51,42.15,0.99,0.513,2.72
LMT-0055,29.0,30.0,0.375,0.0139,7.22,41.32,43.73,0.81,0.454,2.68
LMT-0055,30.0,30.9,0.286,0.0146,6.43,38.93,40.88,0.81,0.421,2.74
LMT-0056,0.0,1.0,0.728,0.0355,46.74,0.77,3.45,8.92,2.636,1.57
LMT-0056,1.0,2.0,0.973,0.0621,46.95,1.03,5.36,7.86,3.176,1.51
LMT-0056,2.0,3.0,1.119,0.0732,46.08,1.86,7.87,7.49,3.057,1.47
LMT-0056,3.0,4.0,1.429,0.0789,47.03,2.58,11.01,5.64,2.498,1.56
LMT-0056,4.0,5.0,1.48,0.1046,45.17,3.75,10.66,4.65,2.571,1.39
LMT-0056,5.0,6.0,1.253,0.0935,41.19,4.23,13.07,4.75,2.072,1.59
LMT-0056,6.0,7.0,1.397,0.1442,43.99,4.12,13.23,4.58,2.333,1.52
LMT-0056,7.0,8.0,1.734,0.1953,41.57,5.27,17.64,3.58,2.236,1.6
LMT-0056,8.0,9.0,1.606,0.2479,39.56,6.12,18.02,3.31,2.344,1.55
LMT-0056,9.0,10.0,2.695,0.1627,21.07,9.32,33.49,2.45,1.931,1.58
LMT-0056,10.0,11.0,2.818,0.0927,21.05,11.92,33.14,3.19,1.501,1.62
LMT-0056,11.0,12.0,2.839,0.0697,19.5,12.95,35.24,1.77,1.404,1.6
LMT-0056,12.0,13.0,2.249,0.0494,17.82,14.78,30.94,1.7,1.545,1.77
LMT-0056,13.0,14.0,2.665,0.0505,17.11,16.63,36.94,1.99,1.622,1.7
LMT-0056,14.0,15.0,1.997,0.0501,16.85,18.48,39.26,1.72,1.301,1.6
LMT-0056,15.0,16.0,2.241,0.0386,15.24,20.08,38.7,1.68,1.286,1.75
LMT-0056,16.0,17.0,1.902,0.0324,14.39,19.8,40.78,1.77,0.908,1.74
LMT-0056,17.0,18.0,1.761,0.0423,13.37,20.72,40.71,1.8,1.206,1.75
LMT-0056,18.0,19.0,1.823,0.0382,11.23,24.13,41.26,1.18,0.954,1.9
LMT-0056,19.0,20.0,1.783,0.0251,12.68,26.98,42.75,1.3,0.976,1.84
LMT-0056,20.0,21.0,1.379,0.0264,10.92,28.2,39.02,1.01,0.844,1.92
LMT-0056,21.0,22.0,0.354,0.0145,6.65,36.51,39.0,0.9,0.524,2.77
LMT-0056,22.0,23.0,0.346,0.0151,7.22,33.69,42.88,0.95,0.532,2.85
LMT-0056,23.0,24.0,0.336,0.0138,6.97,34.39,40.45,1.04,0.571,2.62
LMT-0056,24.0,24.4,0.364,0.0124,6.83,39.81,39.33,1.07,0.534,2.71
LMT-0057,0.0,1.0,0.677,0.0382,51.09,0.78,3.6,8.65,3.303,1.6
LMT-0057,1.0,2.0,0.879,0.0562,49.67,0.99,4.94,7.28,2.646,1.58
LMT-0057,2.0,3.0,1.153,0.0892,38.38,2.74,8.92,4.61,2.314,1.45
LMT-0057,3.0,4.0,1.253,0.1355,44.3,3.56,11.99,5.13,2.235,1.48
LMT-0057,4.0,5.0,1.492,0.268,40.43,4.96,13.84,3.47,2.206,1.54
LMT-0057,5.0,6.0,1.514,0.4265,40.51,6.74,16.6,3.83,1.878,1.4
LMT-0057,6.0,7.0,2.885,0.1513,20.83,10.68,30.69,2.43,1.789,1.55
LMT-0057,7.0,8.0,2.397,0.0834,18.15,13.82,36.15,2.18,1.447,1.47
LMT-0057,8.0,9.0,2.729,0.0616,17.45,15.22,37.03,2.35,1.276,1.5
LMT-0057,9.0,10.0,2.535,0.0456,18.02,14.76,34.54,1.9,1.187,1.69
LMT-0057,10.0,11.0,2.065,0.0423,16.3,18.05,35.01,1.97,1.323,1.54
LMT-0057,11.0,12.0,1.803,0.0395,15.64,18.72,37.25,1.81,1.27,1.52
LMT-0057,12.0,13.0,1.539,0.0331,14.79,19.09,37.98,1.72,1.265,1.73
LMT-0057,13.0,14.0,1.843,0.0288,13.98,25.0,35.02,1.48,0.979,1.77
LMT-0057,14.0,15.0,1.591,0.0311,13.2,21.48,41.22,1.44,1.017,1.84
LMT-0057,15.0,16.0,1.531,0.0308,11.46,22.8,39.16,1.46,1.03,1.86
LMT-0057,16.0,17.0,1.429,0.0225,10.26,27.29,40.58,1.08,0.884,1.92
LMT-0057,17.0,18.0,0.359,0.0138,6.82,34.71,39.43,0.81,0.479,2.56
LMT-0057,18.0,19.0,0.342,0.0154,7.41,34.4,39.12,1.09,0.45,2.7
LMT-0057,19.0,20.0,0.33,0.0118,6.4,37.86,41.35,0.84,0.432,2.59
LMT-0058,0.0,1.0,0.682,0.0474,51.23,0.89,4.09,8.39,2.892,1.61
LMT-0058,1.0,2.0,1.157,0.0775,47.46,1.66,7.51,7.35,2.632,1.53
LMT-0058,2.0,3.0,1.069,0.0808,46.62,1.97,9.06,6.34,2.486,1.46
LMT-0058,3.0,4.0,1.052,0.0789,48.99,2.86,9.47,5.86,3.019,1.53
LMT-0058,4.0,5.0,1.153,0.0903,50.91,3.66,10.17,6.38,2.578,1.51
LMT-0058,5.0,6.0,1.211,0.1063,45.36,3.58,12.34,6.76,2.743,1.47
LMT-0058,6.0,7.0,1.232,0.1043,42.23,4.52,13.16,5.07,2.826,1.55
LMT-0058,7.0,8.0,1.371,0.1089,44.67,4.44,15.29,5.45,2.769,1.56
LMT-0058,8.0,9.0,1.305,0.1331,42.16,4.83,15.23,3.65,2.483,1.6
LMT-0058,9.0,10.0,1.258,0.21,41.45,5.51,16.89,4.58,2.318,1.48
LMT-0058,10.0,11.0,1.546,0.245,38.74,6.54,17.72,4.88,1.904,1.64
LMT-0058,11.0,12.0,2.35,0.1992,23.97,9.54,32.79,3.43,1.468,1.61
LMT-0058,12.0,13.0,2.287,0.1405,20.28,11.68,38.04,2.67,1.817,1.65
LMT-0058,13.0,14.0,1.908,0.0574,18.33,12.8,34.58,2.72,1.54,1.59
LMT-0058,14.0,15.0,2.37,0.0556,18.0,18.5,39.77,1.84,1.392,1.62
LMT-0058,15.0,16.0,1.908,0.0603,17.76,18.58,35.8,2.06,1.142,1.63
LMT-0058,16.0,17.0,1.675,0.0498,16.84,19.15,40.12,1.94,1.265,1.67
LMT-0058,17.0,18.0,1.804,0.042,14.98,21.29,37.49,1.84,1.168,1.77
LMT-0058,18.0,19.0,1.529,0.0333,14.41,23.87,39.6,1.66,1.233,1.85
LMT-0058,19.0,20.0,1.587,0.0293,12.09,24.11,40.31,1.56,1.228,1.86
LMT-0058,20.0,21.0,1.331,0.0308,11.93,24.18,43.47,1.51,1.124,1.88
LMT-0058,21.0,22.0,1.158,0.0336,9.22,28.27,42.36,1.34,0.819,1.9
LMT-0058,22.0,23.0,0.366,0.0186,6.59,40.68,41.43,1.14,0.385,2.7
LMT-0058,23.0,24.0,0.318,0.0176,7.32,42.6,36.04,0.93,0.467,2.78
LMT-0058,24.0,24.7,0.306,0.0129,7.05,40.14,41.48,1.22,0.535,2.6
LMT-0059,0.0,1.0,0.726,0.048,51.86,0.78,3.35,7.39,3.067,1.51
LMT-0059,1.0,2.0,1.002,0.056,45.94,1.49,6.96,5.88,2.528,1.51
LMT-0059,2.0,3.0,1.175,0.0678,46.21,2.54,8.96,6.33,2.58,1.49
LMT-0059,3.0,4.0,1.024,0.0737,46.34,3.39,10.18,6.57,2.673,1.48
LMT-0059,4.0,5.0,1.213,0.099,45.01,3.84,12.66,5.77,2.574,1.53
LMT-0059,5.0,6.0,1.446,0.1417,42.9,4.92,15.01,4.03,2.352,1.45
LMT-0059,6.0,7.0,1.556,0.2838,36.88,5.89,16.63,3.04,1.976,1.61
LMT-0059,7.0,8.0,2.562,0.1813,21.86,10.85,32.45,2.34,1.478,1.56
LMT-0059,8.0,9.0,2.48,0.1122,18.73,13.84,37.59,2.53,1.384,1.45
LMT-0059,9.0,10.0,2.155,0.0754,18.85,14.43,32.46,1.89,1.372,1.59
LMT-0059,10.0,11.0,1.855,0.0472,17.15,14.98,34.19,1.99,1.231,1.69
LMT-0059,11.0,12.0,1.912,0.0512,17.29,21.0,35.53,2.01,1.241,1.65
LMT-0059,12.0,13.0,1.596,0.0403,14.58,18.0,35.78,1.66,1.403,1.71
LMT-0059,13.0,14.0,1.407,0.0423,14.01,20.43,35.82,1.7,1.208,1.67
LMT-0059,14.0,15.0,1.632,0.0294,11.7,21.91,39.63,1.58,1.082,1.76
LMT-0059,15.0,16.0,1.214,0.023,10.61,24.19,41.56,1.33,1.028,1.67
LMT-0059,16.0,17.0,1.118,0.0229,9.12,27.96,45.82,1.02,0.731,1.91
LMT-0059,17.0,18.0,0.338,0.0172,6.62,36.74,40.47,1.13,0.5,2.63
LMT-0059,18.0,19.0,0.278,0.014,7.38,40.44,40.5,1.11,0.482,2.66
LMT-0059,19.0,19.3,0.235,0.0148,6.71,42.31,43.32,0.72,0.494,2.5
LMT-0060,0.0,1.0,0.708,0.0464,52.85,0.76,3.49,9.4,2.859,1.57
LMT-0060,1.0,2.0,0.931,0.0507,45.32,1.68,6.92,5.85,2.845,1.49
LMT-0060,2.0,3.0,1.086,0.0595,40.8,2.91,9.73,5.68,2.443,1.5
LMT-0060,3.0,4.0,1.147,0.1051,41.98,3.67,10.99,5.31,2.767,1.48
LMT-0060,4.0,5.0,1.192,0.2242,40.41,4.87,15.45,4.77,2.499,1.52
LMT-0060,5.0,6.0,1.422,0.3669,39.0,5.42,18.22,3.25,2.144,1.51
LMT-0060,6.0,7.0,2.438,0.1369,19.93,11.68,34.36,2.17,1.385,1.4
LMT-0060,7.0,8.0,1.596,0.0919,18.27,13.62,32.63,2.35,1.425,1.62
LMT-0060,8.0,9.0,,,,,,,,1.66
LMT-0060,9.0,10.0,,,,,,,,1.73
LMT-0060,10.0,11.0,1.481,0.038,12.3,24.22,39.19,1.66,1.213,1.74
LMT-0060,11.0,12.0,1.283,0.03,11.17,25.5,40.57,1.04,0.802,1.82
LMT-0060,12.0,13.0,0.287,0.0103,6.64,35.04,38.84,0.99,0.524,2.54
LMT-0060,13.0,14.0,0.306,0.0125,6.89,42.02,37.36,0.9,0.391,2.85
LMT-0060,14.0,15.0,0.286,0.0117,6.67,30.71,43.72,1.06,0.519,2.85
LMT-0060,15.0,15.3,0.264,0.0119,6.43,39.77,44.05,0.89,0.501,2.55
LMT-0061,0.0,1.0,0.75,0.0773,53.1,0.98,4.4,8.34,3.718,1.66
LMT-0061,1.0,2.0,1.165,0.1605,48.41,2.62,10.66,6.73,2.664,1.58
LMT-0061,2.0,3.0,1.358,0.3114,45.67,6.28,15.14,6.98,2.42,1.72
LMT-0061,3.0,4.0,2.186,0.1828,19.19,19.13,44.2,2.58,1.722,1.77
LMT-0061,4.0,5.0,,,,,,,,2.84
LMT-0061,5.0,6.0,0.349,0.0269,7.49,45.0,43.95,1.19,0.496,2.85
LMT-0061,6.0,6.6,0.368,0.0174,7.35,44.33,43.32,0.99,0.591,2.85
LMT-0062,0.0,1.0,0.583,0.0457,51.95,0.78,3.64,7.02,2.918,1.5
LMT-0062,1.0,2.0,0.918,0.0927,46.32,2.06,8.63,6.04,2.428,1.43
LMT-0062,2.0,3.0,0.962,0.1414,43.42,3.95,11.09,4.7,2.11,1.38
LMT-0062,3.0,4.0,1.066,0.3413,39.19,5.58,14.15,3.38,1.965,1.41
LMT-0062,4.0,5.0,2.316,0.1441,19.57,10.38,31.32,2.19,1.386,1.52
LMT-0062,5.0,6.0,1.798,0.0912,17.47,13.64,37.19,2.13,1.255,1.5
LMT-0062,6.0,7.0,1.413,0.0452,14.86,16.17,39.62,1.53,1.152,1.52
LMT-0062,7.0,8.0,1.176,0.0339,12.07,19.57,37.27,1.54,0.912,1.64
LMT-0062,8.0,9.0,0.999,0.0237,9.93,28.64,41.44,0.88,0.718,1.65
LMT-0062,9.0,10.0,0.269,0.0119,6.37,33.51,41.07,1.05,0.475,2.59
LMT-0062,10.0,11.0,0.282,0.0153,6.81,33.93,41.43,0.77,0.447,2.54
LMT-0062,11.0,11.3,0.232,0.0114,6.6,36.19,38.19,0.59,0.429,2.47
LMT-0063,0.0,1.0,0.603,0.0309,44.04,0.83,3.58,6.39,2.459,1.5
LMT-0063,1.0,2.0,0.871,0.0496,40.56,1.94,7.88,4.61,2.757,1.39
LMT-0063,2.0,3.0,0.845,0.0773,39.43,2.59,8.9,4.31,1.854,1.46
LMT-0063,3.0,4.0,0.974,0.0804,43.88,3.63,10.88,5.09,1.789,1.44
LMT-0063,4.0,5.0,0.841,0.1122,38.95,3.96,13.58,3.39,1.798,1.37
LMT-0063,5.0,6.0,1.033,0.2082,34.31,4.9,15.99,3.35,1.991,1.49
LMT-0063,6.0,7.0,2.189,0.1545,21.09,8.8,30.88,2.02,1.407,1.35
LMT-0063,7.0,8.0,2.071,0.0952,17.13,7.52,30.31,2.01,1.27,1.52
LMT-0063,8.0,9.0,1.747,0.0781,17.81,12.44,31.92,1.65,1.238,1.44
LMT-0063,9.0,10.0,1.721,0.0599,17.95,12.85,31.61,1.74,1.196,1.6
LMT-0063,10.0,11.0,1.576,0.0289,16.16,14.92,33.7,1.7,1.309,1.6
LMT-0063,11.0,12.0,1.379,0.0389,15.48,16.26,32.19,1.43,1.225,1.66
LMT-0063,12.0,13.0,1.318,0.0373,14.66,16.87,33.17,1.59,1.011,1.49
LMT-0063,13.0,14.0,1.387,0.0357,14.52,18.81,37.09,1.16,1.209,1.5
LMT-0063,14.0,15.0,1.227,0.0362,12.75,20.85,33.65,1.18,0.901,1.71
LMT-0063,15.0,16.0,1.065,0.0351,11.03,16.23,41.52,1.18,0.964,1.64
LMT-0063,16.0,17.0,1.037,0.0277,11.23,25.6,37.76,1.14,0.808,1.58
LMT-0063,17.0,18.0,1.029,0.0252,9.6,26.86,36.33,0.87,0.807,1.83
LMT-0063,18.0,19.0,0.203,0.0128,6.32,34.34,38.34,0.82,0.4,2.43
LMT-0063,19.0,20.0,0.205,0.0156,6.53,33.93,37.05,1.1,0.371,2.58
LMT-0063,20.0,20.9,0.213,0.0076,6.14,39.21,38.63,0.58,0.368,2.46
LMT-0064,0.0,1.0,0.725,0.0552,50.69,0.86,4.2,8.33,2.951,1.55
LMT-0064,1.0,2.0,0.903,0.1205,47.06,2.49,8.57,5.5,2.042,1.46
LMT-0064,2.0,3.0,1.077,0.2406,40.07,4.77,12.36,4.22,2.255,1.6
LMT-0064,3.0,4.0,1.737,0.155,20.55,11.18,32.18,2.13,1.464,1.46
LMT-0064,4.0,5.0,1.926,0.1442,18.89,11.69,34.7,2.55,1.441,1.54
LMT-0064,5.0,6.0,1.721,0.0837,19.1,11.37,34.93,2.45,1.124,1.67
LMT-0064,6.0,7.0,1.656,0.0626,17.9,13.69,31.85,2.33,1.457,1.51
LMT-0064,7.0,8.0,1.621,0.0323,17.29,15.14,34.55,2.08,1.119,1.61
LMT-0064,8.0,9.0,1.729,0.0495,15.43,16.57,35.84,2.03,1.121,1.66
LMT-0064,9.0,10.0,1.647,0.042,15.66,16.62,34.6,1.51,1.086,1.72
LMT-0064,10.0,11.0,1.546,0.0361,14.73,21.46,37.88,1.74,1.16,1.68
LMT-0064,11.0,12.0,1.425,0.036,14.22,19.72,35.75,1.55,1.273,1.72
LMT-0064,12.0,13.0,1.435,0.0328,12.5,21.26,39.08,1.15,1.162,1.75
LMT-0064,13.0,14.0,1.213,0.0344,12.05,26.83,39.95,1.18,1.189,1.81
LMT-0064,14.0,15.0,1.141,0.0318,11.42,24.37,42.54,1.33,0.985,1.74
LMT-0064,15.0,16.0,0.928,0.0251,9.97,25.83,40.63,1.28,1.018,1.83
LMT-0064,16.0,17.0,0.979,0.0231,8.97,25.51,39.07,1.01,0.771,1.97
LMT-0064,17.0,18.0,0.276,0.0096,6.98,40.54,40.04,0.87,0.481,2.45
LMT-0064,18.0,19.1,0.235,0.0136,7.14,38.11,38.39,0.83,0.458,2.64
LMT-0065,0.0,1.0,0.644,0.0581,56.0,0.77,4.23,7.57,2.573,1.42
LMT-0065,1.0,2.0,0.939,0.093,45.77,2.4,8.52,6.13,2.473,1.41
LMT-0065,2.0,3.0,1.106,0.1259,39.99,4.08,12.49,4.14,1.97,1.44
LMT-0065,3.0,4.0,1.242,0.3015,40.12,6.28,15.45,4.49,1.973,1.49
LMT-0065,4.0,5.0,2.243,0.1627,21.04,10.29,32.94,2.03,1.463,1.42
LMT-0065,5.0,6.0,2.048,0.0876,20.23,11.2,34.39,2.23,1.356,1.5
LMT-0065,6.0,7.0,2.004,0.0515,18.62,13.15,32.94,2.17,1.319,1.5
LMT-0065,7.0,8.0,1.83,0.0641,18.38,13.49,30.55,2.35,1.103,1.54
LMT-0065,8.0,9.0,1.543,0.0581,17.05,14.29,32.08,2.14,1.025,1.55
LMT-0065,9.0,10.0,1.773,0.0412,16.68,17.11,38.09,1.66,1.238,1.66
LMT-0065,10.0,11.0,1.703,0.0355,16.91,16.45,38.38,1.71,1.202,1.61
LMT-0065,11.0,12.0,1.599,0.037,15.62,17.13,36.71,1.25,0.918,1.65
LMT-0065,12.0,13.0,1.413,0.0291,15.01,21.14,36.54,1.77,1.225,1.6
LMT-0065,13.0,14.0,1.533,0.036,14.71,19.95,36.57,1.87,1.362,1.61
LMT-0065,14.0,15.0,1.352,0.0349,13.76,20.08,40.0,1.74,1.079,1.8
LMT-0065,15.0,16.0,1.391,0.0341,13.4,20.18,38.8,1.18,0.88,1.68
LMT-0065,16.0,17.0,1.168,0.0279,12.37,26.15,38.5,1.47,0.85,1.84
LMT-0065,17.0,18.0,1.236,0.0233,11.75,20.79,39.35,1.23,1.06,1.85
LMT-0065,18.0,19.0,1.235,0.0221,11.04,27.81,39.52,1.1,0.843,1.9
LMT-0065,19.0,20.0,1.041,0.0276,10.23,28.13,38.65,1.13,0.927,2.0
LMT-0065,20.0,21.0,0.278,0.0127,6.68,34.09,41.0,0.87,0.44,2.67
LMT-0065,21.0,22.0,0.267,0.0123,6.41,36.27,36.14,0.89,0.394,2.68
LMT-0065,22.0,23.0,0.26,0.0115,6.53,37.31,38.0,0.82,0.424,2.73
LMT-0065,23.0,23.9,0.266,0.012,6.3,44.0,40.22,0.83,0.453,2.72
LMT-0066,0.0,1.0,0.783,0.0576,50.1,1.16,5.44,4.34,1.432,1.29
LMT-0066,1.0,2.0,0.936,0.0358,41.56,1.79,6.56,5.49,1.67,1.27
LMT-0066,2.0,3.0,0.836,0.0716,38.94,2.74,9.35,5.51,1.946,1.36
LMT-0066,3.0,4.0,1.045,0.0528,37.78,3.51,10.98,3.83,1.999,1.47
LMT-0066,4.0,5.0,0.891,0.0984,39.75,4.23,13.47,4.31,1.583,1.33
LMT-0066,5.0,6.0,1.034,0.2729,34.19,5.12,15.93,2.66,1.485,1.45
LMT-0066,6.0,7.0,1.973,0.1326,19.54,7.79,30.91,2.09,1.227,1.46
LMT-0066,7.0,8.0,2.003,0.0454,17.11,9.06,30.81,1.28,1.26,1.47
LMT-0066,8.0,9.0,1.719,0.0546,18.99,9.69,29.79,1.57,1.249,1.44
LMT-0066,9.0,10.0,1.977,0.0388,17.37,13.25,31.42,1.43,1.231,1.32
LMT-0066,10.0,11.0,1.917,0.0392,16.42,11.41,30.91,2.02,1.406,1.49
LMT-0066,11.0,12.0,1.85,0.0369,17.64,13.12,30.13,1.57,1.272,1.38
LMT-0066,12.0,13.0,1.475,0.0291,16.03,13.39,31.13,1.51,1.123,1.44
LMT-0066,13.0,14.0,1.746,0.0288,15.57,9.99,31.04,1.37,1.249,1.56
LMT-0066,14.0,15.0,1.855,0.015,16.42,12.34,30.58,1.07,1.025,1.42
LMT-0066,15.0,16.0,1.598,0.0339,16.99,14.55,32.03,1.19,0.948,1.51
LMT-0066,16.0,17.0,1.607,0.0301,13.91,13.98,31.9,1.35,0.952,1.51
LMT-0066,17.0,18.0,1.378,0.0255,13.81,15.09,32.67,1.04,0.839,1.67
LMT-0066,18.0,19.0,1.241,0.0296,13.83,14.02,32.37,1.56,1.034,1.56
LMT-0066,19.0,20.0,1.39,0.0273,14.47,16.06,34.02,1.62,0.871,1.6
LMT-0066,20.0,21.0,1.118,0.0346,12.22,18.93,34.28,1.44,0.953,1.62
LMT-0066,21.0,22.0,1.521,0.0241,13.19,18.97,38.37,1.22,0.869,1.4
LMT-0066,22.0,23.0,1.348,0.0251,13.36,17.06,33.02,1.02,0.95,1.65
LMT-0066,23.0,24.0,1.261,0.0192,10.73,18.58,34.14,0.89,0.898,1.61
LMT-0066,24.0,25.0,1.186,0.0252,12.19,22.28,34.49,1.22,1.04,1.66
LMT-0066,25.0,26.0,0.922,0.0181,10.78,19.8,34.72,1.09,0.642,1.59
LMT-0066,26.0,27.0,0.896,0.0239,9.71,20.35,33.52,1.07,0.884,1.84
LMT-0066,27.0,28.0,1.089,0.0147,9.2,19.9,34.82,0.99,0.75,1.72
LMT-0066,28.0,29.0,1.067,0.0208,9.82,25.26,38.25,0.99,0.714,1.57
LMT-0066,29.0,30.0,0.945,0.0235,10.06,21.53,38.99,0.85,0.771,1.65
LMT-0066,30.0,31.0,1.001,0.0192,9.11,22.27,36.99,0.82,0.545,1.71
LMT-0066,31.0,32.0,0.976,0.0108,9.77,23.73,37.54,0.84,0.802,1.7
LMT-0066,32.0,33.0,0.267,0.008,6.21,29.23,35.93,0.67,0.373,2.58
LMT-0066,33.0,34.0,0.219,0.0092,6.08,32.49,37.33,0.85,0.311,2.61
LMT-0066,34.0,35.3,0.245,0.0092,6.46,33.77,36.5,0.74,0.343,2.48
LMT-0067,0.0,1.0,0.929,0.0817,45.91,1.55,6.54,7.92,2.939,1.39
LMT-0067,1.0,2.0,1.036,0.064,47.37,2.0,8.67,5.54,2.415,1.52
LMT-0067,2.0,3.0,0.975,0.0816,45.39,2.78,9.45,6.41,2.987,1.39
LMT-0067,3.0,4.0,1.137,0.0791,45.31,3.54,10.46,5.22,2.632,1.43
LMT-0067,4.0,5.0,1.265,0.0833,43.97,3.68,12.51,6.16,2.299,1.52
LMT-0067,5.0,6.0,1.215,0.1355,42.54,4.29,13.14,5.99,2.525,1.51
LMT-0067,6.0,7.0,1.361,0.1083,41.03,4.83,14.5,4.8,2.406,1.44
LMT-0067,7.0,8.0,1.182,0.1777,42.68,5.5,15.55,4.16,2.666,1.49
LMT-0067,8.0,9.0,1.166,0.2286,41.16,6.12,18.76,4.33,2.234,1.62
LMT-0067,9.0,10.0,1.535,0.3811,41.26,6.71,19.78,4.03,2.207,1.57
LMT-0067,10.0,11.0,2.237,0.1123,20.65,11.15,33.31,2.58,1.608,1.6
LMT-0067,11.0,12.0,2.483,0.1079,21.09,10.39,35.64,2.59,1.635,1.64
LMT-0067,12.0,13.0,2.336,0.0738,18.64,12.01,37.18,2.34,1.744,1.64
LMT-0067,13.0,14.0,2.083,0.0436,19.85,13.96,31.56,2.42,1.522,1.49
LMT-0067,14.0,15.0,1.863,0.054,20.01,12.12,36.92,1.87,1.781,1.58
LMT-0067,15.0,16.0,2.118,0.0595,19.02,14.56,34.13,2.32,1.644,1.7
LMT-0067,16.0,17.0,1.849,0.048,17.24,14.96,35.32,2.31,1.423,1.67
LMT-0067,17.0,18.0,2.144,0.0455,19.04,14.73,37.7,2.18,1.465,1.51
LMT-0067,18.0,19.0,2.064,0.049,19.05,19.26,35.3,2.84,1.474,1.83
LMT-0067,19.0,20.0,2.071,0.0516,17.21,17.2,35.42,2.44,1.302,1.59
LMT-0067,20.0,21.0,2.009,0.0538,17.51,17.72,33.43,1.95,1.275,1.76
LMT-0067,21.0,22.0,1.885,0.0568,16.27,18.81,39.84,2.0,1.375,1.61
LMT-0067,22.0,23.0,1.763,0.0458,16.52,19.09,38.18,2.16,1.319,1.65
LMT-0067,23.0,24.0,1.643,0.0356,13.42,19.5,40.31,2.07,1.349,1.57
LMT-0067,24.0,25.0,1.531,0.0518,14.54,20.75,38.06,1.97,1.182,1.73
LMT-0067,25.0,26.0,1.762,0.0363,15.4,20.17,36.97,1.4,1.191,1.93
LMT-0067,26.0,27.0,1.461,0.0393,14.48,23.37,41.18,1.88,1.07,1.83
LMT-0067,27.0,28.0,1.517,0.0305,15.25,19.65,39.22,1.86,1.143,1.84
LMT-0067,28.0,29.0,1.229,0.0292,13.26,23.67,40.81,1.59,1.139,1.79
LMT-0067,29.0,30.0,1.309,0.0401,13.34,21.99,43.38,1.57,1.115,1.86
LMT-0067,30.0,31.0,1.374,0.0326,14.27,27.54,38.79,1.35,1.095,1.7
LMT-0067,31.0,32.0,1.131,0.0302,13.79,23.69,40.12,1.48,1.119,1.84
LMT-0067,32.0,33.0,1.143,0.0305,12.33,25.21,41.84,1.62,1.009,1.83
LMT-0067,33.0,34.0,1.087,0.0297,11.36,24.26,39.87,1.27,0.777,1.94
LMT-0067,34.0,35.0,1.156,0.024,9.97,25.42,46.73,1.12,1.08,1.88
LMT-0067,35.0,36.0,1.398,0.0252,11.37,26.69,42.17,1.15,0.99,1.95
LMT-0067,36.0,37.0,1.096,0.0253,9.89,28.62,44.74,1.23,0.884,1.9
LMT-0067,37.0,38.0,1.004,0.0261,9.55,32.19,44.66,1.21,0.941,1.97
LMT-0067,38.0,39.0,0.281,0.0143,6.77,41.4,39.73,1.03,0.473,2.85
LMT-0067,39.0,40.1,0.257,0.0114,6.99,40.16,44.35,0.94,0.426,2.68
LMT-0068,0.0,1.0,0.704,0.0515,52.53,0.89,4.15,8.61,3.557,1.74
LMT-0068,1.0,2.0,0.993,0.0719,54.59,2.04,7.81,8.53,3.393,1.62
LMT-0068,2.0,3.0,0.85,0.099,54.87,2.18,8.84,6.48,3.24,1.53
LMT-0068,3.0,4.0,0.949,0.0998,46.16,3.04,10.42,7.21,3.033,1.6
LMT-0068,4.0,5.0,1.05,0.1072,50.79,3.29,11.69,7.91,2.721,1.52
LMT-0068,5.0,6.0,1.185,0.0874,44.36,3.32,11.84,6.24,2.754,1.52
LMT-0068,6.0,7.0,1.19,0.1024,45.05,4.11,13.57,7.37,2.573,1.68
LMT-0068,7.0,8.0,1.227,0.1138,47.02,4.87,15.12,5.03,2.484,1.62
LMT-0068,8.0,9.0,1.256,0.1329,41.4,5.31,14.59,5.99,3.048,1.6
LMT-0068,9.0,10.0,1.176,0.1602,43.22,5.78,16.63,4.7,2.698,1.67
LMT-0068,10.0,11.0,1.3,0.2164,41.96,6.43,17.37,5.19,2.536,1.56
LMT-0068,11.0,12.0,1.412,0.3123,40.32,6.27,18.35,4.03,2.426,1.55
LMT-0068,12.0,13.0,2.234,0.1716,21.53,11.89,35.58,2.59,2.047,1.55
LMT-0068,13.0,14.0,2.372,0.1482,21.41,11.71,34.42,2.72,1.668,1.68
LMT-0068,14.0,15.0,2.481,0.0975,22.04,13.96,34.83,2.8,1.947,1.68
LMT-0068,15.0,16.0,2.163,0.0715,20.11,13.52,37.99,2.59,1.669,1.69
LMT-0068,16.0,17.0,2.107,0.0722,21.03,15.72,39.3,2.86,1.89,1.61
LMT-0068,17.0,18.0,2.073,0.0753,20.16,14.06,37.91,2.28,1.707,1.68
LMT-0068,18.0,19.0,1.967,0.0622,19.26,15.51,35.92,2.78,1.659,1.63
LMT-0068,19.0,20.0,1.806,0.0626,19.51,17.73,38.29,2.8,1.471,1.74
LMT-0068,20.0,21.0,1.855,0.0512,19.42,17.12,40.57,2.42,1.583,1.75
LMT-0068,21.0,22.0,1.956,0.0589,18.31,19.35,37.93,2.39,1.392,1.63
LMT-0068,22.0,23.0,1.884,0.0523,17.54,17.35,42.04,2.21,1.476,1.77
LMT-0068,23.0,24.0,1.711,0.0546,18.45,21.96,41.49,2.45,1.597,1.88
LMT-0068,24.0,25.0,1.596,0.0549,17.47,20.68,39.41,2.08,1.502,1.74
LMT-0068,25.0,26.0,1.886,0.0524,16.84,20.7,36.31,1.99,1.618,1.92
LMT-0068,26.0,27.0,1.591,0.0458,14.85,22.2,42.72,1.94,1.522,1.79
LMT-0068,27.0,28.0,1.711,0.047,14.97,22.01,39.91,2.07,1.476,1.8
LMT-0068,28.0,29.0,1.603,0.0456,14.69,24.83,40.79,1.96,1.132,1.78
LMT-0068,29.0,30.0,1.297,0.0388,14.23,25.66,44.78,1.93,1.096,1.89
LMT-0068,30.0,31.0,1.486,0.0396,14.14,26.04,39.89,1.83,1.36,2.02
LMT-0068,31.0,32.0,1.324,0.0344,13.3,24.73,44.02,1.86,1.124,1.8
LMT-0068,32.0,33.0,1.074,0.0444,12.6,28.03,44.82,1.57,1.266,1.74
LMT-0068,33.0,34.0,1.206,0.0347,13.19,26.35,43.37,1.67,1.046,1.82
LMT-0068,34.0,35.0,1.202,0.0356,12.47,27.36,48.76,1.43,1.133,1.93
LMT-0068,35.0,36.0,1.199,0.034,11.71,30.84,41.8,1.3,1.047,1.99
LMT-0068,36.0,37.0,1.075,0.0364,11.28,31.46,42.84,1.32,1.043,1.94
LMT-0068,37.0,38.0,0.954,0.0294,10.72,31.84,44.62,1.29,1.049,2.14
LMT-0068,38.0,39.0,0.277,0.0179,7.55,41.43,44.32,1.23,0.522,2.67
LMT-0068,39.0,40.0,0.322,0.0184,7.19,40.81,42.73,0.99,0.495,2.81
LMT-0068,40.0,40.4,0.3,0.0155,7.15,36.75,43.14,1.05,0.532,2.64
LMT-0069,0.0,1.0,0.424,0.0385,44.64,0.65,3.79,6.66,2.471,1.38
LMT-0069,1.0,2.0,0.827,0.0539,43.2,1.62,7.51,6.26,2.227,1.41
LMT-0069,2.0,3.0,0.801,0.0555,38.08,2.25,8.07,4.93,2.684,1.3
LMT-0069,3.0,4.0,0.83,0.0602,40.82,2.45,9.11,2.91,2.32,1.31
LMT-0069,4.0,5.0,0.706,0.0956,41.64,3.41,11.25,3.95,1.944,1.37
LMT-0069,5.0,6.0,0.86,0.0789,41.61,3.82,12.51,4.14,1.665,1.35
LMT-0069,6.0,7.0,0.937,0.0975,37.26,4.52,12.01,3.72,1.985,1.47
LMT-0069,7.0,8.0,1.072,0.1718,36.0,5.14,13.79,4.02,1.804,1.48
LMT-0069,8.0,9.0,0.984,0.2868,35.71,6.2,17.71,2.72,2.451,1.36
LMT-0069,9.0,10.0,1.691,0.0887,19.73,10.88,29.91,2.56,1.507,1.51
LMT-0069,10.0,11.0,1.592,0.0561,17.51,9.91,32.25,2.0,1.479,1.46
LMT-0069,11.0,12.0,1.667,0.0471,19.25,10.56,30.32,1.57,1.212,1.47
LMT-0069,12.0,13.0,1.57,0.0468,17.43,13.19,32.12,1.85,1.675,1.51
LMT-0069,13.0,14.0,1.552,0.0381,17.84,11.7,32.1,1.8,1.088,1.46
LMT-0069,14.0,15.0,1.665,0.0468,16.96,12.57,32.57,1.81,1.041,1.45
LMT-0069,15.0,16.0,1.828,0.0273,17.82,13.84,35.88,1.82,1.139,1.55
LMT-0069,16.0,17.0,1.152,0.0269,16.18,14.55,30.99,1.71,1.235,1.35
LMT-0069,17.0,18.0,1.46,0.0365,14.53,13.35,37.31,1.12,1.243,1.51
LMT-0069,18.0,19.0,1.361,0.0421,16.94,17.85,37.57,1.62,1.144,1.6
LMT-0069,19.0,20.0,1.432,0.0283,13.22,17.29,32.96,1.47,1.137,1.53
LMT-0069,20.0,21.0,1.064,0.0301,13.18,18.09,37.02,1.31,1.037,1.58
LMT-0069,21.0,22.0,1.367,0.0294,13.81,14.93,35.25,1.42,1.095,1.55
LMT-0069,22.0,23.0,1.1,0.0373,12.34,18.87,35.28,1.37,1.045,1.62
LMT-0069,23.0,24.0,1.135,0.0221,12.45,21.18,39.02,1.49,0.998,1.65
LMT-0069,24.0,25.0,1.111,0.0373,11.84,23.67,39.16,1.17,1.147,1.76
LMT-0069,25.0,26.0,0.833,0.0243,10.94,22.34,36.3,1.03,0.899,1.73
LMT-0069,26.0,27.0,1.186,0.03,10.27,23.02,39.68,1.12,0.83,1.71
LMT-0069,27.0,28.0,0.883,0.0247,9.72,22.78,37.61,1.05,0.922,1.64
LMT-0069,28.0,29.0,0.989,0.0309,10.71,26.62,38.72,0.99,0.753,1.72
LMT-0069,29.0,30.0,0.805,0.0254,9.06,26.6,38.08,0.99,0.765,1.73
LMT-0069,30.0,31.0,0.183,0.0144,6.49,30.93,37.47,0.82,0.455,2.53
LMT-0069,31.0,32.0,0.196,0.0094,5.93,39.2,40.37,0.88,0.454,2.41
LMT-0069,32.0,32.4,0.209,0.0121,6.16,32.9,39.76,0.81,0.487,2.46
LMT-0070,0.0,1.0,0.548,0.0321,42.92,0.78,3.54,6.29,2.469,1.45
LMT-0070,1.0,2.0,0.798,0.0356,39.08,1.75,6.79,4.92,2.102,1.37
LMT-0070,2.0,3.0,0.889,0.054,40.54,2.13,8.16,3.76,1.946,1.35
LMT-0070,3.0,4.0,0.871,0.0523,37.08,2.67,9.89,5.18,1.809,1.29
LMT-0070,4.0,5.0,0.751,0.0632,36.82,3.72,10.53,3.7,1.89,1.43
LMT-0070,5.0,6.0,1.027,0.0717,36.06,3.62,12.21,2.29,2.113,1.4
LMT-0070,6.0,7.0,1.014,0.1956,33.36,4.67,15.41,4.21,1.533,1.38
LMT-0070,7.0,8.0,0.988,0.2739,31.6,5.68,15.78,2.5,1.589,1.31
LMT-0070,8.0,9.0,1.903,0.1284,18.03,8.66,27.9,1.9,1.02,1.29
LMT-0070,9.0,10.0,1.957,0.0645,20.52,11.05,29.97,2.12,0.999,1.44
LMT-0070,10.0,11.0,1.713,0.0412,17.31,12.28,30.6,1.82,0.917,1.54
LMT-0070,11.0,12.0,1.722,0.0344,15.24,10.86,31.05,2.03,1.184,1.53
LMT-0070,12.0,13.0,1.594,0.0346,14.89,12.26,31.17,1.4,0.888,1.36
LMT-0070,13.0,14.0,1.142,0.0251,14.96,14.84,31.1,1.45,0.982,1.56
LMT-0070,14.0,15.0,1.317,0.0347,13.15,16.33,31.89,1.29,0.903,1.58
LMT-0070,15.0,16.0,1.124,0.0265,12.46,18.87,36.26,1.13,0.875,1.49
LMT-0070,16.0,17.0,1.225,0.0229,12.59,15.25,35.43,1.08,0.965,1.55
LMT-0070,17.0,18.0,1.095,0.02,11.24,20.95,35.66,0.87,1.062,1.57
LMT-0070,18.0,19.0,1.118,0.0195,10.54,19.82,35.88,1.28,0.814,1.6
LMT-0070,19.0,20.0,0.935,0.0251,10.96,23.77,33.02,0.87,0.809,1.6
LMT-0070,20.0,21.0,0.938,0.0149,9.61,25.52,41.22,0.92,0.78,1.63
LMT-0070,21.0,22.0,0.689,0.0084,8.44,23.84,35.51,0.82,0.644,1.62
LMT-0070,22.0,23.0,0.206,0.0088,5.87,32.78,35.41,0.67,0.328,2.28
LMT-0070,23.0,24.0,0.215,0.0098,6.06,27.45,37.35,0.63,0.308,2.33
LMT-0071,0.0,1.0,0.483,0.0185,42.0,0.74,3.31,5.0,2.406,1.28
LMT-0071,1.0,2.0,0.581,0.0437,41.84,1.04,6.22,4.85,1.63,1.26
LMT-0071,2.0,3.0,0.706,0.0552,34.36,2.05,7.65,3.67,1.965,1.26
LMT-0071,3.0,4.0,0.726,0.0594,39.04,2.23,9.55,3.0,1.302,1.26
LMT-0071,4.0,5.0,0.872,0.0416,33.51,2.57,9.94,3.1,1.738,1.32
LMT-0071,5.0,6.0,0.768,0.0568,33.55,2.87,11.49,2.48,1.549,1.43
LMT-0071,6.0,7.0,0.999,0.1064,32.19,3.85,12.52,2.76,1.207,1.22
LMT-0071,7.0,8.0,0.901,0.1827,34.04,4.36,13.51,2.47,1.197,1.37
LMT-0071,8.0,9.0,1.439,0.0802,18.72,7.54,24.13,1.23,0.876,1.33
LMT-0071,9.0,10.0,1.665,0.0604,17.63,8.25,27.82,1.61,1.168,1.39
LMT-0071,10.0,11.0,1.394,0.0308,15.37,9.98,30.22,1.3,0.782,1.34
LMT-0071,11.0,12.0,1.451,0.0247,16.59,8.49,27.57,1.29,1.258,1.37
LMT-0071,12.0,13.0,1.308,0.0267,15.36,10.25,26.63,1.31,1.197,1.34
LMT-0071,13.0,14.0,1.102,0.0261,13.97,10.84,30.95,1.49,0.956,1.34
LMT-0071,14.0,15.0,1.328,0.0265,13.98,13.09,29.18,0.84,0.634,1.44
LMT-0071,15.0,16.0,1.008,0.0228,14.2,12.36,28.29,1.27,0.923,1.52
LMT-0071,16.0,17.0,1.232,0.0133,11.83,13.69,31.16,1.09,0.726,1.55
LMT-0071,17.0,18.0,1.312,0.0196,13.26,15.37,32.18,1.01,0.792,1.42
LMT-0071,18.0,19.0,1.005,0.0204,12.39,13.26,32.04,0.94,0.835,1.64
LMT-0071,19.0,20.0,0.912,0.0203,11.53,17.34,29.58,0.98,0.803,1.48
LMT-0071,20.0,21.0,0.957,0.0242,11.05,13.6,27.97,1.03,0.775,1.38
LMT-0071,21.0,22.0,0.978,0.0174,11.12,18.88,31.97,1.22,0.651,1.52
LMT-0071,22.0,23.0,0.956,0.0158,8.93,16.49,34.37,0.66,0.516,1.55
LMT-0071,23.0,24.0,0.851,0.0163,9.48,18.86,34.61,0.74,0.671,1.51
LMT-0071,24.0,25.0,0.649,0.0182,8.76,22.62,31.74,0.63,0.722,1.47
LMT-0071,25.0,26.0,0.582,0.0183,8.71,19.79,35.98,0.8,0.691,1.62
LMT-0071,26.0,27.0,0.184,0.0047,5.71,27.03,31.93,0.49,0.357,2.32
LMT-0071,27.0,28.0,0.186,0.0093,5.4,25.72,34.64,0.73,0.315,2.31
LMT-0071,28.0,28.3,0.21,0.005,5.68,32.24,33.28,0.61,0.345,2.48
LMT-0072,0.0,1.0,0.564,0.055,51.72,0.7,3.52,7.63,2.639,1.45
LMT-0072,1.0,2.0,0.793,0.0552,44.53,1.63,6.79,5.99,2.293,1.56
LMT-0072,2.0,3.0,0.838,0.0723,44.13,2.57,8.49,6.46,2.233,1.38
LMT-0072,3.0,4.0,1.09,0.0994,41.15,3.56,10.66,4.99,2.393,1.38
LMT-0072,4.0,5.0,1.118,0.1098,40.69,3.94,12.05,5.43,1.961,1.5
LMT-0072,5.0,6.0,1.03,0.1752,39.4,5.2,14.07,4.17,2.152,1.45
LMT-0072,6.0,7.0,1.153,0.3585,40.63,6.05,16.03,3.59,2.187,1.48
LMT-0072,7.0,8.0,,,,,,,,1.56
LMT-0072,8.0,9.0,2.386,0.0831,18.88,11.06,31.57,2.16,1.147,1.46
LMT-0072,9.0,10.0,2.05,0.0819,19.44,11.45,33.94,2.45,1.399,1.47
LMT-0072,10.0,11.0,1.8,0.052,18.06,12.39,30.68,2.11,1.702,1.43
LMT-0072,11.0,12.0,2.075,0.0344,18.21,12.39,34.0,1.81,1.175,1.68
LMT-0072,12.0,13.0,1.623,0.0469,17.65,15.96,33.99,2.2,1.023,1.64
LMT-0072,13.0,14.0,1.662,0.0441,17.8,14.14,32.58,1.27,0.994,1.64
LMT-0072,14.0,15.0,1.816,0.0513,16.19,18.5,34.78,1.65,1.21,1.61
LMT-0072,15.0,16.0,1.86,0.0358,16.07,17.51,34.78,1.82,1.399,1.59
LMT-0072,16.0,17.0,1.783,0.0387,16.61,15.35,33.06,1.68,1.285,1.75
LMT-0072,17.0,18.0,1.597,0.0269,14.76,21.03,33.54,1.66,1.072,1.62
LMT-0072,18.0,19.0,,,,,,,,1.7
LMT-0072,19.0,20.0,1.573,0.026,14.02,19.93,38.49,1.19,0.935,1.6
LMT-0072,20.0,21.0,1.409,0.0309,11.97,20.09,36.86,1.64,0.979,1.82
LMT-0072,21.0,22.0,1.288,0.028,11.74,19.29,36.23,1.45,1.041,1.74
LMT-0072,22.0,23.0,1.205,0.0289,12.19,20.89,42.16,1.45,0.857,1.67
LMT-0072,23.0,24.0,1.125,0.0274,12.14,24.14,36.89,1.45,1.032,1.71
LMT-0072,24.0,25.0,1.326,0.0244,11.74,23.45,33.62,0.73,0.908,1.84
LMT-0072,25.0,26.0,0.987,0.0225,11.08,26.33,40.92,0.87,0.843,1.77
LMT-0072,26.0,27.0,1.13,0.0187,9.51,25.01,37.77,1.22,0.914,1.89
LMT-0072,27.0,28.0,1.003,0.0182,9.51,25.91,43.78,0.89,0.861,1.91
LMT-0072,28.0,29.0,0.269,0.0129,6.26,33.65,39.47,1.23,0.465,2.46
LMT-0072,29.0,30.2,0.258,0.0112,6.31,31.52,40.72,1.06,0.373,2.56
LMT-0073,0.0,1.0,0.484,0.0363,48.09,0.78,3.46,7.53,1.823,1.48
LMT-0073,1.0,2.0,0.966,0.0419,44.85,1.6,7.37,4.85,2.335,1.39
LMT-0073,2.0,3.0,0.911,0.0799,42.04,2.75,10.17,4.8,1.694,1.44
LMT-0073,3.0,4.0,1.175,0.0924,40.9,3.63,11.98,4.27,2.141,1.32
LMT-0073,4.0,5.0,1.016,0.1867,37.4,5.35,13.56,3.63,1.869,1.43
LMT-0073,5.0,6.0,2.219,0.1417,18.84,8.14,31.41,2.01,1.126,1.52
LMT-0073,6.0,7.0,1.912,0.072,19.43,10.43,29.31,2.44,1.103,1.4
LMT-0073,7.0,8.0,1.752,0.0653,18.12,10.69,31.67,1.64,1.242,1.47
LMT-0073,8.0,9.0,1.688,0.0603,16.38,13.02,31.86,1.39,1.344,1.5
LMT-0073,9.0,10.0,1.61,0.0397,15.21,15.85,33.27,1.81,1.155,1.49
LMT-0073,10.0,11.0,1.391,0.0386,16.62,15.46,32.57,1.81,1.124,1.62
LMT-0073,11.0,12.0,1.469,0.0291,14.89,17.33,37.98,1.45,1.318,1.6
LMT-0073,12.0,13.0,1.39,0.0425,13.77,19.6,37.42,1.43,0.902,1.61
LMT-0073,13.0,14.0,1.324,0.0343,11.96,18.91,36.32,1.29,0.934,1.68
LMT-0073,14.0,15.0,1.15,0.0252,11.56,24.27,36.81,1.35,0.917,1.74
LMT-0073,15.0,16.0,1.169,0.0221,12.11,20.51,38.88,1.03,0.885,1.62
LMT-0073,16.0,17.0,0.996,0.0198,10.22,21.8,38.86,0.77,0.513,1.73
LMT-0073,17.0,18.0,1.074,0.0206,9.6,21.07,38.61,0.98,0.878,1.64
LMT-0073,18.0,19.0,0.272,0.0141,6.34,31.98,39.7,0.87,0.33,2.52
LMT-0073,19.0,20.0,0.231,0.0122,6.36,36.73,39.47,0.79,0.411,2.44
LMT-0073,20.0,21.0,0.252,0.0141,6.26,35.54,38.53,0.61,0.477,2.62
LMT-0074,0.0,1.0,0.59,0.0339,48.87,0.69,3.31,7.46,3.27,1.57
LMT-0074,1.0,2.0,1.049,0.0692,46.21,1.52,7.35,6.82,2.93,1.43
LMT-0074,2.0,3.0,0.864,0.0597,43.96,2.14,8.47,6.76,2.717,1.4
LMT-0074,3.0,4.0,0.903,0.0629,45.06,2.9,9.4,5.91,2.547,1.38
LMT-0074,4.0,5.0,1.177,0.0866,40.32,3.51,10.05,5.81,2.901,1.47
LMT-0074,5.0,6.0,1.244,0.0665,39.55,4.02,11.61,5.09,2.395,1.46
LMT-0074,6.0,7.0,1.327,0.1099,40.38,4.2,13.53,4.94,2.192,1.41
LMT-0074,7.0,8.0,1.324,0.127,40.23,4.8,14.64,4.4,1.813,1.41
LMT-0074,8.0,9.0,1.268,0.3136,37.31,4.69,16.22,4.04,1.662,1.58
LMT-0074,9.0,10.0,1.511,0.2642,38.74,6.07,17.95,3.51,2.245,1.6
LMT-0074,10.0,11.0,2.116,0.1249,21.32,9.8,29.73,2.49,1.466,1.42
LMT-0074,11.0,12.0,2.261,0.1034,19.03,11.24,31.76,2.22,1.331,1.49
LMT-0074,12.0,13.0,2.371,0.054,19.48,15.37,31.51,1.96,1.413,1.68
LMT-0074,13.0,14.0,,,,,,,,1.7
LMT-0074,14.0,15.0,1.899,0.0423,17.64,17.58,36.25,1.64,1.163,1.56
LMT-0074,15.0,16.0,1.778,0.0389,15.71,17.33,38.0,1.22,1.177,1.67
LMT-0074,16.0,17.0,1.699,0.0541,14.18,21.06,41.45,1.72,1.16,1.66
LMT-0074,17.0,18.0,1.668,0.0488,12.6,22.47,40.62,1.38,1.171,1.82
LMT-0074,18.0,19.0,1.555,0.0448,13.0,25.15,39.56,1.32,1.109,1.66
LMT-0074,19.0,20.0,1.214,0.0344,11.54,24.0,42.04,1.37,1.135,1.73
LMT-0074,20.0,21.0,1.197,0.0288,10.78,23.12,40.67,1.28,0.957,1.83
LMT-0074,21.0,22.0,1.217,0.0303,10.48,28.12,44.26,1.08,0.954,1.83
LMT-0074,22.0,23.0,0.314,0.0162,7.16,39.27,38.37,0.98,0.459,2.65
LMT-0074,23.0,24.0,0.295,0.0135,6.86,35.67,38.96,1.12,0.471,2.72
LMT-0074,24.0,25.0,0.304,0.0075,6.39,40.57,33.77,0.99,0.482,2.65
LMT-0074,25.0,25.5,0.289,0.0131,5.56,35.22,39.27,0.74,0.4,2.66
LMT-0075,0.0,1.0,0.606,0.0409,49.52,0.68,3.42,7.53,2.438,1.62
LMT-0075,1.0,2.0,0.773,0.0579,50.48,0.98,4.72,6.18,2.659,1.6
LMT-0075,2.0,3.0,0.854,0.0615,46.49,1.87,7.45,6.72,2.094,1.38
LMT-0075,3.0,4.0,0.95,0.0679,43.38,2.2,8.52,5.4,2.755,1.48
LMT-0075,4.0,5.0,1.185,0.0908,44.2,3.25,11.13,5.6,1.986,1.35
LMT-0075,5.0,6.0,1.24,0.1015,44.31,4.02,12.65,5.5,2.271,1.56
LMT-0075,6.0,7.0,1.287,0.0982,43.71,4.4,14.48,4.17,1.903,1.43
LMT-0075,7.0,8.0,1.371,0.2,38.95,4.73,16.73,4.8,2.536,1.63
LMT-0075,8.0,9.0,1.313,0.27,38.75,6.43,17.44,3.12,2.342,1.52
LMT-0075,9.0,10.0,2.049,0.1494,19.53,10.57,29.92,2.68,1.443,1.48
LMT-0075,10.0,11.0,2.328,0.0857,20.19,13.2,34.28,2.07,1.539,1.57
LMT-0075,11.0,12.0,2.13,0.062,18.32,12.97,32.91,2.47,1.661,1.58
LMT-0075,12.0,13.0,1.964,0.0563,18.98,16.0,32.31,1.97,1.265,1.62
LMT-0075,13.0,14.0,1.973,0.0456,16.78,17.15,39.48,2.18,1.059,1.55
LMT-0075,14.0,15.0,2.002,0.0396,14.62,17.68,37.87,1.95,1.068,1.52
LMT-0075,15.0,16.0,1.724,0.0467,16.41,15.73,37.59,2.04,1.163,1.7
LMT-0075,16.0,17.0,1.745,0.0375,13.04,20.91,35.75,1.57,1.366,1.72
LMT-0075,17.0,18.0,1.472,0.0348,13.16,22.55,37.63,1.65,1.093,1.66
LMT-0075,18.0,19.0,1.357,0.0299,12.89,23.14,35.83,1.59,0.839,1.81
LMT-0075,19.0,20.0,1.212,0.0373,11.43,24.87,41.61,1.0,0.998,1.87
LMT-0075,20.0,21.0,1.274,0.0265,11.43,27.55,44.59,1.55,0.99,1.89
LMT-0075,21.0,22.0,1.145,0.026,9.91,22.51,41.13,1.26,0.76,1.68
LMT-0075,22.0,23.0,0.272,0.0138,7.3,31.58,37.33,1.08,0.442,2.52
LMT-0075,23.0,24.0,0.273,0.015,7.28,38.98,43.11,0.79,0.519,2.59
LMT-0075,24.0,24.6,0.297,0.0122,6.17,37.28,39.23,0.96,0.533,2.62
LMT-0076,0.0,1.0,0.764,0.0413,53.16,0.82,3.49,10.32,3.307,1.61
LMT-0076,1.0,2.0,0.915,0.0673,50.18,1.18,5.54,8.49,3.502,1.71
LMT-0076,2.0,3.0,1.084,0.1069,51.67,2.77,9.02,6.61,2.998,1.66
LMT-0076,3.0,4.0,1.144,0.1674,46.11,5.15,12.37,5.38,2.773,1.59
LMT-0076,4.0,5.0,1.468,0.2606,39.64,5.25,15.4,5.78,2.799,1.57
LMT-0076,5.0,6.0,2.518,0.1806,23.85,10.38,35.0,3.23,1.925,1.61
LMT-0076,6.0,7.0,2.622,0.1676,23.5,11.24,35.72,2.44,1.723,1.71
LMT-0076,7.0,8.0,2.581,0.1193,22.18,14.6,36.41,2.58,1.382,1.6
LMT-0076,8.0,9.0,2.647,0.0648,21.33,17.64,38.97,2.62,1.586,1.74
LMT-0076,9.0,10.0,2.097,0.0618,18.58,16.8,37.13,2.54,1.46,1.71
LMT-0076,10.0,11.0,2.045,0.0605,18.7,18.42,36.59,2.35,1.361,1.89
LMT-0076,11.0,12.0,2.002,0.0586,18.47,20.21,40.17,2.01,1.643,1.72
LMT-0076,12.0,13.0,2.259,0.0576,16.32,20.09,42.38,2.32,1.548,1.75
LMT-0076,13.0,14.0,2.043,0.0459,16.28,22.54,43.4,2.01,1.477,1.89
LMT-0076,14.0,15.0,1.42,0.0536,13.86,23.49,41.18,1.56,1.429,1.81
LMT-0076,15.0,16.0,1.474,0.0471,14.34,23.63,40.54,1.84,1.357,1.97
LMT-0076,16.0,17.0,1.584,0.041,14.0,27.69,46.23,1.45,1.19,1.97
LMT-0076,17.0,18.0,1.497,0.0385,11.57,29.36,44.37,1.26,1.192,1.96
LMT-0076,18.0,19.0,1.384,0.0284,11.85,31.19,44.86,1.58,1.063,2.04
LMT-0076,19.0,20.0,1.293,0.0254,10.93,32.75,44.73,1.23,1.021,1.98
LMT-0076,20.0,21.0,0.331,0.0191,7.13,38.32,45.97,1.13,0.669,2.73
LMT-0076,21.0,22.0,0.341,0.0154,7.08,40.99,48.66,1.2,0.48,2.67
LMT-0077,0.0,1.0,0.75,0.0637,52.33,0.83,4.48,9.68,3.542,1.73
LMT-0077,1.0,2.0,0.98,0.0829,49.16,1.93,7.2,7.53,2.828,1.48
LMT-0077,2.0,3.0,1.028,0.0874,49.92,2.01,9.45,8.57,3.076,1.6
LMT-0077,3.0,4.0,1.141,0.0962,51.51,2.63,9.92,6.62,2.551,1.45
LMT-0077,4.0,5.0,1.237,0.0793,49.64,3.09,10.6,7.29,3.256,1.49
LMT-0077,5.0,6.0,1.21,0.1055,43.42,3.41,11.74,5.61,2.801,1.57
LMT-0077,6.0,7.0,1.366,0.1072,44.61,4.07,13.35,5.38,3.09,1.63
LMT-0077,7.0,8.0,1.033,0.1366,46.18,4.66,14.45,6.01,2.63,1.52
LMT-0077,8.0,9.0,1.296,0.1154,43.55,5.89,14.92,4.82,2.658,1.68
LMT-0077,9.0,10.0,1.619,0.161,45.5,6.48,16.03,4.94,2.23,1.58
LMT-0077,10.0,11.0,1.534,0.3168,37.02,6.62,18.35,4.96,2.436,1.55
LMT-0077,11.0,12.0,1.494,0.4571,38.4,6.95,18.11,4.3,2.156,1.52
LMT-0077,12.0,13.0,2.434,0.1629,22.93,12.77,36.26,2.57,1.809,1.62
LMT-0077,13.0,14.0,2.629,0.0863,19.33,14.84,37.59,2.34,1.841,1.69
LMT-0077,14.0,15.0,2.304,0.0671,18.15,15.92,37.63,2.34,1.466,1.56
LMT-0077,15.0,16.0,1.73,0.0577,18.17,17.95,42.12,1.96,1.467,1.73
LMT-0077,16.0,17.0,1.872,0.0478,16.68,21.37,41.35,1.57,1.493,1.74
LMT-0077,17.0,18.0,1.517,0.0396,14.37,23.03,41.54,1.86,1.236,1.81
LMT-0077,18.0,19.0,1.81,0.0455,12.56,23.42,37.24,1.5,1.372,1.98
LMT-0077,19.0,20.0,1.336,0.0383,12.26,27.72,46.99,1.71,0.972,1.92
LMT-0077,20.0,21.0,1.346,0.0241,11.99,28.94,42.48,1.4,1.03,2.07
LMT-0077,21.0,22.0,0.316,0.0188,7.54,41.22,43.77,1.11,0.551,2.81
LMT-0077,22.0,23.0,0.314,0.0158,7.64,45.0,46.06,1.12,0.481,2.7
LMT-0077,23.0,23.9,0.309,0.0184,7.59,45.0,42.37,1.2,0.535,2.85
LMT-0078,0.0,1.0,0.674,0.0453,51.76,0.7,3.8,8.77,2.632,1.63
LMT-0078,1.0,2.0,1.11,0.0853,50.7,1.74,7.27,7.32,2.657,1.43
LMT-0078,2.0,3.0,1.168,0.0816,48.19,2.05,8.3,5.72,2.321,1.36
LMT-0078,3.0,4.0,1.06,0.0733,47.52,2.34,9.52,6.28,2.52,1.44
LMT-0078,4.0,5.0,0.932,0.0902,43.57,3.15,10.09,4.48,3.156,1.48
LMT-0078,5.0,6.0,1.064,0.0832,42.77,3.55,12.72,6.01,2.276,1.56
LMT-0078,6.0,7.0,1.332,0.0863,44.47,4.39,13.21,5.78,2.274,1.54
LMT-0078,7.0,8.0,1.244,0.1512,43.33,4.94,14.17,4.68,2.658,1.57
LMT-0078,8.0,9.0,1.343,0.1812,41.84,5.71,16.06,4.57,2.333,1.52
LMT-0078,9.0,10.0,1.486,0.3002,39.36,5.91,17.62,4.34,1.874,1.54
LMT-0078,10.0,11.0,2.315,0.1188,22.52,11.73,37.36,2.49,1.508,1.51
LMT-0078,11.0,12.0,2.403,0.0999,19.42,11.01,34.23,2.77,1.382,1.55
LMT-0078,12.0,13.0,2.282,0.0754,18.08,13.38,34.37,2.38,1.565,1.64
LMT-0078,13.0,14.0,2.311,0.0591,17.06,15.33,35.36,2.63,1.5,1.71
LMT-0078,14.0,15.0,2.194,0.0572,17.39,17.84,39.1,1.93,1.35,1.65
LMT-0078,15.0,16.0,1.975,0.0446,16.52,17.89,38.99,1.08,1.324,1.78
LMT-0078,16.0,17.0,1.823,0.0342,15.04,24.05,38.21,1.67,1.362,1.81
LMT-0078,17.0,18.0,1.662,0.033,14.65,22.78,37.09,1.43,1.114,1.87
LMT-0078,18.0,19.0,1.532,0.0326,13.55,23.47,38.84,1.53,1.167,1.86
LMT-0078,19.0,20.0,1.587,0.0277,11.66,26.91,43.12,1.2,1.047,1.76
LMT-0078,20.0,21.0,1.157,0.0278,11.26,25.28,39.28,1.12,0.955,2.02
LMT-0078,21.0,22.0,1.033,0.0229,9.27,30.86,41.8,1.19,1.028,1.76
LMT-0078,22.0,23.0,0.338,0.0179,6.69,39.24,39.5,1.15,0.48,2.79
LMT-0078,23.0,24.0,0.327,0.01,6.32,38.17,39.88,0.95,0.548,2.68
LMT-0078,24.0,25.1,0.288,0.0098,7.21,41.41,44.63,0.74,0.398,2.74
LMT-0079,0.0,1.0,0.825,0.0546,50.17,0.75,3.82,7.0,3.113,1.63
LMT-0079,1.0,2.0,0.986,0.0637,47.64,1.78,7.37,6.17,2.84,1.55
LMT-0079,2.0,3.0,1.082,0.0772,49.25,2.75,9.84,6.89,2.711,1.61
LMT-0079,3.0,4.0,1.284,0.0958,43.21,4.04,11.38,5.81,2.281,1.43
LMT-0079,4.0,5.0,1.395,0.1584,46.85,4.43,14.72,4.64,2.425,1.5
LMT-0079,5.0,6.0,1.473,0.2704,42.52,4.91,15.5,4.03,2.263,1.65
LMT-0079,6.0,7.0,1.51,0.2973,39.41,6.61,16.46,3.77,2.269,1.57
LMT-0079,7.0,8.0,2.5,0.1663,21.45,12.39,34.36,2.56,1.811,1.58
LMT-0079,8.0,9.0,2.187,0.0756,18.65,16.49,38.79,2.24,1.52,1.59
LMT-0079,9.0,10.0,2.136,0.0494,14.79,19.54,41.2,1.93,1.353,1.73
LMT-0079,10.0,11.0,1.613,0.0447,14.26,23.04,41.01,1.69,1.211,1.82
LMT-0079,11.0,12.0,1.37,0.0317,12.05,28.36,38.83,1.66,0.952,1.94
LMT-0079,12.0,13.0,1.268,0.0307,9.38,32.99,40.02,1.06,0.962,2.01
LMT-0079,13.0,14.0,0.318,0.0099,6.71,38.98,38.89,1.14,0.548,2.75
LMT-0079,14.0,14.7,0.262,0.0156,6.98,43.98,44.52,0.93,0.53,2.85
LMT-0080,0.0,1.0,0.803,0.0771,56.0,0.86,3.43,8.78,3.683,1.67
LMT-0080,1.0,2.0,1.123,0.2439,49.2,3.08,9.6,7.44,3.67,1.64
LMT-0080,2.0,3.0,1.429,0.3785,45.05,7.19,17.07,4.58,2.185,1.67
LMT-0080,3.0,4.0,2.114,0.1441,18.97,19.47,43.25,2.66,1.485,1.84
LMT-0080,4.0,5.0,1.714,0.0493,14.22,28.51,47.43,1.88,1.391,2.01
LMT-0080,5.0,6.0,0.342,0.0222,7.04,42.9,47.03,1.3,0.713,2.85
LMT-0080,6.0,7.0,0.343,0.018,7.59,43.99,43.16,1.29,0.647,2.85
LMT-0080,7.0,8.0,0.33,0.0234,7.4,44.96,47.84,1.01,0.617,2.85
LMT-0080,8.0,8.3,0.327,0.018,6.93,45.0,47.57,1.23,0.543,2.85
LMT-0081,0.0,1.0,0.62,0.0513,46.05,0.8,3.74,7.38,2.452,1.55
LMT-0081,1.0,2.0,0.902,0.1283,45.47,2.31,9.32,6.48,2.691,1.52
LMT-0081,2.0,3.0,1.188,0.2079,44.54,4.06,12.44,4.62,2.544,1.49
LMT-0081,3.0,4.0,1.244,0.2704,36.56,6.86,17.65,4.03,2.103,1.44
LMT-0081,4.0,5.0,2.256,0.1088,18.88,13.46,33.34,1.97,1.354,1.56
LMT-0081,5.0,6.0,1.442,0.0858,18.84,14.32,35.2,2.01,1.11,1.55
LMT-0081,6.0,7.0,1.506,0.0478,15.4,18.3,34.58,1.04,1.124,1.73
LMT-0081,7.0,8.0,1.431,0.0422,15.56,22.0,38.23,1.41,0.983,1.72
LMT-0081,8.0,9.0,1.16,0.027,13.47,24.63,40.58,1.24,0.852,1.78
LMT-0081,9.0,10.0,1.098,0.0249,10.3,25.75,43.99,1.2,0.955,1.86
LMT-0081,10.0,11.0,0.249,0.0145,6.05,40.44,38.97,1.03,0.495,2.58
LMT-0081,11.0,12.0,0.304,0.0141,6.71,37.72,37.52,0.93,0.431,2.72
LMT-0081,12.0,12.3,0.277,0.0145,6.46,36.54,38.27,1.09,0.383,2.56
LMT-0082,0.0,1.0,0.512,0.0374,46.9,0.6,3.01,4.44,2.784,1.51
LMT-0082,1.0,2.0,,,,,,,,1.33
LMT-0082,2.0,3.0,0.643,0.0581,45.51,1.78,7.41,5.87,2.156,1.43
LMT-0082,3.0,4.0,0.853,0.0637,42.8,2.49,8.53,3.84,2.266,1.4
LMT-0082,4.0,5.0,0.844,0.0703,43.71,3.08,10.21,4.13,1.918,1.43
LMT-0082,5.0,6.0,0.906,0.0708,40.44,3.63,11.61,4.48,1.804,1.45
LMT-0082,6.0,7.0,0.954,0.0798,37.67,4.13,13.19,4.22,2.065,1.45
LMT-0082,7.0,8.0,0.876,0.1235,41.27,5.22,13.28,3.15,1.895,1.45
LMT-0082,8.0,9.0,0.857,0.1671,35.65,5.23,15.73,3.59,1.762,1.48
LMT-0082,9.0,10.0,0.923,0.2114,35.04,5.97,16.41,3.72,1.707,1.32
LMT-0082,10.0,11.0,1.728,0.1265,17.51,9.7,29.59,1.97,1.537,1.41
LMT-0082,11.0,12.0,1.651,0.0763,19.5,10.23,30.92,2.39,1.291,1.47
LMT-0082,12.0,13.0,2.159,0.0615,17.76,12.39,31.03,2.24,1.247,1.39
LMT-0082,13.0,14.0,1.518,0.0493,16.89,11.9,31.41,2.17,1.279,1.49
LMT-0082,14.0,15.0,1.507,0.0399,15.78,16.02,33.02,2.08,1.238,1.59
LMT-0082,15.0,16.0,1.446,0.0463,16.43,15.13,33.45,1.4,1.207,1.46
LMT-0082,16.0,17.0,1.452,0.0333,15.03,17.48,34.95,1.6,0.958,1.6
LMT-0082,17.0,18.0,1.522,0.0263,14.3,17.84,35.22,1.52,1.018,1.52
LMT-0082,18.0,19.0,1.235,0.0183,12.55,18.85,35.11,1.44,0.974,1.5
LMT-0082,19.0,20.0,1.174,0.0235,13.3,20.34,38.42,1.26,0.986,1.57
LMT-0082,20.0,21.0,1.259,0.0227,12.85,20.9,39.05,1.5,0.874,1.65
LMT-0082,21.0,22.0,0.99,0.0283,11.06,23.46,37.04,1.08,0.815,1.65
LMT-0082,22.0,23.0,1.017,0.0196,10.47,26.51,38.72,1.04,0.95,1.67
LMT-0082,23.0,24.0,0.939,0.0262,9.75,27.14,39.55,1.11,0.902,1.84
LMT-0082,24.0,25.0,0.224,0.0128,6.45,32.31,40.09,0.68,0.437,2.48
LMT-0082,25.0,26.0,0.228,0.0103,6.67,32.35,37.86,0.76,0.383,2.45
LMT-0082,26.0,26.6,0.197,0.0092,5.79,37.43,39.37,0.7,0.437,2.3
LMT-0083,0.0,1.0,0.61,0.0298,48.3,0.72,3.71,7.1,2.667,1.5
LMT-0083,1.0,2.0,0.785,0.0492,46.36,1.47,6.97,6.75,2.482,1.39
LMT-0083,2.0,3.0,0.892,0.0506,39.94,2.22,9.41,6.14,1.763,1.43
LMT-0083,3.0,4.0,0.746,0.0696,44.91,3.03,10.49,5.55,2.297,1.43
LMT-0083,4.0,5.0,1.016,0.1114,40.31,3.35,12.62,3.88,2.064,1.37
LMT-0083,5.0,6.0,0.902,0.1495,43.25,4.95,13.27,3.75,1.706,1.5
LMT-0083,6.0,7.0,1.14,0.2012,37.49,5.57,16.5,2.91,1.945,1.45
LMT-0083,7.0,8.0,1.731,0.1369,20.85,9.28,31.81,1.98,1.301,1.46
LMT-0083,8.0,9.0,1.746,0.115,19.62,10.8,30.36,1.89,1.447,1.51
LMT-0083,9.0,10.0,1.625,0.071,16.26,10.66,31.26,2.0,1.4,1.55
LMT-0083,10.0,11.0,1.594,0.0498,16.72,12.91,31.57,2.07,1.629,1.67
LMT-0083,11.0,12.0,1.569,0.0485,16.59,13.94,33.9,1.92,1.398,1.47
LMT-0083,12.0,13.0,1.4,0.0426,15.2,16.42,33.56,1.89,1.265,1.46
LMT-0083,13.0,14.0,1.271,0.0341,15.6,16.29,35.28,1.85,1.313,1.61
LMT-0083,14.0,15.0,1.351,0.0361,14.2,18.76,35.81,1.81,1.031,1.65
LMT-0083,15.0,16.0,1.222,0.0397,12.62,19.65,37.9,1.61,1.086,1.72
LMT-0083,16.0,17.0,1.045,0.0277,12.45,21.46,35.74,1.28,1.13,1.66
LMT-0083,17.0,18.0,0.792,0.0362,12.86,24.97,38.08,1.1,0.922,1.7
LMT-0083,18.0,19.0,0.979,0.0277,11.01,24.18,35.73,1.32,0.802,1.82
LMT-0083,19.0,20.0,0.986,0.021,10.71,23.19,36.59,0.99,0.917,1.73
LMT-0083,20.0,21.0,0.853,0.018,9.45,28.89,37.29,0.84,0.865,1.73
LMT-0083,21.0,22.0,0.253,0.0138,7.35,35.9,42.13,0.76,0.46,2.37
LMT-0083,22.0,22.9,0.257,0.0101,6.46,38.68,42.34,0.82,0.459,2.67
LMT-0084,0.0,1.0,0.645,0.04,51.17,1.08,4.54,5.9,2.645,1.44
LMT-0084,1.0,2.0,0.908,0.0503,42.78,1.86,8.5,5.81,2.246,1.36
LMT-0084,2.0,3.0,0.895,0.064,42.24,2.63,8.79,4.75,2.049,1.31
LMT-0084,3.0,4.0,1.0,0.0872,38.53,3.44,11.94,3.9,1.548,1.45
LMT-0084,4.0,5.0,0.939,0.1132,40.65,3.99,11.8,2.8,2.014,1.43
LMT-0084,5.0,6.0,1.006,0.2561,34.73,4.85,14.9,2.55,1.96,1.49
LMT-0084,6.0,7.0,0.953,0.1999,35.84,5.27,16.12,2.98,1.45,1.46
LMT-0084,7.0,8.0,1.882,0.1557,18.75,9.62,29.55,1.92,2.061,1.56
LMT-0084,8.0,9.0,1.705,0.0714,17.71,10.93,31.36,1.74,1.61,1.36
LMT-0084,9.0,10.0,1.666,0.0398,17.31,11.82,34.9,2.21,1.278,1.58
LMT-0084,10.0,11.0,1.825,0.0381,16.31,12.53,30.81,1.62,1.36,1.61
LMT-0084,11.0,12.0,1.419,0.0382,16.21,13.69,35.11,1.37,1.273,1.61
LMT-0084,12.0,13.0,1.381,0.0331,15.38,14.82,34.54,1.84,0.85,1.46
LMT-0084,13.0,14.0,1.466,0.0293,14.35,17.33,37.15,1.22,0.881,1.63
LMT-0084,14.0,15.0,1.264,0.0202,14.98,19.62,39.45,1.83,0.914,1.64
LMT-0084,15.0,16.0,1.286,0.034,12.12,19.14,38.6,1.42,1.234,1.6
LMT-0084,16.0,17.0,1.021,0.0315,13.25,19.79,41.32,1.36,1.025,1.62
LMT-0084,17.0,18.0,1.182,0.0254,12.34,22.99,37.16,1.17,0.774,1.63
LMT-0084,18.0,19.0,1.12,0.0256,11.1,23.16,36.27,1.07,0.867,1.66
LMT-0084,19.0,20.0,1.005,0.0287,10.6,29.72,41.01,1.06,0.902,1.83
LMT-0084,20.0,21.0,0.913,0.0136,9.2,25.88,38.26,0.93,0.68,1.68
LMT-0084,21.0,22.0,0.251,0.0116,6.13,31.98,40.3,0.99,0.328,2.71
LMT-0084,22.0,23.2,0.222,0.0143,6.18,32.83,39.01,1.03,0.447,2.46
LMT-0085,0.0,1.0,0.759,0.039,51.04,0.76,3.94,5.87,2.574,1.53
LMT-0085,1.0,2.0,1.048,0.0758,45.62,2.16,7.77,4.83,2.665,1.5
LMT-0085,2.0,3.0,0.983,0.0691,42.89,2.77,9.4,5.64,2.041,1.47
LMT-0085,3.0,4.0,1.391,0.0992,43.47,4.47,12.3,4.69,2.369,1.49
LMT-0085,4.0,5.0,1.179,0.1724,40.94,4.86,15.67,4.18,2.564,1.5
LMT-0085,5.0,6.0,1.29,0.2569,45.1,5.24,15.96,3.49,2.051,1.39
LMT-0085,6.0,7.0,2.551,0.1246,20.21,11.23,32.36,2.17,1.681,1.62
LMT-0085,7.0,8.0,2.479,0.1259,21.98,12.38,32.95,2.8,1.585,1.57
LMT-0085,8.0,9.0,2.077,0.1028,19.61,12.8,31.9,2.44,1.814,1.62
LMT-0085,9.0,10.0,2.196,0.0597,19.7,12.69,35.1,2.34,1.395,1.63
LMT-0085,10.0,11.0,2.26,0.0496,18.79,14.44,35.56,2.26,1.651,1.52
LMT-0085,11.0,12.0,1.783,0.0423,19.6,16.04,36.49,1.94,1.472,1.57
LMT-0085,12.0,13.0,1.97,0.048,18.22,16.2,34.82,2.13,1.227,1.66
LMT-0085,13.0,14.0,1.916,0.0441,16.51,18.14,38.66,2.14,1.147,1.61
LMT-0085,14.0,15.0,1.734,0.04,16.06,18.33,39.87,1.45,1.244,1.68
LMT-0085,15.0,16.0,1.616,0.0322,15.51,17.47,36.23,1.93,1.221,1.6
LMT-0085,16.0,17.0,1.685,0.0526,15.01,20.69,39.67,2.01,1.481,1.67
LMT-0085,17.0,18.0,1.489,0.0351,14.6,20.11,37.64,1.88,1.272,1.8
LMT-0085,18.0,19.0,1.617,0.0357,13.18,21.9,37.48,1.55,1.116,1.73
LMT-0085,19.0,20.0,1.471,0.0286,12.85,21.72,39.5,1.51,1.048,1.59
LMT-0085,20.0,21.0,1.387,0.0233,12.07,21.73,40.35,1.57,1.11,1.93
LMT-0085,21.0,22.0,1.212,0.0274,12.86,25.68,38.13,1.49,1.096,1.76
LMT-0085,22.0,23.0,1.176,0.0209,11.34,22.13,40.88,1.1,0.944,1.76
LMT-0085,23.0,24.0,1.122,0.0266,11.12,28.46,41.02,1.11,0.848,1.73
LMT-0085,24.0,25.0,,,,,,,,1.96
LMT-0085,25.0,26.0,0.328,0.0107,6.57,39.14,40.0,1.08,0.52,2.66
LMT-0085,26.0,27.0,0.264,0.0143,6.92,35.02,40.67,0.79,0.468,2.66
LMT-0085,27.0,28.0,0.295,0.0157,7.02,40.96,40.11,0.86,0.572,2.47
LMT-0085,28.0,28.4,0.286,0.0125,6.54,34.13,41.71,0.81,0.424,2.67
LMT-0086,0.0,1.0,0.831,0.0668,53.25,1.05,4.94,8.0,3.59,1.65
LMT-0086,1.0,2.0,0.977,0.1,49.64,2.23,9.84,8.25,3.137,1.65
LMT-0086,2.0,3.0,1.053,0.0894,45.22,3.46,11.74,6.27,2.781,1.6
LMT-0086,3.0,4.0,1.191,0.1281,43.02,4.55,11.74,7.82,2.657,1.55
LMT-0086,4.0,5.0,1.284,0.1979,45.45,5.87,14.47,5.35,2.437,1.64
LMT-0086,5.0,6.0,1.34,0.2486,44.78,6.22,18.57,4.58,2.387,1.61
LMT-0086,6.0,7.0,2.493,0.1417,24.45,8.9,29.7,2.91,2.01,1.54
LMT-0086,7.0,8.0,2.151,0.1415,20.02,12.71,36.41,2.68,1.678,1.61
LMT-0086,8.0,9.0,2.478,0.1129,22.03,11.7,39.11,2.34,1.666,1.51
LMT-0086,9.0,10.0,2.394,0.0634,20.88,14.31,38.97,2.49,1.839,1.64
LMT-0086,10.0,11.0,2.028,0.0624,20.8,16.3,35.39,2.63,1.562,1.67
LMT-0086,11.0,12.0,1.918,0.0654,19.02,15.71,39.31,2.07,1.505,1.7
LMT-0086,12.0,13.0,2.017,0.0513,17.48,17.2,41.19,2.49,1.598,1.68
LMT-0086,13.0,14.0,2.021,0.052,16.41,17.14,35.77,2.01,1.462,1.62
LMT-0086,14.0,15.0,1.798,0.043,19.03,20.08,38.45,1.86,1.637,1.77
LMT-0086,15.0,16.0,2.095,0.0517,17.1,18.34,38.55,2.43,1.507,1.72
LMT-0086,16.0,17.0,1.64,0.0483,17.24,22.97,42.03,2.29,1.48,1.89
LMT-0086,17.0,18.0,1.643,0.0529,16.07,23.18,40.15,2.25,1.406,1.85
LMT-0086,18.0,19.0,1.597,0.0495,14.4,23.97,46.76,2.21,1.181,1.95
LMT-0086,19.0,20.0,1.558,0.0423,14.63,23.44,39.34,1.84,1.392,1.87
LMT-0086,20.0,21.0,1.439,0.0339,12.11,23.84,42.1,1.67,1.187,1.85
LMT-0086,21.0,22.0,1.372,0.0432,14.0,25.2,41.89,1.5,1.292,1.92
LMT-0086,22.0,23.0,1.395,0.0356,12.54,27.54,43.6,1.47,1.182,1.81
LMT-0086,23.0,24.0,1.309,0.0327,13.57,26.56,45.05,1.41,1.144,1.96
LMT-0086,24.0,25.0,1.276,0.0282,11.3,28.38,42.4,1.47,1.055,1.92
LMT-0086,25.0,26.0,1.094,0.0285,11.02,30.16,51.59,1.29,1.005,1.74
LMT-0086,26.0,27.0,0.305,0.0185,7.3,41.09,43.4,1.22,0.49,2.85
LMT-0086,27.0,28.0,0.291,0.0136,7.54,41.05,45.44,0.99,0.587,2.85
LMT-0086,28.0,29.0,0.28,0.0189,7.33,39.99,43.74,1.33,0.498,2.85
LMT-0086,29.0,29.3,0.333,0.0133,6.7,45.0,43.69,1.02,0.534,2.69
LMT-0087,0.0,1.0,0.587,0.0526,53.4,0.83,4.02,7.37,3.025,1.61
LMT-0087,1.0,2.0,0.815,0.0779,46.98,1.48,7.5,6.65,2.695,1.48
LMT-0087,2.0,3.0,0.808,0.0647,46.17,1.89,9.12,6.88,2.78,1.54
LMT-0087,3.0,4.0,0.903,0.0754,42.77,2.77,10.41,6.36,2.678,1.36
LMT-0087,4.0,5.0,0.926,0.066,46.34,2.95,11.17,6.53,2.635,1.56
LMT-0087,5.0,6.0,0.867,0.0868,43.92,4.5,12.88,5.96,2.458,1.44
LMT-0087,6.0,7.0,0.864,0.0938,40.67,4.49,13.01,5.12,2.457,1.52
LMT-0087,7.0,8.0,0.959,0.1081,40.23,4.9,14.52,4.99,2.078,1.61
LMT-0087,8.0,9.0,1.145,0.1445,41.03,5.54,14.87,4.62,2.203,1.63
LMT-0087,9.0,10.0,0.973,0.2026,40.82,5.95,16.07,4.55,2.188,1.52
LMT-0087,10.0,11.0,1.165,0.2883,37.4,6.63,17.42,4.3,2.182,1.56
LMT-0087,11.0,12.0,1.786,0.1492,23.37,10.65,30.65,2.24,1.667,1.49
LMT-0087,12.0,13.0,1.574,0.1226,19.47,10.17,31.7,2.46,1.512,1.58
LMT-0087,13.0,14.0,1.451,0.0659,21.15,11.08,35.66,2.42,1.459,1.66
LMT-0087,14.0,15.0,1.623,0.0488,18.8,13.86,33.94,1.91,1.367,1.65
LMT-0087,15.0,16.0,1.634,0.0465,19.18,14.06,35.61,2.44,1.362,1.52
LMT-0087,16.0,17.0,1.722,0.0567,16.48,15.48,34.23,2.14,1.469,1.6
LMT-0087,17.0,18.0,1.34,0.0409,16.19,14.97,35.36,2.0,1.361,1.69
LMT-0087,18.0,19.0,1.501,0.0351,16.41,16.44,37.63,2.42,1.148,1.66
LMT-0087,19.0,20.0,1.345,0.0358,17.09,17.43,38.04,2.13,1.235,1.64
LMT-0087,20.0,21.0,1.361,0.0503,15.52,18.59,37.02,1.71,1.248,1.62
LMT-0087,21.0,22.0,1.277,0.0404,15.68,22.06,37.24,1.57,1.404,1.74
LMT-0087,22.0,23.0,1.275,0.0412,14.68,20.72,37.78,2.01,1.354,1.8
LMT-0087,23.0,24.0,1.325,0.033,14.09,22.45,38.1,1.56,0.944,1.73
LMT-0087,24.0,25.0,1.183,0.043,13.41,25.04,37.02,1.62,1.036,1.77
LMT-0087,25.0,26.0,1.153,0.039,11.95,27.04,39.57,1.85,1.206,1.91
LMT-0087,26.0,27.0,1.107,0.036,12.88,25.69,43.68,1.48,0.949,1.87
LMT-0087,27.0,28.0,0.996,0.0344,12.24,26.17,40.4,1.56,0.975,1.73
LMT-0087,28.0,29.0,0.982,0.0355,11.0,28.66,41.49,1.26,0.965,1.83
LMT-0087,29.0,30.0,1.01,0.0219,12.03,28.8,40.28,1.26,0.87,1.83
LMT-0087,30.0,31.0,0.828,0.0258,9.9,27.94,43.7,1.08,0.968,1.98
LMT-0087,31.0,32.0,0.235,0.0191,7.01,32.03,41.76,1.0,0.571,2.72
LMT-0087,32.0,33.3,0.225,0.0145,6.59,37.88,38.73,0.89,0.485,2.77
LMT-0088,0.0,1.0,0.606,0.0381,49.18,0.96,4.11,6.17,2.881,1.48
LMT-0088,1.0,2.0,0.781,0.0529,44.95,1.58,6.88,6.16,2.881,1.49
LMT-0088,2.0,3.0,0.6,0.0637,41.28,2.34,8.79,5.09,2.051,1.49
LMT-0088,3.0,4.0,0.738,0.0801,46.65,2.86,10.16,4.64,2.272,1.41
LMT-0088,4.0,5.0,0.703,0.0846,41.72,3.43,12.35,4.1,2.195,1.44
LMT-0088,5.0,6.0,0.903,0.0753,40.33,3.67,12.19,3.67,1.951,1.39
LMT-0088,6.0,7.0,1.003,0.1,34.88,3.68,13.93,4.0,2.109,1.55
LMT-0088,7.0,8.0,1.06,0.1751,40.12,5.31,14.36,4.09,1.692,1.45
LMT-0088,8.0,9.0,0.984,0.3689,39.98,5.84,16.12,4.12,2.203,1.4
LMT-0088,9.0,10.0,1.862,0.1087,20.99,9.77,29.8,1.89,1.607,1.42
LMT-0088,10.0,11.0,1.851,0.0837,19.13,10.23,32.7,2.24,1.259,1.43
LMT-0088,11.0,12.0,1.677,0.0511,18.85,12.05,29.29,1.59,1.271,1.56
LMT-0088,12.0,13.0,1.49,0.0434,17.92,12.47,31.17,1.59,1.252,1.49
LMT-0088,13.0,14.0,1.551,0.0523,20.07,13.91,31.54,2.33,1.278,1.54
LMT-0088,14.0,15.0,1.481,0.0393,16.87,12.73,32.96,2.0,0.968,1.62
LMT-0088,15.0,16.0,1.32,0.0462,15.79,13.72,32.81,1.7,1.283,1.64
LMT-0088,16.0,17.0,1.102,0.0374,16.25,16.31,37.09,1.97,1.08,1.51
LMT-0088,17.0,18.0,1.406,0.0422,14.15,16.18,32.45,1.82,1.024,1.65
LMT-0088,18.0,19.0,1.333,0.0358,14.21,18.19,29.78,1.55,1.136,1.6
LMT-0088,19.0,20.0,1.062,0.0419,13.41,17.96,39.55,1.53,0.848,1.76
LMT-0088,20.0,21.0,1.196,0.0316,14.71,19.07,31.59,1.47,1.028,1.61
LMT-0088,21.0,22.0,0.995,0.0282,13.06,19.53,35.26,1.49,0.842,1.79
LMT-0088,22.0,23.0,1.322,0.0297,12.77,24.39,35.96,1.54,1.142,1.68
LMT-0088,23.0,24.0,1.053,0.0287,12.65,22.25,33.53,1.23,0.888,1.82
LMT-0088,24.0,25.0,0.976,0.0293,11.25,21.19,38.62,1.09,0.882,1.68
LMT-0088,25.0,26.0,1.088,0.0251,11.69,25.49,38.78,1.18,0.917,1.71
LMT-0088,26.0,27.0,0.936,0.0257,10.28,25.29,37.88,1.04,0.897,1.78
LMT-0088,27.0,28.0,0.885,0.0133,9.9,29.79,41.19,0.94,0.781,1.76
LMT-0088,28.0,29.0,0.784,0.0207,9.5,28.08,34.95,0.94,0.867,1.87
LMT-0088,29.0,30.0,0.198,0.0145,6.88,35.26,40.02,0.97,0.484,2.66
LMT-0088,30.0,31.0,0.216,0.0133,6.17,39.89,39.74,0.67,0.477,2.52
LMT-0088,31.0,31.4,0.209,0.012,6.22,39.14,39.49,1.04,0.476,2.54
LMT-0089,0.0,1.0,0.665,0.0527,48.16,0.86,3.92,8.52,2.943,1.63
LMT-0089,1.0,2.0,0.892,0.0767,51.57,1.95,8.27,6.31,2.886,1.53
LMT-0089,2.0,3.0,1.016,0.0777,46.71,2.95,9.31,5.81,2.434,1.47
LMT-0089,3.0,4.0,0.865,0.114,43.09,3.34,12.19,5.63,1.849,1.56
LMT-0089,4.0,5.0,0.974,0.1513,39.59,4.75,13.17,5.37,2.381,1.45
LMT-0089,5.0,6.0,1.2,0.2225,37.92,5.66,16.95,4.65,2.004,1.51
LMT-0089,6.0,7.0,1.893,0.1212,21.58,8.01,34.31,2.35,1.689,1.6
LMT-0089,7.0,8.0,2.028,0.1129,20.73,13.09,30.6,2.17,1.414,1.53
LMT-0089,8.0,9.0,2.2,0.0723,19.79,13.69,31.64,1.93,1.348,1.56
LMT-0089,9.0,10.0,1.959,0.0532,18.78,13.54,33.22,1.93,1.365,1.57
LMT-0089,10.0,11.0,1.817,0.0465,18.29,13.28,33.89,2.15,1.426,1.59
LMT-0089,11.0,12.0,1.529,0.0442,17.78,15.65,34.94,1.65,1.439,1.62
LMT-0089,12.0,13.0,1.609,0.0501,16.56,15.15,34.98,1.98,1.298,1.6
LMT-0089,13.0,14.0,1.409,0.0355,17.06,15.43,37.25,1.78,1.277,1.66
LMT-0089,14.0,15.0,1.293,0.0363,15.31,17.88,36.07,1.39,0.953,1.65
LMT-0089,15.0,16.0,1.411,0.0309,14.25,20.36,38.7,1.55,1.23,1.81
LMT-0089,16.0,17.0,1.401,0.0377,14.15,21.28,37.79,1.46,1.214,1.79
LMT-0089,17.0,18.0,1.349,0.0287,12.08,24.82,38.52,1.6,1.024,1.67
LMT-0089,18.0,19.0,1.046,0.0244,11.67,23.35,40.86,1.12,0.874,1.8
LMT-0089,19.0,20.0,1.153,0.0253,10.43,24.93,39.82,1.36,0.881,1.93
LMT-0089,20.0,21.0,1.079,0.0188,10.31,26.55,39.53,1.06,0.883,1.94
LMT-0089,21.0,22.0,0.895,0.0268,9.72,24.39,43.2,1.02,0.858,1.95
LMT-0089,22.0,23.0,0.316,0.0133,6.61,38.91,38.83,0.83,0.472,2.63
LMT-0089,23.0,24.0,0.264,0.0133,6.4,39.07,35.3,0.81,0.479,2.7
LMT-0089,24.0,24.8,0.217,0.0134,6.82,39.58,38.95,0.68,0.399,2.44
LMT-0090,0.0,1.0,0.585,0.039,48.49,0.74,3.59,5.6,3.134,1.5
LMT-0090,1.0,2.0,0.948,0.0628,46.48,1.62,7.42,5.85,2.593,1.3
LMT-0090,2.0,3.0,0.785,0.0631,44.49,2.25,8.4,5.96,2.179,1.47
LMT-0090,3.0,4.0,1.006,0.0734,47.95,3.02,9.67,6.33,2.207,1.44
LMT-0090,4.0,5.0,1.109,0.0985,43.7,3.94,12.4,4.61,2.675,1.51
LMT-0090,5.0,6.0,1.03,0.1459,41.88,4.42,13.09,4.19,2.068,1.56
LMT-0090,6.0,7.0,1.187,0.2224,39.29,4.76,15.6,4.1,2.069,1.48
LMT-0090,7.0,8.0,1.35,0.3646,38.0,5.55,17.2,3.88,1.805,1.4
LMT-0090,8.0,9.0,1.935,0.1534,20.24,8.55,29.14,2.71,1.678,1.44
LMT-0090,9.0,10.0,2.041,0.0685,19.66,11.15,31.07,2.57,1.659,1.65
LMT-0090,10.0,11.0,1.932,0.0614,17.99,13.78,32.27,2.04,1.539,1.51
LMT-0090,11.0,12.0,2.018,0.0444,17.05,13.34,35.7,1.96,1.432,1.59
LMT-0090,12.0,13.0,1.862,0.0572,18.42,15.97,38.43,2.5,1.19,1.62
LMT-0090,13.0,14.0,1.599,0.0439,16.75,15.43,36.05,1.94,1.097,1.52
LMT-0090,14.0,15.0,1.47,0.0557,17.39,17.75,36.26,1.72,1.389,1.63
LMT-0090,15.0,16.0,1.509,0.0448,14.68,15.43,33.24,1.87,1.288,1.6
LMT-0090,16.0,17.0,1.303,0.0347,14.19,17.97,32.8,1.68,1.195,1.56
LMT-0090,17.0,18.0,1.33,0.0363,13.42,18.63,37.54,1.2,1.239,1.81
LMT-0090,18.0,19.0,1.125,0.0302,14.4,21.63,40.64,1.5,1.24,1.69
LMT-0090,19.0,20.0,1.146,0.028,12.98,20.98,40.11,1.56,1.017,1.78
LMT-0090,20.0,21.0,1.177,0.0282,10.78,24.79,40.14,1.33,1.003,1.77
LMT-0090,21.0,22.0,1.071,0.0286,11.06,22.87,45.56,1.15,1.09,1.8
LMT-0090,22.0,23.0,0.958,0.0254,10.93,26.75,41.07,0.99,0.92,1.93
LMT-0090,23.0,24.0,0.906,0.0272,9.32,30.05,40.96,1.15,0.712,1.83
LMT-0090,24.0,25.0,0.229,0.018,6.78,35.82,42.88,1.02,0.505,2.57
LMT-0090,25.0,26.0,0.304,0.0123,6.44,33.45,38.84,0.8,0.539,2.62
LMT-0090,26.0,26.7,0.214,0.0125,6.18,41.24,40.38,0.73,0.36,2.55
LMT-0091,0.0,1.0,0.569,0.0348,51.23,0.76,3.2,8.47,2.622,1.5
LMT-0091,1.0,2.0,0.808,0.0369,46.02,1.08,4.77,7.24,2.67,1.51
LMT-0091,2.0,3.0,0.793,0.0827,47.64,2.05,7.46,5.77,2.238,1.4
LMT-0091,3.0,4.0,0.925,0.0747,42.61,2.93,9.43,4.68,2.421,1.44
LMT-0091,4.0,5.0,1.168,0.1179,45.59,3.62,11.33,4.32,2.296,1.5
LMT-0091,5.0,6.0,1.041,0.1812,39.42,5.08,14.32,4.13,2.408,1.48
LMT-0091,6.0,7.0,1.232,0.3171,36.56,6.19,15.22,3.89,2.265,1.46
LMT-0091,7.0,8.0,2.69,0.1124,21.24,10.65,30.88,2.75,1.566,1.49
LMT-0091,8.0,9.0,2.172,0.1004,17.94,11.65,31.61,2.33,1.757,1.52
LMT-0091,9.0,10.0,1.724,0.0582,18.99,11.44,33.27,2.38,1.351,1.39
LMT-0091,10.0,11.0,2.007,0.0563,20.06,12.83,33.72,1.94,1.343,1.55
LMT-0091,11.0,12.0,1.64,0.0422,18.28,13.6,36.81,2.41,1.584,1.6
LMT-0091,12.0,13.0,1.896,0.0315,20.01,14.69,36.8,2.13,1.36,1.55
LMT-0091,13.0,14.0,1.698,0.0506,18.64,17.59,36.52,1.99,1.532,1.7
LMT-0091,14.0,15.0,1.676,0.0465,17.22,19.35,40.39,1.64,1.257,1.72
LMT-0091,15.0,16.0,1.592,0.0515,14.97,16.01,37.64,2.23,1.351,1.67
LMT-0091,16.0,17.0,1.715,0.0403,15.6,15.89,35.37,1.7,1.153,1.63
LMT-0091,17.0,18.0,1.334,0.0401,15.86,20.56,42.34,1.25,1.072,1.73
LMT-0091,18.0,19.0,1.519,0.0452,15.11,22.14,32.24,1.67,1.254,1.76
LMT-0091,19.0,20.0,1.432,0.0369,13.23,19.44,36.76,1.53,1.194,1.81
LMT-0091,20.0,21.0,1.469,0.0377,13.52,21.7,38.6,1.73,0.977,1.76
LMT-0091,21.0,22.0,1.143,0.0336,12.22,25.09,44.42,1.13,1.147,1.62
LMT-0091,22.0,23.0,1.366,0.0278,11.91,25.25,44.59,1.12,0.891,1.91
LMT-0091,23.0,24.0,1.252,0.034,10.65,23.83,40.89,1.37,0.804,1.77
LMT-0091,24.0,25.0,0.972,0.0268,10.87,27.98,41.74,1.19,0.897,1.86
LMT-0091,25.0,26.0,1.027,0.0214,10.07,26.64,42.45,1.28,0.876,1.81
LMT-0091,26.0,27.0,0.269,0.0152,6.67,38.25,36.98,0.88,0.463,2.77
LMT-0091,27.0,28.0,0.265,0.0131,6.54,41.3,41.3,0.97,0.436,2.65
LMT-0091,28.0,29.0,0.263,0.0092,6.47,37.9,39.85,1.08,0.451,2.79
LMT-0091,29.0,29.4,0.24,0.0146,6.31,40.21,45.92,1.12,0.489,2.55
LMT-0092,0.0,1.0,0.696,0.0424,48.18,0.69,3.52,9.83,3.09,1.7
LMT-0092,1.0,2.0,0.882,0.0594,53.33,0.96,4.94,8.53,2.808,1.66
LMT-0092,2.0,3.0,0.934,0.0903,45.46,2.4,8.91,6.18,2.487,1.47
LMT-0092,3.0,4.0,1.213,0.1258,45.13,3.32,11.62,5.58,2.887,1.48
LMT-0092,4.0,5.0,1.224,0.2191,39.79,4.64,14.23,4.57,2.035,1.62
LMT-0092,5.0,6.0,1.365,0.2388,40.41,6.51,15.81,3.91,2.166,1.54
LMT-0092,6.0,7.0,2.305,0.1246,21.12,9.62,34.09,2.63,1.782,1.49
LMT-0092,7.0,8.0,2.42,0.0781,21.49,11.41,33.9,2.44,1.404,1.68
LMT-0092,8.0,9.0,1.834,0.0661,21.44,13.3,35.88,2.54,1.79,1.65
LMT-0092,9.0,10.0,2.231,0.044,18.84,14.66,33.78,2.04,1.842,1.67
LMT-0092,10.0,11.0,2.071,0.0534,19.13,13.98,34.45,2.38,1.467,1.69
LMT-0092,11.0,12.0,1.948,0.0616,18.58,17.48,39.47,1.97,1.505,1.68
LMT-0092,12.0,13.0,1.83,0.0326,18.16,19.7,36.89,2.02,1.37,1.82
LMT-0092,13.0,14.0,1.889,0.0479,17.13,18.33,37.93,2.44,1.302,1.7
LMT-0092,14.0,15.0,1.736,0.0426,16.67,18.41,37.53,1.88,1.368,1.81
LMT-0092,15.0,16.0,1.486,0.0437,15.16,22.97,40.29,2.05,1.329,1.74
LMT-0092,16.0,17.0,1.555,0.031,14.74,26.47,39.97,1.68,1.117,1.76
LMT-0092,17.0,18.0,1.558,0.0419,12.59,23.62,40.57,1.4,1.167,1.76
LMT-0092,18.0,19.0,1.472,0.0462,13.05,23.54,39.13,1.38,1.22,1.76
LMT-0092,19.0,20.0,1.554,0.0319,12.5,26.82,41.42,1.36,0.954,1.73
LMT-0092,20.0,21.0,1.065,0.0378,11.16,29.33,41.07,1.3,1.085,1.78
LMT-0092,21.0,22.0,1.256,0.0323,11.02,26.84,42.22,1.23,1.091,1.95
LMT-0092,22.0,23.0,1.219,0.0213,9.91,26.57,43.88,1.08,1.024,1.89
LMT-0092,23.0,24.0,0.283,0.0161,7.01,36.23,38.38,1.2,0.452,2.71
LMT-0092,24.0,25.0,0.311,0.0136,7.03,39.01,39.26,0.89,0.521,2.83
LMT-0092,25.0,26.1,0.316,0.0176,6.33,41.6,44.2,0.94,0.415,2.85
LMT-0093,0.0,1.0,0.485,0.0415,46.7,0.74,3.33,7.0,3.274,1.7
LMT-0093,1.0,2.0,0.892,0.0594,50.28,1.05,5.01,7.36,2.621,1.56
LMT-0093,2.0,3.0,0.821,0.0699,52.88,1.85,7.7,7.13,2.156,1.45
LMT-0093,3.0,4.0,0.905,0.0639,43.17,2.85,8.59,6.82,2.875,1.43
LMT-0093,4.0,5.0,1.042,0.0629,44.03,3.83,10.3,6.61,2.599,1.56
LMT-0093,5.0,6.0,1.215,0.1045,43.25,3.99,12.48,5.36,2.396,1.47
LMT-0093,6.0,7.0,1.179,0.1113,41.36,4.38,12.98,4.54,2.262,1.52
LMT-0093,7.0,8.0,1.261,0.2073,38.64,5.73,16.63,3.38,2.273,1.55
LMT-0093,8.0,9.0,1.223,0.3278,39.15,6.59,17.86,4.02,2.091,1.41
LMT-0093,9.0,10.0,2.116,0.152,19.5,11.99,33.92,2.57,1.056,1.48
LMT-0093,10.0,11.0,2.093,0.1185,18.19,11.86,31.69,2.0,1.476,1.46
LMT-0093,11.0,12.0,2.056,0.0767,18.53,13.8,33.3,1.97,1.582,1.63
LMT-0093,12.0,13.0,1.894,0.0379,16.74,15.56,34.23,2.04,1.428,1.59
LMT-0093,13.0,14.0,1.688,0.0468,15.58,18.36,38.47,1.73,1.409,1.72
LMT-0093,14.0,15.0,1.706,0.0374,17.25,20.23,38.88,2.06,1.269,1.73
LMT-0093,15.0,16.0,1.733,0.0408,13.44,21.23,37.92,1.43,1.071,1.74
LMT-0093,16.0,17.0,1.403,0.0254,12.69,24.8,37.04,1.62,1.069,1.79
LMT-0094,0.0,1.0,0.587,0.0361,56.0,0.63,3.15,7.9,2.523,1.52
LMT-0094,1.0,2.0,0.663,0.0504,48.89,1.02,4.89,5.93,2.738,1.54
LMT-0094,2.0,3.0,0.741,0.0479,43.77,1.81,6.99,6.11,2.35,1.44
LMT-0094,3.0,4.0,1.095,0.0645,45.96,2.47,8.67,5.62,2.495,1.35
LMT-0094,4.0,5.0,0.964,0.0751,40.47,3.15,9.69,6.4,2.027,1.47
LMT-0094,5.0,6.0,1.116,0.1019,41.21,3.61,11.26,5.63,2.002,1.47
LMT-0094,6.0,7.0,1.023,0.1118,45.35,4.39,15.02,3.51,2.189,1.41
LMT-0094,7.0,8.0,1.312,0.1969,39.11,5.35,14.53,4.8,2.368,1.5
LMT-0094,8.0,9.0,1.243,0.264,38.15,5.18,16.01,3.59,2.497,1.53
LMT-0094,9.0,10.0,2.209,0.157,21.47,9.78,29.77,2.87,1.576,1.46
LMT-0094,10.0,11.0,1.991,0.0979,19.71,11.87,32.18,2.57,1.322,1.57
LMT-0094,11.0,12.0,1.803,0.0652,17.86,12.68,33.15,1.73,1.164,1.69
LMT-0094,12.0,13.0,1.625,0.0386,16.21,15.57,30.63,1.85,1.621,1.59
LMT-0094,13.0,14.0,1.693,0.0288,15.42,17.7,35.93,1.5,1.169,1.68
LMT-0094,14.0,15.0,1.362,0.0368,13.89,18.01,37.56,1.62,0.967,1.68
LMT-0094,15.0,16.0,1.423,0.0352,13.94,20.7,35.99,1.76,1.141,1.64
LMT-0094,16.0,17.0,1.278,0.027,13.1,24.1,40.74,1.47,1.026,1.77
LMT-0094,17.0,18.0,1.003,0.0288,10.76,22.99,37.72,1.46,1.079,1.9
LMT-0094,18.0,19.0,0.951,0.0217,10.44,27.3,41.61,1.12,0.768,1.87
LMT-0094,19.0,20.0,0.311,0.0132,6.57,34.19,40.8,0.87,0.469,2.69
LMT-0094,20.0,21.0,0.251,0.0151,7.03,38.7,40.23,0.7,0.464,2.53
LMT-0094,21.0,21.3,0.282,0.0146,6.87,33.9,37.23,0.81,0.491,2.51
LMT-0095,0.0,1.0,0.498,0.0225,42.71,0.54,3.23,8.1,2.526,1.36
LMT-0095,1.0,2.0,0.687,0.0637,41.16,1.17,5.98,6.38,2.266,1.35
LMT-0095,2.0,3.0,0.813,0.0728,40.36,2.13,7.29,3.78,2.364,1.41
LMT-0095,3.0,4.0,0.72,0.0618,42.0,2.55,7.76,3.8,1.757,1.35
LMT-0095,4.0,5.0,0.907,0.0652,41.18,3.19,11.68,4.03,1.944,1.37
LMT-0095,5.0,6.0,0.942,0.107,38.95,4.6,13.43,4.54,2.199,1.34
LMT-0095,6.0,7.0,0.973,0.2367,39.06,4.15,14.25,3.43,1.25,1.32
LMT-0095,7.0,8.0,1.913,0.1032,19.03,8.02,30.42,2.2,1.296,1.42
LMT-0095,8.0,9.0,1.663,0.1081,17.9,10.15,30.93,1.39,1.337,1.27
LMT-0095,9.0,10.0,1.5,0.09,17.89,9.03,27.92,1.68,1.347,1.5
LMT-0095,10.0,11.0,1.732,0.036,18.52,11.56,33.15,1.71,1.292,1.38
LMT-0095,11.0,12.0,1.272,0.0374,14.85,13.55,34.35,1.4,1.094,1.45
LMT-0095,12.0,13.0,1.41,0.0304,14.94,12.66,33.09,1.62,1.012,1.5
LMT-0095,13.0,14.0,1.323,0.0282,15.31,12.78,29.58,1.64,0.906,1.49
LMT-0095,14.0,15.0,1.401,0.0217,14.96,16.26,32.71,1.29,0.86,1.59
LMT-0095,15.0,16.0,1.256,0.025,15.14,19.24,33.24,1.07,1.166,1.48
LMT-0095,16.0,17.0,1.121,0.0384,12.93,16.28,33.37,1.48,0.973,1.69
LMT-0095,17.0,18.0,1.033,0.0228,11.58,17.75,35.23,1.17,0.709,1.58
LMT-0095,18.0,19.0,0.959,0.0183,12.06,21.34,34.33,1.22,0.687,1.78
LMT-0095,19.0,20.0,0.742,0.0245,11.54,19.58,36.17,0.94,0.782,1.76
LMT-0095,20.0,21.0,0.854,0.025,11.22,24.96,32.82,0.94,0.71,1.77
LMT-0095,21.0,22.0,0.879,0.0144,9.82,22.74,38.34,1.05,0.625,1.67
LMT-0095,22.0,23.0,0.226,0.0108,6.46,35.27,34.89,0.88,0.42,2.24
LMT-0095,23.0,24.0,0.21,0.0134,6.24,35.09,38.07,0.74,0.3,2.51
LMT-0095,24.0,25.0,0.219,0.0099,5.99,36.85,38.32,0.82,0.417,2.39
LMT-0095,25.0,25.6,0.24,0.0089,5.87,36.54,31.86,0.61,0.377,2.59
LMT-0096,0.0,1.0,0.714,0.0447,54.68,0.7,3.56,10.29,3.186,1.66
LMT-0096,1.0,2.0,1.041,0.0732,47.35,1.57,6.93,7.48,3.067,1.52
LMT-0096,2.0,3.0,1.22,0.081,46.57,2.19,7.7,6.13,3.017,1.47
LMT-0096,3.0,4.0,1.232,0.0749,48.65,1.93,8.86,6.9,2.942,1.51
LMT-0096,4.0,5.0,1.071,0.0903,45.21,2.97,10.23,7.03,2.882,1.47
LMT-0096,5.0,6.0,1.195,0.0864,50.52,3.4,11.15,5.03,3.028,1.57
LMT-0096,6.0,7.0,1.362,0.0977,44.07,3.7,11.8,6.89,2.803,1.65
LMT-0096,7.0,8.0,1.33,0.1131,45.16,3.55,11.2,5.86,2.764,1.61
LMT-0096,8.0,9.0,1.431,0.1186,47.16,4.49,13.61,4.82,2.589,1.5
LMT-0096,9.0,10.0,1.378,0.1183,43.19,4.92,14.32,6.64,2.261,1.57
LMT-0096,10.0,11.0,1.43,0.1157,45.48,5.07,15.38,4.53,2.272,1.51
LMT-0096,11.0,12.0,1.325,0.1066,42.55,5.48,15.28,5.88,2.606,1.62
LMT-0096,12.0,13.0,1.726,0.1743,43.61,5.77,19.19,5.06,2.077,1.63
LMT-0096,13.0,14.0,1.345,0.2387,39.24,6.93,18.01,4.8,2.2,1.62
LMT-0096,14.0,15.0,1.632,0.3095,40.86,6.96,20.16,5.24,2.149,1.61
LMT-0096,15.0,16.0,2.613,0.1753,21.18,12.63,36.24,2.89,1.661,1.55
LMT-0096,16.0,17.0,2.714,0.1249,19.98,12.49,37.62,2.53,1.663,1.65
LMT-0096,17.0,18.0,2.48,0.072,20.3,15.6,36.71,2.71,1.238,1.54
LMT-0096,18.0,19.0,2.416,0.0595,17.7,15.52,37.67,2.37,1.602,1.86
LMT-0096,19.0,20.0,2.042,0.0544,19.01,19.61,38.86,2.37,1.481,1.62
LMT-0096,20.0,21.0,1.962,0.0469,16.9,18.03,38.81,1.97,1.63,1.7
LMT-0096,21.0,22.0,1.857,0.0542,17.21,20.57,40.14,1.55,1.468,1.75
LMT-0096,22.0,23.0,1.657,0.0314,15.19,22.04,43.88,1.88,1.335,1.75
LMT-0096,23.0,24.0,1.949,0.0367,14.24,26.32,43.76,2.11,1.23,1.83
LMT-0096,24.0,25.0,1.562,0.0349,13.74,24.57,39.87,1.76,1.278,1.85
LMT-0096,25.0,26.0,1.497,0.0362,12.41,29.1,42.89,1.62,1.107,1.8
LMT-0096,26.0,27.0,1.388,0.0298,12.07,30.08,43.98,1.6,1.134,1.86
LMT-0096,27.0,28.0,1.11,0.0258,10.44,30.44,43.45,1.33,1.007,1.83
LMT-0096,28.0,29.0,0.283,0.0169,7.33,38.93,41.6,1.07,0.521,2.71
LMT-0096,29.0,30.0,0.37,0.0177,7.43,41.0,42.21,1.01,0.507,2.84
LMT-0096,30.0,31.0,0.344,0.0154,6.85,39.97,47.56,1.05,0.543,2.68
LMT-0097,0.0,1.0,0.768,0.0444,53.67,0.82,4.0,7.76,3.4,1.7
LMT-0097,1.0,2.0,1.027,0.0794,49.14,1.48,7.11,6.71,2.853,1.53
LMT-0097,2.0,3.0,1.152,0.0778,44.01,2.02,8.36,6.53,3.102,1.36
LMT-0097,3.0,4.0,1.122,0.0737,47.98,2.47,9.64,5.52,2.585,1.46
LMT-0097,4.0,5.0,1.248,0.075,48.8,2.51,10.18,7.26,2.639,1.53
LMT-0097,5.0,6.0,1.309,0.0799,47.76,3.41,10.31,5.75,2.607,1.55
LMT-0097,6.0,7.0,1.152,0.068,42.88,3.3,11.76,5.48,2.24,1.48
LMT-0097,7.0,8.0,1.119,0.0934,47.28,3.85,11.84,5.66,2.818,1.51
LMT-0097,8.0,9.0,1.45,0.1182,43.71,4.44,12.36,5.56,2.904,1.51
LMT-0097,9.0,10.0,1.178,0.0972,41.29,5.47,13.76,5.61,2.489,1.38
LMT-0097,10.0,11.0,1.307,0.0935,43.35,4.61,14.29,5.5,2.551,1.5
LMT-0097,11.0,12.0,1.638,0.1395,39.01,5.38,15.78,4.09,1.878,1.51
LMT-0097,12.0,13.0,1.56,0.1744,41.62,6.25,16.76,4.44,2.497,1.6
LMT-0097,13.0,14.0,1.362,0.2458,40.57,5.29,17.56,4.11,2.303,1.51
LMT-0097,14.0,15.0,2.917,0.177,22.23,10.77,33.49,2.93,1.647,1.51
LMT-0097,15.0,16.0,2.391,0.1416,20.92,12.06,33.41,2.77,1.523,1.54
LMT-0097,16.0,17.0,2.45,0.0924,19.6,12.86,33.85,1.93,1.583,1.59
LMT-0097,17.0,18.0,2.314,0.0477,19.89,14.42,34.29,2.49,1.682,1.77
LMT-0097,18.0,19.0,2.366,0.0496,16.95,15.7,32.66,1.9,1.467,1.68
LMT-0097,19.0,20.0,2.005,0.057,17.95,18.71,36.98,1.85,1.518,1.64
LMT-0097,20.0,21.0,1.833,0.0521,16.99,17.16,41.03,1.83,1.224,1.64
LMT-0097,21.0,22.0,1.846,0.0327,16.07,21.26,38.58,2.19,1.439,1.76
LMT-0097,22.0,23.0,1.784,0.0389,15.1,19.22,41.24,1.64,1.221,1.75
LMT-0097,23.0,24.0,1.562,0.0347,14.22,24.86,38.87,1.87,1.178,1.76
LMT-0097,24.0,25.0,1.537,0.0367,13.09,22.76,40.16,1.31,1.227,1.76
LMT-0097,25.0,26.0,1.524,0.0361,12.98,25.88,42.52,1.23,1.17,1.83
LMT-0097,26.0,27.0,1.45,0.0319,11.15,26.98,41.02,1.34,0.977,1.76
LMT-0097,27.0,28.0,1.242,0.0284,10.46,25.15,46.76,1.18,0.816,1.87
LMT-0097,28.0,29.0,1.169,0.0271,10.11,33.52,39.77,1.26,0.938,1.72
LMT-0097,29.0,30.0,0.358,0.0147,6.74,39.94,37.72,0.91,0.535,2.65
LMT-0097,30.0,31.0,0.303,0.0181,6.58,41.99,43.84,0.95,0.58,2.7
LMT-0097,31.0,31.5,0.271,0.0177,6.55,39.78,40.57,1.15,0.52,2.73
LMT-0098,0.0,1.0,0.71,0.0622,56.0,0.76,4.29,9.29,3.284,1.7
LMT-0098,1.0,2.0,1.099,0.0831,50.53,1.96,7.97,8.05,3.008,1.58
LMT-0098,2.0,3.0,1.107,0.0882,46.24,2.56,9.68,7.32,3.098,1.43
LMT-0098,3.0,4.0,1.445,0.1108,45.09,3.14,10.73,7.43,3.244,1.61
LMT-0098,4.0,5.0,1.456,0.103,44.24,4.1,11.14,6.27,2.904,1.46
LMT-0098,5.0,6.0,1.446,0.1117,40.64,4.61,12.87,5.57,2.949,1.61
LMT-0098,6.0,7.0,1.443,0.1074,46.25,4.87,14.98,4.91,2.713,1.51
LMT-0098,7.0,8.0,1.31,0.2046,47.04,6.17,16.7,4.52,2.632,1.62
LMT-0098,8.0,9.0,1.625,0.2946,38.07,5.63,18.31,4.46,2.574,1.69
LMT-0098,9.0,10.0,2.94,0.2117,23.74,10.53,34.13,2.95,1.715,1.63
LMT-0098,10.0,11.0,2.195,0.1604,21.46,13.31,36.56,2.5,1.67,1.6
LMT-0098,11.0,12.0,2.416,0.0865,18.36,16.42,38.3,1.98,1.413,1.71
LMT-0098,12.0,13.0,2.437,0.0627,17.05,17.41,38.82,2.11,1.721,1.65
LMT-0098,13.0,14.0,1.859,0.0416,15.61,22.3,37.84,1.98,1.466,1.83
LMT-0098,14.0,15.0,2.022,0.0404,13.81,26.63,43.07,1.54,1.313,1.86
LMT-0098,15.0,16.0,1.621,0.0356,12.19,24.15,44.2,1.72,1.254,1.92
LMT-0098,16.0,17.0,1.582,0.0369,11.58,26.93,43.14,1.28,1.063,2.02
LMT-0098,17.0,18.0,1.367,0.029,10.45,30.82,40.09,1.29,0.973,2.03
LMT-0098,18.0,19.0,0.338,0.0176,6.94,38.87,43.53,1.18,0.512,2.82
LMT-0098,19.0,20.2,0.355,0.0138,6.82,42.08,44.51,1.0,0.569,2.85
LMT-0099,0.0,1.0,0.787,0.0854,53.59,0.87,4.16,8.3,3.28,1.59
LMT-0099,1.0,2.0,1.191,0.1873,50.51,3.07,10.85,6.33,2.746,1.61
LMT-0099,2.0,3.0,1.197,0.3159,42.96,6.27,17.64,5.0,2.303,1.55
LMT-0099,3.0,4.0,2.12,0.1572,22.09,15.47,35.18,2.61,1.754,1.7
LMT-0099,4.0,5.0,1.938,0.0957,17.0,18.83,40.25,2.11,1.367,1.7
LMT-0099,5.0,6.0,,,,,,,,1.8
LMT-0099,6.0,7.0,1.179,0.0287,12.17,29.76,42.4,0.96,1.143,2.0
LMT-0099,7.0,8.0,0.277,0.0179,6.82,41.67,42.12,1.1,0.605,2.85
LMT-0099,8.0,8.9,0.332,0.0147,7.67,45.0,43.17,1.08,0.596,2.83
LMT-0100,0.0,1.0,0.598,0.0641,50.27,0.82,3.93,9.38,2.893,1.5
LMT-0100,1.0,2.0,0.916,0.1704,45.84,2.49,8.4,7.68,2.666,1.41
LMT-0100,2.0,3.0,1.14,0.2931,39.41,5.9,17.07,4.02,2.069,1.59
LMT-0100,3.0,4.0,1.769,0.191,19.59,12.69,35.11,2.58,1.834,1.66
LMT-0100,4.0,5.0,2.063,0.0875,18.26,13.52,39.18,2.33,1.331,1.64
LMT-0100,5.0,6.0,1.883,0.045,16.7,20.16,36.0,1.77,1.215,1.76
LMT-0100,6.0,7.0,1.59,0.0253,14.88,21.3,37.61,1.67,1.316,1.76
LMT-0100,7.0,8.0,1.308,0.037,14.2,22.84,40.34,1.6,1.012,1.77
LMT-0100,8.0,9.0,1.205,0.0288,12.13,25.58,43.32,1.24,1.133,1.74
LMT-0100,9.0,10.0,0.272,0.0141,6.51,38.42,38.64,1.23,0.474,2.64
LMT-0100,10.0,11.0,0.287,0.0164,7.15,41.76,43.08,1.18,0.551,2.71
LMT-0100,11.0,11.9,0.244,0.0153,6.8,44.26,43.02,0.95,0.424,2.85
LMT-0101,0.0,1.0,0.527,0.0346,45.47,0.7,3.56,7.09,2.928,1.41
LMT-0101,1.0,2.0,0.721,0.054,53.56,1.05,4.35,6.47,2.576,1.65
LMT-0101,2.0,3.0,0.698,0.0676,45.89,1.86,8.03,5.72,2.441,1.46
LMT-0101,3.0,4.0,0.965,0.0812,46.72,2.46,8.74,5.84,2.565,1.43
LMT-0101,4.0,5.0,1.059,0.0547,42.3,2.6,11.02,5.8,2.542,1.39
LMT-0101,5.0,6.0,0.975,0.0677,39.79,3.62,12.41,4.6,2.595,1.4
LMT-0101,6.0,7.0,1.093,0.0971,39.59,3.85,14.41,4.61,1.839,1.52
LMT-0101,7.0,8.0,1.167,0.1345,41.88,4.93,14.61,3.38,1.846,1.56
LMT-0101,8.0,9.0,0.849,0.2842,39.35,5.32,16.67,4.22,2.378,1.55
LMT-0101,9.0,10.0,1.144,0.3201,39.24,5.77,17.89,3.69,1.872,1.53
LMT-0101,10.0,11.0,1.958,0.1202,20.42,10.6,33.98,2.45,1.641,1.45
LMT-0101,11.0,12.0,1.555,0.0862,17.71,10.69,32.41,2.13,1.452,1.44
LMT-0101,12.0,13.0,1.98,0.0564,17.5,12.26,31.01,2.46,1.328,1.59
LMT-0101,13.0,14.0,1.515,0.0401,18.0,12.23,32.4,1.89,1.277,1.55
LMT-0101,14.0,15.0,1.708,0.0418,16.19,14.97,35.47,2.45,1.682,1.62
LMT-0101,15.0,16.0,1.542,0.0482,15.95,16.1,35.66,2.09,1.251,1.68
LMT-0101,16.0,17.0,1.654,0.0453,16.06,15.82,35.6,2.07,1.025,1.68
LMT-0101,17.0,18.0,1.583,0.0436,16.1,19.63,36.69,1.71,1.137,1.61
LMT-0101,18.0,19.0,1.351,0.0326,14.98,18.46,39.03,1.45,1.201,1.62
LMT-0101,19.0,20.0,1.352,0.0375,13.62,22.54,36.95,1.54,1.15,1.71
LMT-0101,20.0,21.0,1.034,0.0335,14.09,17.32,34.91,1.5,1.218,1.76
LMT-0101,21.0,22.0,1.013,0.0244,12.05,23.11,39.82,1.37,1.03,1.67
LMT-0101,22.0,23.0,1.196,0.0268,11.47,24.9,39.92,1.08,0.993,1.83
LMT-0101,23.0,24.0,1.035,0.0253,10.46,26.89,37.21,1.2,0.875,1.76
LMT-0101,24.0,25.0,0.851,0.0254,9.45,27.71,38.06,1.06,0.777,1.81
LMT-0101,25.0,26.0,0.292,0.0126,6.53,31.54,39.8,1.01,0.509,2.46
LMT-0101,26.0,27.0,0.224,0.0127,6.66,38.57,36.8,0.97,0.581,2.69
LMT-0101,27.0,28.0,0.252,0.0122,6.22,37.7,39.49,0.94,0.494,2.66
LMT-0102,0.0,1.0,0.611,0.0427,52.54,0.71,3.61,8.83,3.459,1.57
LMT-0102,1.0,2.0,0.662,0.0513,50.39,1.16,4.89,7.41,3.183,1.55
LMT-0102,2.0,3.0,0.877,0.0919,50.15,1.98,7.58,7.9,2.609,1.46
LMT-0102,3.0,4.0,0.941,0.062,46.35,2.52,7.84,7.68,2.731,1.4
LMT-0102,4.0,5.0,0.948,0.0913,49.32,2.75,8.62,6.61,2.713,1.54
LMT-0102,5.0,6.0,1.005,0.0918,44.5,3.26,9.94,5.71,2.921,1.51
LMT-0102,6.0,7.0,0.917,0.0806,44.55,3.23,11.44,6.03,2.721,1.56
LMT-0102,7.0,8.0,1.063,0.0845,44.86,3.78,11.56,6.82,2.916,1.47
LMT-0102,8.0,9.0,0.984,0.089,42.66,4.33,13.89,5.8,2.335,1.5
LMT-0102,9.0,10.0,1.174,0.12,41.63,4.69,14.63,5.06,2.221,1.48
LMT-0102,10.0,11.0,1.186,0.1283,44.41,4.32,14.53,4.5,2.549,1.58
LMT-0102,11.0,12.0,1.172,0.1284,40.9,5.11,15.82,5.05,2.553,1.56
LMT-0102,12.0,13.0,1.244,0.1777,40.83,5.3,17.61,4.13,2.135,1.53
LMT-0102,13.0,14.0,1.246,0.2723,37.74,6.09,17.65,3.28,2.031,1.69
LMT-0102,14.0,15.0,2.056,0.1743,21.52,9.98,34.26,2.82,1.635,1.54
LMT-0102,15.0,16.0,1.92,0.1621,20.62,11.25,34.11,2.92,1.667,1.58
LMT-0102,16.0,17.0,2.098,0.0894,18.82,14.45,33.43,2.3,1.577,1.54
LMT-0102,17.0,18.0,1.856,0.0587,17.95,15.36,33.7,2.34,1.543,1.71
LMT-0102,18.0,19.0,1.722,0.0629,17.23,14.56,36.87,2.04,1.44,1.57
LMT-0102,19.0,20.0,1.457,0.0578,17.81,17.73,38.02,1.84,1.371,1.7
LMT-0102,20.0,21.0,1.755,0.0462,15.73,19.92,40.33,2.42,1.247,1.95
LMT-0102,21.0,22.0,1.457,0.0519,14.8,21.38,42.17,1.82,1.171,1.72
LMT-0102,22.0,23.0,1.449,0.0285,14.17,24.22,39.71,1.55,1.075,1.77
LMT-0102,23.0,24.0,1.356,0.0404,12.86,23.34,41.11,1.5,1.151,1.7
LMT-0102,24.0,25.0,1.288,0.0342,12.72,24.18,39.87,1.54,1.126,1.87
LMT-0102,25.0,26.0,1.161,0.0318,11.54,28.05,39.97,1.17,0.951,1.88
LMT-0102,26.0,27.0,1.118,0.0312,11.13,29.87,43.12,1.2,1.094,1.87
LMT-0102,27.0,28.0,0.3,0.0129,6.91,35.55,44.52,1.03,0.451,2.83
LMT-0102,28.0,29.0,0.301,0.0174,6.7,36.04,44.24,0.93,0.493,2.77
LMT-0102,29.0,29.5,0.259,0.0139,6.61,38.56,41.83,1.07,0.514,2.73
LMT-0103,0.0,1.0,0.567,0.044,53.86,0.66,3.54,8.57,2.714,1.44
LMT-0103,1.0,2.0,0.645,0.0393,46.66,1.13,5.37,7.52,2.394,1.42
LMT-0103,2.0,3.0,0.851,0.0579,45.92,1.61,7.58,4.6,2.367,1.41
LMT-0103,3.0,4.0,0.862,0.0547,46.07,2.11,6.99,5.8,2.529,1.37
LMT-0103,4.0,5.0,0.756,0.0682,43.77,2.56,9.27,5.67,2.853,1.51
LMT-0103,5.0,6.0,0.968,0.0782,44.92,2.77,9.46,4.45,2.096,1.41
LMT-0103,6.0,7.0,0.742,0.0772,46.14,2.99,9.96,4.12,2.665,1.34
LMT-0103,7.0,8.0,1.014,0.0563,47.26,3.84,11.6,5.87,2.442,1.46
LMT-0103,8.0,9.0,0.926,0.0969,44.25,4.09,12.3,5.98,2.097,1.4
LMT-0103,9.0,10.0,1.117,0.0546,40.67,4.17,12.67,5.0,2.044,1.45
LMT-0103,10.0,11.0,1.173,0.0854,43.99,4.61,13.15,3.97,2.515,1.43
LMT-0103,11.0,12.0,1.082,0.086,43.24,4.31,13.88,4.01,1.99,1.43
LMT-0103,12.0,13.0,1.131,0.1238,37.79,5.44,15.74,3.67,1.914,1.43
LMT-0103,13.0,14.0,1.25,0.1834,39.91,5.02,14.14,4.24,1.997,1.48
LMT-0103,14.0,15.0,1.394,0.2766,35.24,5.52,15.73,4.27,2.187,1.58
LMT-0103,15.0,16.0,1.977,0.1447,22.26,10.08,33.05,2.54,1.646,1.44
LMT-0103,16.0,17.0,2.085,0.1205,21.77,10.71,36.96,2.37,1.686,1.49
LMT-0103,17.0,18.0,2.005,0.0634,19.23,12.64,31.99,2.06,1.305,1.46
LMT-0103,18.0,19.0,1.835,0.0435,17.9,12.73,32.67,2.18,1.318,1.46
LMT-0103,19.0,20.0,1.528,0.0522,17.31,15.45,34.39,1.95,1.625,1.57
LMT-0103,20.0,21.0,1.629,0.0346,17.34,15.94,34.19,2.03,1.082,1.65
LMT-0103,21.0,22.0,1.526,0.042,15.55,18.04,36.37,1.36,1.137,1.75
LMT-0103,22.0,23.0,1.256,0.0423,15.8,19.92,36.48,1.7,1.308,1.57
LMT-0103,23.0,24.0,1.302,0.0372,12.88,21.08,39.59,1.4,0.985,1.89
LMT-0103,24.0,25.0,1.534,0.0271,14.33,22.01,40.93,1.6,1.184,1.82
LMT-0103,25.0,26.0,1.315,0.0316,14.03,23.66,37.77,1.56,0.831,1.78
LMT-0103,26.0,27.0,1.246,0.0267,10.79,20.11,41.98,1.15,1.037,1.75
LMT-0103,27.0,28.0,0.994,0.0229,10.62,28.53,38.5,1.15,0.985,1.83
LMT-0103,28.0,29.0,1.072,0.025,10.2,31.67,40.11,1.02,0.905,1.8
LMT-0103,29.0,30.0,0.278,0.015,6.89,37.77,39.75,0.74,0.539,2.68
LMT-0103,30.0,31.0,0.261,0.016,6.97,38.5,37.04,1.08,0.478,2.69
LMT-0103,31.0,32.1,0.256,0.0111,6.4,32.61,44.27,0.71,0.408,2.59
LMT-0104,0.0,1.0,0.441,0.0333,46.97,0.69,3.2,8.04,2.78,1.45
LMT-0104,1.0,2.0,0.73,0.0402,49.75,0.87,4.68,5.44,3.13,1.53
LMT-0104,2.0,3.0,0.953,0.055,46.46,1.62,7.68,5.99,2.511,1.41
LMT-0104,3.0,4.0,0.903,0.0581,45.0,1.93,8.02,6.7,2.369,1.48
LMT-0104,4.0,5.0,0.923,0.0866,43.42,2.43,9.35,5.85,2.586,1.46
LMT-0104,5.0,6.0,1.001,0.0974,42.1,3.14,9.6,3.74,2.323,1.38
LMT-0104,6.0,7.0,1.312,0.0742,40.14,4.22,12.22,3.99,2.525,1.45
LMT-0104,7.0,8.0,0.982,0.0771,35.91,3.67,12.58,4.26,1.932,1.53
LMT-0104,8.0,9.0,1.222,0.1234,40.54,4.5,13.27,3.44,2.364,1.41
LMT-0104,9.0,10.0,1.249,0.1556,36.05,5.63,15.27,4.17,2.184,1.47
LMT-0104,10.0,11.0,1.309,0.3538,37.96,5.42,15.63,4.04,2.176,1.43
LMT-0104,11.0,12.0,2.598,0.1614,19.28,11.49,32.65,2.34,1.439,1.52
LMT-0104,12.0,13.0,2.031,0.1062,19.83,11.26,35.76,2.42,1.393,1.49
LMT-0104,13.0,14.0,2.017,0.0649,19.23,13.37,35.47,2.65,1.16,1.45
LMT-0104,14.0,15.0,1.676,0.0396,18.89,13.65,36.82,2.61,1.675,1.56
LMT-0104,15.0,16.0,2.095,0.0426,16.69,16.21,36.01,1.89,1.254,1.54
LMT-0104,16.0,17.0,1.819,0.0385,15.83,15.26,36.16,2.21,1.232,1.5
LMT-0104,17.0,18.0,1.588,0.0386,15.49,19.39,32.35,1.77,1.135,1.58
LMT-0104,18.0,19.0,1.474,0.0457,14.11,19.63,34.78,1.77,1.017,1.58
LMT-0104,19.0,20.0,1.64,0.0347,14.37,18.3,36.13,1.65,0.996,1.66
LMT-0104,20.0,21.0,1.44,0.0308,14.29,18.75,37.42,1.18,0.802,1.72
LMT-0104,21.0,22.0,1.302,0.0245,12.41,19.48,36.02,1.36,1.023,1.83
LMT-0104,22.0,23.0,1.378,0.027,12.02,22.34,38.96,1.37,1.047,1.78
LMT-0104,23.0,24.0,1.188,0.0228,10.25,23.38,36.99,0.89,1.038,1.7
LMT-0104,24.0,25.0,1.034,0.0268,10.01,25.43,43.39,1.0,0.869,1.78
LMT-0104,25.0,26.0,0.308,0.0127,7.07,40.86,40.99,1.07,0.528,2.68
LMT-0104,26.0,27.0,0.285,0.0129,6.73,32.6,41.59,0.82,0.506,2.71
LMT-0104,27.0,28.0,0.222,0.0118,6.68,40.36,42.14,0.67,0.444,2.51
LMT-0104,28.0,28.7,0.248,0.0128,6.11,37.89,40.36,0.69,0.429,2.54
LMT-0105,0.0,1.0,0.58,0.0452,56.0,0.67,3.27,8.21,3.358,1.55
LMT-0105,1.0,2.0,0.669,0.0497,47.78,1.0,4.64,8.41,3.081,1.45
LMT-0105,2.0,3.0,1.045,0.0944,45.87,2.25,7.51,5.35,2.542,1.53
LMT-0105,3.0,4.0,1.19,0.0936,41.99,3.42,11.07,5.95,2.464,1.62
LMT-0105,4.0,5.0,1.104,0.1609,44.41,4.38,13.88,6.1,2.323,1.59
LMT-0105,5.0,6.0,1.256,0.3045,40.51,5.53,15.65,3.79,2.56,1.58
LMT-0105,6.0,7.0,2.133,0.1486,21.01,10.1,34.66,2.04,1.861,1.63
LMT-0105,7.0,8.0,2.332,0.1392,22.01,12.64,35.85,2.15,1.72,1.66
LMT-0105,8.0,9.0,1.863,0.0807,17.81,15.1,32.45,2.35,1.258,1.66
LMT-0105,9.0,10.0,1.609,0.0548,17.11,18.27,38.17,2.27,1.52,1.61
LMT-0105,10.0,10.9,1.879,0.0364,15.47,21.08,38.74,1.84,1.209,1.68
LMT-0106,0.0,1.0,0.547,0.0442,51.63,0.78,4.07,7.45,2.593,1.51
LMT-0106,1.0,2.0,0.772,0.057,47.61,1.87,7.24,5.84,2.343,1.43
LMT-0106,2.0,3.0,1.025,0.074,49.12,2.33,8.26,7.15,2.695,1.41
LMT-0106,3.0,4.0,0.963,0.0672,43.03,2.71,10.03,5.76,2.666,1.46
LMT-0106,4.0,5.0,1.152,0.0955,45.28,3.31,10.91,4.52,2.228,1.62
LMT-0106,5.0,6.0,0.986,0.0966,38.66,4.04,12.28,5.22,2.716,1.59
LMT-0106,6.0,7.0,1.232,0.1018,41.24,4.39,13.69,5.9,2.048,1.49
LMT-0106,7.0,8.0,1.234,0.1592,42.33,5.1,14.1,4.8,2.203,1.49
LMT-0106,8.0,9.0,1.215,0.1737,35.12,6.03,16.24,4.89,2.07,1.47
LMT-0106,9.0,10.0,1.278,0.3362,37.38,5.85,17.92,4.29,1.936,1.5
LMT-0106,10.0,11.0,2.257,0.1255,20.86,11.61,34.89,2.52,1.561,1.52
LMT-0106,11.0,12.0,2.059,0.1123,19.22,13.62,31.6,2.17,1.484,1.65
LMT-0106,12.0,13.0,1.556,0.0676,16.84,17.34,34.8,1.86,1.361,1.64
LMT-0106,13.0,14.0,1.558,0.0367,15.98,22.32,37.03,1.65,1.162,1.58
LMT-0106,14.0,15.0,1.359,0.0327,14.36,22.59,37.67,1.41,1.15,1.74
LMT-0106,15.0,16.0,1.317,0.0335,10.91,27.01,38.51,1.21,0.977,1.66
LMT-0106,16.0,17.0,0.955,0.0258,9.97,31.87,41.9,0.91,0.958,1.81
LMT-0106,17.0,18.0,0.242,0.0147,6.65,37.02,40.31,1.16,0.47,2.62
LMT-0106,18.0,19.1,0.255,0.0183,6.4,40.08,43.98,1.24,0.397,2.65
LMT-0107,0.0,1.0,0.676,0.0297,51.2,0.8,4.62,7.87,2.344,1.5
LMT-0107,1.0,2.0,0.733,0.0355,46.12,1.57,7.22,5.26,2.389,1.39
LMT-0107,2.0,3.0,0.793,0.0709,45.92,2.19,8.09,5.76,2.877,1.36
LMT-0107,3.0,4.0,0.852,0.0547,46.1,2.48,8.83,5.29,2.333,1.49
LMT-0107,4.0,5.0,0.963,0.0592,45.13,2.73,9.54,7.09,2.03,1.46
LMT-0107,5.0,6.0,0.961,0.0826,41.33,3.31,11.01,5.29,1.878,1.37
LMT-0107,6.0,7.0,0.885,0.0984,42.84,3.28,11.22,5.31,1.658,1.41
LMT-0107,7.0,8.0,1.138,0.0777,42.18,4.44,12.36,5.51,2.352,1.52
LMT-0107,8.0,9.0,1.172,0.0882,40.45,3.82,12.72,4.82,2.212,1.55
LMT-0107,9.0,10.0,1.102,0.1081,37.9,4.97,13.77,3.17,2.111,1.57
LMT-0107,10.0,11.0,0.929,0.0844,42.16,5.18,13.27,3.89,2.283,1.4
LMT-0107,11.0,12.0,1.195,0.2419,38.61,5.74,14.88,3.5,1.69,1.51
LMT-0107,12.0,13.0,1.215,0.2351,38.09,5.87,16.06,3.02,2.093,1.47
LMT-0107,13.0,14.0,1.885,0.1436,20.21,10.52,30.8,2.41,1.633,1.4
LMT-0107,14.0,15.0,1.897,0.1006,20.1,11.17,34.18,1.75,1.492,1.48
LMT-0107,15.0,16.0,1.61,0.0708,19.02,13.21,32.69,1.74,1.543,1.46
LMT-0107,16.0,17.0,1.586,0.0361,17.98,16.62,36.96,1.86,1.22,1.59
LMT-0107,17.0,18.0,1.688,0.0482,14.63,17.87,36.7,1.61,1.193,1.55
LMT-0107,18.0,19.0,1.53,0.0381,14.57,19.67,37.77,1.79,1.108,1.64
LMT-0107,19.0,20.0,1.207,0.0367,13.22,17.88,37.55,1.33,1.153,1.54
LMT-0107,20.0,21.0,1.195,0.0244,13.76,21.62,38.94,1.69,1.053,1.75
LMT-0107,21.0,22.0,1.284,0.0329,11.58,23.65,37.0,1.24,0.82,1.79
LMT-0107,22.0,23.0,1.193,0.0314,10.3,24.79,41.38,1.08,0.908,1.74
LMT-0107,23.0,24.0,0.261,0.0117,6.52,33.62,36.97,0.9,0.497,2.6
LMT-0107,24.0,25.0,0.279,0.0149,6.4,36.46,42.35,1.07,0.538,2.72
LMT-0107,25.0,25.5,0.256,0.0126,6.82,35.59,39.27,0.86,0.37,2.82
LMT-0108,0.0,1.0,0.589,0.0518,47.95,0.86,4.06,8.39,2.895,1.48
LMT-0108,1.0,2.0,0.932,0.0688,49.84,1.97,7.48,6.8,2.059,1.31
LMT-0108,2.0,3.0,0.949,0.0551,42.94,2.37,8.85,5.77,2.21,1.42
LMT-0108,3.0,4.0,1.172,0.0864,45.81,2.79,10.34,5.64,2.229,1.46
LMT-0108,4.0,5.0,1.167,0.0637,40.28,3.48,11.44,4.51,2.289,1.52
LMT-0108,5.0,6.0,1.12,0.1,40.13,3.86,13.34,4.77,2.022,1.42
LMT-0108,6.0,7.0,1.196,0.1923,43.44,5.36,14.72,4.36,2.082,1.44
LMT-0108,7.0,8.0,1.438,0.2678,35.74,5.82,15.48,3.57,1.827,1.47
LMT-0108,8.0,9.0,2.28,0.1608,20.39,9.3,29.75,2.38,1.403,1.37
LMT-0108,9.0,10.0,2.005,0.1133,19.75,11.68,31.62,2.59,0.997,1.53
LMT-0108,10.0,11.0,2.007,0.0658,18.64,16.43,34.43,2.43,1.325,1.72
LMT-0108,11.0,12.0,1.824,0.0559,16.46,13.82,31.92,1.34,1.371,1.52
LMT-0108,12.0,13.0,1.675,0.0381,14.18,16.82,35.64,1.71,1.211,1.67
LMT-0108,13.0,14.0,1.717,0.0282,13.92,21.39,35.44,2.01,1.098,1.58
LMT-0108,14.0,15.0,1.521,0.0295,13.47,18.77,38.8,1.08,0.991,1.77
LMT-0108,15.0,16.0,1.43,0.021,12.85,22.02,36.47,1.45,0.977,1.78
LMT-0108,16.0,17.0,1.297,0.0242,11.6,23.15,37.14,1.19,0.933,1.93
LMT-0108,17.0,18.0,1.065,0.0214,10.71,24.68,41.0,1.13,0.776,1.86
LMT-0108,18.0,19.0,0.312,0.013,7.01,38.51,38.53,0.86,0.388,2.85
LMT-0108,19.0,20.0,0.331,0.0187,7.02,38.04,36.61,0.97,0.446,2.53
LMT-0108,20.0,20.8,0.317,0.012,6.44,38.28,42.42,0.91,0.463,2.59
LMT-0109,0.0,1.0,0.566,0.0397,48.72,0.77,3.09,5.54,3.174,1.46
LMT-0109,1.0,2.0,0.797,0.0423,47.98,0.92,4.61,7.07,2.345,1.5
LMT-0109,2.0,3.0,0.7,0.0626,44.49,1.96,7.48,4.66,2.552,1.41
LMT-0109,3.0,4.0,0.971,0.0449,46.14,2.39,8.64,4.59,1.808,1.3
LMT-0109,4.0,5.0,0.989,0.0564,43.53,3.01,10.4,6.51,2.214,1.42
LMT-0109,5.0,6.0,0.979,0.0696,40.26,3.44,10.45,4.45,2.105,1.35
LMT-0109,6.0,7.0,0.979,0.0993,42.35,3.75,11.98,4.15,1.892,1.43
LMT-0109,7.0,8.0,1.319,0.1954,36.12,3.86,14.97,4.48,1.803,1.43
LMT-0109,8.0,9.0,1.472,0.2066,36.17,5.09,14.63,4.02,1.567,1.46
LMT-0109,9.0,10.0,2.493,0.1562,19.71,9.88,29.59,2.45,1.608,1.42
LMT-0109,10.0,11.0,1.847,0.1151,17.32,9.92,28.61,1.81,1.362,1.35
LMT-0109,11.0,12.0,2.029,0.0716,17.37,11.83,34.14,2.23,1.162,1.51
LMT-0109,12.0,13.0,1.893,0.0401,16.44,14.02,34.96,1.73,1.066,1.51
LMT-0109,13.0,14.0,1.535,0.0353,16.16,15.79,32.45,1.54,0.938,1.43
LMT-0109,14.0,15.0,1.582,0.0229,16.99,19.25,37.34,1.23,1.07,1.69
LMT-0109,15.0,16.0,1.574,0.0304,13.71,21.73,38.9,1.66,0.965,1.51
LMT-0109,16.0,17.0,1.208,0.026,12.76,22.83,34.28,1.47,0.718,1.69
LMT-0109,17.0,18.0,1.285,0.0328,11.48,20.64,38.03,1.1,1.065,1.81
LMT-0109,18.0,19.0,1.135,0.0212,11.0,26.42,33.57,1.13,0.959,1.73
LMT-0109,19.0,20.0,1.377,0.0286,9.77,27.96,39.13,1.04,0.797,1.74
LMT-0109,20.0,21.0,0.28,0.0104,7.03,38.8,39.43,0.96,0.498,2.53
LMT-0109,21.0,22.0,0.245,0.0068,6.09,34.47,39.25,0.79,0.542,2.69
LMT-0109,22.0,23.0,0.248,0.0101,6.04,34.27,43.48,0.8,0.427,2.52
LMT-0109,23.0,23.6,0.22,0.0124,5.9,32.6,40.52,0.93,0.357,2.67
LMT-0110,0.0,1.0,0.633,0.0477,53.94,0.73,3.93,9.14,3.24,1.52
LMT-0110,1.0,2.0,0.824,0.0699,48.58,1.07,4.82,7.23,3.035,1.7
LMT-0110,2.0,3.0,1.098,0.0743,43.7,1.92,7.52,7.1,2.968,1.61
LMT-0110,3.0,4.0,1.155,0.0806,48.52,2.35,8.71,6.66,2.447,1.46
LMT-0110,4.0,5.0,1.219,0.0893,45.82,3.1,9.8,6.06,2.747,1.55
LMT-0110,5.0,6.0,1.337,0.0972,43.13,3.59,11.34,5.5,2.504,1.63
LMT-0110,6.0,7.0,1.231,0.0788,44.85,4.25,13.76,6.16,2.649,1.45
LMT-0110,7.0,8.0,1.468,0.1077,43.14,5.24,13.71,5.4,2.5,1.58
LMT-0110,8.0,9.0,1.449,0.1265,43.47,5.07,15.9,5.62,2.441,1.53
LMT-0110,9.0,10.0,1.592,0.2365,40.35,5.26,16.31,4.43,2.145,1.61
LMT-0110,10.0,11.0,1.434,0.2191,39.82,6.03,17.67,4.72,2.148,1.46
LMT-0110,11.0,12.0,2.241,0.1726,23.12,11.7,34.45,2.36,1.985,1.64
LMT-0110,12.0,13.0,2.489,0.1183,22.05,13.08,33.9,1.95,1.498,1.53
LMT-0110,13.0,14.0,2.641,0.0768,21.28,14.21,36.25,2.8,1.468,1.68
LMT-0110,14.0,15.0,1.969,0.0635,19.9,14.66,37.32,2.01,1.445,1.73
LMT-0110,15.0,16.0,2.295,0.0624,18.44,15.72,39.11,2.44,1.534,1.7
LMT-0110,16.0,17.0,2.353,0.0576,19.76,18.28,37.88,2.27,1.421,1.73
LMT-0110,17.0,18.0,1.718,0.0478,15.02,19.8,39.09,2.31,1.472,1.66
LMT-0110,18.0,19.0,2.191,0.0626,16.53,17.78,40.62,1.84,1.329,1.78
LMT-0110,19.0,20.0,1.698,0.0394,15.72,19.78,38.67,2.12,1.225,1.85
LMT-0110,20.0,21.0,1.921,0.0406,15.13,21.55,37.1,1.47,1.205,1.68
LMT-0110,21.0,22.0,1.824,0.0356,14.61,23.86,38.53,1.62,1.111,1.89
LMT-0110,22.0,23.0,1.572,0.0309,13.79,26.83,44.05,1.39,1.138,1.69
LMT-0110,23.0,24.0,1.427,0.0345,12.59,26.71,41.76,1.47,1.084,1.81
LMT-0110,24.0,25.0,1.295,0.0273,12.07,30.24,43.2,1.44,0.948,1.73
LMT-0110,25.0,26.0,1.155,0.038,11.49,24.61,40.38,1.26,1.069,1.86
LMT-0110,26.0,27.0,1.191,0.03,10.85,34.04,43.42,1.13,1.037,1.93
LMT-0110,27.0,28.0,0.335,0.0191,6.94,36.77,40.73,1.14,0.484,2.81
LMT-0110,28.0,29.0,0.3,0.0136,6.77,44.17,41.37,1.04,0.469,2.63
LMT-0110,29.0,29.5,0.296,0.016,6.86,45.0,40.2,1.01,0.452,2.77
LMT-0111,0.0,1.0,0.702,0.0518,52.19,0.71,3.12,8.72,3.682,1.63
LMT-0111,1.0,2.0,0.93,0.071,54.02,1.1,4.79,7.95,2.85,1.68
LMT-0111,2.0,3.0,0.981,0.0726,50.35,1.85,7.64,7.77,2.371,1.4
LMT-0111,3.0,4.0,1.128,0.0919,47.8,2.72,8.29,6.47,2.789,1.5
LMT-0111,4.0,5.0,1.083,0.095,47.36,2.99,10.33,7.11,2.593,1.43
LMT-0111,5.0,6.0,1.171,0.078,49.02,3.52,10.84,6.61,2.917,1.43
LMT-0111,6.0,7.0,1.296,0.1167,43.38,4.44,12.15,6.21,2.482,1.48
LMT-0111,7.0,8.0,1.393,0.1044,42.9,4.41,14.97,5.73,2.538,1.59
LMT-0111,8.0,9.0,1.302,0.1124,46.19,5.48,13.98,5.42,2.279,1.51
LMT-0111,9.0,10.0,1.74,0.2322,40.09,6.07,16.56,5.0,1.98,1.44
LMT-0111,10.0,11.0,1.574,0.2728,37.96,5.7,15.48,3.67,2.076,1.63
LMT-0111,11.0,12.0,2.728,0.1898,22.74,10.36,35.53,2.48,1.649,1.63
LMT-0111,12.0,13.0,2.555,0.1371,22.94,13.35,36.08,2.27,1.461,1.63
LMT-0111,13.0,14.0,2.546,0.088,21.52,12.61,39.89,2.27,1.509,1.54
LMT-0111,14.0,15.0,2.277,0.0677,19.63,14.12,38.14,2.24,1.698,1.52
LMT-0111,15.0,16.0,2.142,0.0577,19.49,15.68,40.72,2.2,1.72,1.63
LMT-0111,16.0,17.0,1.906,0.0512,18.19,15.48,40.51,2.35,1.404,1.7
LMT-0111,17.0,18.0,1.999,0.0426,16.7,20.22,35.26,2.2,1.359,1.72
LMT-0111,18.0,19.0,2.519,0.0476,18.53,19.07,36.22,1.77,1.45,1.72
LMT-0111,19.0,20.0,1.854,0.0411,16.02,21.42,38.49,2.29,1.27,1.66
LMT-0111,20.0,21.0,1.587,0.0513,15.73,21.46,42.25,2.01,1.359,1.79
LMT-0111,21.0,22.0,1.654,0.0335,14.56,22.12,38.11,1.83,1.228,1.66
LMT-0111,22.0,23.0,1.577,0.0384,12.87,23.34,38.88,1.94,1.366,1.89
LMT-0111,23.0,24.0,1.654,0.0355,13.02,23.76,41.8,1.69,1.129,1.86
LMT-0111,24.0,25.0,1.506,0.039,11.5,23.41,44.36,1.48,1.188,1.75
LMT-0111,25.0,26.0,1.435,0.0352,11.91,26.96,43.14,1.07,1.036,1.77
LMT-0111,26.0,27.0,1.306,0.0315,11.56,27.55,40.84,1.36,1.01,1.87
LMT-0111,27.0,28.0,1.082,0.0263,9.58,29.24,41.27,1.33,0.879,2.01
LMT-0111,28.0,29.0,0.331,0.0136,7.53,40.71,44.01,1.09,0.514,2.82
LMT-0111,29.0,30.0,0.309,0.0115,6.59,36.47,40.28,1.2,0.57,2.85
LMT-0111,30.0,30.7,0.353,0.0183,7.07,36.98,43.22,1.1,0.532,2.85
LMT-0112,0.0,1.0,0.58,0.0433,49.3,0.72,3.53,8.82,3.26,1.63
LMT-0112,1.0,2.0,0.86,0.0469,49.28,1.35,6.28,7.55,2.83,1.47
LMT-0112,2.0,3.0,1.05,0.0822,42.81,2.41,8.8,7.0,2.822,1.36
LMT-0112,3.0,4.0,1.14,0.0966,44.33,3.21,9.98,6.28,2.337,1.52
LMT-0112,4.0,5.0,1.163,0.0953,47.71,3.67,11.57,6.18,2.002,1.51
LMT-0112,5.0,6.0,1.241,0.1263,42.62,3.99,13.08,5.2,2.042,1.48
LMT-0112,6.0,7.0,1.248,0.2904,41.47,4.4,14.23,4.1,2.41,1.65
LMT-0112,7.0,8.0,1.352,0.3506,39.39,5.63,17.75,4.69,2.407,1.55
LMT-0112,8.0,9.0,2.533,0.1822,20.47,11.12,31.63,2.58,1.814,1.51
LMT-0112,9.0,10.0,2.436,0.1194,20.11,13.82,36.21,2.45,1.557,1.58
LMT-0112,10.0,11.0,2.312,0.075,16.73,14.12,36.5,3.24,1.769,1.59
LMT-0112,11.0,12.0,2.055,0.0552,17.05,16.04,37.33,2.23,1.442,1.64
LMT-0112,12.0,13.0,2.074,0.0525,17.13,17.36,32.86,2.29,1.413,1.59
LMT-0112,13.0,14.0,1.819,0.0411,15.63,17.69,38.29,1.88,1.242,1.63
LMT-0112,14.0,15.0,1.602,0.0438,16.02,20.66,38.81,1.96,1.046,1.69
LMT-0112,15.0,16.0,1.739,0.0422,15.5,19.56,40.11,1.66,1.271,1.65
LMT-0112,16.0,17.0,1.589,0.0293,14.12,22.98,39.63,1.75,1.175,1.69
LMT-0112,17.0,18.0,1.253,0.0309,13.82,25.15,37.85,1.3,1.154,1.83
LMT-0112,18.0,19.0,1.394,0.0381,11.34,27.16,40.66,1.35,1.156,1.78
LMT-0112,19.0,20.0,1.179,0.0283,11.07,26.01,39.87,1.05,0.946,1.84
LMT-0112,20.0,21.0,1.096,0.0268,9.41,26.39,41.55,0.94,0.771,1.94
LMT-0112,21.0,22.0,0.279,0.015,6.79,40.99,44.61,1.17,0.504,2.69
LMT-0112,22.0,23.0,0.334,0.018,6.37,35.63,43.65,1.05,0.433,2.74
LMT-0112,23.0,24.2,,,,,,,,2.57
LMT-0113,0.0,1.0,0.768,0.047,53.58,0.85,4.0,9.76,3.482,1.58
LMT-0113,1.0,2.0,1.039,0.0805,48.88,1.8,7.12,8.3,2.733,1.54
LMT-0113,2.0,3.0,1.076,0.0806,45.18,2.67,9.13,6.74,2.215,1.56
LMT-0113,3.0,4.0,1.121,0.0874,44.29,4.36,11.74,5.76,2.636,1.46
LMT-0113,4.0,5.0,1.045,0.1155,41.91,4.45,14.5,5.1,3.039,1.53
LMT-0113,5.0,6.0,1.08,0.2483,41.6,5.82,15.48,4.75,2.444,1.7
LMT-0113,6.0,7.0,1.503,0.2364,39.53,6.31,17.62,3.54,2.027,1.56
LMT-0113,7.0,8.0,2.546,0.2052,21.58,11.09,33.75,2.17,1.6,1.5
LMT-0113,8.0,9.0,1.957,0.1216,21.51,12.31,37.88,2.41,1.555,1.58
LMT-0113,9.0,10.0,2.272,0.0776,19.07,15.7,36.52,2.65,1.43,1.64
LMT-0113,10.0,11.0,2.485,0.0581,20.43,15.05,37.9,2.27,1.492,1.66
LMT-0113,11.0,12.0,2.268,0.0469,17.93,16.93,35.55,2.56,1.6,1.61
LMT-0113,12.0,13.0,2.157,0.0419,16.71,19.87,37.51,2.02,1.434,1.73
LMT-0113,13.0,14.0,1.791,0.0488,16.31,19.06,35.87,2.01,1.404,1.74
LMT-0113,14.0,15.0,1.795,0.0435,16.4,21.7,40.13,2.0,1.273,1.67
LMT-0113,15.0,16.0,1.629,0.0388,13.65,21.56,44.53,1.84,1.119,1.85
LMT-0113,16.0,17.0,1.69,0.0428,13.81,24.86,39.73,1.68,1.224,1.83
LMT-0113,17.0,18.0,1.422,0.033,12.25,25.57,41.48,1.69,1.141,1.83
LMT-0113,18.0,19.0,1.35,0.032,11.77,27.02,43.41,1.59,1.106,1.72
LMT-0113,19.0,20.0,1.207,0.0282,11.31,26.6,40.48,0.93,1.032,1.86
LMT-0113,20.0,21.0,0.304,0.0193,7.09,37.81,39.7,0.9,0.533,2.68
LMT-0113,21.0,22.0,0.315,0.0176,7.2,45.0,43.01,1.17,0.571,2.85
LMT-0113,22.0,23.0,0.253,0.0113,6.8,37.67,43.76,0.84,0.453,2.48
LMT-0113,23.0,23.4,0.287,0.0146,6.67,42.12,43.23,0.95,0.4,2.82
LMT-0114,0.0,1.0,0.515,0.0264,48.59,0.72,3.52,6.27,2.866,1.53
LMT-0114,1.0,2.0,0.826,0.0652,44.89,1.55,6.92,5.91,2.799,1.43
LMT-0114,2.0,3.0,0.925,0.0569,45.53,1.95,7.57,5.13,1.86,1.55
LMT-0114,3.0,4.0,0.987,0.0674,41.87,2.75,8.39,5.3,1.681,1.38
LMT-0114,4.0,5.0,1.012,0.0769,41.58,2.86,9.04,6.22,2.378,1.45
LMT-0114,5.0,6.0,0.923,0.0678,38.73,3.96,11.02,5.12,2.226,1.31
LMT-0114,6.0,7.0,1.104,0.0894,41.5,4.15,12.1,4.15,1.708,1.44
LMT-0114,7.0,8.0,1.154,0.142,34.38,4.39,14.92,4.3,2.113,1.44
LMT-0114,8.0,9.0,1.146,0.1812,38.2,4.54,15.44,3.57,1.683,1.4
LMT-0114,9.0,10.0,1.106,0.2895,37.73,4.95,16.93,3.6,1.722,1.43
LMT-0114,10.0,11.0,1.773,0.1361,19.83,8.69,34.9,1.77,1.316,1.49
LMT-0114,11.0,12.0,2.1,0.0695,19.19,11.31,33.66,1.97,1.321,1.48
LMT-0114,12.0,13.0,1.641,0.0481,17.84,12.02,33.31,1.5,1.399,1.42
LMT-0114,13.0,14.0,1.62,0.0433,17.78,14.29,32.36,1.55,1.16,1.57
LMT-0114,14.0,15.0,1.844,0.0311,16.31,12.67,33.93,1.78,1.273,1.59
LMT-0114,15.0,16.0,1.497,0.0427,15.43,14.14,30.29,1.81,1.142,1.58
LMT-0114,16.0,17.0,1.529,0.0382,15.24,19.02,32.52,1.41,0.977,1.63
LMT-0114,17.0,18.0,1.573,0.0392,15.88,20.72,37.18,1.67,1.094,1.7
LMT-0114,18.0,19.0,1.351,0.0278,14.81,18.52,30.17,1.47,1.156,1.67
LMT-0114,19.0,20.0,1.07,0.0218,12.75,20.02,37.92,1.28,0.899,1.59
LMT-0114,20.0,21.0,1.156,0.0184,13.35,19.64,38.34,1.11,1.096,1.66
LMT-0114,21.0,22.0,1.309,0.0258,10.38,21.77,33.95,1.33,0.889,1.7
LMT-0114,22.0,23.0,1.385,0.0245,10.64,21.96,34.37,1.26,0.881,1.8
LMT-0114,23.0,24.0,1.083,0.0263,10.38,24.21,39.59,1.19,0.67,1.76
LMT-0114,24.0,25.0,0.916,0.0161,9.34,25.41,39.54,0.85,0.808,1.85
LMT-0114,25.0,26.0,0.243,0.0134,6.58,36.82,33.9,0.89,0.376,2.57
LMT-0114,26.0,26.9,0.242,0.0096,5.7,32.64,39.94,0.96,0.409,2.41
LMT-0115,0.0,1.0,0.667,0.0392,48.47,0.56,3.42,8.99,3.371,1.55
LMT-0115,1.0,2.0,0.724,0.0607,50.13,1.14,4.66,6.29,2.578,1.47
LMT-0115,2.0,3.0,0.909,0.0695,47.07,1.68,8.1,6.06,2.565,1.47
LMT-0115,3.0,4.0,1.03,0.0691,46.84,2.36,7.53,7.02,2.987,1.48
LMT-0115,4.0,5.0,1.04,0.0836,43.98,2.72,9.22,6.13,2.666,1.59
LMT-0115,5.0,6.0,1.031,0.0932,45.57,2.97,9.97,6.13,2.913,1.57
LMT-0115,6.0,7.0,1.213,0.0741,44.23,3.44,11.18,6.66,2.812,1.49
LMT-0115,7.0,8.0,1.078,0.0959,48.68,4.28,11.5,4.65,2.424,1.39
LMT-0115,8.0,9.0,1.122,0.0849,42.86,3.96,13.04,5.68,2.385,1.58
LMT-0115,9.0,10.0,1.157,0.0991,45.96,5.16,13.19,5.97,1.947,1.58
LMT-0115,10.0,11.0,1.276,0.1415,43.13,5.4,15.07,4.67,2.458,1.61
LMT-0115,11.0,12.0,1.277,0.1181,44.34,5.32,14.65,5.53,2.608,1.59
LMT-0115,12.0,13.0,1.346,0.1912,38.47,6.49,16.28,4.54,2.179,1.67
LMT-0115,13.0,14.0,1.415,0.3181,40.96,5.82,16.21,4.17,2.193,1.46
LMT-0115,14.0,15.0,1.379,0.3193,37.46,6.55,17.08,3.43,2.247,1.52
LMT-0115,15.0,16.0,2.391,0.1367,21.22,13.17,35.69,2.78,1.941,1.57
LMT-0115,16.0,17.0,1.907,0.1024,18.66,13.33,34.67,2.2,1.475,1.57
LMT-0115,17.0,18.0,1.686,0.052,17.76,17.28,38.64,2.05,1.361,1.71
LMT-0115,18.0,19.0,1.643,0.0419,15.74,19.69,37.04,2.12,1.34,1.72
LMT-0115,19.0,20.0,1.465,0.0365,14.63,21.75,32.9,1.72,1.086,1.79
LMT-0115,20.0,21.0,1.718,0.0346,13.01,23.01,41.29,1.67,1.035,1.86
LMT-0115,21.0,22.0,1.287,0.0368,11.97,26.99,41.56,1.51,0.842,1.94
LMT-0115,22.0,23.0,1.096,0.0276,10.54,30.65,40.45,0.94,0.886,1.84
LMT-0115,23.0,24.0,0.29,0.0171,6.86,41.19,41.35,1.16,0.648,2.54
LMT-0115,24.0,25.1,0.277,0.0121,6.75,39.14,41.55,1.08,0.543,2.85
LMT-0116,0.0,1.0,0.515,0.0262,45.53,0.76,3.41,6.1,2.949,1.59
LMT-0116,1.0,2.0,0.639,0.0342,47.55,0.86,4.29,6.54,2.706,1.52
LMT-0116,2.0,3.0,0.764,0.0638,44.16,1.62,6.93,5.73,2.449,1.31
LMT-0116,3.0,4.0,0.715,0.0482,44.06,1.69,7.65,4.83,1.869,1.35
LMT-0116,4.0,5.0,0.974,0.0616,45.42,2.37,8.94,4.74,2.26,1.32
LMT-0116,5.0,6.0,0.714,0.0434,42.22,2.54,9.85,5.47,1.892,1.47
LMT-0116,6.0,7.0,0.979,0.091,41.93,3.36,9.2,5.29,2.241,1.4
LMT-0116,7.0,8.0,1.143,0.081,41.93,3.81,11.53,3.8,2.283,1.46
LMT-0116,8.0,9.0,0.997,0.0858,44.45,3.57,12.05,5.21,2.263,1.41
LMT-0116,9.0,10.0,1.061,0.0782,36.72,3.48,12.48,4.62,1.997,1.47
LMT-0116,10.0,11.0,1.13,0.0705,38.12,4.33,14.29,5.21,2.174,1.41
LMT-0116,11.0,12.0,1.063,0.0799,39.46,4.2,16.05,3.08,1.658,1.44
LMT-0116,12.0,13.0,1.444,0.1467,38.52,5.35,14.72,4.22,1.557,1.5
LMT-0116,13.0,14.0,1.211,0.23,38.02,6.42,15.72,3.43,1.922,1.38
LMT-0116,14.0,15.0,1.717,0.1466,21.16,9.83,31.37,2.51,1.524,1.51
LMT-0116,15.0,16.0,1.539,0.0899,19.42,10.42,33.77,2.42,1.263,1.48
LMT-0116,16.0,17.0,1.701,0.0602,17.63,11.74,35.89,2.06,1.314,1.46
LMT-0116,17.0,18.0,1.424,0.046,16.83,13.48,33.27,2.1,1.137,1.5
LMT-0116,18.0,19.0,1.482,0.0426,16.83,13.71,36.84,1.48,1.308,1.65
LMT-0116,19.0,20.0,1.702,0.0495,14.46,16.2,33.94,1.6,1.034,1.55
LMT-0116,20.0,21.0,1.57,0.0248,14.41,18.06,36.54,1.62,0.987,1.7
LMT-0116,21.0,22.0,1.355,0.0253,12.28,18.63,36.2,1.26,1.133,1.67
LMT-0116,22.0,23.0,1.397,0.0329,12.41,22.76,39.27,1.49,0.954,1.73
LMT-0116,23.0,24.0,1.249,0.0286,11.91,21.26,39.17,1.14,0.974,1.75
LMT-0116,24.0,25.0,1.049,0.0256,11.59,26.14,34.21,1.06,0.898,1.71
LMT-0116,25.0,26.0,0.971,0.0182,10.55,25.9,36.7,0.91,0.989,1.65
LMT-0116,26.0,27.0,0.922,0.0184,8.92,23.41,37.61,0.84,0.769,1.93
LMT-0116,27.0,28.0,0.248,0.0117,6.07,35.23,40.43,0.99,0.432,2.58
LMT-0116,28.0,29.0,0.225,0.008,6.6,36.58,37.01,1.08,0.508,2.58
LMT-0116,29.0,29.9,0.254,0.0138,5.94,43.54,34.73,0.75,0.447,2.72
LMT-0117,0.0,1.0,0.627,0.0204,45.92,0.6,3.22,7.39,2.814,1.47
LMT-0117,1.0,2.0,0.821,0.0453,48.91,0.84,4.14,6.08,2.709,1.48
LMT-0117,2.0,3.0,0.761,0.0318,44.57,1.29,6.49,4.94,2.73,1.4
LMT-0117,3.0,4.0,0.816,0.0483,42.28,1.93,7.38,6.9,2.317,1.29
LMT-0117,4.0,5.0,0.848,0.0492,41.27,2.17,8.17,5.53,2.326,1.34
LMT-0117,5.0,6.0,0.829,0.0646,41.21,2.51,9.2,4.87,2.346,1.46
LMT-0117,6.0,7.0,0.919,0.0545,44.37,3.18,10.78,4.14,1.742,1.26
LMT-0117,7.0,8.0,1.02,0.0404,40.23,3.15,11.78,4.95,1.699,1.42
LMT-0117,8.0,9.0,1.033,0.0632,39.13,4.14,11.57,4.63,1.865,1.26
LMT-0117,9.0,10.0,1.049,0.082,37.79,4.56,12.89,4.25,1.571,1.44
LMT-0117,10.0,11.0,1.123,0.1159,34.0,4.42,14.06,3.72,1.863,1.45
LMT-0117,11.0,12.0,1.053,0.161,39.38,5.44,13.77,3.21,1.451,1.63
LMT-0117,12.0,13.0,1.274,0.2323,35.09,5.66,17.13,3.06,1.6,1.52
LMT-0117,13.0,14.0,1.88,0.104,19.16,9.73,27.92,1.74,1.118,1.43
LMT-0117,14.0,15.0,1.921,0.0566,18.11,11.92,31.09,1.95,1.332,1.45
LMT-0117,15.0,16.0,2.131,0.0496,17.39,12.65,31.82,2.15,1.014,1.53
LMT-0117,16.0,17.0,1.662,0.0433,17.17,15.36,30.49,1.45,1.049,1.39
LMT-0117,17.0,18.0,1.736,0.0342,15.36,15.74,31.5,1.95,1.054,1.49
LMT-0117,18.0,19.0,1.429,0.0269,14.57,16.1,34.94,1.19,1.142,1.58
LMT-0117,19.0,20.0,1.437,0.0356,14.61,17.51,38.55,1.14,1.102,1.47
LMT-0117,20.0,21.0,1.212,0.0343,12.3,20.01,32.56,1.07,0.965,1.62
LMT-0117,21.0,22.0,1.074,0.0239,11.44,19.79,34.45,1.05,0.728,1.68
LMT-0117,22.0,23.0,1.122,0.0243,10.9,22.01,36.34,0.95,0.743,1.69
LMT-0117,23.0,24.0,1.039,0.0213,10.58,23.8,37.86,0.91,0.795,1.66
LMT-0117,24.0,25.0,1.12,0.0156,8.72,26.55,38.19,0.94,0.742,1.76
LMT-0117,25.0,26.0,0.25,0.0073,6.1,29.73,34.93,0.77,0.402,2.39
LMT-0117,26.0,27.0,0.251,0.0083,6.35,34.17,39.76,0.79,0.405,2.54
LMT-0118,0.0,1.0,0.57,0.0159,47.7,0.55,2.83,8.04,2.563,1.46
LMT-0118,1.0,2.0,0.738,0.0328,43.91,0.88,4.41,7.52,3.106,1.42
LMT-0118,2.0,3.0,0.678,0.0591,44.81,1.53,6.58,5.58,2.033,1.4
LMT-0118,3.0,4.0,0.963,0.0648,42.11,2.12,7.45,5.27,2.359,1.41
LMT-0118,4.0,5.0,1.026,0.0722,40.42,2.48,9.19,4.62,1.989,1.35
LMT-0118,5.0,6.0,1.134,0.059,37.58,2.73,9.85,4.4,2.058,1.27
LMT-0118,6.0,7.0,1.078,0.0823,41.91,3.51,10.97,3.34,1.723,1.28
LMT-0118,7.0,8.0,1.027,0.0724,39.2,3.96,12.8,3.3,1.857,1.44
LMT-0118,8.0,9.0,1.19,0.115,37.25,4.48,13.16,3.53,1.617,1.52
LMT-0118,9.0,10.0,1.136,0.1245,33.5,5.11,15.18,3.87,1.958,1.39
LMT-0118,10.0,11.0,,,,,,,,1.48
LMT-0118,11.0,12.0,2.086,0.1509,20.77,8.92,31.72,2.11,1.173,1.43
LMT-0118,12.0,13.0,1.778,0.0656,16.9,11.49,29.32,1.74,1.365,1.38
LMT-0118,13.0,14.0,2.032,0.0283,16.62,12.91,33.18,1.65,1.245,1.53
LMT-0118,14.0,15.0,1.805,0.0384,15.6,15.52,32.96,1.33,1.032,1.44
LMT-0118,15.0,16.0,1.531,0.0422,15.01,16.7,35.21,0.97,0.885,1.53
LMT-0118,16.0,17.0,1.602,0.0312,13.84,17.93,36.39,1.52,0.952,1.66
LMT-0118,17.0,18.0,1.127,0.0328,13.16,18.44,33.56,1.61,0.988,1.63
LMT-0118,18.0,19.0,1.242,0.0269,11.12,22.41,37.21,1.26,0.792,1.56
LMT-0118,19.0,20.0,1.093,0.0228,10.15,20.15,34.85,1.02,0.657,1.63
LMT-0118,20.0,21.0,0.924,0.0203,8.88,22.17,36.54,0.68,0.762,1.71
LMT-0118,21.0,22.0,0.28,0.0124,6.28,35.05,37.94,0.8,0.397,2.42
LMT-0118,22.0,23.0,0.218,0.0123,6.56,31.45,36.31,0.91,0.466,2.49
LMT-0118,23.0,24.0,0.236,0.0082,6.4,38.35,39.33,0.85,0.422,2.45
LMT-0119,0.0,1.0,0.586,0.029,53.84,0.62,3.28,6.73,2.277,1.47
LMT-0119,1.0,2.0,0.685,0.0438,43.14,0.89,4.26,6.06,2.321,1.4
LMT-0119,2.0,3.0,0.847,0.0404,40.49,1.41,6.45,7.1,2.511,1.37
LMT-0119,3.0,4.0,0.813,0.041,45.11,2.14,8.87,5.04,2.255,1.33
LMT-0119,4.0,5.0,1.166,0.0632,44.42,2.64,10.71,5.95,1.965,1.29
LMT-0119,5.0,6.0,0.973,0.0646,39.67,3.38,11.72,3.73,2.269,1.55
LMT-0119,6.0,7.0,1.243,0.0935,39.82,4.24,13.32,4.46,2.009,1.49
LMT-0119,7.0,8.0,1.406,0.1877,38.41,4.1,13.28,3.62,2.111,1.51
LMT-0119,8.0,9.0,1.029,0.1934,36.51,5.06,15.01,2.8,1.935,1.4
LMT-0119,9.0,10.0,1.941,0.1672,20.03,10.58,33.87,1.97,1.212,1.5
LMT-0119,10.0,11.0,2.094,0.0878,17.63,11.76,33.27,2.54,1.56,1.41
LMT-0119,11.0,12.0,1.463,0.0418,16.36,14.75,36.5,2.09,1.077,1.55
LMT-0119,12.0,13.0,1.424,0.0368,15.2,14.05,35.64,1.31,1.318,1.66
LMT-0119,13.0,14.0,1.499,0.0287,13.26,17.83,35.36,1.71,0.961,1.61
LMT-0119,14.0,15.0,1.31,0.0315,13.09,23.13,35.03,1.2,0.844,1.64
LMT-0119,15.0,16.0,1.392,0.0252,10.45,20.41,35.87,0.97,0.694,1.77
LMT-0119,16.0,17.0,0.993,0.0226,9.46,23.0,36.06,0.97,0.846,1.76
LMT-0119,17.0,18.0,0.247,0.0122,6.89,35.52,38.75,0.87,0.464,2.72
LMT-0119,18.0,18.9,0.277,0.0098,6.41,35.67,40.31,0.81,0.389,2.43
LMT-0120,0.0,1.0,0.487,0.0393,49.74,0.62,3.06,7.46,2.992,1.48
LMT-0120,1.0,2.0,0.698,0.0594,43.45,0.95,4.41,6.02,2.931,1.54
LMT-0120,2.0,3.0,0.84,0.0579,47.09,1.63,7.24,5.98,2.591,1.47
LMT-0120,3.0,4.0,0.882,0.0687,45.13,2.6,8.64,7.44,2.601,1.48
LMT-0120,4.0,5.0,1.105,0.0796,40.08,3.23,11.37,4.92,2.287,1.44
LMT-0120,5.0,6.0,1.045,0.0764,43.76,4.36,13.07,4.53,2.523,1.61
LMT-0120,6.0,7.0,1.124,0.1927,47.27,5.54,13.64,3.08,1.907,1.42
LMT-0120,7.0,8.0,1.46,0.2831,36.84,5.8,17.97,3.91,2.196,1.55
LMT-0120,8.0,9.0,2.288,0.1418,19.69,13.5,35.69,2.74,1.355,1.43
LMT-0120,9.0,10.0,1.842,0.1225,16.15,13.75,35.95,2.22,1.282,1.54
LMT-0120,10.0,11.0,1.618,0.0534,15.94,17.79,34.15,1.57,1.158,1.74
LMT-0120,11.0,12.0,1.493,0.0271,13.1,19.25,38.25,1.55,1.132,1.72
LMT-0120,12.0,13.0,1.391,0.0319,10.29,25.22,41.17,1.28,0.874,1.8
LMT-0120,13.0,14.0,0.324,0.0139,6.51,35.85,43.48,0.97,0.524,2.68
LMT-0120,14.0,15.0,0.316,0.0137,6.86,39.69,43.6,1.0,0.486,2.66
LMT-0120,15.0,16.0,0.267,0.0106,6.41,37.32,43.47,0.89,0.427,2.5
LMT-0120,16.0,16.3,0.327,0.0143,6.11,32.45,38.48,1.01,0.488,2.52
LMT-0121,0.0,1.0,0.679,0.0308,50.25,0.71,3.31,7.35,2.778,1.41
LMT-0121,1.0,2.0,1.029,0.055,51.09,0.97,5.32,8.15,2.622,1.6
LMT-0121,2.0,3.0,1.004,0.0679,45.7,2.01,8.41,6.41,2.907,1.37
LMT-0121,3.0,4.0,1.115,0.0742,45.66,2.64,9.27,6.63,2.422,1.52
LMT-0121,4.0,5.0,1.122,0.0956,46.03,3.68,11.18,4.09,2.476,1.54
LMT-0121,5.0,6.0,1.047,0.0638,43.51,4.01,12.97,5.25,2.417,1.51
LMT-0121,6.0,7.0,1.387,0.1014,44.82,4.93,13.98,3.69,2.119,1.5
LMT-0121,7.0,8.0,1.327,0.2335,39.39,5.68,15.16,4.51,2.074,1.41
LMT-0121,8.0,9.0,1.587,0.3206,40.2,4.95,17.64,3.05,2.248,1.4
LMT-0121,9.0,10.0,2.382,0.1653,20.66,10.58,34.84,2.55,1.812,1.58
LMT-0121,10.0,11.0,1.516,0.0926,17.55,18.11,33.89,1.77,1.191,1.71
LMT-0121,11.0,12.0,1.595,0.0523,13.89,23.67,39.73,1.51,1.146,1.68
LMT-0121,12.0,13.0,1.107,0.0268,11.05,28.07,40.05,1.2,1.047,1.79
LMT-0121,13.0,14.0,0.253,0.0146,7.68,40.88,38.92,1.07,0.468,2.59
LMT-0121,14.0,15.0,0.277,0.0105,6.64,40.73,41.0,1.04,0.513,2.74
LMT-0121,15.0,15.4,0.28,0.0135,6.61,41.34,41.19,0.94,0.465,2.62
LMT-0122,0.0,1.0,0.722,0.0331,47.01,0.8,4.2,8.16,2.369,1.54
LMT-0122,1.0,2.0,1.075,0.0863,45.97,1.75,6.93,6.21,2.839,1.29
LMT-0122,2.0,3.0,1.018,0.0776,48.25,2.0,7.9,6.95,2.548,1.4
LMT-0122,3.0,4.0,1.039,0.0783,46.59,2.67,9.21,5.59,2.229,1.49
LMT-0122,4.0,5.0,0.983,0.072,45.94,3.11,9.42,5.67,3.056,1.4
LMT-0122,5.0,6.0,1.003,0.0984,45.6,3.71,12.11,5.62,2.332,1.53
LMT-0122,6.0,7.0,1.32,0.0955,45.21,3.53,12.17,4.73,2.033,1.56
LMT-0122,7.0,8.0,1.112,0.0841,39.38,5.31,13.16,4.03,2.173,1.51
LMT-0122,8.0,9.0,1.078,0.0854,40.76,4.92,15.79,4.3,2.011,1.58
LMT-0122,9.0,10.0,1.486,0.1442,40.76,5.04,16.21,3.94,2.169,1.48
LMT-0122,10.0,11.0,1.887,0.263,38.21,6.56,16.98,3.41,1.938,1.55
LMT-0122,11.0,12.0,2.424,0.1297,19.22,11.09,32.47,2.25,1.625,1.56
LMT-0122,12.0,13.0,1.927,0.118,17.07,15.39,35.72,1.54,1.204,1.58
LMT-0122,13.0,14.0,1.434,0.0539,14.33,18.07,39.42,1.7,1.249,1.82
LMT-0122,14.0,15.0,1.34,0.0234,12.04,28.59,34.39,1.28,0.979,1.8
LMT-0122,15.0,16.0,0.251,0.0172,6.65,39.45,41.15,1.28,0.399,2.85
LMT-0122,16.0,17.0,0.267,0.0116,6.85,40.25,45.65,1.03,0.475,2.72
LMT-0122,17.0,17.5,0.274,0.0122,6.97,39.53,40.54,1.27,0.503,2.54
LMT-0123,0.0,1.0,0.71,0.0483,54.3,0.9,4.5,7.55,2.363,1.63
LMT-0123,1.0,2.0,0.848,0.0621,47.93,1.55,7.35,6.28,2.253,1.38
LMT-0123,2.0,3.0,1.05,0.0702,46.08,2.27,7.21,4.72,2.874,1.4
LMT-0123,3.0,4.0,0.944,0.055,48.17,2.02,9.2,4.98,2.561,1.44
LMT-0123,4.0,5.0,1.232,0.0793,45.52,2.38,10.42,5.81,2.888,1.42
LMT-0123,5.0,6.0,1.061,0.0862,44.87,3.05,9.41,4.35,2.402,1.39
LMT-0123,6.0,7.0,1.008,0.0608,43.18,3.09,11.52,5.02,1.811,1.48
LMT-0123,7.0,8.0,1.117,0.0568,40.7,3.6,12.02,5.62,2.033,1.38
LMT-0123,8.0,9.0,1.117,0.101,40.74,4.47,13.07,4.02,2.121,1.43
LMT-0123,9.0,10.0,0.997,0.0681,42.04,4.73,13.67,3.68,2.146,1.53
LMT-0123,10.0,11.0,1.031,0.0453,43.47,4.8,13.38,3.13,2.02,1.48
LMT-0123,11.0,12.0,1.135,0.1446,36.63,4.8,15.76,4.07,1.831,1.54
LMT-0123,12.0,13.0,1.049,0.1958,38.43,5.89,16.81,3.32,1.871,1.51
LMT-0123,13.0,14.0,1.215,0.3017,35.93,6.09,17.47,3.48,1.953,1.49
LMT-0123,14.0,15.0,1.813,0.1219,18.12,11.24,34.51,2.34,1.343,1.62
LMT-0123,15.0,16.0,1.967,0.0741,16.97,14.25,36.16,1.86,1.427,1.65
LMT-0123,16.0,17.0,1.354,0.0494,15.46,14.67,35.52,1.68,1.171,1.67
LMT-0123,17.0,18.0,1.503,0.0314,13.33,21.99,39.19,1.68,1.078,1.72
LMT-0123,18.0,19.0,1.027,0.0228,11.55,22.11,41.78,0.87,0.99,1.79
LMT-0123,19.0,20.0,1.211,0.0185,9.9,27.71,40.37,1.0,0.623,1.85
LMT-0123,20.0,21.0,0.253,0.0107,6.83,35.33,40.23,0.94,0.473,2.52
LMT-0123,21.0,22.1,0.219,0.0137,6.4,32.17,36.8,0.81,0.371,2.74
LMT-0124,0.0,1.0,0.493,0.0293,44.81,0.67,2.76,6.2,1.681,1.53
LMT-0124,1.0,2.0,0.662,0.0376,43.72,1.37,6.15,4.27,1.908,1.25
LMT-0124,2.0,3.0,0.746,0.0373,41.43,1.67,6.33,4.63,2.073,1.34
LMT-0124,3.0,4.0,0.841,0.0506,39.74,1.93,7.54,4.28,1.808,1.35
LMT-0124,4.0,5.0,0.768,0.0582,35.81,2.75,9.51,4.75,1.697,1.31
LMT-0124,5.0,6.0,0.633,0.06,37.78,2.57,9.64,4.52,1.679,1.33
LMT-0124,6.0,7.0,0.96,0.0663,36.11,3.32,11.39,3.36,2.284,1.33
LMT-0124,7.0,8.0,0.98,0.0458,39.1,3.19,12.14,3.03,1.827,1.4
LMT-0124,8.0,9.0,0.875,0.0828,36.26,3.6,12.14,2.92,1.67,1.34
LMT-0124,9.0,10.0,1.061,0.1079,32.73,4.96,13.97,2.61,2.098,1.3
LMT-0124,10.0,11.0,1.079,0.2148,36.16,5.22,14.4,2.16,1.569,1.39
LMT-0124,11.0,12.0,2.166,0.0902,18.39,7.6,28.98,1.88,1.019,1.35
LMT-0124,12.0,13.0,1.903,0.0705,16.55,9.61,29.18,1.95,1.238,1.43
LMT-0124,13.0,14.0,1.529,0.0388,16.25,10.25,30.11,1.84,1.116,1.51
LMT-0124,14.0,15.0,1.44,0.0316,16.67,12.11,32.27,1.68,1.21,1.38
LMT-0124,15.0,16.0,1.862,0.0179,15.06,12.86,29.75,1.09,1.053,1.52
LMT-0124,16.0,17.0,1.238,0.0281,15.37,14.45,29.92,1.6,0.691,1.53
LMT-0124,17.0,18.0,1.056,0.0244,13.1,14.33,30.75,1.15,0.898,1.49
LMT-0124,18.0,19.0,1.12,0.019,11.63,16.24,33.65,1.22,0.989,1.58
LMT-0124,19.0,20.0,1.058,0.0192,12.29,18.17,30.63,1.03,0.802,1.63
LMT-0124,20.0,21.0,1.031,0.0108,11.7,18.78,34.81,1.25,0.794,1.57
LMT-0124,21.0,22.0,1.019,0.0167,11.01,21.21,36.94,1.14,0.698,1.6
LMT-0124,22.0,23.0,0.959,0.0219,10.47,22.34,36.74,0.9,0.874,1.54
LMT-0124,23.0,24.0,0.735,0.0142,9.39,22.68,32.12,0.67,0.698,1.61
LMT-0124,24.0,25.0,0.197,0.0076,6.31,32.15,32.44,0.8,0.383,2.35
LMT-0124,25.0,26.0,0.218,0.0096,5.95,29.23,32.72,0.84,0.483,2.4
LMT-0124,26.0,27.2,0.228,0.0063,5.81,32.36,33.62,0.69,0.322,2.47
LMT-0125,0.0,1.0,0.527,0.0344,46.16,0.57,3.15,3.99,1.68,1.42
LMT-0125,1.0,2.0,0.778,0.0242,39.36,1.33,5.75,3.36,1.966,1.23
LMT-0125,2.0,3.0,0.866,0.0349,33.99,1.46,7.57,3.47,1.767,1.33
LMT-0125,3.0,4.0,0.974,0.0446,38.01,2.21,8.2,2.38,2.1,1.3
LMT-0125,4.0,5.0,0.699,0.0541,35.69,2.6,8.3,2.61,1.589,1.35
LMT-0125,5.0,6.0,0.89,0.0388,38.14,3.24,10.47,3.16,1.934,1.32
LMT-0125,6.0,7.0,0.788,0.0469,34.71,3.3,9.99,2.47,1.507,1.27
LMT-0125,7.0,8.0,0.88,0.0609,34.99,2.71,10.14,3.51,1.234,1.36
LMT-0125,8.0,9.0,0.869,0.0688,32.29,3.93,12.5,2.93,1.255,1.37
LMT-0125,9.0,10.0,1.199,0.1559,37.42,4.32,13.45,1.91,1.114,1.24
LMT-0125,10.0,11.0,1.932,0.1235,16.53,6.82,26.19,1.69,1.08,1.36
LMT-0125,11.0,12.0,1.766,0.0578,17.5,9.2,26.49,2.04,1.309,1.31
LMT-0125,12.0,13.0,1.962,0.0402,15.05,9.61,23.58,1.13,1.103,1.35
LMT-0125,13.0,14.0,1.259,0.0327,17.01,12.1,27.52,1.55,0.969,1.41
LMT-0125,14.0,15.0,1.368,0.0332,15.82,12.67,27.49,1.38,0.804,1.43
LMT-0125,15.0,16.0,1.516,0.0138,16.74,8.67,31.92,1.11,0.94,1.49
LMT-0125,16.0,17.0,1.171,0.0257,13.66,13.12,28.51,1.6,0.84,1.29
LMT-0125,17.0,18.0,1.225,0.0173,14.47,12.21,26.03,1.55,0.743,1.37
LMT-0125,18.0,19.0,1.384,0.0208,12.23,15.96,29.14,1.04,0.895,1.57
LMT-0125,19.0,20.0,0.933,0.0167,12.26,15.72,32.82,1.14,0.818,1.56
LMT-0125,20.0,21.0,1.25,0.0201,12.21,13.57,31.26,0.49,0.582,1.58
LMT-0125,21.0,22.0,0.965,0.0218,9.21,15.8,29.08,1.01,0.813,1.5
LMT-0125,22.0,23.0,1.155,0.0142,11.18,18.02,33.16,1.07,0.664,1.5
LMT-0125,23.0,24.0,0.944,0.0182,8.88,17.65,33.69,0.62,0.605,1.62
LMT-0125,24.0,25.0,0.731,0.0091,7.96,20.92,35.45,0.66,0.839,1.59
LMT-0125,25.0,26.0,0.286,0.0068,6.12,28.02,32.01,0.69,0.321,2.46
LMT-0125,26.0,27.0,0.22,0.006,6.01,33.07,32.95,0.49,0.419,2.27
LMT-0125,27.0,28.0,0.169,0.0107,5.56,29.78,32.57,0.63,0.255,2.16
LMT-0125,28.0,28.3,0.225,0.0059,5.81,32.33,31.28,0.54,0.252,2.22
LMT-0126,0.0,1.0,0.623,0.0381,47.58,0.78,4.3,5.47,2.21,1.37
LMT-0126,1.0,2.0,0.994,0.0611,47.11,1.77,7.57,4.72,1.536,1.36
LMT-0126,2.0,3.0,0.951,0.0367,42.43,2.67,8.97,4.7,1.911,1.32
LMT-0126,3.0,4.0,1.082,0.0932,39.95,3.48,10.85,3.49,2.326,1.36
LMT-0126,4.0,5.0,1.1,0.1855,35.62,4.57,13.46,3.27,1.609,1.46
LMT-0126,5.0,6.0,1.118,0.233,33.37,5.37,15.04,2.31,1.769,1.46
LMT-0126,6.0,7.0,1.897,0.1176,19.78,9.06,28.93,2.04,1.091,1.39
LMT-0126,7.0,8.0,2.002,0.0941,18.13,13.25,33.24,1.7,0.908,1.6
LMT-0126,8.0,9.0,1.779,0.0507,15.43,13.82,33.25,1.56,1.243,1.56
LMT-0126,9.0,10.0,1.47,0.032,15.47,13.68,32.21,1.66,1.063,1.5
LMT-0126,10.0,11.0,1.713,0.0289,15.34,17.35,35.0,1.66,1.145,1.47
LMT-0126,11.0,12.0,1.5,0.0307,11.27,17.1,33.81,1.29,0.738,1.55
LMT-0126,12.0,13.0,1.235,0.0232,10.88,21.19,40.62,1.23,0.735,1.51
LMT-0126,13.0,14.0,1.136,0.0184,11.37,23.46,36.05,0.91,0.781,1.82
LMT-0126,14.0,15.0,1.01,0.022,9.11,23.41,37.16,0.87,0.715,1.68
LMT-0126,15.0,16.0,0.259,0.0138,6.31,33.25,36.91,0.71,0.33,2.49
LMT-0126,16.0,17.0,0.258,0.0089,6.2,30.3,36.82,0.88,0.383,2.56
LMT-0126,17.0,17.5,0.234,0.0088,5.77,35.27,34.49,0.65,0.318,2.49
LMT-0127,0.0,1.0,0.634,0.0651,51.82,0.94,4.65,8.41,3.326,1.56
LMT-0127,1.0,2.0,,,,,,,,1.55
LMT-0127,2.0,3.0,1.042,0.1613,46.25,4.28,12.59,3.56,2.482,1.5
LMT-0127,3.0,4.0,1.105,0.2857,40.71,5.24,16.47,3.52,2.378,1.47
LMT-0127,4.0,5.0,1.959,0.1584,21.0,11.07,33.59,2.63,1.599,1.52
LMT-0127,5.0,6.0,1.795,0.1354,17.21,13.47,35.18,2.13,1.639,1.58
LMT-0127,6.0,7.0,1.76,0.0818,16.75,16.83,35.78,1.8,1.424,1.62
LMT-0127,7.0,8.0,1.409,0.0494,13.74,22.44,36.27,1.78,0.999,1.65
LMT-0127,8.0,9.0,1.349,0.0293,11.77,23.09,39.7,1.47,1.276,1.81
LMT-0127,9.0,10.0,1.042,0.0233,10.17,27.07,38.12,1.1,0.822,1.98
LMT-0127,10.0,11.0,0.253,0.0176,7.23,33.42,38.53,1.08,0.575,2.73
LMT-0127,11.0,12.0,0.243,0.0112,6.74,35.84,37.95,1.12,0.49,2.85
LMT-0127,12.0,13.0,0.236,0.009,6.71,33.99,39.54,1.0,0.496,2.72
LMT-0128,0.0,1.0,0.579,0.0476,49.54,0.8,4.13,9.58,2.741,1.76
LMT-0128,1.0,2.0,0.896,0.0778,47.54,1.91,7.32,8.64,2.72,1.52
LMT-0128,2.0,3.0,0.853,0.1142,43.04,2.95,10.75,6.57,2.653,1.34
LMT-0128,3.0,4.0,1.199,0.2696,41.34,5.03,13.16,5.27,2.349,1.51
LMT-0128,4.0,5.0,1.235,0.3658,41.33,6.39,16.01,3.63,2.157,1.57
LMT-0128,5.0,6.0,2.157,0.2202,21.64,11.34,35.84,2.41,1.542,1.5
LMT-0128,6.0,7.0,1.684,0.1044,19.42,15.55,37.55,2.32,1.6,1.48
LMT-0128,7.0,8.0,1.567,0.0681,17.7,18.92,37.47,2.21,1.396,1.6
LMT-0128,8.0,9.0,1.463,0.0477,15.16,20.54,37.99,1.84,1.125,1.67
LMT-0128,9.0,10.0,1.136,0.0451,14.56,23.64,40.77,1.37,1.155,1.79
LMT-0128,10.0,11.0,1.122,0.0293,11.84,28.89,43.73,1.27,1.001,1.8
LMT-0128,11.0,12.0,0.268,0.0187,6.42,40.83,38.86,1.06,0.538,2.57
LMT-0128,12.0,13.0,0.27,0.0182,6.96,36.39,43.41,1.11,0.531,2.85
LMT-0128,13.0,14.0,0.209,0.0138,6.45,38.32,43.15,1.28,0.463,2.77
LMT-0128,14.0,14.7,0.249,0.0128,6.41,41.59,41.65,0.84,0.569,2.85
LMT-0129,0.0,1.0,0.537,0.0516,54.01,0.68,3.85,10.34,3.416,1.48
LMT-0129,1.0,2.0,0.777,0.0592,52.41,1.05,5.29,7.8,2.595,1.59
LMT-0129,2.0,3.0,0.941,0.0745,43.76,1.96,8.17,7.77,2.729,1.54
LMT-0129,3.0,4.0,0.981,0.0686,49.84,2.58,9.74,6.69,2.839,1.57
LMT-0129,4.0,5.0,1.19,0.0945,45.02,3.38,10.83,4.82,2.848,1.56
LMT-0129,5.0,6.0,0.951,0.1075,45.63,4.14,12.01,5.39,2.88,1.51
LMT-0129,6.0,7.0,1.133,0.1298,43.9,4.43,14.07,4.64,2.549,1.56
LMT-0129,7.0,8.0,1.033,0.1541,42.48,5.17,14.93,5.18,2.344,1.58
LMT-0129,8.0,9.0,1.064,0.2174,38.63,5.9,16.67,4.62,2.047,1.53
LMT-0129,9.0,10.0,1.446,0.3048,37.61,6.14,20.16,5.22,2.341,1.66
LMT-0129,10.0,11.0,2.174,0.1501,22.28,12.3,33.56,2.35,1.898,1.53
LMT-0129,11.0,12.0,2.059,0.1004,18.7,12.94,34.61,2.61,1.45,1.56
LMT-0129,12.0,13.0,1.977,0.0681,19.2,14.67,36.28,2.5,1.388,1.62
LMT-0129,13.0,14.0,1.681,0.0388,18.01,16.26,35.98,2.38,1.391,1.68
LMT-0129,14.0,15.0,1.626,0.0448,17.06,17.26,35.62,2.03,1.55,1.52
LMT-0129,15.0,16.0,1.769,0.0449,15.96,21.74,37.96,2.06,1.421,1.72
LMT-0129,16.0,17.0,1.577,0.0435,14.82,21.91,36.23,1.69,1.087,1.75
LMT-0129,17.0,18.0,1.279,0.038,13.87,26.49,40.1,1.55,1.316,1.8
LMT-0129,18.0,19.0,1.348,0.0361,11.77,25.21,39.83,1.72,0.971,1.86
LMT-0129,19.0,20.0,1.315,0.0369,11.47,27.99,44.98,1.38,1.072,1.98
LMT-0129,20.0,21.0,0.984,0.0263,10.35,32.23,43.76,1.05,0.774,1.85
LMT-0129,21.0,22.0,0.299,0.0144,6.52,35.49,43.42,0.78,0.576,2.84
LMT-0129,22.0,22.6,0.28,0.0147,6.87,41.87,38.51,0.96,0.504,2.69
LMT-0130,0.0,1.0,0.588,0.0434,54.93,0.67,3.33,6.88,2.627,1.63
LMT-0130,1.0,2.0,0.847,0.0467,53.9,1.0,4.1,6.48,2.273,1.62
LMT-0130,2.0,3.0,0.916,0.0686,48.38,1.81,7.39,5.79,2.745,1.38
LMT-0130,3.0,4.0,0.934,0.0954,45.04,2.6,9.14,5.91,2.788,1.49
LMT-0130,4.0,5.0,1.067,0.0676,47.99,2.85,10.36,5.84,2.049,1.45
LMT-0130,5.0,6.0,1.073,0.0791,43.45,3.82,10.21,6.55,2.5,1.56
LMT-0130,6.0,7.0,1.109,0.118,42.59,4.08,13.24,6.24,2.932,1.5
LMT-0130,7.0,8.0,1.061,0.104,42.14,4.94,13.56,5.59,2.428,1.58
LMT-0130,8.0,9.0,1.098,0.1621,42.61,5.25,15.76,3.86,2.14,1.55
LMT-0130,9.0,10.0,1.281,0.2466,38.57,6.27,15.35,4.75,2.252,1.56
LMT-0130,10.0,11.0,1.453,0.3234,35.93,5.91,18.8,3.71,1.828,1.58
LMT-0130,11.0,12.0,2.411,0.1717,21.5,10.63,34.93,2.34,1.748,1.44
LMT-0130,12.0,13.0,1.876,0.1131,19.36,13.92,31.36,2.34,1.752,1.58
LMT-0130,13.0,14.0,2.05,0.0721,17.31,15.4,30.96,1.92,1.482,1.62
LMT-0130,14.0,15.0,1.649,0.0583,16.82,17.32,37.49,2.1,1.42,1.63
LMT-0130,15.0,16.0,1.381,0.0352,15.76,20.76,35.27,1.73,1.38,1.68
LMT-0130,16.0,17.0,1.454,0.0394,14.54,21.41,42.29,1.69,1.007,1.83
LMT-0130,17.0,18.0,1.114,0.0284,11.74,25.86,38.96,1.24,0.963,1.88
LMT-0130,18.0,19.0,1.073,0.0311,10.55,24.95,40.56,1.1,0.948,2.05
LMT-0130,19.0,20.0,0.307,0.0165,6.56,38.78,43.27,0.88,0.546,2.66
LMT-0130,20.0,21.0,0.235,0.0111,7.01,38.64,41.2,1.01,0.551,2.6
LMT-0130,21.0,22.0,0.244,0.0142,6.47,40.68,39.77,1.32,0.531,2.54
LMT-0130,22.0,22.6,0.209,0.0116,6.45,41.52,40.98,0.9,0.448,2.67
LMT-0131,0.0,1.0,0.561,0.0275,53.55,0.76,3.32,7.18,2.715,1.58
LMT-0131,1.0,2.0,0.72,0.0412,54.1,1.05,4.99,7.38,2.827,1.61
LMT-0131,2.0,3.0,0.954,0.0762,50.94,1.71,7.49,6.49,2.412,1.5
LMT-0131,3.0,4.0,0.954,0.0694,47.14,2.25,9.22,6.26,2.236,1.47
LMT-0131,4.0,5.0,0.983,0.0758,45.93,2.89,9.81,5.65,2.998,1.44
LMT-0131,5.0,6.0,1.149,0.0736,40.56,3.6,12.06,5.21,2.556,1.49
LMT-0131,6.0,7.0,1.057,0.0977,41.04,3.78,11.97,5.28,2.766,1.49
LMT-0131,7.0,8.0,1.264,0.0894,45.05,4.08,13.15,4.52,2.231,1.47
LMT-0131,8.0,9.0,1.196,0.1115,42.81,4.25,15.34,4.23,2.602,1.44
LMT-0131,9.0,10.0,1.043,0.1274,38.8,5.19,16.22,4.05,1.79,1.43
LMT-0131,10.0,11.0,1.467,0.2238,38.99,6.11,16.95,3.89,2.291,1.63
LMT-0131,11.0,12.0,2.213,0.1387,19.98,10.2,34.01,2.66,1.61,1.51
LMT-0131,12.0,13.0,1.87,0.1138,19.76,13.45,34.42,2.18,1.382,1.55
LMT-0131,13.0,14.0,1.721,0.0701,17.58,16.09,36.05,1.78,1.387,1.66
LMT-0131,14.0,15.0,1.81,0.0544,17.33,18.86,36.38,2.43,1.184,1.66
LMT-0131,15.0,16.0,1.55,0.0326,14.3,20.51,33.4,1.52,1.179,1.67
LMT-0131,16.0,17.0,1.464,0.0384,12.88,24.08,37.01,1.7,1.078,1.68
LMT-0131,17.0,18.0,1.252,0.0257,11.81,26.34,38.72,1.22,1.06,1.85
LMT-0131,18.0,19.0,1.075,0.0271,10.65,26.88,41.81,1.19,0.899,1.9
LMT-0131,19.0,20.0,0.27,0.0153,6.8,37.59,41.62,1.0,0.488,2.55
LMT-0131,20.0,21.0,0.259,0.0133,6.75,33.57,41.49,1.06,0.509,2.54
LMT-0131,21.0,21.9,0.263,0.0089,6.6,37.82,36.13,0.83,0.472,2.69
LMT-0132,0.0,1.0,0.536,0.0374,48.75,0.62,3.09,6.68,2.586,1.51
LMT-0132,1.0,2.0,0.659,0.0438,50.74,1.03,5.07,6.82,2.87,1.6
LMT-0132,2.0,3.0,0.852,0.0517,47.68,1.57,7.64,5.87,2.34,1.37
LMT-0132,3.0,4.0,0.961,0.0821,43.72,2.24,7.84,7.2,2.125,1.48
LMT-0132,4.0,5.0,1.025,0.0884,45.52,2.57,9.08,6.02,2.387,1.4
LMT-0132,5.0,6.0,1.013,0.0717,42.73,3.23,10.57,4.34,1.936,1.44
LMT-0132,6.0,7.0,1.133,0.0845,41.41,3.3,12.43,4.96,2.114,1.48
LMT-0132,7.0,8.0,1.047,0.0946,39.71,4.16,13.2,3.8,2.199,1.47
LMT-0132,8.0,9.0,1.303,0.1104,37.29,4.66,14.29,3.16,2.098,1.51
LMT-0132,9.0,10.0,1.117,0.2039,36.78,5.95,16.14,4.49,1.903,1.51
LMT-0132,10.0,11.0,1.991,0.1301,21.84,8.02,28.31,2.47,1.479,1.53
LMT-0132,11.0,12.0,2.079,0.0894,18.24,11.84,31.73,2.1,1.185,1.44
LMT-0132,12.0,13.0,1.82,0.0464,16.68,13.05,32.52,1.52,1.148,1.52
LMT-0132,13.0,14.0,1.934,0.0463,15.6,15.84,32.42,1.8,1.237,1.62
LMT-0132,14.0,15.0,1.541,0.0329,14.67,18.02,34.64,1.41,0.962,1.63
LMT-0132,15.0,16.0,1.278,0.0226,13.89,19.59,32.02,1.04,1.28,1.77
LMT-0132,16.0,17.0,1.289,0.0216,11.06,21.74,41.17,1.27,0.785,1.69
LMT-0132,17.0,18.0,1.187,0.0294,10.17,23.57,36.32,1.24,0.955,1.7
LMT-0132,18.0,19.0,0.987,0.0208,8.78,27.42,39.78,0.88,0.815,1.85
LMT-0132,19.0,20.0,0.253,0.0151,6.34,40.17,33.8,0.98,0.368,2.52
LMT-0132,20.0,21.0,0.292,0.009,6.61,36.24,38.71,0.96,0.385,2.38
LMT-0132,21.0,21.9,0.253,0.0102,5.86,37.74,41.05,1.06,0.36,2.74
LMT-0133,0.0,1.0,0.556,0.0374,50.69,0.67,3.18,4.99,2.258,1.51
LMT-0133,1.0,2.0,0.83,0.043,45.81,0.91,4.31,6.47,2.375,1.51
LMT-0133,2.0,3.0,0.843,0.0714,45.42,1.69,6.62,5.63,2.069,1.31
LMT-0133,3.0,4.0,1.129,0.0603,42.98,2.61,8.09,5.36,2.146,1.34
LMT-0133,4.0,5.0,0.944,0.0691,37.39,2.84,9.61,3.44,2.359,1.39
LMT-0133,5.0,6.0,1.129,0.0592,37.54,3.71,10.74,4.55,1.762,1.39
LMT-0133,6.0,7.0,1.267,0.1121,39.68,4.0,13.38,3.1,1.945,1.33
LMT-0133,7.0,8.0,1.198,0.1398,37.14,4.69,14.97,3.55,1.694,1.46
LMT-0133,8.0,9.0,1.326,0.1153,34.05,5.73,14.93,2.74,1.764,1.42
LMT-0133,9.0,10.0,2.021,0.1416,20.66,8.57,28.44,2.09,1.395,1.42
LMT-0133,10.0,11.0,2.264,0.1064,19.58,10.99,31.53,2.08,1.423,1.49
LMT-0133,11.0,12.0,1.909,0.0676,16.01,11.82,29.99,1.79,1.411,1.6
LMT-0133,12.0,13.0,1.848,0.0347,16.37,15.64,31.16,1.84,1.14,1.51
LMT-0133,13.0,14.0,1.498,0.0386,14.79,17.16,34.05,1.61,1.146,1.64
LMT-0133,14.0,15.0,1.304,0.0383,13.69,20.6,35.4,1.19,1.065,1.64
LMT-0133,15.0,16.0,1.385,0.024,10.81,24.24,38.65,1.27,0.962,1.63
LMT-0133,16.0,17.0,1.092,0.017,10.51,21.87,35.18,0.89,0.92,1.82
LMT-0133,17.0,18.0,1.1,0.02,9.87,22.93,39.45,0.78,0.802,1.8
LMT-0133,18.0,19.0,0.287,0.0064,6.06,28.98,41.04,0.97,0.451,2.3
LMT-0133,19.0,20.0,0.263,0.0157,6.15,32.39,35.76,0.85,0.351,2.69
LMT-0133,20.0,20.6,0.226,0.0126,6.27,34.77,38.87,0.74,0.413,2.39
LMT-0134,0.0,1.0,0.575,0.032,47.18,0.68,2.95,5.83,2.582,1.48
LMT-0134,1.0,2.0,0.781,0.0562,47.36,1.01,4.59,7.22,2.308,1.43
LMT-0134,2.0,3.0,1.038,0.0384,42.74,1.66,6.87,4.59,1.749,1.37
LMT-0134,3.0,4.0,0.921,0.054,44.8,2.24,7.83,5.3,2.393,1.29
LMT-0134,4.0,5.0,0.835,0.0486,37.1,3.18,9.74,4.69,1.85,1.35
LMT-0134,5.0,6.0,1.16,0.0864,33.03,3.29,13.24,5.01,2.119,1.39
LMT-0134,6.0,7.0,1.123,0.0945,36.71,4.21,12.05,4.12,2.008,1.41
LMT-0134,7.0,8.0,1.302,0.1413,39.52,4.22,14.3,2.59,1.905,1.48
LMT-0134,8.0,9.0,0.961,0.2016,35.03,5.07,16.04,3.01,1.391,1.41
LMT-0134,9.0,10.0,2.044,0.1032,19.89,8.28,29.32,1.72,1.273,1.5
LMT-0134,10.0,11.0,2.215,0.0703,17.88,11.72,32.78,1.59,1.303,1.42
LMT-0134,11.0,12.0,1.78,0.0302,16.25,14.55,31.61,1.52,1.002,1.4
LMT-0134,12.0,13.0,1.721,0.0309,16.72,15.34,35.31,1.49,1.263,1.69
LMT-0134,13.0,14.0,1.57,0.0305,12.8,17.76,37.65,1.24,1.232,1.65
LMT-0134,14.0,15.0,1.671,0.0246,11.89,20.42,37.44,1.2,0.947,1.68
LMT-0134,15.0,16.0,0.916,0.0179,10.81,21.08,34.63,1.04,0.944,1.83
LMT-0134,16.0,17.0,1.141,0.0192,10.15,22.87,37.8,0.67,0.691,1.71
LMT-0134,17.0,18.0,0.222,0.0137,6.13,33.29,40.79,0.83,0.343,2.31
LMT-0134,18.0,19.0,0.282,0.0118,6.29,33.31,36.5,0.85,0.419,2.47
LMT-0134,19.0,19.6,0.262,0.0104,5.7,35.44,36.56,0.75,0.399,2.4
LMT-0135,0.0,1.0,0.503,0.0378,48.13,0.54,3.21,7.18,2.28,1.39
LMT-0135,1.0,2.0,0.786,0.0405,50.18,0.83,4.43,6.66,3.084,1.5
LMT-0135,2.0,3.0,0.926,0.0526,46.62,1.74,7.48,5.98,2.709,1.31
LMT-0135,3.0,4.0,0.906,0.0706,45.54,2.35,8.98,4.27,1.894,1.33
LMT-0135,4.0,5.0,1.011,0.0682,42.8,2.76,10.81,4.63,1.823,1.33
LMT-0135,5.0,6.0,1.101,0.0831,38.82,3.41,11.94,4.9,1.875,1.33
LMT-0135,6.0,7.0,1.077,0.0947,35.34,4.26,13.48,3.97,1.805,1.44
LMT-0135,7.0,8.0,1.301,0.1457,35.54,4.48,13.63,4.39,1.799,1.43
LMT-0135,8.0,9.0,1.263,0.2821,38.61,5.1,16.99,2.14,1.856,1.43
LMT-0135,9.0,10.0,2.039,0.0959,18.67,10.04,30.46,2.29,0.991,1.48
LMT-0135,10.0,11.0,1.849,0.0972,18.94,12.88,31.43,2.12,1.48,1.56
LMT-0135,11.0,12.0,1.328,0.0506,14.75,16.14,33.01,1.73,1.28,1.53
LMT-0135,12.0,13.0,1.385,0.0341,13.0,19.06,32.48,1.81,1.215,1.56
LMT-0135,13.0,14.0,1.382,0.0256,12.95,21.71,36.66,1.17,0.864,1.7
LMT-0135,14.0,15.0,1.328,0.022,10.62,26.26,36.87,1.07,0.762,1.71
LMT-0135,15.0,16.0,0.29,0.0149,7.09,31.97,38.22,0.88,0.485,2.48
LMT-0135,16.0,17.1,0.238,0.0125,6.61,37.22,37.74,0.85,0.418,2.35
LMT-0136,0.0,1.0,0.656,0.0378,48.78,0.6,2.99,8.44,3.218,1.6
LMT-0136,1.0,2.0,0.743,0.0565,49.49,1.04,4.78,6.97,2.691,1.45
LMT-0136,2.0,3.0,1.102,0.0396,45.84,1.61,6.78,6.7,2.155,1.37
LMT-0136,3.0,4.0,0.94,0.0591,47.06,2.17,8.75,5.15,2.13,1.48
LMT-0136,4.0,5.0,1.034,0.0719,45.06,3.32,9.8,3.78,2.424,1.52
LMT-0136,5.0,6.0,1.155,0.0525,46.1,3.89,11.82,4.28,2.549,1.41
LMT-0136,6.0,7.0,1.171,0.1087,39.71,4.45,12.29,5.02,1.886,1.44
LMT-0136,7.0,8.0,1.197,0.091,39.98,4.82,12.82,3.47,2.064,1.43
LMT-0136,8.0,9.0,1.229,0.2159,38.96,5.37,16.84,4.68,2.166,1.55
LMT-0136,9.0,10.0,1.478,0.2562,37.29,6.06,16.29,2.95,2.029,1.49
LMT-0136,10.0,11.0,2.197,0.1439,17.94,12.05,31.79,2.34,1.423,1.49
LMT-0136,11.0,12.0,1.819,0.0599,15.99,14.77,34.2,1.82,1.238,1.64
LMT-0136,12.0,13.0,1.412,0.0338,13.46,19.95,37.57,1.73,1.351,1.68
LMT-0136,13.0,14.0,1.394,0.0337,12.25,24.01,40.25,1.05,0.993,1.83
LMT-0136,14.0,15.0,0.288,0.0118,7.43,36.38,40.39,0.74,0.559,2.66
LMT-0136,15.0,16.0,0.324,0.0131,6.92,35.47,38.39,0.94,0.503,2.49
LMT-0136,16.0,16.8,0.263,0.0103,6.2,39.47,36.76,0.73,0.515,2.82
LMT-0137,0.0,1.0,0.726,0.0381,53.35,0.78,3.83,8.82,3.069,1.64
LMT-0137,1.0,2.0,1.014,0.0613,51.99,1.64,6.79,6.32,3.173,1.41
LMT-0137,2.0,3.0,1.189,0.0639,44.35,2.0,7.22,7.79,3.096,1.61
LMT-0137,3.0,4.0,1.094,0.0741,44.81,2.44,8.26,5.95,3.056,1.45
LMT-0137,4.0,5.0,1.109,0.0732,45.9,3.3,10.51,5.8,2.472,1.4
LMT-0137,5.0,6.0,1.184,0.094,45.02,3.49,12.32,5.94,2.58,1.62
LMT-0137,6.0,7.0,1.464,0.0999,40.61,4.15,11.92,4.14,2.257,1.4
LMT-0137,7.0,8.0,1.368,0.1071,42.6,4.32,13.1,5.32,1.7,1.52
LMT-0137,8.0,9.0,1.364,0.1473,40.11,5.43,14.74,4.0,2.189,1.53
LMT-0137,9.0,10.0,1.622,0.1839,38.17,6.24,15.74,4.58,2.455,1.71
LMT-0137,10.0,11.0,1.379,0.2455,39.19,5.76,18.64,4.13,2.157,1.52
LMT-0137,11.0,12.0,2.474,0.149,21.13,11.71,31.31,2.08,1.758,1.69
LMT-0137,12.0,13.0,2.35,0.0969,15.92,17.91,37.94,2.3,1.352,1.71
LMT-0137,13.0,14.0,1.636,0.0431,14.01,25.5,39.52,1.35,1.083,1.76
LMT-0137,14.0,15.0,0.286,0.0189,6.86,34.42,45.95,1.04,0.523,2.74
LMT-0137,15.0,16.0,0.354,0.017,6.99,32.79,37.3,1.23,0.438,2.77
LMT-0137,16.0,17.0,0.297,0.014,6.92,45.0,41.49,0.89,0.476,2.78
LMT-0137,17.0,17.9,0.348,0.0141,6.41,37.54,40.17,1.16,0.475,2.72
LMT-0138,0.0,1.0,0.815,0.0547,53.54,0.98,4.07,7.95,2.953,1.53
LMT-0138,1.0,2.0,1.008,0.0808,49.26,1.79,7.0,6.99,2.946,1.46
LMT-0138,2.0,3.0,1.026,0.0831,48.74,2.03,9.46,5.81,2.709,1.44
LMT-0138,3.0,4.0,1.001,0.0707,44.77,2.56,9.03,3.68,2.96,1.41
LMT-0138,4.0,5.0,1.119,0.0748,42.93,2.79,9.71,6.35,2.463,1.46
LMT-0138,5.0,6.0,1.208,0.0919,44.14,3.49,11.95,5.5,2.652,1.55
LMT-0138,6.0,7.0,1.297,0.0874,41.32,3.95,11.61,4.91,2.49,1.46
LMT-0138,7.0,8.0,1.181,0.1006,46.53,4.42,13.69,4.61,2.462,1.62
LMT-0138,8.0,9.0,1.379,0.0882,44.94,5.08,13.89,5.17,2.391,1.54
LMT-0138,9.0,10.0,1.173,0.0772,38.06,4.95,14.79,3.57,2.283,1.58
LMT-0138,10.0,11.0,1.221,0.1729,41.94,5.49,14.94,4.36,2.234,1.63
LMT-0138,11.0,12.0,1.431,0.2116,40.81,5.56,17.48,3.36,1.769,1.62
LMT-0138,12.0,13.0,2.521,0.16,21.49,9.68,31.83,1.95,1.392,1.49
LMT-0138,13.0,14.0,2.261,0.1324,17.47,15.06,35.23,2.63,1.533,1.75
LMT-0138,14.0,15.0,1.774,0.0531,16.18,20.14,36.1,1.92,1.356,1.82
LMT-0138,15.0,16.0,1.313,0.0417,12.89,27.29,39.48,1.42,0.999,1.85
LMT-0138,16.0,17.0,0.339,0.0148,6.49,37.79,41.68,1.08,0.55,2.67
LMT-0138,17.0,18.0,0.303,0.0152,6.41,34.75,40.22,1.1,0.532,2.62
LMT-0138,18.0,19.2,0.314,0.0147,7.01,42.61,41.48,0.97,0.534,2.62
LMT-0139,0.0,1.0,0.77,0.0272,48.22,0.72,4.2,6.77,2.758,1.48
LMT-0139,1.0,2.0,1.019,0.0643,44.12,1.59,7.11,6.21,2.601,1.41
LMT-0139,2.0,3.0,0.907,0.0524,44.44,2.21,8.1,6.85,2.318,1.5
LMT-0139,3.0,4.0,0.999,0.0743,44.54,2.5,8.71,5.93,2.663,1.41
LMT-0139,4.0,5.0,1.111,0.0766,41.97,3.04,10.85,4.85,2.068,1.47
LMT-0139,5.0,6.0,1.236,0.0836,39.14,3.51,11.53,4.12,2.107,1.44
LMT-0139,6.0,7.0,1.285,0.0668,38.96,3.25,13.33,3.9,1.965,1.44
LMT-0139,7.0,8.0,1.104,0.0899,43.56,4.03,12.55,4.09,2.247,1.41
LMT-0139,8.0,9.0,1.358,0.102,40.72,4.82,13.42,4.88,1.816,1.56
LMT-0139,9.0,10.0,1.326,0.167,35.88,4.38,14.87,3.52,1.978,1.46
LMT-0139,10.0,11.0,1.261,0.2377,38.92,5.6,15.75,3.13,1.902,1.57
LMT-0139,11.0,12.0,2.09,0.195,18.43,8.85,32.5,1.83,1.305,1.45
LMT-0139,12.0,13.0,1.82,0.1041,17.3,13.62,33.45,1.83,1.306,1.37
LMT-0139,13.0,14.0,1.981,0.0539,17.45,15.54,36.84,1.73,1.178,1.56
LMT-0139,14.0,15.0,1.667,0.0286,15.32,18.91,40.31,1.65,1.283,1.47
LMT-0139,15.0,16.0,1.558,0.0345,12.83,19.92,32.63,1.47,0.988,1.68
LMT-0139,16.0,17.0,1.327,0.0189,11.02,23.45,38.22,0.87,0.932,1.68
LMT-0139,17.0,18.0,0.289,0.0118,6.7,36.32,39.12,0.97,0.433,2.67
LMT-0139,18.0,19.0,0.3,0.014,6.58,33.43,39.53,0.85,0.386,2.44
LMT-0139,19.0,19.7,0.27,0.0163,6.01,34.93,38.47,0.75,0.451,2.74
LMT-0140,0.0,1.0,0.739,0.0575,48.8,0.95,4.48,6.87,2.642,1.61
LMT-0140,1.0,2.0,0.722,0.0626,40.59,1.83,7.28,5.18,2.223,1.42
LMT-0140,2.0,3.0,0.922,0.0732,42.5,1.99,8.4,6.29,2.397,1.34
LMT-0140,3.0,4.0,0.924,0.0679,42.34,2.89,10.6,4.18,1.994,1.45
LMT-0140,4.0,5.0,1.088,0.0844,42.98,3.33,10.31,4.44,2.133,1.41
LMT-0140,5.0,6.0,1.217,0.0812,40.1,2.97,13.1,4.11,2.134,1.42
LMT-0140,6.0,7.0,1.289,0.0856,38.99,4.01,12.44,3.98,2.159,1.46
LMT-0140,7.0,8.0,1.078,0.1304,37.27,4.58,14.07,3.72,1.98,1.44
LMT-0140,8.0,9.0,1.327,0.2225,38.85,4.71,14.97,4.07,1.744,1.41
LMT-0140,9.0,10.0,1.3,0.2301,37.53,5.71,17.79,4.5,1.528,1.56
LMT-0140,10.0,11.0,2.484,0.1339,19.47,10.55,30.73,1.84,1.495,1.54
LMT-0140,11.0,12.0,2.188,0.0959,17.33,12.09,34.25,1.97,1.413,1.51
LMT-0140,12.0,13.0,1.79,0.0562,16.13,12.97,37.87,1.47,1.209,1.49
LMT-0140,13.0,14.0,1.784,0.0483,15.86,16.43,35.74,1.18,1.21,1.53
LMT-0140,14.0,15.0,1.455,0.0453,12.94,20.84,33.18,1.6,1.064,1.74
LMT-0140,15.0,16.0,1.466,0.0269,11.7,23.09,37.38,1.41,0.992,1.76
LMT-0140,16.0,17.0,1.046,0.0224,9.78,24.97,44.35,0.83,0.814,1.79
LMT-0140,17.0,18.0,0.341,0.0106,6.32,38.77,40.03,1.14,0.408,2.53
LMT-0140,18.0,19.0,0.301,0.0106,6.25,35.52,38.33,0.74,0.45,2.68
LMT-0140,19.0,19.4,0.314,0.0146,6.34,32.45,36.08,0.75,0.404,2.73
LMT-0141,0.0,1.0,0.893,0.0487,47.52,0.98,4.31,7.42,2.39,1.45
LMT-0141,1.0,2.0,0.966,0.0672,46.61,1.68,7.22,6.77,2.745,1.42
LMT-0141,2.0,3.0,0.963,0.0652,46.04,2.12,8.71,6.93,2.442,1.46
LMT-0141,3.0,4.0,1.147,0.0535,41.14,2.67,9.49,5.35,2.655,1.4
LMT-0141,4.0,5.0,1.4,0.0982,37.65,3.51,11.86,5.54,2.343,1.44
LMT-0141,5.0,6.0,1.012,0.0669,43.19,3.46,12.25,5.5,2.387,1.5
LMT-0141,6.0,7.0,1.588,0.0828,42.16,3.71,14.05,4.26,2.153,1.45
LMT-0141,7.0,8.0,1.36,0.1201,42.91,4.7,13.91,4.09,2.164,1.48
LMT-0141,8.0,9.0,1.554,0.1652,38.5,5.09,14.25,3.29,1.898,1.57
LMT-0141,9.0,10.0,1.472,0.2266,36.17,5.74,14.39,3.86,1.917,1.58
LMT-0141,10.0,11.0,2.68,0.1474,20.67,10.05,29.95,2.51,1.33,1.46
LMT-0141,11.0,12.0,2.566,0.108,21.01,12.11,33.62,2.38,1.845,1.4
LMT-0141,12.0,13.0,2.151,0.0759,18.27,12.55,32.09,1.89,1.434,1.51
LMT-0141,13.0,14.0,2.246,0.0528,16.78,16.15,35.6,2.03,1.346,1.53
LMT-0141,14.0,15.0,1.866,0.0445,17.52,16.17,36.46,2.01,1.26,1.73
LMT-0141,15.0,16.0,2.369,0.0377,15.73,19.46,34.28,1.59,1.143,1.6
LMT-0141,16.0,17.0,1.6,0.0339,15.42,17.71,40.01,1.66,1.215,1.69
LMT-0141,17.0,18.0,1.594,0.0334,13.12,21.34,39.19,1.6,1.212,1.69
LMT-0141,18.0,19.0,1.415,0.0368,12.51,22.5,36.56,1.1,1.223,1.64
LMT-0141,19.0,20.0,1.551,0.0326,11.7,23.24,38.79,1.17,1.012,1.74
LMT-0141,20.0,21.0,1.0,0.0249,9.74,24.05,44.73,1.13,0.946,1.81
LMT-0141,21.0,22.0,1.327,0.0169,10.73,27.2,50.72,1.05,0.766,1.85
LMT-0141,22.0,23.0,0.332,0.0113,6.43,37.61,38.62,1.18,0.455,2.53
LMT-0141,23.0,24.0,0.304,0.0177,6.62,41.4,44.01,0.89,0.49,2.78
LMT-0141,24.0,24.6,0.314,0.0125,6.81,35.33,36.23,0.93,0.523,2.54
LMT-0142,0.0,1.0,0.749,0.0364,45.89,0.72,3.65,8.24,2.862,1.51
LMT-0142,1.0,2.0,0.889,0.0508,47.24,1.13,4.99,6.85,2.641,1.47
LMT-0142,2.0,3.0,1.149,0.0665,44.63,1.97,8.79,6.14,2.47,1.54
LMT-0142,3.0,4.0,1.2,0.082,48.88,2.64,8.87,5.34,2.457,1.54
LMT-0142,4.0,5.0,1.383,0.0897,39.9,2.87,10.61,5.64,1.907,1.51
LMT-0142,5.0,6.0,1.457,0.1075,43.25,3.94,12.03,3.94,2.415,1.51
LMT-0142,6.0,7.0,1.513,0.1308,43.79,4.4,12.51,5.03,2.43,1.61
LMT-0142,7.0,8.0,1.415,0.1806,40.33,5.98,14.98,4.44,2.326,1.47
LMT-0142,8.0,9.0,1.434,0.2771,42.29,6.11,16.82,3.55,2.25,1.56
LMT-0142,9.0,10.0,2.53,0.1702,19.79,10.32,29.95,2.55,1.369,1.58
LMT-0142,10.0,11.0,2.218,0.112,22.24,11.31,37.2,2.74,1.634,1.49
LMT-0142,11.0,12.0,2.454,0.0754,18.75,12.6,36.21,2.57,1.476,1.61
LMT-0142,12.0,13.0,2.016,0.0622,18.38,13.74,34.57,1.95,1.376,1.52
LMT-0142,13.0,14.0,1.906,0.0514,17.15,15.54,38.43,1.88,1.302,1.62
LMT-0142,14.0,15.0,1.889,0.0364,15.67,17.62,34.07,1.97,1.209,1.6
LMT-0142,15.0,16.0,2.017,0.0409,16.41,19.39,40.38,1.28,1.39,1.82
LMT-0142,16.0,17.0,1.877,0.0412,15.21,22.43,40.42,1.59,1.34,1.62
LMT-0142,17.0,18.0,1.737,0.0384,14.27,22.66,38.45,1.5,1.036,1.62
LMT-0142,18.0,19.0,1.594,0.041,13.79,24.56,37.13,1.33,1.173,1.9
LMT-0142,19.0,20.0,1.668,0.027,11.04,24.82,40.83,1.0,0.794,1.77
LMT-0142,20.0,21.0,1.469,0.0219,10.53,24.32,44.93,1.05,0.9,1.8
LMT-0142,21.0,22.0,1.14,0.0167,9.67,28.75,42.67,0.9,0.91,1.87
LMT-0142,22.0,23.0,0.318,0.0127,7.39,40.5,38.37,1.13,0.5,2.75
LMT-0142,23.0,24.0,0.364,0.0113,6.03,39.52,42.97,0.95,0.513,2.52
LMT-0142,24.0,24.3,0.346,0.0122,5.63,35.52,41.77,0.93,0.516,2.53
LMT-0143,0.0,1.0,0.608,0.0349,52.41,0.7,3.59,6.88,3.256,1.52
LMT-0143,1.0,2.0,,,,,,,,1.61
LMT-0143,2.0,3.0,1.059,0.074,49.09,1.86,6.61,6.41,2.979,1.4
LMT-0143,3.0,4.0,1.214,0.0708,42.93,2.5,8.9,6.39,2.989,1.4
LMT-0143,4.0,5.0,1.345,0.0756,45.53,2.76,10.11,6.32,2.49,1.44
LMT-0143,5.0,6.0,1.202,0.0829,44.84,3.45,10.68,5.54,2.411,1.44
LMT-0143,6.0,7.0,1.56,0.1082,41.28,4.12,12.07,5.53,2.19,1.52
LMT-0143,7.0,8.0,1.495,0.104,41.88,4.33,14.32,5.01,1.727,1.47
LMT-0143,8.0,9.0,1.515,0.1124,41.09,5.34,15.43,3.99,2.626,1.51
LMT-0143,9.0,10.0,1.461,0.1893,36.74,4.9,17.62,4.37,2.208,1.49
LMT-0143,10.0,11.0,1.687,0.2948,38.98,5.7,17.89,3.42,2.063,1.6
LMT-0143,11.0,12.0,2.763,0.182,20.71,9.92,33.74,2.52,1.572,1.57
LMT-0143,12.0,13.0,2.438,0.1075,20.04,10.73,33.2,2.59,1.552,1.6
LMT-0143,13.0,14.0,2.155,0.0763,19.11,14.1,35.93,2.24,1.866,1.53
LMT-0143,14.0,15.0,2.206,0.0376,17.64,14.69,36.87,2.09,1.337,1.72
LMT-0143,15.0,16.0,1.707,0.0453,16.77,17.16,33.78,1.81,1.383,1.57
LMT-0143,16.0,17.0,1.838,0.0418,16.19,18.37,31.72,1.92,1.284,1.68
LMT-0143,17.0,18.0,2.105,0.0444,14.44,20.16,39.61,1.4,1.292,1.61
LMT-0143,18.0,19.0,2.081,0.0403,14.37,19.99,42.41,1.93,1.234,1.7
LMT-0143,19.0,20.0,1.75,0.0246,13.62,20.11,39.24,1.54,1.065,1.68
LMT-0143,20.0,21.0,1.653,0.031,12.04,24.29,40.82,1.46,1.09,1.71
LMT-0143,21.0,22.0,1.581,0.026,11.12,25.35,39.47,1.24,1.022,1.89
LMT-0143,22.0,23.0,1.34,0.0248,9.54,25.7,40.66,1.32,0.952,1.75
LMT-0143,23.0,24.0,0.312,0.0153,6.94,36.84,41.93,1.0,0.53,2.48
LMT-0143,24.0,25.0,0.354,0.0145,6.38,38.69,38.49,1.06,0.504,2.75
LMT-0143,25.0,25.4,0.318,0.0161,6.57,39.27,39.89,1.04,0.464,2.71
LMT-0144,0.0,1.0,0.753,0.0464,56.0,0.69,3.37,9.85,3.366,1.56
LMT-0144,1.0,2.0,1.011,0.0585,51.47,0.91,4.45,7.22,2.714,1.69
LMT-0144,2.0,3.0,1.103,0.0765,49.23,1.76,7.45,6.95,2.721,1.52
LMT-0144,3.0,4.0,1.295,0.0735,45.18,2.15,8.78,7.34,2.689,1.51
LMT-0144,4.0,5.0,1.334,0.0799,47.05,3.11,10.62,6.76,2.691,1.43
LMT-0144,5.0,6.0,1.624,0.1091,42.03,3.65,11.55,6.02,2.442,1.5
LMT-0144,6.0,7.0,1.302,0.0984,40.76,4.43,13.7,4.95,2.28,1.46
LMT-0144,7.0,8.0,1.429,0.099,41.89,4.3,13.62,5.87,2.258,1.39
LMT-0144,8.0,9.0,1.406,0.1201,43.37,5.43,15.64,4.78,2.06,1.53
LMT-0144,9.0,10.0,1.559,0.2248,42.61,5.0,17.76,4.36,2.244,1.66
LMT-0144,10.0,11.0,1.724,0.3898,37.64,7.44,17.84,4.6,2.084,1.54
LMT-0144,11.0,12.0,3.374,0.1701,20.16,10.2,32.36,2.27,1.73,1.52
LMT-0144,12.0,13.0,2.813,0.1065,19.85,10.84,31.08,2.38,1.492,1.49
LMT-0144,13.0,14.0,2.869,0.0583,19.85,15.09,34.6,2.4,1.497,1.59
LMT-0144,14.0,15.0,2.334,0.0448,17.91,16.82,35.91,2.01,1.355,1.56
LMT-0144,15.0,16.0,2.316,0.0491,16.74,19.84,33.89,2.38,1.369,1.82
LMT-0144,16.0,17.0,2.214,0.0487,15.65,18.73,36.83,1.87,1.213,1.75
LMT-0144,17.0,18.0,1.743,0.0377,14.58,19.61,39.89,1.68,1.26,1.78
LMT-0144,18.0,19.0,1.905,0.0428,14.08,25.1,33.36,1.82,1.224,1.76
LMT-0144,19.0,20.0,1.513,0.0372,12.62,25.81,41.22,1.25,0.896,1.74
LMT-0144,20.0,21.0,1.653,0.028,11.17,25.16,38.89,1.36,1.09,1.84
LMT-0144,21.0,22.0,1.25,0.0236,10.3,28.24,40.73,1.27,1.009,1.96
LMT-0144,22.0,23.0,0.358,0.0157,6.87,36.09,43.64,1.09,0.48,2.85
LMT-0144,23.0,24.0,0.447,0.0141,6.85,41.31,40.67,1.11,0.552,2.7
LMT-0144,24.0,25.2,0.345,0.012,7.01,32.46,41.32,0.97,0.465,2.78
LMT-0145,0.0,1.0,0.659,0.0513,53.18,0.75,4.06,9.1,3.079,1.58
LMT-0145,1.0,2.0,1.026,0.0741,54.2,1.21,5.49,9.14,3.01,1.58
LMT-0145,2.0,3.0,1.221,0.0862,49.7,2.09,8.19,8.11,3.044,1.55
LMT-0145,3.0,4.0,1.221,0.0951,48.35,2.67,10.77,7.02,2.546,1.5
LMT-0145,4.0,5.0,1.353,0.1126,47.31,3.38,10.87,6.87,3.149,1.49
LMT-0145,5.0,6.0,1.391,0.0995,43.1,3.92,11.8,6.21,2.561,1.59
LMT-0145,6.0,7.0,1.6,0.1105,43.98,3.77,14.5,5.55,2.74,1.54
LMT-0145,7.0,8.0,1.383,0.1507,42.72,4.89,15.93,5.87,2.545,1.49
LMT-0145,8.0,9.0,1.731,0.2032,43.62,5.81,16.88,4.33,2.467,1.53
LMT-0145,9.0,10.0,1.565,0.2431,43.93,6.8,18.99,5.37,2.173,1.73
LMT-0145,10.0,11.0,2.644,0.2104,22.52,11.58,33.8,2.99,1.761,1.57
LMT-0145,11.0,12.0,2.98,0.1325,22.27,12.25,37.22,2.67,1.797,1.64
LMT-0145,12.0,13.0,2.558,0.0835,20.66,12.85,39.59,2.65,1.763,1.47
LMT-0145,13.0,14.0,2.249,0.063,21.81,12.87,36.24,2.85,1.526,1.72
LMT-0145,14.0,15.0,2.752,0.0549,19.26,15.24,38.49,2.6,1.702,1.77
LMT-0145,15.0,16.0,2.543,0.0674,20.56,16.77,35.48,2.15,1.616,1.64
LMT-0145,16.0,17.0,2.463,0.0579,17.78,16.11,35.35,2.07,1.619,1.74
LMT-0145,17.0,18.0,2.378,0.0536,17.84,18.11,35.69,2.6,1.349,1.74
LMT-0145,18.0,19.0,2.307,0.0441,17.4,18.7,40.27,1.88,1.46,1.67
LMT-0145,19.0,20.0,1.823,0.0391,17.55,19.04,38.11,1.83,1.589,1.81
LMT-0145,20.0,21.0,2.201,0.0605,16.24,18.51,40.99,1.99,1.269,1.66
LMT-0145,21.0,22.0,2.095,0.051,15.74,20.98,41.56,2.13,1.313,1.81
LMT-0145,22.0,23.0,1.803,0.0496,15.27,24.23,44.49,1.61,1.368,1.82
LMT-0145,23.0,24.0,1.783,0.0381,15.1,21.53,39.56,1.93,1.254,1.8
LMT-0145,24.0,25.0,2.116,0.0387,13.89,23.02,42.18,1.72,1.256,1.85
LMT-0145,25.0,26.0,1.643,0.0402,13.27,24.35,42.43,1.62,0.988,1.84
LMT-0145,26.0,27.0,1.614,0.0352,13.56,28.66,40.36,1.81,1.029,1.9
LMT-0145,27.0,28.0,1.373,0.0367,13.29,29.05,41.7,1.45,1.197,1.98
LMT-0145,28.0,29.0,1.322,0.0429,12.26,25.37,43.51,1.24,1.222,1.96
LMT-0145,29.0,30.0,1.49,0.0255,11.79,27.88,44.66,1.26,0.985,1.92
LMT-0145,30.0,31.0,1.434,0.0286,10.47,26.63,44.53,1.38,1.043,1.88
LMT-0145,31.0,32.0,0.365,0.0171,7.29,39.26,45.6,1.31,0.6,2.83
LMT-0145,32.0,33.1,0.318,0.0154,6.94,40.42,42.81,1.0,0.595,2.84
LMT-0146,0.0,1.0,0.755,0.0476,51.15,0.74,3.9,10.16,3.066,1.51
LMT-0146,1.0,2.0,1.06,0.0683,44.93,1.7,7.01,7.16,2.778,1.51
LMT-0146,2.0,3.0,1.1,0.075,45.83,2.09,8.13,6.08,2.552,1.46
LMT-0146,3.0,4.0,1.063,0.0874,43.17,3.01,10.05,5.06,2.606,1.58
LMT-0146,4.0,5.0,1.175,0.0764,42.35,3.54,9.48,5.39,2.408,1.53
LMT-0146,5.0,6.0,1.268,0.0761,44.4,3.36,14.65,5.7,2.765,1.39
LMT-0146,6.0,7.0,1.106,0.1314,38.55,5.29,12.53,4.99,2.059,1.5
LMT-0146,7.0,8.0,1.486,0.1403,39.47,5.07,15.47,4.49,1.885,1.58
LMT-0146,8.0,9.0,1.465,0.2348,39.76,6.14,16.2,4.39,2.348,1.51
LMT-0146,9.0,10.0,1.448,0.3615,41.81,6.35,17.9,3.4,1.986,1.65
LMT-0146,10.0,11.0,2.617,0.19,21.69,10.02,33.2,2.4,1.506,1.46
LMT-0146,11.0,12.0,2.445,0.0926,20.49,12.55,34.34,2.78,1.711,1.42
LMT-0146,12.0,13.0,2.034,0.0772,19.55,11.84,29.81,2.52,1.528,1.59
LMT-0146,13.0,14.0,2.578,0.0532,17.74,14.42,37.91,2.06,1.625,1.66
LMT-0146,14.0,15.0,2.255,0.0469,19.12,13.43,34.59,2.23,1.506,1.63
LMT-0146,15.0,16.0,2.345,0.056,19.79,14.6,33.05,2.23,1.389,1.49
LMT-0146,16.0,17.0,2.569,0.0486,17.43,16.84,34.17,2.38,1.515,1.67
LMT-0146,17.0,18.0,2.292,0.0546,16.48,14.76,39.75,2.03,1.312,1.69
LMT-0146,18.0,19.0,2.107,0.0562,16.75,14.79,39.24,1.79,1.458,1.69
LMT-0146,19.0,20.0,2.184,0.0456,17.0,18.16,39.24,1.97,1.115,1.76
LMT-0146,20.0,21.0,2.074,0.0416,15.29,18.93,36.23,1.81,1.359,1.69
LMT-0146,21.0,22.0,1.818,0.0388,14.87,20.61,37.33,1.89,1.309,1.72
LMT-0146,22.0,23.0,1.956,0.042,15.82,19.88,35.83,1.91,1.342,1.8
LMT-0146,23.0,24.0,1.574,0.0332,13.8,19.93,38.59,1.47,1.229,1.81
LMT-0146,24.0,25.0,1.726,0.0328,13.48,21.26,39.79,1.42,1.15,1.8
LMT-0146,25.0,26.0,1.619,0.0373,12.8,23.39,39.81,1.57,1.19,1.79
LMT-0146,26.0,27.0,1.734,0.0237,12.11,24.5,38.81,1.63,1.281,1.72
LMT-0146,27.0,28.0,1.55,0.0304,12.59,25.85,35.32,1.27,1.039,1.76
LMT-0146,28.0,29.0,1.46,0.0331,11.62,25.04,40.8,1.32,0.988,1.86
LMT-0146,29.0,30.0,1.312,0.031,11.95,26.25,41.04,1.67,0.956,1.75
LMT-0146,30.0,31.0,1.22,0.0228,10.83,29.25,40.44,1.24,0.964,1.86
LMT-0146,31.0,32.0,1.124,0.0243,11.62,31.0,44.84,1.09,1.052,1.89
LMT-0146,32.0,33.0,0.363,0.0158,7.11,37.83,44.4,0.99,0.489,2.85
LMT-0146,33.0,34.0,0.304,0.0123,7.08,39.09,41.9,0.93,0.506,2.51
LMT-0146,34.0,34.7,0.304,0.0136,6.65,36.83,41.09,0.89,0.475,2.85
LMT-0147,0.0,1.0,0.609,0.0261,44.33,0.7,2.81,7.27,2.111,1.5
LMT-0147,1.0,2.0,0.698,0.0398,40.5,1.27,5.54,4.39,2.035,1.36
LMT-0147,2.0,3.0,0.862,0.0506,39.4,1.67,6.97,5.73,2.148,1.38
LMT-0147,3.0,4.0,0.847,0.0392,37.36,2.03,7.77,4.37,1.787,1.3
LMT-0147,4.0,5.0,0.769,0.0538,36.62,2.06,8.62,5.39,1.621,1.42
LMT-0147,5.0,6.0,0.907,0.054,36.11,2.91,10.34,3.38,1.895,1.4
LMT-0147,6.0,7.0,1.087,0.0448,37.63,2.71,10.12,4.39,1.865,1.4
LMT-0147,7.0,8.0,0.962,0.0504,33.53,3.48,11.42,2.76,1.297,1.33
LMT-0147,8.0,9.0,1.017,0.0617,34.69,3.36,12.24,3.3,1.51,1.3
LMT-0147,9.0,10.0,1.05,0.0847,37.9,3.7,13.57,2.66,1.701,1.29
LMT-0147,10.0,11.0,1.133,0.1224,35.14,4.55,14.17,2.21,1.819,1.28
LMT-0147,11.0,12.0,1.083,0.131,35.06,5.54,13.43,3.14,1.519,1.28
LMT-0147,12.0,13.0,2.032,0.1213,20.37,8.49,29.27,1.51,1.311,1.4
LMT-0147,13.0,14.0,1.934,0.0711,17.23,9.54,28.93,1.87,1.136,1.23
LMT-0147,14.0,15.0,1.745,0.0291,16.97,10.18,28.75,1.93,0.912,1.41
LMT-0147,15.0,16.0,1.844,0.0388,17.18,9.11,30.21,1.2,1.04,1.36
LMT-0147,16.0,17.0,1.538,0.0206,17.23,10.69,24.94,1.35,1.08,1.27
LMT-0147,17.0,18.0,1.574,0.0348,15.63,9.92,29.28,1.88,1.009,1.4
LMT-0147,18.0,19.0,1.666,0.0269,15.71,14.2,31.56,1.46,0.805,1.4
LMT-0147,19.0,20.0,1.606,0.0403,14.85,13.14,27.86,0.9,1.212,1.41
LMT-0147,20.0,21.0,1.631,0.0288,12.96,11.29,29.88,1.36,0.792,1.49
LMT-0147,21.0,22.0,1.608,0.0237,15.42,14.98,33.3,1.54,0.897,1.36
LMT-0147,22.0,23.0,1.366,0.0292,14.1,16.09,34.6,1.15,0.977,1.65
LMT-0147,23.0,24.0,1.579,0.0265,14.46,14.56,30.0,1.64,0.749,1.35
LMT-0147,24.0,25.0,1.439,0.0229,13.96,18.29,35.83,1.07,0.934,1.55
LMT-0147,25.0,26.0,1.134,0.018,12.48,16.56,33.97,0.85,0.958,1.44
LMT-0147,26.0,27.0,1.563,0.0135,11.44,18.42,31.24,1.18,0.713,1.52
LMT-0147,27.0,28.0,1.032,0.0164,11.62,19.78,31.61,0.76,0.732,1.48
LMT-0147,28.0,29.0,1.059,0.0195,11.21,18.53,39.14,1.06,0.8,1.51
LMT-0147,29.0,30.0,1.033,0.0207,10.38,17.22,32.76,1.07,0.9,1.45
LMT-0147,30.0,31.0,1.063,0.0189,10.67,20.7,30.42,0.8,0.733,1.65
LMT-0147,31.0,32.0,0.923,0.0138,10.24,19.66,35.36,0.89,0.445,1.59
LMT-0147,32.0,33.0,1.008,0.0173,9.8,17.77,34.79,0.73,0.528,1.65
LMT-0147,33.0,34.0,0.843,0.0212,9.63,20.04,36.05,0.62,0.797,1.71
LMT-0147,34.0,35.0,0.702,0.0162,8.54,16.42,35.77,0.8,0.56,1.65
LMT-0147,35.0,36.0,0.219,0.0063,5.63,31.03,32.65,0.63,0.335,2.25
LMT-0147,36.0,37.0,0.243,0.0112,5.79,27.37,35.72,0.83,0.377,2.28
LMT-0147,37.0,37.7,0.242,0.0075,5.03,28.8,38.0,0.64,0.32,2.34
LMT-0148,0.0,1.0,0.601,0.0316,54.48,0.6,3.03,7.95,2.662,1.56
LMT-0148,1.0,2.0,0.747,0.0559,54.58,1.04,4.85,6.83,3.231,1.5
LMT-0148,2.0,3.0,0.876,0.0863,41.01,1.74,7.81,5.4,2.644,1.48
LMT-0148,3.0,4.0,1.016,0.0781,50.13,2.27,8.63,6.07,2.262,1.35
LMT-0148,4.0,5.0,1.105,0.074,43.03,2.99,11.14,4.93,2.137,1.42
LMT-0148,5.0,6.0,1.174,0.0747,41.68,4.4,11.34,4.53,2.288,1.46
LMT-0148,6.0,7.0,1.076,0.0776,42.61,4.23,13.07,4.76,2.041,1.47
LMT-0148,7.0,8.0,1.09,0.1392,43.72,4.84,14.47,5.01,2.121,1.48
LMT-0148,8.0,9.0,1.267,0.2249,40.2,5.47,17.54,3.47,2.131,1.61
LMT-0148,9.0,10.0,1.456,0.1621,35.67,5.52,16.16,3.0,1.883,1.47
LMT-0148,10.0,11.0,2.411,0.2169,18.96,10.46,32.51,2.44,1.508,1.51
LMT-0148,11.0,12.0,2.08,0.1108,19.92,12.36,33.92,1.62,1.427,1.64
LMT-0148,12.0,13.0,1.619,0.0453,17.35,15.24,37.49,2.1,1.24,1.63
LMT-0148,13.0,14.0,1.762,0.0415,16.37,20.83,36.96,1.68,1.119,1.63
LMT-0148,14.0,15.0,1.416,0.0304,14.27,20.34,37.67,1.53,1.288,1.64
LMT-0148,15.0,16.0,1.049,0.0295,11.84,24.71,35.66,1.55,1.005,1.7
LMT-0148,16.0,17.0,0.998,0.0302,10.19,30.51,40.63,0.59,0.79,1.9
LMT-0148,17.0,18.0,0.27,0.0135,6.8,36.47,39.78,0.95,0.412,2.57
LMT-0148,18.0,19.0,0.262,0.0108,6.65,35.39,44.29,0.91,0.429,2.67
LMT-0148,19.0,20.2,0.272,0.0115,6.51,42.32,36.95,0.82,0.422,2.72
LMT-0149,0.0,1.0,0.603,0.027,48.03,0.61,3.33,8.96,2.204,1.43
LMT-0149,1.0,2.0,0.864,0.0555,46.0,0.93,4.87,8.47,2.364,1.5
LMT-0149,2.0,3.0,0.879,0.0516,43.24,1.87,6.85,5.78,2.423,1.48
LMT-0149,3.0,4.0,0.97,0.0594,41.47,2.32,7.48,5.24,2.065,1.29
LMT-0149,4.0,5.0,1.056,0.0789,43.28,3.13,9.99,5.01,2.296,1.44
LMT-0149,5.0,6.0,1.204,0.0855,42.24,3.69,11.14,4.54,2.11,1.53
LMT-0149,6.0,7.0,1.189,0.1117,42.22,4.36,13.71,3.86,2.044,1.37
LMT-0149,7.0,8.0,1.337,0.2034,40.0,4.84,13.12,3.69,1.97,1.45
LMT-0149,8.0,9.0,1.292,0.19,35.81,5.3,16.43,3.59,1.797,1.4
LMT-0149,9.0,10.0,2.228,0.1335,20.73,11.46,32.11,3.12,1.474,1.32
LMT-0149,10.0,11.0,2.14,0.1039,18.26,11.7,32.21,2.1,1.31,1.66
LMT-0149,11.0,12.0,1.657,0.0588,17.3,16.27,38.01,1.82,1.295,1.65
LMT-0149,12.0,13.0,1.486,0.036,15.48,15.32,32.09,1.48,1.316,1.65
LMT-0149,13.0,14.0,1.468,0.0332,13.92,19.81,39.13,1.63,0.875,1.5
LMT-0149,14.0,15.0,1.275,0.028,11.42,22.27,40.51,1.0,0.864,1.81
LMT-0149,15.0,16.0,1.298,0.0163,10.17,26.36,37.6,1.16,0.792,1.99
LMT-0149,16.0,17.0,0.25,0.0105,6.6,34.44,38.66,0.83,0.447,2.55
LMT-0149,17.0,18.0,0.24,0.0105,6.67,38.38,40.45,1.03,0.435,2.8
LMT-0149,18.0,18.6,0.294,0.0145,6.01,36.08,39.9,0.83,0.485,2.49
LMT-0150,0.0,1.0,0.513,0.0349,44.9,0.59,3.43,8.84,2.34,1.61
LMT-0150,1.0,2.0,0.942,0.0495,44.09,1.13,5.1,6.69,2.32,1.44
LMT-0150,2.0,3.0,0.961,0.049,41.15,2.2,7.64,4.54,1.724,1.34
LMT-0150,3.0,4.0,1.08,0.0743,42.54,2.84,9.97,6.12,2.478,1.33
LMT-0150,4.0,5.0,1.091,0.0717,42.54,2.91,9.51,5.61,2.005,1.33
LMT-0150,5.0,6.0,1.138,0.0875,37.17,4.08,11.51,4.65,1.759,1.38
LMT-0150,6.0,7.0,1.295,0.1219,41.55,4.05,14.83,3.72,2.085,1.42
LMT-0150,7.0,8.0,1.322,0.2182,39.28,5.03,15.06,3.69,1.513,1.51
LMT-0150,8.0,9.0,1.873,0.1599,20.53,9.07,30.16,1.88,1.276,1.53
LMT-0150,9.0,10.0,2.224,0.0864,18.4,12.18,32.81,2.06,1.468,1.59
LMT-0150,10.0,11.0,2.052,0.0666,16.95,12.83,33.06,1.6,1.287,1.47
LMT-0150,11.0,12.0,1.805,0.0297,16.5,17.08,36.37,1.43,1.156,1.63
LMT-0150,12.0,13.0,1.445,0.034,13.49,18.26,35.3,1.48,0.918,1.67
LMT-0150,13.0,14.0,1.303,0.0234,9.77,19.53,37.64,0.91,1.065,1.74
LMT-0150,14.0,15.0,1.019,0.0202,9.99,24.67,41.06,0.97,0.851,1.76
LMT-0150,15.0,16.0,0.272,0.0107,6.67,35.76,38.34,0.9,0.486,2.58
LMT-0150,16.0,17.0,0.277,0.0115,6.13,34.07,36.51,0.78,0.434,2.49
LMT-0150,17.0,17.7,0.262,0.0126,6.77,30.2,37.82,0.82,0.352,2.68
LMT-0151,0.0,1.0,0.596,0.0276,49.38,0.59,3.0,7.71,2.736,1.52
LMT-0151,1.0,2.0,0.735,0.0539,45.37,1.11,4.33,5.6,1.864,1.41
LMT-0151,2.0,3.0,0.942,0.0629,47.39,1.88,7.67,7.16,2.28,1.54
LMT-0151,3.0,4.0,0.951,0.0832,42.58,2.47,8.95,4.56,2.44,1.42
LMT-0151,4.0,5.0,1.159,0.0321,37.89,3.08,9.4,4.05,1.784,1.4
LMT-0151,5.0,6.0,1.142,0.0989,37.67,3.99,11.76,3.64,1.894,1.42
LMT-0151,6.0,7.0,1.381,0.1314,41.16,4.02,14.04,3.77,1.848,1.36
LMT-0151,7.0,8.0,1.303,0.2509,37.15,5.25,16.51,3.44,1.777,1.34
LMT-0151,8.0,9.0,2.122,0.1538,21.24,8.44,32.87,2.44,1.479,1.45
LMT-0151,9.0,10.0,1.849,0.135,18.94,10.37,34.37,1.74,0.907,1.55
LMT-0151,10.0,11.0,1.748,0.0396,15.68,14.15,33.84,1.8,1.042,1.59
LMT-0151,11.0,12.0,1.763,0.046,14.66,19.47,37.45,1.3,1.028,1.61
LMT-0151,12.0,13.0,1.765,0.0306,12.99,19.01,38.49,1.45,1.121,1.73
LMT-0151,13.0,14.0,1.486,0.0265,10.75,23.51,36.07,1.21,1.019,1.57
LMT-0151,14.0,15.0,1.063,0.0145,9.32,22.02,39.61,1.22,0.789,1.74
LMT-0151,15.0,16.0,0.299,0.0103,6.9,29.79,37.96,0.91,0.459,2.58
LMT-0151,16.0,17.0,0.321,0.0065,6.08,27.27,40.17,0.87,0.299,2.54
LMT-0151,17.0,18.0,0.262,0.015,6.58,35.98,39.04,0.88,0.368,2.54
LMT-0151,18.0,18.3,0.291,0.0125,5.95,31.19,37.21,0.84,0.414,2.65
LMT-0152,0.0,1.0,0.638,0.0313,42.15,0.58,3.32,7.33,3.335,1.58
LMT-0152,1.0,2.0,0.751,0.0576,48.39,0.88,4.62,7.19,1.921,1.5
LMT-0152,2.0,3.0,1.081,0.0466,45.26,1.75,6.85,6.07,2.318,1.38
LMT-0152,3.0,4.0,1.206,0.056,41.86,2.1,9.6,5.42,2.066,1.3
LMT-0152,4.0,5.0,1.126,0.0567,43.93,2.94,10.06,4.23,2.0,1.49
LMT-0152,5.0,6.0,1.157,0.0839,40.03,3.7,12.17,4.43,2.154,1.4
LMT-0152,6.0,7.0,1.244,0.1076,39.36,4.83,13.41,4.81,2.157,1.48
LMT-0152,7.0,8.0,1.085,0.2053,37.59,5.17,14.59,4.11,1.651,1.47
LMT-0152,8.0,9.0,1.332,0.1785,37.83,4.91,16.46,2.42,2.159,1.46
LMT-0152,9.0,10.0,1.991,0.0708,19.35,9.26,31.5,2.2,1.289,1.44
LMT-0152,10.0,11.0,1.731,0.0597,15.82,16.35,33.5,1.79,0.827,1.55
LMT-0152,11.0,12.0,2.141,0.0444,15.2,16.81,35.29,1.16,1.095,1.6
LMT-0152,12.0,13.0,1.295,0.0254,13.12,19.52,32.34,1.08,1.092,1.57
LMT-0152,13.0,14.0,1.26,0.0279,10.17,25.31,37.5,1.12,0.822,1.81
LMT-0152,14.0,15.0,0.295,0.0101,6.82,31.28,35.05,0.85,0.432,2.38
LMT-0152,15.0,16.0,0.274,0.0159,6.93,31.05,37.54,1.04,0.427,2.49
LMT-0152,16.0,16.8,0.253,0.0123,6.32,32.81,38.24,0.75,0.376,2.55
LMT-0153,0.0,1.0,0.726,0.0438,46.89,0.72,3.48,7.86,2.395,1.51
LMT-0153,1.0,2.0,0.944,0.0465,52.0,1.0,5.1,5.75,2.712,1.59
LMT-0153,2.0,3.0,1.023,0.0604,46.1,2.07,7.57,6.13,2.735,1.34
LMT-0153,3.0,4.0,1.15,0.0722,42.56,2.42,8.09,6.57,2.487,1.43
LMT-0153,4.0,5.0,1.159,0.0935,45.37,2.93,9.63,5.39,2.338,1.49
LMT-0153,5.0,6.0,1.239,0.0611,41.65,3.39,11.76,5.74,2.608,1.43
LMT-0153,6.0,7.0,,,,,,,,1.43
LMT-0153,7.0,8.0,1.423,0.1031,41.13,4.97,14.86,4.08,2.103,1.51
LMT-0153,8.0,9.0,1.313,0.1655,39.35,4.79,14.34,3.44,2.379,1.46
LMT-0153,9.0,10.0,1.48,0.2512,38.18,5.25,16.35,3.33,2.155,1.43
LMT-0153,10.0,11.0,2.728,0.0984,19.75,11.98,31.43,2.33,1.523,1.52
LMT-0153,11.0,12.0,2.043,0.0997,17.04,14.95,29.9,1.85,1.321,1.56
LMT-0153,12.0,13.0,1.43,0.0469,13.98,19.21,38.2,1.32,0.937,1.89
LMT-0153,13.0,14.0,1.327,0.0235,10.58,21.71,38.27,1.39,0.906,1.92
LMT-0153,14.0,15.0,0.327,0.0123,7.17,37.92,41.59,0.67,0.525,2.5
LMT-0153,15.0,16.0,0.343,0.0138,5.79,39.18,36.79,0.87,0.447,2.62
LMT-0153,16.0,17.0,0.31,0.0085,6.65,40.49,39.62,1.06,0.462,2.75
LMT-0153,17.0,17.5,0.289,0.0147,5.62,37.21,35.37,0.88,0.488,2.46
LMT-0154,0.0,1.0,0.672,0.0528,54.19,0.74,3.77,8.66,2.812,1.6
LMT-0154,1.0,2.0,1.206,0.0516,48.72,1.47,7.54,6.28,2.567,1.49
LMT-0154,2.0,3.0,1.031,0.0898,47.01,2.17,8.25,7.41,3.227,1.42
LMT-0154,3.0,4.0,1.118,0.0949,46.31,2.74,9.5,6.59,3.326,1.56
LMT-0154,4.0,5.0,1.144,0.0944,45.65,2.83,10.43,5.59,2.665,1.42
LMT-0154,5.0,6.0,1.33,0.105,43.24,3.31,11.79,4.39,2.517,1.46
LMT-0154,6.0,7.0,1.339,0.0931,44.29,4.24,12.04,4.82,2.436,1.58
LMT-0154,7.0,8.0,1.385,0.092,44.89,5.17,14.31,4.25,2.469,1.49
LMT-0154,8.0,9.0,1.31,0.1617,38.69,5.57,15.73,5.06,2.218,1.41
LMT-0154,9.0,10.0,1.44,0.2335,45.71,5.42,18.3,4.12,2.551,1.55
LMT-0154,10.0,11.0,1.372,0.356,41.59,6.59,18.87,3.4,2.312,1.57
LMT-0154,11.0,12.0,2.292,0.1486,19.85,12.39,34.73,2.19,1.682,1.56
LMT-0154,12.0,13.0,2.079,0.1013,15.74,19.82,38.64,1.89,1.426,1.77
LMT-0154,13.0,14.0,,,,,,,,1.7
LMT-0154,14.0,15.0,0.376,0.013,7.08,41.34,41.29,0.89,0.551,2.73
LMT-0154,15.0,16.0,0.346,0.0152,6.86,41.96,42.14,1.27,0.43,2.64
LMT-0154,16.0,17.0,0.293,0.014,6.97,36.95,40.2,0.95,0.445,2.85
LMT-0154,17.0,17.3,0.309,0.0146,6.14,42.35,40.63,1.04,0.546,2.68
LMT-0155,0.0,1.0,0.883,0.0471,49.95,0.83,4.58,8.36,2.96,1.64
LMT-0155,1.0,2.0,1.109,0.0709,45.39,1.9,6.38,6.52,3.121,1.51
LMT-0155,2.0,3.0,1.091,0.0956,49.86,2.44,8.54,5.58,2.524,1.45
LMT-0155,3.0,4.0,1.027,0.0908,48.59,2.89,9.53,6.2,2.349,1.52
LMT-0155,4.0,5.0,,,,,,,,1.56
LMT-0155,5.0,6.0,1.241,0.1084,37.26,3.4,11.71,7.02,2.629,1.54
LMT-0155,6.0,7.0,1.3,0.0927,41.68,3.85,13.22,5.76,1.833,1.47
LMT-0155,7.0,8.0,1.228,0.1116,45.71,5.47,15.28,4.1,2.246,1.55
LMT-0155,8.0,9.0,1.336,0.1408,38.23,4.57,16.16,4.67,2.286,1.43
LMT-0155,9.0,10.0,1.658,0.2317,38.89,6.24,16.36,2.79,2.329,1.53
LMT-0155,10.0,11.0,1.541,0.2784,39.99,6.23,18.07,4.04,2.239,1.57
LMT-0155,11.0,12.0,2.303,0.1318,20.01,13.21,29.88,2.2,1.644,1.55
LMT-0155,12.0,13.0,2.438,0.0908,18.59,17.05,36.08,2.11,1.287,1.61
LMT-0155,13.0,14.0,1.611,0.0517,14.54,22.79,39.8,1.79,1.24,1.63
LMT-0155,14.0,15.0,1.49,0.0335,11.44,24.8,38.93,1.5,0.997,1.85
LMT-0155,15.0,16.0,0.314,0.0147,6.69,37.71,44.12,1.26,0.488,2.71
LMT-0155,16.0,17.0,0.319,0.0151,6.67,36.61,40.42,1.11,0.472,2.55
LMT-0155,17.0,18.2,0.291,0.0109,6.75,38.69,42.65,0.99,0.539,2.8
LMT-0156,0.0,1.0,0.859,0.0565,45.66,0.8,4.84,8.16,2.631,1.52
LMT-0156,1.0,2.0,1.103,0.0466,43.54,1.72,8.27,4.22,2.357,1.46
LMT-0156,2.0,3.0,1.313,0.057,41.73,2.42,9.08,5.46,2.377,1.42
LMT-0156,3.0,4.0,0.913,0.0894,39.75,3.08,10.57,5.25,2.207,1.43
LMT-0156,4.0,5.0,1.257,0.0713,41.73,3.65,10.44,5.73,1.977,1.45
LMT-0156,5.0,6.0,1.363,0.0707,41.66,3.77,12.9,4.92,2.094,1.5
LMT-0156,6.0,7.0,1.407,0.1322,39.04,4.98,13.78,4.53,2.125,1.49
LMT-0156,7.0,8.0,1.208,0.2124,35.86,4.51,15.92,3.91,1.756,1.49
LMT-0156,8.0,9.0,1.339,0.1957,40.2,5.28,15.7,3.76,1.536,1.49
LMT-0156,9.0,10.0,2.643,0.1224,20.39,10.78,32.63,2.18,1.578,1.42
LMT-0156,10.0,11.0,2.561,0.1005,18.29,13.43,35.65,2.06,1.375,1.52
LMT-0156,11.0,12.0,1.704,0.04,16.24,15.76,32.84,1.5,1.131,1.6
LMT-0156,12.0,13.0,1.766,0.0335,13.81,18.95,32.94,1.5,1.149,1.68
LMT-0156,13.0,14.0,1.429,0.0277,13.59,20.72,38.95,1.25,1.131,1.68
LMT-0156,14.0,15.0,1.059,0.0217,9.95,27.58,39.52,0.97,0.917,1.69
LMT-0156,15.0,16.0,0.289,0.0098,6.57,36.23,39.1,1.11,0.495,2.62
LMT-0156,16.0,17.0,0.282,0.0157,6.45,38.86,36.68,0.73,0.434,2.74
LMT-0156,17.0,17.8,0.314,0.0114,6.7,36.68,41.65,1.02,0.434,2.51
LMT-0157,0.0,1.0,0.473,0.0305,44.66,0.7,3.44,5.64,2.101,1.45
LMT-0157,1.0,2.0,0.806,0.05,46.22,1.36,6.53,5.67,2.282,1.33
LMT-0157,2.0,3.0,0.82,0.0618,45.92,2.15,6.85,4.6,1.776,1.34
LMT-0157,3.0,4.0,1.119,0.0315,42.29,2.2,8.7,4.95,2.091,1.25
LMT-0157,4.0,5.0,1.09,0.066,39.3,2.64,10.46,3.89,2.146,1.42
LMT-0157,5.0,6.0,0.992,0.0787,36.23,3.47,10.11,4.58,2.387,1.36
LMT-0157,6.0,7.0,1.017,0.0858,39.73,4.28,12.73,3.43,1.963,1.36
LMT-0157,7.0,8.0,0.956,0.1091,37.16,4.7,14.03,2.27,1.381,1.42
LMT-0157,8.0,9.0,1.106,0.2634,36.83,5.83,15.11,2.82,1.9,1.39
LMT-0157,9.0,10.0,2.124,0.118,19.41,8.4,26.68,1.77,1.415,1.39
LMT-0157,10.0,11.0,1.734,0.083,18.18,8.86,30.66,2.08,1.102,1.35
LMT-0157,11.0,12.0,1.848,0.0524,18.03,11.9,29.69,1.97,1.108,1.38
LMT-0157,12.0,13.0,1.463,0.0328,17.02,13.84,31.88,1.67,1.021,1.53
LMT-0157,13.0,14.0,1.45,0.0231,14.86,12.54,30.2,1.24,1.283,1.33
LMT-0157,14.0,15.0,1.432,0.0379,14.44,15.18,33.94,1.38,0.799,1.58
LMT-0157,15.0,16.0,1.516,0.0262,12.49,15.67,35.61,1.25,0.883,1.6
LMT-0157,16.0,17.0,0.996,0.0285,11.91,19.51,32.59,1.02,0.778,1.7
LMT-0157,17.0,18.0,1.24,0.0294,12.05,20.23,35.64,1.22,0.745,1.71
LMT-0157,18.0,19.0,1.162,0.0181,10.98,23.59,38.47,0.92,0.683,1.66
LMT-0157,19.0,20.0,1.008,0.0178,9.81,18.7,35.17,0.98,0.698,1.59
LMT-0157,20.0,21.0,0.287,0.0075,6.35,32.06,37.75,0.54,0.451,2.52
LMT-0157,21.0,22.0,0.229,0.0155,6.84,31.83,36.15,0.67,0.482,2.46
LMT-0157,22.0,22.5,0.208,0.0105,6.33,33.15,37.7,0.52,0.384,2.32
LMT-0158,0.0,1.0,0.651,0.0263,44.06,0.75,3.38,3.88,2.105,1.53
LMT-0158,1.0,2.0,0.717,0.044,46.05,1.19,6.06,5.05,1.917,1.28
LMT-0158,2.0,3.0,0.845,0.0259,41.02,1.99,7.92,4.45,1.883,1.27
LMT-0158,3.0,4.0,0.953,0.0569,37.68,2.03,9.19,4.52,1.932,1.27
LMT-0158,4.0,5.0,0.868,0.0605,38.21,2.69,9.82,3.14,1.695,1.34
LMT-0158,5.0,6.0,0.913,0.0533,39.09,3.1,11.52,3.28,1.553,1.25
LMT-0158,6.0,7.0,0.909,0.0997,31.59,3.62,12.71,3.35,1.439,1.32
LMT-0158,7.0,8.0,1.035,0.1198,35.32,4.31,13.79,2.29,1.567,1.36
LMT-0158,8.0,9.0,0.951,0.194,32.85,4.66,15.15,2.77,1.08,1.31
LMT-0158,9.0,10.0,1.804,0.1015,17.26,8.97,26.01,1.77,1.121,1.39
LMT-0158,10.0,11.0,1.541,0.0571,17.34,10.35,30.49,1.28,1.177,1.36
LMT-0158,11.0,12.0,1.786,0.0303,15.11,12.29,30.27,1.03,0.955,1.4
LMT-0158,12.0,13.0,1.49,0.0256,16.23,13.99,31.79,1.33,1.246,1.44
LMT-0158,13.0,14.0,1.013,0.0181,13.66,16.19,31.97,1.35,0.925,1.39
LMT-0158,14.0,15.0,1.413,0.0277,12.39,17.41,29.86,0.89,1.149,1.39
LMT-0158,15.0,16.0,1.08,0.0169,12.36,17.55,32.65,0.81,0.817,1.49
LMT-0158,16.0,17.0,1.229,0.0233,11.05,17.11,35.49,0.95,1.024,1.48
LMT-0158,17.0,18.0,1.0,0.0213,10.4,18.28,33.09,0.82,0.649,1.59
LMT-0158,18.0,19.0,0.877,0.0107,9.68,20.28,33.22,0.83,0.453,1.62
LMT-0158,19.0,20.0,0.248,0.0092,6.33,30.13,34.6,0.56,0.308,2.32
LMT-0158,20.0,21.0,0.215,0.0072,6.03,36.66,34.07,0.81,0.334,2.28
LMT-0158,21.0,22.0,0.222,0.0085,5.66,27.65,37.05,0.42,0.425,2.52
LMT-0158,22.0,22.4,0.21,0.0113,6.4,28.18,35.79,0.74,0.27,2.43
LMT-0159,0.0,1.0,0.892,0.0631,45.76,1.65,6.97,7.81,2.864,1.29
LMT-0159,1.0,2.0,1.016,0.0628,42.87,2.05,8.12,5.36,2.657,1.57
LMT-0159,2.0,3.0,1.087,0.0753,42.34,3.1,10.58,6.19,1.98,1.56
LMT-0159,3.0,4.0,1.003,0.1022,42.88,3.9,13.22,5.68,2.054,1.48
LMT-0159,4.0,5.0,1.203,0.1164,42.08,4.17,13.85,4.23,2.013,1.42
LMT-0159,5.0,6.0,1.175,0.2175,37.11,5.3,16.17,4.55,1.619,1.54
LMT-0159,6.0,7.0,1.495,0.301,36.45,5.73,17.59,3.67,1.685,1.62
LMT-0159,7.0,8.0,2.411,0.1364,20.5,9.8,34.48,2.16,1.479,1.46
LMT-0159,8.0,9.0,1.988,0.0824,18.92,13.99,35.78,2.33,1.198,1.62
LMT-0159,9.0,10.0,1.782,0.0549,17.45,18.16,33.9,1.62,1.221,1.67
LMT-0159,10.0,11.0,1.685,0.0311,15.72,21.27,35.53,1.66,1.198,1.72
LMT-0159,11.0,12.0,1.562,0.0386,14.17,19.45,40.61,1.21,0.979,1.64
LMT-0159,12.0,13.0,1.214,0.0347,11.62,27.01,37.91,1.42,1.002,1.84
LMT-0159,13.0,14.0,1.108,0.0215,9.91,25.35,44.18,1.11,0.906,1.94
LMT-0159,14.0,15.0,0.315,0.0145,7.07,32.32,39.57,1.03,0.567,2.53
LMT-0159,15.0,16.0,0.282,0.0142,6.72,38.06,38.87,0.79,0.448,2.61
LMT-0159,16.0,17.0,0.288,0.0159,6.39,38.36,40.18,0.93,0.482,2.72
LMT-0160,0.0,1.0,0.841,0.0869,52.81,1.33,5.51,8.59,3.185,1.59
LMT-0160,1.0,2.0,0.94,0.0807,46.74,2.3,8.71,7.16,2.366,1.45
LMT-0160,2.0,3.0,0.967,0.0944,46.37,3.0,10.1,6.48,2.7,1.48
LMT-0160,3.0,4.0,1.099,0.0926,42.88,4.12,12.5,5.67,2.656,1.42
LMT-0160,4.0,5.0,0.987,0.1771,45.25,5.03,12.03,4.82,2.13,1.56
LMT-0160,5.0,6.0,1.244,0.2565,40.24,6.12,16.87,5.27,2.735,1.55
LMT-0160,6.0,7.0,1.365,0.3207,38.58,5.72,18.07,4.58,2.333,1.6
LMT-0160,7.0,8.0,2.517,0.1622,21.74,10.43,36.05,2.37,1.574,1.59
LMT-0160,8.0,9.0,2.185,0.0822,19.34,14.24,36.02,1.94,1.473,1.7
LMT-0160,9.0,10.0,2.0,0.078,20.12,15.63,33.56,2.32,1.47,1.62
LMT-0160,10.0,11.0,1.626,0.0517,18.53,16.9,38.46,2.07,1.371,1.6
LMT-0160,11.0,12.0,1.771,0.0449,15.73,20.16,37.54,2.22,1.427,1.74
LMT-0160,12.0,13.0,1.772,0.0507,14.69,19.45,39.48,1.58,1.41,1.85
LMT-0160,13.0,14.0,1.465,0.0331,12.57,26.06,43.47,2.07,1.172,1.76
LMT-0160,14.0,15.0,1.284,0.0378,11.8,27.42,39.56,1.25,1.154,1.8
LMT-0160,15.0,16.0,1.167,0.0266,11.76,28.05,44.18,1.28,1.347,1.88
LMT-0160,16.0,17.0,0.327,0.0173,6.51,38.8,43.6,1.4,0.524,2.75
LMT-0160,17.0,18.0,0.329,0.0174,6.73,42.43,43.17,1.03,0.503,2.85
LMT-0160,18.0,19.0,0.299,0.0176,7.37,44.29,43.43,1.08,0.535,2.85
LMT-0160,19.0,19.7,0.317,0.0166,6.6,40.67,44.13,1.27,0.377,2.63
LMT-0161,0.0,1.0,0.555,0.0489,51.6,0.83,4.15,9.27,3.171,1.7
LMT-0161,1.0,2.0,0.973,0.0721,49.41,1.81,7.49,6.79,2.749,1.44
LMT-0161,2.0,3.0,1.129,0.0866,42.74,2.67,9.63,7.76,2.161,1.48
LMT-0161,3.0,4.0,1.112,0.0835,46.61,3.12,10.43,6.46,2.434,1.57
LMT-0161,4.0,5.0,1.071,0.0834,47.43,4.13,11.55,7.25,2.598,1.52
LMT-0161,5.0,6.0,1.121,0.1146,42.73,4.61,12.92,4.74,2.302,1.49
LMT-0161,6.0,7.0,1.249,0.1517,40.86,5.32,15.5,5.32,2.213,1.43
LMT-0161,7.0,8.0,1.165,0.3222,39.25,5.97,15.8,4.58,2.004,1.58
LMT-0161,8.0,9.0,2.428,0.1702,21.13,10.59,31.38,2.18,1.815,1.45
LMT-0161,9.0,10.0,2.356,0.1213,21.94,10.43,35.37,2.28,1.731,1.55
LMT-0161,10.0,11.0,2.167,0.0941,18.84,13.67,39.21,2.66,1.711,1.68
LMT-0161,11.0,12.0,2.089,0.0559,18.81,15.59,36.56,2.03,1.496,1.58
LMT-0161,12.0,13.0,1.667,0.0571,17.78,17.46,40.44,2.34,1.401,1.63
LMT-0161,13.0,14.0,1.671,0.0548,16.74,22.11,35.33,1.65,1.418,1.92
LMT-0161,14.0,15.0,1.789,0.0446,15.6,23.5,42.91,2.2,1.304,1.76
LMT-0161,15.0,16.0,1.537,0.0396,13.96,21.66,38.44,1.82,1.451,1.84
LMT-0161,16.0,17.0,1.522,0.0305,12.5,23.47,42.55,1.42,1.162,1.85
LMT-0161,17.0,18.0,1.273,0.0403,11.47,26.72,42.45,1.5,1.092,1.84
LMT-0161,18.0,19.0,1.025,0.0252,10.76,32.76,44.85,1.08,1.217,1.9
LMT-0161,19.0,20.0,0.289,0.0139,7.29,41.21,42.04,1.28,0.577,2.66
LMT-0161,20.0,21.0,0.27,0.0151,7.14,39.51,44.38,0.99,0.476,2.68
LMT-0161,21.0,22.0,0.278,0.0168,6.93,42.09,39.88,1.01,0.466,2.71
LMT-0161,22.0,22.4,0.297,0.0137,6.63,41.85,43.06,0.86,0.541,2.73
LMT-0162,0.0,1.0,0.645,0.0448,46.5,0.73,3.66,7.86,3.013,1.6
LMT-0162,1.0,2.0,0.761,0.0644,48.25,1.22,5.54,7.28,3.013,1.56
LMT-0162,2.0,3.0,1.021,0.0659,50.71,2.5,9.36,6.81,2.815,1.54
LMT-0162,3.0,4.0,0.858,0.0924,43.34,3.38,10.19,6.43,2.458,1.49
LMT-0162,4.0,5.0,1.164,0.1697,44.22,3.97,13.96,5.45,2.36,1.57
LMT-0162,5.0,6.0,1.161,0.2831,41.54,5.03,16.93,4.47,1.848,1.53
LMT-0162,6.0,7.0,2.292,0.1344,21.47,9.76,32.06,2.27,1.4,1.47
LMT-0162,7.0,8.0,2.332,0.1296,19.64,11.98,33.25,2.64,1.487,1.54
LMT-0162,8.0,9.0,1.854,0.0736,17.14,15.76,30.28,1.86,1.468,1.56
LMT-0162,9.0,10.0,1.978,0.0542,17.81,16.89,31.94,2.14,1.172,1.66
LMT-0162,10.0,11.0,1.528,0.0463,15.71,16.79,35.21,2.09,1.366,1.6
LMT-0162,11.0,12.0,1.834,0.0487,13.89,20.55,38.03,1.48,1.21,1.76
LMT-0162,12.0,13.0,1.465,0.0294,14.23,24.2,39.81,1.33,1.337,1.66
LMT-0162,13.0,14.0,1.332,0.0284,12.52,25.76,38.37,1.2,1.2,1.74
LMT-0162,14.0,15.0,1.3,0.0333,11.64,26.3,42.44,1.21,0.875,1.83
LMT-0162,15.0,16.0,1.029,0.0203,10.13,25.16,43.53,1.2,0.782,1.91
LMT-0162,16.0,17.0,0.27,0.0155,6.81,35.75,39.97,0.94,0.508,2.69
LMT-0162,17.0,18.0,0.282,0.0131,7.09,35.14,41.39,0.94,0.468,2.67
LMT-0162,18.0,19.0,0.267,0.0154,7.31,45.0,41.71,1.01,0.417,2.78
LMT-0162,19.0,19.4,0.223,0.0103,6.43,40.46,40.54,1.16,0.487,2.85
LMT-0163,0.0,1.0,0.58,0.0364,46.4,0.65,3.17,4.6,2.749,1.54
LMT-0163,1.0,2.0,0.812,0.0373,45.14,0.89,4.41,6.64,2.315,1.57
LMT-0163,2.0,3.0,0.866,0.0453,44.22,2.08,7.78,5.59,2.324,1.34
LMT-0163,3.0,4.0,0.794,0.049,46.19,2.42,8.52,3.79,1.695,1.39
LMT-0163,4.0,5.0,1.01,0.0771,35.74,2.7,9.23,4.22,2.172,1.41
LMT-0163,5.0,6.0,1.015,0.1,36.36,2.94,10.56,4.31,1.729,1.51
LMT-0163,6.0,7.0,0.961,0.1077,36.02,3.77,13.02,4.82,1.981,1.35
LMT-0163,7.0,8.0,1.075,0.1688,33.33,4.68,12.1,2.67,2.252,1.37
LMT-0163,8.0,9.0,1.371,0.2104,40.35,5.27,15.02,3.02,1.899,1.38
LMT-0163,9.0,10.0,2.263,0.1254,20.57,8.98,28.41,2.33,1.633,1.44
LMT-0163,10.0,11.0,2.26,0.0617,17.74,10.56,32.34,2.13,1.399,1.59
LMT-0163,11.0,12.0,1.494,0.0669,15.33,12.36,33.47,1.92,1.338,1.53
LMT-0163,12.0,13.0,1.85,0.0315,15.17,15.94,35.76,1.39,1.227,1.56
LMT-0163,13.0,14.0,1.239,0.0341,12.53,19.85,33.95,1.22,1.127,1.68
LMT-0163,14.0,15.0,1.529,0.0286,12.05,19.64,36.71,1.29,0.799,1.7
LMT-0163,15.0,16.0,1.057,0.0246,10.55,18.31,36.97,0.84,0.869,1.62
LMT-0163,16.0,17.0,0.254,0.0104,6.29,29.37,35.88,1.0,0.494,2.59
LMT-0163,17.0,18.0,0.273,0.0153,5.61,28.98,37.49,0.83,0.383,2.4
LMT-0163,18.0,19.0,0.245,0.0095,6.45,36.71,39.75,0.67,0.439,2.55
LMT-0163,19.0,19.8,0.259,0.0119,6.55,37.31,34.99,0.81,0.401,2.69
LMT-0164,0.0,1.0,0.489,0.0295,46.25,0.64,3.17,6.06,2.82,1.53
LMT-0164,1.0,2.0,0.594,0.0504,46.05,1.06,5.13,7.05,2.46,1.56
LMT-0164,2.0,3.0,0.995,0.0554,39.69,1.9,7.31,5.18,2.556,1.37
LMT-0164,3.0,4.0,0.978,0.0587,38.65,2.43,8.15,4.93,2.252,1.35
LMT-0164,4.0,5.0,1.08,0.0708,39.98,2.74,9.79,5.47,1.724,1.39
LMT-0164,5.0,6.0,0.897,0.0645,40.83,3.57,11.45,4.18,1.556,1.47
LMT-0164,6.0,7.0,1.059,0.0842,42.86,3.4,12.26,3.71,2.294,1.45
LMT-0164,7.0,8.0,1.306,0.1294,38.15,4.05,13.84,3.07,1.569,1.57
LMT-0164,8.0,9.0,1.076,0.1723,40.54,4.56,14.65,3.72,1.868,1.48
LMT-0164,9.0,10.0,1.341,0.2612,37.78,5.13,14.17,2.91,1.572,1.55
LMT-0164,10.0,11.0,1.911,0.1182,20.55,9.36,28.1,1.55,1.047,1.52
LMT-0164,11.0,12.0,1.861,0.0974,17.94,9.94,35.17,1.74,1.301,1.51
LMT-0164,12.0,13.0,1.707,0.0294,15.75,12.29,33.41,1.1,1.056,1.59
LMT-0164,13.0,14.0,1.603,0.0408,13.95,17.6,32.7,1.58,0.922,1.57
LMT-0164,14.0,15.0,1.228,0.0212,12.91,18.54,37.57,1.41,0.917,1.69
LMT-0164,15.0,16.0,1.273,0.0163,10.83,23.64,36.66,1.08,0.799,1.75
LMT-0164,16.0,17.0,0.832,0.0203,9.88,22.6,41.63,0.97,0.718,1.68
LMT-0164,17.0,18.0,0.28,0.0148,6.03,26.91,33.18,0.75,0.436,2.37
LMT-0164,18.0,18.8,0.264,0.0116,6.32,33.02,36.12,0.88,0.436,2.44
LMT-0165,0.0,1.0,0.543,0.03,46.6,0.67,3.73,7.2,2.823,1.56
LMT-0165,1.0,2.0,0.874,0.0664,50.54,1.03,5.11,7.45,2.479,1.41
LMT-0165,2.0,3.0,0.974,0.0556,46.82,2.03,7.73,7.21,2.239,1.41
LMT-0165,3.0,4.0,1.167,0.0674,43.07,2.61,9.58,5.12,2.62,1.43
LMT-0165,4.0,5.0,1.175,0.0817,39.53,2.51,11.34,5.18,2.206,1.39
LMT-0165,5.0,6.0,1.088,0.0647,43.45,4.22,11.92,5.01,2.069,1.44
LMT-0165,6.0,7.0,1.333,0.1103,42.07,4.21,13.37,3.65,2.041,1.38
LMT-0165,7.0,8.0,1.427,0.1479,41.43,4.21,13.43,3.66,2.216,1.56
LMT-0165,8.0,9.0,1.432,0.1606,37.19,5.7,15.12,4.25,1.674,1.48
LMT-0165,9.0,10.0,1.507,0.2476,35.28,5.88,18.83,3.16,1.835,1.53
LMT-0165,10.0,11.0,2.244,0.149,19.78,10.92,33.39,1.86,1.432,1.42
LMT-0165,11.0,12.0,2.353,0.0689,18.05,14.26,32.06,1.82,1.219,1.51
LMT-0165,12.0,13.0,1.777,0.0492,15.77,16.96,37.85,1.75,0.985,1.56
LMT-0165,13.0,14.0,1.632,0.0395,15.6,18.77,33.38,1.84,1.321,1.67
LMT-0165,14.0,15.0,1.38,0.029,14.22,22.32,39.47,1.45,0.964,1.71
LMT-0165,15.0,16.0,1.466,0.0247,11.57,21.98,36.31,1.1,1.123,1.71
LMT-0165,16.0,17.0,1.053,0.026,9.73,30.91,36.48,1.14,0.844,1.89
LMT-0165,17.0,18.0,0.241,0.0147,7.49,37.99,39.84,0.99,0.533,2.58
LMT-0165,18.0,18.9,0.301,0.0122,6.35,34.53,37.3,0.64,0.321,2.57
LMT-0166,0.0,1.0,0.682,0.0359,46.52,0.78,3.4,6.6,2.982,1.54
LMT-0166,1.0,2.0,0.913,0.0461,47.4,1.11,4.95,5.44,2.569,1.5
LMT-0166,2.0,3.0,0.959,0.0509,49.88,1.76,8.14,6.67,2.603,1.5
LMT-0166,3.0,4.0,1.225,0.0858,45.0,2.74,8.9,6.68,2.728,1.47
LMT-0166,4.0,5.0,1.222,0.0663,40.88,3.33,9.62,7.08,2.026,1.55
LMT-0166,5.0,6.0,1.356,0.0829,43.39,4.16,11.09,4.43,2.157,1.45
LMT-0166,6.0,7.0,1.468,0.1105,41.91,4.32,13.52,4.66,2.071,1.47
LMT-0166,7.0,8.0,1.327,0.1942,40.74,5.32,16.13,4.94,2.251,1.46
LMT-0166,8.0,9.0,1.432,0.2157,37.75,6.41,16.13,3.86,1.925,1.52
LMT-0166,9.0,10.0,2.824,0.1555,21.07,9.86,32.09,2.39,1.819,1.42
LMT-0166,10.0,11.0,2.533,0.1064,19.09,12.3,35.01,2.43,1.34,1.48
LMT-0166,11.0,12.0,2.233,0.0674,17.87,16.28,33.89,2.29,1.151,1.6
LMT-0166,12.0,13.0,2.024,0.0432,16.6,16.94,36.83,1.78,1.092,1.66
LMT-0166,13.0,14.0,1.628,0.03,14.5,18.72,37.24,1.52,1.201,1.78
LMT-0166,14.0,15.0,1.514,0.0275,12.0,22.9,37.79,1.45,1.014,1.75
LMT-0166,15.0,16.0,1.445,0.0238,10.6,22.6,40.45,1.27,0.794,1.71
LMT-0166,16.0,17.0,0.366,0.0145,6.79,41.26,38.89,1.03,0.575,2.85
LMT-0166,17.0,18.0,0.27,0.0145,6.18,35.0,39.6,1.14,0.435,2.69
LMT-0166,18.0,18.4,0.377,0.0147,5.72,39.2,38.4,0.81,0.468,2.69
LMT-0167,0.0,1.0,0.725,0.0477,52.57,0.77,3.36,7.63,2.784,1.74
LMT-0167,1.0,2.0,0.894,0.0596,52.98,1.06,5.33,7.01,3.119,1.5
LMT-0167,2.0,3.0,1.137,0.0757,46.49,2.03,7.88,5.72,2.942,1.45
LMT-0167,3.0,4.0,1.31,0.09,45.83,2.91,9.33,6.26,2.661,1.45
LMT-0167,4.0,5.0,1.182,0.1073,43.6,3.57,11.7,6.25,2.377,1.65
LMT-0167,5.0,6.0,1.392,0.063,47.52,3.86,13.37,6.55,2.785,1.5
LMT-0167,6.0,7.0,1.295,0.0841,45.29,3.99,13.63,5.95,2.248,1.53
LMT-0167,7.0,8.0,1.134,0.1221,46.17,4.84,13.68,4.02,2.37,1.56
LMT-0167,8.0,9.0,1.545,0.167,37.55,5.78,15.32,4.07,2.184,1.48
LMT-0167,9.0,10.0,1.521,0.3053,37.88,6.82,18.32,4.28,2.502,1.56
LMT-0167,10.0,11.0,2.583,0.1609,22.03,11.95,34.28,2.15,1.545,1.46
LMT-0167,11.0,12.0,2.194,0.0965,18.68,15.65,37.52,2.28,1.506,1.65
LMT-0167,12.0,13.0,2.266,0.0602,16.01,18.53,36.35,2.3,1.436,1.6
LMT-0167,13.0,14.0,1.959,0.0334,14.72,21.0,38.8,1.4,1.408,1.71
LMT-0167,14.0,15.0,1.626,0.0352,12.68,23.18,42.98,1.33,0.936,1.82
LMT-0167,15.0,16.0,1.305,0.0228,10.27,25.65,45.69,1.29,1.109,1.9
LMT-0167,16.0,17.0,0.33,0.0145,6.58,44.48,42.8,1.1,0.442,2.7
LMT-0167,17.0,18.0,0.307,0.0158,7.63,41.5,36.42,1.06,0.552,2.63
LMT-0167,18.0,18.3,0.315,0.0158,6.17,41.97,44.86,1.07,0.447,2.85
LMT-0168,0.0,1.0,0.636,0.0389,53.46,0.71,3.29,8.11,2.701,1.55
LMT-0168,1.0,2.0,1.107,0.0488,50.03,1.18,4.84,8.14,3.069,1.57
LMT-0168,2.0,3.0,0.993,0.0733,48.65,2.06,8.08,7.62,2.254,1.42
LMT-0168,3.0,4.0,1.259,0.072,43.44,2.54,8.29,6.37,2.715,1.53
LMT-0168,4.0,5.0,1.268,0.0709,47.03,3.24,10.24,5.36,2.637,1.52
LMT-0168,5.0,6.0,1.306,0.0834,43.4,3.42,12.57,4.64,2.405,1.6
LMT-0168,6.0,7.0,1.268,0.097,37.07,4.32,13.22,4.75,2.385,1.55
LMT-0168,7.0,8.0,1.39,0.1069,40.9,4.07,14.52,4.84,2.286,1.61
LMT-0168,8.0,9.0,1.339,0.1831,40.03,4.92,15.78,4.5,2.089,1.57
LMT-0168,9.0,10.0,1.602,0.3062,38.22,5.46,15.81,3.25,2.091,1.51
LMT-0168,10.0,11.0,2.548,0.1595,21.13,10.11,36.05,2.18,1.352,1.56
LMT-0168,11.0,12.0,2.168,0.1065,18.73,13.47,35.07,2.37,1.172,1.67
LMT-0168,12.0,12.3,2.355,0.0724,15.84,17.69,35.33,1.96,1.327,1.56
LMT-0169,0.0,1.0,0.766,0.0437,49.8,0.77,3.45,8.57,3.184,1.56
LMT-0169,1.0,2.0,1.083,0.0713,44.63,1.47,7.05,6.88,2.415,1.5
LMT-0169,2.0,3.0,1.22,0.0722,49.4,1.95,8.02,4.79,2.626,1.44
LMT-0169,3.0,4.0,1.071,0.0747,45.77,2.25,9.56,6.88,2.309,1.45
LMT-0169,4.0,5.0,1.262,0.0833,45.43,2.82,10.29,7.18,2.759,1.42
LMT-0169,5.0,6.0,1.277,0.0698,47.47,3.92,11.44,5.58,2.276,1.51
LMT-0169,6.0,7.0,1.476,0.0791,40.88,4.08,11.73,4.53,2.354,1.51
LMT-0169,7.0,8.0,1.239,0.0856,43.68,4.4,14.23,4.67,2.384,1.46
LMT-0169,8.0,9.0,1.295,0.1406,39.37,4.56,14.69,4.46,1.912,1.48
LMT-0169,9.0,10.0,1.447,0.148,38.51,5.89,15.87,4.8,2.492,1.44
LMT-0169,10.0,11.0,1.476,0.2502,38.51,5.46,16.13,3.49,1.868,1.52
LMT-0169,11.0,12.0,2.667,0.1313,20.0,12.58,37.17,2.35,1.321,1.58
LMT-0169,12.0,13.0,1.81,0.0735,15.56,20.69,38.12,1.54,1.14,1.78
LMT-0169,13.0,14.0,1.29,0.033,10.93,27.42,43.37,1.13,0.862,1.98
LMT-0169,14.0,15.0,0.322,0.0169,6.81,38.83,41.94,0.94,0.447,2.85
LMT-0169,15.0,16.0,0.324,0.0129,6.77,35.93,43.27,0.93,0.409,2.68
LMT-0169,16.0,17.1,0.324,0.0136,5.98,36.82,37.79,0.89,0.413,2.85
LMT-0170,0.0,1.0,0.759,0.0421,51.8,0.76,4.18,7.42,2.173,1.51
LMT-0170,1.0,2.0,0.94,0.0613,44.66,1.71,7.41,6.89,2.334,1.5
LMT-0170,2.0,3.0,1.125,0.0918,44.59,2.09,8.87,6.33,2.036,1.52
LMT-0170,3.0,4.0,1.064,0.0792,48.66,2.85,9.74,5.31,2.505,1.46
LMT-0170,4.0,5.0,1.286,0.0767,43.66,3.19,11.22,5.19,2.589,1.42
LMT-0170,5.0,6.0,1.425,0.0876,43.02,3.52,11.78,4.7,2.943,1.49
LMT-0170,6.0,7.0,1.275,0.0874,40.28,3.88,13.62,4.99,2.495,1.46
LMT-0170,7.0,8.0,1.567,0.1031,40.78,4.56,13.3,3.81,1.917,1.54
LMT-0170,8.0,9.0,1.419,0.0929,38.37,5.38,15.33,3.61,2.072,1.5
LMT-0170,9.0,10.0,1.457,0.1849,42.0,5.66,16.13,2.6,1.898,1.53
LMT-0170,10.0,11.0,1.504,0.3114,40.74,6.6,20.91,3.58,2.032,1.4
LMT-0170,11.0,12.0,2.798,0.148,18.29,11.25,33.84,2.52,1.389,1.56
LMT-0170,12.0,13.0,2.164,0.0843,16.44,16.26,34.94,1.95,1.345,1.59
LMT-0170,13.0,14.0,1.748,0.0434,15.17,19.28,38.6,1.53,1.068,1.66
LMT-0170,14.0,15.0,1.463,0.0277,12.13,23.78,38.73,1.48,0.957,1.86
LMT-0170,15.0,16.0,0.277,0.0129,7.45,37.12,36.29,1.11,0.526,2.62
LMT-0170,16.0,17.0,0.33,0.012,6.84,34.41,40.58,0.66,0.427,2.5
LMT-0170,17.0,18.0,0.324,0.0156,6.49,37.25,39.76,1.08,0.509,2.54
LMT-0170,18.0,18.3,0.281,0.0113,6.51,42.5,41.83,0.93,0.415,2.72
LMT-0171,0.0,1.0,1.006,0.0573,45.77,1.2,4.85,7.11,2.84,1.67
LMT-0171,1.0,2.0,0.977,0.0668,45.79,2.04,7.79,6.58,2.775,1.37
LMT-0171,2.0,3.0,1.237,0.0822,45.27,2.48,8.09,6.97,3.025,1.53
LMT-0171,3.0,4.0,1.166,0.0801,47.29,3.01,10.19,5.15,2.514,1.49
LMT-0171,4.0,5.0,1.185,0.0894,47.75,3.32,11.47,6.22,2.804,1.58
LMT-0171,5.0,6.0,1.387,0.0905,44.02,4.08,11.77,4.1,2.749,1.41
LMT-0171,6.0,7.0,1.311,0.1136,38.2,3.62,13.32,4.16,1.986,1.49
LMT-0171,7.0,8.0,1.48,0.1628,41.63,5.38,14.26,4.3,1.786,1.64
LMT-0171,8.0,9.0,1.641,0.2948,39.88,5.57,16.83,4.06,1.656,1.38
LMT-0171,9.0,10.0,1.608,0.338,37.2,6.06,17.45,3.87,2.144,1.66
LMT-0171,10.0,11.0,3.007,0.128,19.66,11.47,32.56,1.81,1.68,1.63
LMT-0171,11.0,12.0,2.295,0.0711,16.28,14.77,40.52,1.82,1.558,1.58
LMT-0171,12.0,13.0,1.682,0.0558,16.09,20.69,36.21,1.68,1.144,1.81
LMT-0171,13.0,14.0,1.673,0.0315,12.5,22.5,40.22,1.27,1.39,1.74
LMT-0171,14.0,15.0,1.378,0.0271,10.66,28.68,42.76,1.26,1.036,1.84
LMT-0171,15.0,16.0,0.363,0.0115,6.28,34.2,40.6,0.95,0.43,2.78
LMT-0171,16.0,17.0,0.314,0.0129,6.37,36.92,42.47,0.95,0.522,2.78
LMT-0171,17.0,17.4,0.324,0.0124,6.81,37.69,39.38,0.95,0.472,2.75
LMT-0172,0.0,1.0,1.054,0.0834,50.7,1.43,6.43,7.26,2.851,1.44
LMT-0172,1.0,2.0,1.229,0.079,47.05,2.4,7.92,5.96,2.333,1.37
LMT-0172,2.0,3.0,1.181,0.0853,41.65,3.0,9.29,6.63,2.476,1.4
LMT-0172,3.0,4.0,1.402,0.0876,42.45,3.34,11.75,4.98,2.216,1.5
LMT-0172,4.0,5.0,1.52,0.0992,45.18,4.4,13.33,6.21,3.069,1.53
LMT-0172,5.0,6.0,1.389,0.1019,45.02,4.58,13.38,4.79,2.278,1.56
LMT-0172,6.0,7.0,1.544,0.2059,42.44,5.86,16.65,4.35,2.369,1.49
LMT-0172,7.0,8.0,1.468,0.2916,38.8,5.45,18.3,3.19,1.888,1.56
LMT-0172,8.0,9.0,2.95,0.1562,21.7,11.75,32.38,2.51,1.663,1.51
LMT-0172,9.0,10.0,2.648,0.1202,19.43,13.33,34.79,2.16,1.634,1.69
LMT-0172,10.0,11.0,2.494,0.072,18.78,14.36,35.92,2.15,1.217,1.69
LMT-0172,11.0,12.0,2.255,0.0452,15.55,19.9,36.73,1.88,1.451,1.72
LMT-0172,12.0,13.0,1.93,0.0435,14.39,23.48,38.6,1.6,1.083,1.75
LMT-0172,13.0,14.0,1.926,0.0381,12.82,23.71,38.28,1.53,1.111,1.88
LMT-0172,14.0,15.0,1.607,0.0266,11.95,26.03,41.64,1.27,0.944,1.97
LMT-0172,15.0,16.0,1.388,0.0227,10.37,25.24,43.03,0.89,0.912,1.88
LMT-0172,16.0,17.0,0.366,0.0161,7.16,37.83,41.87,0.96,0.494,2.77
LMT-0172,17.0,18.0,0.312,0.0134,6.74,42.6,43.31,1.03,0.443,2.68
LMT-0172,18.0,18.9,0.35,0.0133,7.15,39.46,38.95,1.02,0.383,2.74
LMT-0173,0.0,1.0,1.004,0.0504,47.18,1.02,5.6,8.11,3.345,1.64
LMT-0173,1.0,2.0,1.16,0.0664,42.49,2.28,8.02,6.22,2.419,1.5
LMT-0173,2.0,3.0,1.168,0.0718,46.32,2.54,9.66,5.29,2.245,1.41
LMT-0173,3.0,4.0,1.441,0.0873,43.39,3.35,11.03,5.04,2.472,1.33
LMT-0173,4.0,5.0,1.6,0.0817,39.52,3.86,14.1,5.08,2.232,1.5
LMT-0173,5.0,6.0,1.359,0.1485,41.7,5.13,14.24,4.08,2.244,1.52
LMT-0173,6.0,7.0,1.724,0.2599,39.85,5.6,17.65,3.48,1.781,1.44
LMT-0173,7.0,8.0,1.563,0.3616,41.58,6.03,17.11,3.66,1.903,1.52
LMT-0173,8.0,9.0,2.674,0.1494,19.81,11.18,31.19,2.78,1.49,1.65
LMT-0173,9.0,10.0,2.485,0.0827,20.65,11.62,34.96,2.62,1.617,1.48
LMT-0173,10.0,11.0,2.437,0.043,16.87,15.96,34.22,1.97,1.23,1.57
LMT-0173,11.0,12.0,1.871,0.0526,15.25,18.76,38.79,1.72,1.149,1.5
LMT-0173,12.0,13.0,2.229,0.0537,14.73,16.68,38.11,1.82,1.089,1.74
LMT-0173,13.0,14.0,1.813,0.0324,13.99,21.24,40.86,1.56,1.113,1.75
LMT-0173,14.0,15.0,1.571,0.0312,12.53,22.72,37.11,1.7,1.075,1.79
LMT-0173,15.0,16.0,1.651,0.0227,10.68,23.2,40.83,1.36,0.928,1.95
LMT-0173,16.0,17.0,1.186,0.0241,9.13,30.22,40.98,1.26,0.831,1.86
LMT-0173,17.0,18.0,0.356,0.015,7.27,37.64,36.32,1.15,0.488,2.74
LMT-0173,18.0,19.2,0.333,0.0138,6.32,37.13,40.09,0.94,0.454,2.57
LMT-0174,0.0,1.0,0.992,0.06,49.32,0.85,4.33,6.59,2.857,1.54
LMT-0174,1.0,2.0,1.088,0.0601,46.9,1.77,7.18,5.64,2.477,1.4
LMT-0174,2.0,3.0,1.211,0.0797,42.7,2.13,7.67,6.8,2.674,1.34
LMT-0174,3.0,4.0,1.413,0.0653,43.03,2.5,9.34,5.68,1.901,1.51
LMT-0174,4.0,5.0,1.232,0.0574,39.73,3.19,10.22,4.87,2.367,1.58
LMT-0174,5.0,6.0,1.215,0.0744,39.22,3.33,10.59,5.86,2.264,1.43
LMT-0174,6.0,7.0,,,,,,,,1.47
LMT-0174,7.0,8.0,1.732,0.0794,38.75,4.86,13.35,4.21,2.273,1.47
LMT-0174,8.0,9.0,1.463,0.1219,41.43,4.99,14.88,3.95,2.198,1.47
LMT-0174,9.0,10.0,1.556,0.1357,37.89,5.17,15.12,4.39,2.034,1.59
LMT-0174,10.0,11.0,1.323,0.2328,39.91,5.34,15.95,3.74,1.984,1.58
LMT-0174,11.0,12.0,2.921,0.1339,20.11,9.31,28.55,2.31,1.187,1.55
LMT-0174,12.0,13.0,2.825,0.1152,19.95,10.75,32.85,1.85,1.462,1.41
LMT-0174,13.0,14.0,2.226,0.0986,18.97,11.4,33.79,1.27,1.403,1.58
LMT-0174,14.0,15.0,2.354,0.0734,19.9,13.17,30.59,2.09,1.374,1.53
LMT-0174,15.0,16.0,2.542,0.0625,18.77,15.4,34.49,1.78,1.369,1.53
LMT-0174,16.0,17.0,2.117,0.0419,17.49,14.2,36.74,2.25,1.306,1.49
LMT-0174,17.0,18.0,2.168,0.0459,17.02,15.4,34.56,1.53,1.205,1.57
LMT-0174,18.0,19.0,2.384,0.0368,15.14,16.46,38.73,2.24,1.216,1.64
LMT-0174,19.0,20.0,1.825,0.0413,14.81,18.74,34.35,1.44,1.188,1.52
LMT-0174,20.0,21.0,2.245,0.041,14.34,17.84,36.95,1.37,1.154,1.74
LMT-0174,21.0,22.0,1.828,0.0399,13.55,18.15,38.24,1.35,1.141,1.64
LMT-0174,22.0,23.0,1.856,0.0383,13.23,19.84,39.75,1.66,1.012,1.81
LMT-0174,23.0,24.0,1.3,0.0304,13.35,21.76,38.08,1.64,0.872,1.76
LMT-0174,24.0,25.0,1.53,0.0327,11.87,22.13,40.97,1.25,0.914,1.79
LMT-0174,25.0,26.0,1.942,0.042,11.88,22.6,43.7,1.0,1.016,1.67
LMT-0174,26.0,27.0,1.471,0.0322,11.39,22.38,37.96,1.14,0.926,1.87
LMT-0174,27.0,28.0,1.411,0.0261,9.92,27.65,44.31,0.97,0.686,1.7
LMT-0174,28.0,29.0,1.154,0.0268,8.86,27.79,42.98,0.92,0.722,1.78
LMT-0174,29.0,30.0,0.352,0.0101,6.58,35.9,41.37,0.77,0.43,2.43
LMT-0174,30.0,31.1,0.352,0.015,6.98,39.55,42.2,0.99,0.442,2.74
LMT-0175,0.0,1.0,0.796,0.0354,50.88,0.61,3.59,7.86,2.34,1.54
LMT-0175,1.0,2.0,1.191,0.0613,47.38,1.25,6.69,7.43,2.911,1.43
LMT-0175,2.0,3.0,1.322,0.0737,41.04,2.13,7.37,6.21,2.538,1.37
LMT-0175,3.0,4.0,1.432,0.0647,44.15,2.69,8.87,5.87,2.727,1.47
LMT-0175,4.0,5.0,1.227,0.0706,46.82,3.17,10.24,6.02,2.124,1.47
LMT-0175,5.0,6.0,1.259,0.0704,39.41,3.0,11.79,4.9,1.975,1.38
LMT-0175,6.0,7.0,1.397,0.0842,38.38,4.07,11.17,4.79,2.321,1.55
LMT-0175,7.0,8.0,1.541,0.0846,39.37,4.46,13.22,4.55,1.963,1.49
LMT-0175,8.0,9.0,1.418,0.1438,39.35,4.69,13.86,3.75,1.991,1.5
LMT-0175,9.0,10.0,1.775,0.1958,40.53,5.66,15.18,3.24,2.388,1.44
LMT-0175,10.0,11.0,1.649,0.2496,38.66,5.49,15.99,4.13,1.86,1.55
LMT-0175,11.0,12.0,3.064,0.1483,19.06,11.3,30.32,2.51,1.658,1.54
LMT-0175,12.0,13.0,3.171,0.1263,22.16,10.84,33.92,2.3,1.726,1.44
LMT-0175,13.0,14.0,2.519,0.0572,22.34,11.56,36.4,1.85,1.482,1.52
LMT-0175,14.0,15.0,2.656,0.0506,19.7,14.54,33.52,2.48,1.42,1.56
LMT-0175,15.0,16.0,2.592,0.0649,19.08,16.69,31.4,2.12,1.64,1.55
LMT-0175,16.0,17.0,2.282,0.0478,17.25,15.15,33.07,1.7,1.346,1.49
LMT-0175,17.0,18.0,1.993,0.0421,14.95,16.91,36.25,2.32,1.451,1.57
LMT-0175,18.0,19.0,2.042,0.0363,16.49,15.32,36.55,1.79,1.253,1.61
LMT-0175,19.0,20.0,2.233,0.0429,16.54,16.71,37.47,1.57,1.204,1.67
LMT-0175,20.0,21.0,1.967,0.0442,15.39,20.84,36.11,1.93,1.162,1.53
LMT-0175,21.0,22.0,1.88,0.0362,14.4,18.19,36.35,1.53,1.131,1.67
LMT-0175,22.0,23.0,1.554,0.0336,14.78,20.28,39.17,1.69,0.985,1.77
LMT-0175,23.0,24.0,1.536,0.0219,12.27,23.18,39.97,1.27,1.219,1.84
LMT-0175,24.0,25.0,1.566,0.03,12.35,24.78,42.46,1.46,1.107,1.69
LMT-0175,25.0,26.0,1.494,0.0207,12.14,25.44,38.4,1.33,1.166,1.73
LMT-0175,26.0,27.0,1.44,0.0306,10.92,24.59,41.94,1.15,0.837,1.69
LMT-0175,27.0,28.0,1.267,0.0174,9.58,27.21,38.78,1.17,0.859,1.83
LMT-0175,28.0,29.0,1.473,0.0199,9.43,26.45,41.42,1.16,0.841,1.85
LMT-0175,29.0,30.0,0.364,0.0171,6.5,33.59,38.12,0.97,0.432,2.46
LMT-0175,30.0,31.0,0.391,0.0149,6.65,39.04,43.24,0.94,0.433,2.62
LMT-0175,31.0,31.3,0.38,0.0108,6.6,38.34,38.17,0.99,0.474,2.6
LMT-0176,0.0,1.0,0.762,0.0343,47.44,0.62,3.31,7.04,2.875,1.41
LMT-0176,1.0,2.0,1.088,0.0468,46.95,1.02,5.37,6.52,2.736,1.54
LMT-0176,2.0,3.0,0.92,0.042,44.26,1.67,7.91,7.5,2.912,1.38
LMT-0176,3.0,4.0,1.343,0.0817,45.01,2.44,10.16,5.05,2.563,1.35
LMT-0176,4.0,5.0,1.17,0.0762,42.37,3.22,11.02,6.27,1.841,1.41
LMT-0176,5.0,6.0,1.529,0.0762,41.94,3.61,11.36,4.46,2.536,1.52
LMT-0176,6.0,7.0,1.432,0.0886,40.02,4.3,13.23,4.77,1.86,1.51
LMT-0176,7.0,8.0,1.655,0.1008,41.5,4.3,14.13,4.47,1.679,1.43
LMT-0176,8.0,9.0,1.474,0.1845,36.65,4.73,15.18,3.22,2.21,1.61
LMT-0176,9.0,10.0,1.681,0.2815,41.64,5.45,16.44,2.68,1.962,1.45
LMT-0176,10.0,11.0,2.444,0.1659,21.03,9.81,33.71,2.28,1.557,1.53
LMT-0176,11.0,12.0,2.731,0.0971,19.57,10.15,33.08,2.41,1.466,1.58
LMT-0176,12.0,13.0,2.694,0.0685,18.81,13.43,31.49,2.02,1.289,1.47
LMT-0176,13.0,14.0,2.352,0.0537,17.1,14.43,35.4,1.95,1.217,1.48
LMT-0176,14.0,15.0,2.014,0.0463,15.46,14.64,34.81,1.91,1.357,1.68
LMT-0176,15.0,16.0,2.211,0.0409,14.68,19.0,35.02,2.02,1.169,1.56
LMT-0176,16.0,17.0,2.114,0.0296,14.55,18.84,37.24,1.82,1.062,1.62
LMT-0176,17.0,18.0,1.65,0.028,14.35,20.99,36.91,1.46,0.955,1.74
LMT-0176,18.0,19.0,1.733,0.0224,11.85,21.35,38.3,1.36,1.084,1.67
LMT-0176,19.0,20.0,1.583,0.0288,11.48,23.89,40.26,1.05,0.915,1.76
LMT-0176,20.0,21.0,1.53,0.0204,10.03,25.42,40.78,1.28,0.845,1.73
LMT-0176,21.0,22.0,0.359,0.0114,6.68,38.41,39.63,0.93,0.46,2.59
LMT-0176,22.0,23.0,0.378,0.0163,6.98,37.21,39.18,0.83,0.546,2.5
LMT-0176,23.0,24.0,0.341,0.013,6.79,38.27,39.75,0.9,0.464,2.51
LMT-0176,24.0,24.5,0.273,0.0111,5.95,36.56,41.05,0.93,0.463,2.48
LMT-0177,0.0,1.0,0.872,0.0428,49.07,0.77,3.5,7.92,2.542,1.52
LMT-0177,1.0,2.0,1.181,0.0599,47.02,1.54,6.19,6.35,2.979,1.42
LMT-0177,2.0,3.0,1.068,0.0669,42.06,1.82,8.12,6.34,2.444,1.48
LMT-0177,3.0,4.0,1.28,0.054,45.94,2.71,8.66,7.42,2.452,1.46
LMT-0177,4.0,5.0,1.384,0.1055,46.89,3.13,10.08,5.33,2.506,1.48
LMT-0177,5.0,6.0,1.519,0.1046,44.49,4.07,11.8,5.65,2.283,1.42
LMT-0177,6.0,7.0,1.454,0.1146,43.78,4.22,12.91,5.28,2.39,1.54
LMT-0177,7.0,8.0,1.784,0.1214,39.75,4.69,13.3,4.16,2.337,1.62
LMT-0177,8.0,9.0,1.767,0.1732,42.62,4.83,15.3,4.21,1.713,1.54
LMT-0177,9.0,10.0,1.647,0.285,38.17,5.51,17.0,2.74,2.162,1.61
LMT-0177,10.0,11.0,1.755,0.3397,37.23,6.23,16.57,3.19,2.088,1.51
LMT-0177,11.0,12.0,2.767,0.1723,20.64,12.0,32.66,2.78,1.746,1.49
LMT-0177,12.0,13.0,2.778,0.1023,18.29,11.65,33.63,2.44,1.382,1.6
LMT-0177,13.0,14.0,2.635,0.0544,18.65,15.51,34.74,1.89,1.406,1.54
LMT-0177,14.0,15.0,2.518,0.041,18.42,18.07,33.53,1.41,1.365,1.64
LMT-0177,15.0,16.0,2.151,0.043,16.56,17.27,34.93,2.13,1.29,1.59
LMT-0177,16.0,17.0,1.902,0.0346,13.95,18.87,37.78,1.55,1.321,1.74
LMT-0177,17.0,18.0,2.436,0.03,14.77,19.61,39.74,1.88,1.132,1.75
LMT-0177,18.0,19.0,1.864,0.0376,13.53,21.3,38.04,1.78,1.164,1.79
LMT-0177,19.0,20.0,1.796,0.0365,12.51,25.71,44.29,1.13,1.062,1.75
LMT-0177,20.0,21.0,1.567,0.0227,11.47,26.21,40.37,1.21,0.867,1.81
LMT-0177,21.0,22.0,1.622,0.0282,9.8,26.01,41.6,1.26,0.962,1.76
LMT-0177,22.0,23.0,0.374,0.0137,6.42,40.3,41.74,0.9,0.41,2.71
LMT-0177,23.0,24.1,0.386,0.0142,6.82,41.01,40.23,0.9,0.42,2.65
LMT-0178,0.0,1.0,0.817,0.0474,52.89,0.69,3.9,5.7,2.882,1.45
LMT-0178,1.0,2.0,1.172,0.0701,49.36,1.56,6.34,5.99,2.577,1.34
LMT-0178,2.0,3.0,1.125,0.0613,43.41,1.67,8.21,6.31,3.239,1.45
LMT-0178,3.0,4.0,1.378,0.0747,47.89,2.22,8.37,6.89,2.972,1.46
LMT-0178,4.0,5.0,1.538,0.0641,45.25,3.02,9.48,6.02,2.931,1.53
LMT-0178,5.0,6.0,1.613,0.0797,45.13,3.7,11.43,5.11,2.763,1.45
LMT-0178,6.0,7.0,1.471,0.1008,45.39,3.75,12.78,4.58,2.344,1.51
LMT-0178,7.0,8.0,1.554,0.0877,40.79,4.62,13.09,5.73,1.934,1.55
LMT-0178,8.0,9.0,1.477,0.0948,40.46,5.03,15.67,6.22,2.546,1.66
LMT-0178,9.0,10.0,1.381,0.1115,41.78,5.49,15.23,4.67,1.84,1.48
LMT-0178,10.0,11.0,1.529,0.2344,40.48,5.2,16.33,4.5,2.278,1.52
LMT-0178,11.0,12.0,1.76,0.2997,42.06,5.88,16.23,3.83,1.731,1.54
LMT-0178,12.0,13.0,3.437,0.1416,21.38,11.5,34.09,2.53,1.424,1.51
LMT-0178,13.0,14.0,2.994,0.1084,19.13,11.03,34.37,2.09,1.742,1.59
LMT-0178,14.0,15.0,2.529,0.061,20.09,13.0,32.32,2.75,1.467,1.49
LMT-0178,15.0,16.0,2.411,0.0501,19.89,12.07,34.93,2.2,1.454,1.58
LMT-0178,16.0,17.0,2.446,0.0565,18.16,14.4,35.44,2.04,1.422,1.66
LMT-0178,17.0,18.0,2.219,0.0512,18.1,14.92,33.87,1.93,1.412,1.73
LMT-0178,18.0,19.0,2.305,0.0451,16.18,18.26,38.16,2.05,1.245,1.58
LMT-0178,19.0,20.0,2.4,0.0471,15.75,17.94,38.63,2.0,1.186,1.57
LMT-0178,20.0,21.0,2.209,0.0526,16.8,20.25,39.45,1.5,1.442,1.7
LMT-0178,21.0,22.0,2.368,0.0362,15.75,20.93,35.79,1.82,1.257,1.78
LMT-0178,22.0,23.0,1.614,0.0372,14.61,19.56,42.31,1.98,1.285,1.71
LMT-0178,23.0,24.0,1.973,0.0378,13.84,25.75,38.73,1.73,1.029,1.57
LMT-0178,24.0,25.0,2.063,0.0393,12.71,23.48,39.86,1.38,1.059,1.86
LMT-0178,25.0,26.0,1.988,0.033,12.76,24.41,42.01,1.4,1.029,1.78
LMT-0178,26.0,27.0,1.512,0.0284,11.07,26.54,40.76,1.58,1.162,1.78
LMT-0178,27.0,28.0,1.494,0.0263,11.0,28.03,35.85,1.42,0.932,1.9
LMT-0178,28.0,29.0,1.49,0.0228,11.12,27.15,41.77,0.96,0.897,1.86
LMT-0178,29.0,30.0,0.399,0.0171,7.12,43.33,39.66,1.03,0.542,2.81
LMT-0178,30.0,31.0,0.337,0.0173,6.52,40.38,46.04,1.12,0.496,2.76
LMT-0178,31.0,31.6,0.329,0.0127,6.89,42.13,42.47,0.8,0.451,2.77
LMT-0179,0.0,1.0,0.868,0.0477,53.0,0.94,4.73,6.04,2.916,1.66
LMT-0179,1.0,2.0,1.096,0.0683,47.03,1.77,7.51,7.63,2.032,1.46
LMT-0179,2.0,3.0,1.223,0.0632,46.77,2.4,8.31,5.64,2.313,1.38
LMT-0179,3.0,4.0,1.19,0.0448,45.58,2.41,8.84,5.71,2.406,1.38
LMT-0179,4.0,5.0,1.315,0.0771,48.15,2.85,10.24,5.91,2.721,1.5
LMT-0179,5.0,6.0,1.141,0.1002,46.54,3.72,10.5,5.58,2.13,1.41
LMT-0179,6.0,7.0,1.21,0.0746,45.44,4.26,12.06,5.82,2.785,1.55
LMT-0179,7.0,8.0,1.363,0.1186,41.56,4.22,14.03,5.11,2.46,1.51
LMT-0179,8.0,9.0,1.455,0.0996,44.05,4.76,13.47,5.37,2.337,1.51
LMT-0179,9.0,10.0,1.531,0.1069,42.3,5.13,14.63,4.51,2.099,1.4
LMT-0179,10.0,11.0,1.817,0.1288,41.38,5.29,17.16,4.37,2.073,1.53
LMT-0179,11.0,12.0,1.489,0.2529,38.9,5.21,16.32,4.43,1.962,1.51
LMT-0179,12.0,13.0,1.509,0.2734,40.75,6.5,18.54,3.51,2.48,1.56
LMT-0179,13.0,14.0,2.481,0.1563,20.44,9.7,33.44,2.15,1.866,1.49
LMT-0179,14.0,15.0,2.75,0.1131,19.18,11.53,38.41,2.73,1.49,1.56
LMT-0179,15.0,16.0,2.609,0.0862,21.47,10.52,33.97,2.57,1.523,1.53
LMT-0179,16.0,17.0,2.623,0.0551,19.35,13.98,34.72,1.92,1.149,1.55
LMT-0179,17.0,18.0,2.718,0.0356,19.36,13.17,34.9,1.99,1.476,1.61
LMT-0179,18.0,19.0,2.924,0.0426,18.36,12.4,33.14,2.3,1.318,1.57
LMT-0179,19.0,20.0,2.362,0.044,17.35,15.16,34.55,1.88,1.626,1.7
LMT-0179,20.0,21.0,2.099,0.0349,17.43,15.14,35.54,2.05,1.534,1.78
LMT-0179,21.0,22.0,2.527,0.0517,17.26,16.19,38.1,2.06,1.281,1.56
LMT-0179,22.0,23.0,2.179,0.0439,16.05,17.82,35.35,2.11,1.343,1.73
LMT-0179,23.0,24.0,2.266,0.0466,16.7,19.72,34.09,1.72,1.32,1.65
LMT-0179,24.0,25.0,2.18,0.0287,15.78,21.22,36.28,1.81,1.49,1.68
LMT-0179,25.0,26.0,2.152,0.0406,15.04,21.29,39.09,1.81,0.997,1.72
LMT-0179,26.0,27.0,2.063,0.0384,14.59,21.21,34.22,1.55,1.189,1.79
LMT-0179,27.0,28.0,1.567,0.037,13.47,25.01,40.69,1.64,1.124,1.81
LMT-0179,28.0,29.0,1.843,0.0328,13.38,25.23,40.41,1.47,1.145,1.72
LMT-0179,29.0,30.0,1.279,0.0288,11.84,24.9,43.13,1.25,0.915,1.81
LMT-0179,30.0,31.0,1.596,0.034,11.94,24.61,40.66,1.59,1.126,1.88
LMT-0179,31.0,32.0,1.869,0.0319,11.35,26.86,40.6,1.27,0.983,1.78
LMT-0179,32.0,33.0,1.643,0.0255,11.69,25.52,39.94,1.16,1.089,1.84
LMT-0179,33.0,34.0,1.361,0.027,10.54,26.9,44.53,1.29,0.953,1.76
LMT-0179,34.0,35.0,1.294,0.0291,9.03,28.23,42.42,0.98,0.788,1.94
LMT-0179,35.0,36.0,0.37,0.0152,6.83,37.45,42.79,1.09,0.487,2.72
LMT-0179,36.0,37.0,0.387,0.0156,6.59,39.93,44.37,1.02,0.457,2.69
LMT-0179,37.0,37.9,0.371,0.0157,6.69,40.31,47.58,0.93,0.43,2.69
LMT-0180,0.0,1.0,0.5,0.0221,38.14,0.64,3.49,5.91,2.014,1.45
LMT-0180,1.0,2.0,0.721,0.0407,41.26,1.32,6.59,3.21,1.443,1.28
LMT-0180,2.0,3.0,0.879,0.0463,36.2,1.31,7.11,3.52,2.036,1.2
LMT-0180,3.0,4.0,0.762,0.023,39.12,1.66,6.55,2.88,1.92,1.39
LMT-0180,4.0,5.0,1.093,0.0405,33.66,2.23,8.71,3.64,1.719,1.42
LMT-0180,5.0,6.0,0.859,0.024,37.02,2.6,8.88,3.18,1.183,1.27
LMT-0180,6.0,7.0,0.97,0.0346,34.12,2.51,9.05,3.22,1.774,1.25
LMT-0180,7.0,8.0,1.001,0.0409,36.15,2.95,10.48,1.76,1.42,1.26
LMT-0180,8.0,9.0,1.147,0.0437,35.98,3.14,11.66,2.38,1.41,1.2
LMT-0180,9.0,10.0,1.102,0.0498,36.92,4.18,11.81,2.59,2.036,1.2
LMT-0180,10.0,11.0,0.922,0.075,39.89,3.44,12.17,2.51,0.831,1.35
LMT-0180,11.0,12.0,0.987,0.1559,30.75,4.88,12.54,2.74,1.384,1.36
LMT-0180,12.0,13.0,0.991,0.2046,32.61,5.05,14.49,2.5,1.134,1.33
LMT-0180,13.0,14.0,2.153,0.0901,18.54,6.65,25.81,1.51,1.099,1.33
LMT-0180,14.0,15.0,2.092,0.0652,16.65,8.23,26.16,1.48,0.935,1.37
LMT-0180,15.0,16.0,1.819,0.0371,16.01,8.58,27.35,1.11,1.079,1.39
LMT-0180,16.0,17.0,1.877,0.0185,16.25,10.81,26.97,1.4,1.216,1.36
LMT-0180,17.0,18.0,1.649,0.0263,16.97,10.03,27.93,1.29,1.073,1.27
LMT-0180,18.0,19.0,1.351,0.0398,14.89,9.13,28.13,1.21,1.098,1.42
LMT-0180,19.0,20.0,1.799,0.0198,15.34,15.49,26.84,1.48,0.975,1.37
LMT-0180,20.0,21.0,1.456,0.0271,14.63,11.46,27.76,0.86,0.831,1.51
LMT-0180,21.0,22.0,1.859,0.0369,13.56,11.84,30.33,0.84,0.975,1.43
LMT-0180,22.0,23.0,1.389,0.0216,13.29,14.55,27.32,1.28,0.891,1.37
LMT-0180,23.0,24.0,1.622,0.0137,11.98,14.92,30.45,1.41,0.89,1.5
LMT-0180,24.0,25.0,1.366,0.0259,12.58,15.44,33.01,0.86,0.884,1.49
LMT-0180,25.0,26.0,1.075,0.0183,11.69,16.07,31.78,1.06,0.806,1.4
LMT-0180,26.0,27.0,1.477,0.0122,11.01,14.96,26.53,0.93,0.701,1.53
LMT-0180,27.0,28.0,1.356,0.0265,11.13,17.47,32.83,0.98,0.849,1.53
LMT-0180,28.0,29.0,1.225,0.011,11.11,17.56,33.77,0.62,0.781,1.58
LMT-0180,29.0,30.0,1.037,0.0146,9.64,18.44,31.17,0.64,0.544,1.49
LMT-0180,30.0,31.0,0.972,0.0109,10.42,21.72,35.96,1.01,0.52,1.54
LMT-0180,31.0,32.0,1.012,0.0136,9.6,20.44,32.34,0.62,0.666,1.67
LMT-0180,32.0,33.0,0.78,0.0134,8.9,19.92,40.14,0.56,0.636,1.57
LMT-0180,33.0,34.0,0.27,0.009,6.12,25.99,30.94,0.51,0.342,2.39
LMT-0180,34.0,35.2,0.215,0.0095,5.67,30.65,36.49,0.57,0.294,2.09
LMT-0181,0.0,1.0,0.543,0.0235,45.81,0.46,3.33,5.82,2.119,1.44
LMT-0181,1.0,2.0,0.663,0.0411,45.1,0.95,4.72,5.08,2.262,1.5
LMT-0181,2.0,3.0,0.811,0.0451,44.34,1.61,6.98,3.91,1.894,1.37
LMT-0181,3.0,4.0,0.866,0.0372,40.72,1.91,7.67,4.86,1.595,1.35
LMT-0181,4.0,5.0,0.984,0.0685,38.32,2.55,9.45,3.9,1.598,1.3
LMT-0181,5.0,6.0,0.952,0.0527,39.84,3.18,10.47,2.03,1.557,1.4
LMT-0181,6.0,7.0,0.923,0.0822,39.69,3.39,11.38,4.32,2.26,1.29
LMT-0181,7.0,8.0,1.117,0.084,33.02,4.19,12.93,2.79,1.587,1.36
LMT-0181,8.0,9.0,0.996,0.119,37.31,5.05,13.98,3.01,1.719,1.39
LMT-0181,9.0,10.0,1.016,0.1511,37.33,4.67,14.53,2.38,1.889,1.41
LMT-0181,10.0,11.0,1.792,0.1148,19.49,8.02,30.21,2.22,1.167,1.45
LMT-0181,11.0,12.0,1.948,0.0691,17.43,10.37,30.95,1.62,1.085,1.38
LMT-0181,12.0,13.0,1.39,0.0337,16.3,14.82,29.81,1.37,0.67,1.39
LMT-0181,13.0,14.0,1.584,0.0389,15.55,14.39,31.45,1.41,0.89,1.56
LMT-0181,14.0,15.0,1.448,0.0174,12.62,17.64,34.26,1.01,0.918,1.56
LMT-0181,15.0,16.0,1.229,0.0185,11.8,22.63,33.78,1.0,0.681,1.68
LMT-0181,16.0,17.0,1.223,0.0173,9.45,15.65,37.49,0.82,0.947,1.74
LMT-0181,17.0,18.0,1.117,0.0111,8.26,19.12,35.49,0.68,0.79,1.72
LMT-0181,18.0,19.0,0.272,0.0153,5.82,31.21,38.35,0.5,0.469,2.33
LMT-0181,19.0,20.2,0.267,0.0089,5.63,36.58,36.82,0.82,0.378,2.33
LMT-0182,0.0,1.0,0.593,0.0438,50.9,0.6,3.3,7.42,2.754,1.49
LMT-0182,1.0,2.0,0.852,0.0663,50.57,0.96,4.36,8.82,2.403,1.45
LMT-0182,2.0,3.0,0.988,0.0788,51.6,1.6,7.4,5.68,2.629,1.39
LMT-0182,3.0,4.0,1.08,0.0652,49.04,2.4,9.36,6.23,2.465,1.44
LMT-0182,4.0,5.0,1.143,0.0784,43.28,3.04,9.68,5.75,1.956,1.39
LMT-0182,5.0,6.0,1.195,0.0512,43.8,3.38,10.81,5.44,1.914,1.49
LMT-0182,6.0,7.0,1.324,0.0906,39.85,3.72,12.22,5.37,1.887,1.38
LMT-0182,7.0,8.0,1.423,0.0986,40.08,5.02,12.64,4.96,1.952,1.47
LMT-0182,8.0,9.0,1.665,0.1072,37.9,4.64,14.99,3.9,2.203,1.5
LMT-0182,9.0,10.0,1.545,0.1979,40.81,5.25,16.06,3.48,2.129,1.53
LMT-0182,10.0,11.0,1.699,0.1983,38.12,5.54,18.38,3.89,1.642,1.52
LMT-0182,11.0,12.0,1.867,0.1367,19.4,11.42,33.15,2.1,1.386,1.5
LMT-0182,12.0,13.0,2.005,0.0791,18.46,13.69,36.7,1.86,1.225,1.61
LMT-0182,13.0,14.0,1.556,0.0371,14.57,17.17,35.08,1.76,1.537,1.59
LMT-0182,14.0,15.0,1.954,0.0297,14.8,17.28,38.67,1.95,1.264,1.75
LMT-0182,15.0,16.0,1.796,0.0319,14.23,21.01,36.85,1.81,0.894,1.63
LMT-0182,16.0,17.0,1.316,0.0266,11.07,22.69,40.18,1.49,0.88,1.65
LMT-0182,17.0,18.0,1.262,0.0235,9.68,27.66,42.6,1.16,0.993,1.77
LMT-0182,18.0,19.0,0.288,0.0144,7.11,37.41,37.83,0.99,0.484,2.79
LMT-0182,19.0,20.0,0.317,0.0075,6.56,37.35,40.49,0.76,0.515,2.48
LMT-0182,20.0,21.0,0.266,0.0113,6.71,35.71,39.7,0.79,0.451,2.75
LMT-0182,21.0,21.3,0.311,0.0149,6.66,39.4,42.87,0.83,0.451,2.65
LMT-0183,0.0,1.0,0.806,0.0498,51.94,0.77,3.64,11.26,3.056,1.53
LMT-0183,1.0,2.0,0.877,0.061,49.55,1.18,5.64,8.33,3.269,1.56
LMT-0183,2.0,3.0,1.108,0.0683,49.31,1.91,8.9,7.13,2.736,1.44
LMT-0183,3.0,4.0,1.059,0.0802,48.68,2.5,9.17,5.5,2.722,1.49
LMT-0183,4.0,5.0,1.309,0.0913,45.2,3.38,10.59,4.78,2.636,1.44
LMT-0183,5.0,6.0,1.332,0.0851,42.57,3.72,11.54,6.33,2.943,1.51
LMT-0183,6.0,7.0,1.336,0.124,44.73,4.02,12.59,4.59,2.165,1.46
LMT-0183,7.0,8.0,1.322,0.0946,39.82,4.72,14.73,4.03,2.487,1.52
LMT-0183,8.0,9.0,1.537,0.1837,36.09,5.83,15.33,4.68,2.346,1.53
LMT-0183,9.0,10.0,1.576,0.2936,39.38,5.57,18.0,4.26,2.311,1.53
LMT-0183,10.0,11.0,1.509,0.4018,40.87,7.24,17.17,2.92,1.838,1.65
LMT-0183,11.0,12.0,2.572,0.1303,20.54,11.72,32.84,2.85,1.585,1.63
LMT-0183,12.0,13.0,2.318,0.0921,18.33,13.75,33.19,2.36,1.679,1.72
LMT-0183,13.0,14.0,2.43,0.0693,17.48,18.81,37.1,2.15,1.552,1.74
LMT-0183,14.0,15.0,1.901,0.0529,16.18,18.12,40.99,2.19,1.189,1.62
LMT-0183,15.0,16.0,1.727,0.0398,15.21,23.13,39.73,1.68,1.196,1.74
LMT-0183,16.0,17.0,1.642,0.03,12.0,24.21,39.6,1.34,0.871,1.81
LMT-0183,17.0,18.0,1.361,0.0397,10.26,26.58,47.13,1.39,0.962,1.91
LMT-0183,18.0,19.0,0.332,0.0127,6.76,38.43,42.63,1.03,0.562,2.7
LMT-0183,19.0,20.0,0.33,0.0154,6.78,39.51,42.25,1.08,0.535,2.83
LMT-0183,20.0,21.1,0.367,0.0106,7.01,42.51,42.22,0.99,0.514,2.78
LMT-0184,0.0,1.0,0.78,0.0465,56.0,0.79,3.85,10.26,3.211,1.74
LMT-0184,1.0,2.0,1.12,0.0948,52.0,1.52,7.47,9.13,2.804,1.51
LMT-0184,2.0,3.0,1.338,0.0826,52.54,1.64,7.54,7.83,2.839,1.47
LMT-0184,3.0,4.0,1.276,0.0839,49.34,2.79,9.48,7.08,3.216,1.57
LMT-0184,4.0,5.0,1.474,0.1024,50.28,3.22,10.68,7.22,2.547,1.54
LMT-0184,5.0,6.0,1.4,0.0966,46.21,3.96,11.17,6.14,2.394,1.55
LMT-0184,6.0,7.0,1.558,0.0935,47.65,4.02,13.22,5.8,2.919,1.66
LMT-0184,7.0,8.0,1.481,0.1096,42.21,4.89,14.26,4.05,2.465,1.43
LMT-0184,8.0,9.0,1.554,0.1518,42.96,5.51,16.26,4.54,2.274,1.61
LMT-0184,9.0,10.0,1.596,0.1925,42.03,5.96,16.16,4.88,2.32,1.64
LMT-0184,10.0,11.0,1.505,0.301,40.6,5.91,17.05,3.99,2.221,1.6
LMT-0184,11.0,12.0,1.639,0.3383,41.35,7.13,19.72,4.63,2.272,1.69
LMT-0184,12.0,13.0,2.724,0.1577,20.45,12.91,36.92,2.46,1.59,1.54
LMT-0184,13.0,14.0,2.401,0.0861,19.67,12.51,36.86,2.67,1.52,1.72
LMT-0184,14.0,15.0,2.253,0.0487,16.77,18.65,35.95,2.42,1.625,1.73
LMT-0184,15.0,16.0,1.845,0.0458,16.08,20.48,41.25,2.4,1.27,1.71
LMT-0184,16.0,17.0,1.887,0.036,14.29,24.2,44.33,1.56,1.168,1.82
LMT-0184,17.0,18.0,1.588,0.0403,12.24,26.67,39.67,1.66,1.286,1.91
LMT-0184,18.0,19.0,1.355,0.0242,10.85,29.59,42.19,1.29,1.074,1.94
LMT-0184,19.0,20.0,0.381,0.0188,6.66,42.54,43.47,1.09,0.572,2.85
LMT-0184,20.0,21.0,0.349,0.0161,7.4,38.87,44.73,0.99,0.434,2.85
LMT-0184,21.0,21.7,0.314,0.0147,6.16,43.88,45.81,1.06,0.509,2.79
LMT-0185,0.0,1.0,0.807,0.0507,55.4,0.72,3.92,7.36,3.47,1.57
LMT-0185,1.0,2.0,1.155,0.0771,49.88,1.55,7.23,9.44,2.732,1.58
LMT-0185,2.0,3.0,0.962,0.0911,50.42,2.27,8.33,7.19,3.035,1.51
LMT-0185,3.0,4.0,1.031,0.0605,50.95,2.58,9.29,7.22,2.662,1.52
LMT-0185,4.0,5.0,1.216,0.0893,43.91,2.96,9.69,6.51,2.668,1.59
LMT-0185,5.0,6.0,1.118,0.082,44.51,4.07,10.84,6.37,2.989,1.56
LMT-0185,6.0,7.0,1.418,0.1217,41.95,4.14,11.78,5.52,2.178,1.59
LMT-0185,7.0,8.0,1.416,0.0896,47.17,3.98,14.29,5.65,2.51,1.52
LMT-0185,8.0,9.0,1.551,0.0886,39.06,5.3,12.83,5.33,2.198,1.58
LMT-0185,9.0,10.0,1.416,0.1629,41.58,5.32,15.7,4.56,2.659,1.54
LMT-0185,10.0,11.0,1.784,0.2295,41.04,5.77,16.71,4.2,2.297,1.56
LMT-0185,11.0,12.0,1.65,0.2422,44.13,6.21,17.46,3.88,2.299,1.63
LMT-0185,12.0,13.0,3.164,0.1767,19.69,11.08,35.15,2.49,1.809,1.53
LMT-0185,13.0,14.0,1.998,0.1351,20.11,13.08,37.2,2.55,1.86,1.44
LMT-0185,14.0,15.0,2.581,0.084,18.65,16.09,40.12,2.08,1.466,1.69
LMT-0185,15.0,16.0,2.003,0.0534,14.76,24.99,38.56,1.9,1.171,1.73
LMT-0185,16.0,17.0,1.735,0.0348,12.24,24.13,41.61,1.66,1.183,1.93
LMT-0185,17.0,18.0,1.286,0.0287,11.14,25.79,44.83,1.32,0.918,1.95
LMT-0185,18.0,19.0,0.357,0.0149,6.46,43.89,42.31,0.91,0.523,2.68
LMT-0185,19.0,20.0,0.338,0.0132,7.24,35.05,43.88,1.12,0.578,2.85
LMT-0185,20.0,20.9,0.315,0.0141,6.85,41.89,44.27,1.1,0.579,2.84
LMT-0186,0.0,1.0,0.691,0.0405,47.54,0.78,4.13,9.82,3.774,1.66
LMT-0186,1.0,2.0,1.045,0.0702,50.04,1.73,6.39,7.48,2.676,1.36
LMT-0186,2.0,3.0,0.975,0.0882,46.55,1.97,7.91,6.46,2.84,1.45
LMT-0186,3.0,4.0,1.307,0.06,49.12,2.55,8.35,6.38,2.614,1.49
LMT-0186,4.0,5.0,1.44,0.1078,43.32,2.99,9.61,8.05,2.468,1.43
LMT-0186,5.0,6.0,1.274,0.1014,46.48,3.31,10.92,6.33,2.392,1.49
LMT-0186,6.0,7.0,1.496,0.1006,48.22,3.75,13.08,6.0,2.506,1.53
LMT-0186,7.0,8.0,1.385,0.101,42.72,4.11,12.14,6.32,2.425,1.63
LMT-0186,8.0,9.0,1.407,0.1101,44.13,4.8,13.03,5.54,2.431,1.54
LMT-0186,9.0,10.0,1.55,0.106,37.97,4.6,15.22,4.71,2.2,1.55
LMT-0186,10.0,11.0,1.404,0.1343,42.25,5.63,14.26,4.82,2.404,1.52
LMT-0186,11.0,12.0,1.494,0.2643,38.45,5.82,16.63,4.96,2.429,1.53
LMT-0186,12.0,13.0,1.772,0.4164,39.93,6.57,18.37,3.75,2.296,1.61
LMT-0186,13.0,14.0,2.875,0.1253,20.27,11.92,32.59,2.34,1.794,1.61
LMT-0186,14.0,15.0,2.112,0.1083,16.7,17.95,34.68,1.74,1.144,1.7
LMT-0186,15.0,16.0,1.787,0.0573,14.35,23.58,36.25,1.65,1.22,1.75
LMT-0186,16.0,17.0,1.634,0.0372,10.96,28.72,41.77,1.26,0.935,1.88
LMT-0186,17.0,18.0,0.306,0.0154,6.72,39.97,41.38,0.95,0.528,2.49
LMT-0186,18.0,19.0,0.372,0.0149,6.64,41.05,42.15,0.85,0.542,2.66
LMT-0186,19.0,20.2,0.322,0.0188,7.01,38.6,39.53,1.09,0.532,2.85
LMT-0187,0.0,1.0,0.894,0.0534,51.69,0.78,3.93,6.69,3.059,1.65
LMT-0187,1.0,2.0,1.104,0.061,47.66,1.71,7.64,6.53,2.91,1.51
LMT-0187,2.0,3.0,1.288,0.0724,45.71,2.35,8.07,6.64,2.703,1.51
LMT-0187,3.0,4.0,1.351,0.0744,45.85,2.83,9.07,5.2,2.872,1.43
LMT-0187,4.0,5.0,1.236,0.0721,46.95,3.11,10.27,4.73,2.813,1.48
LMT-0187,5.0,6.0,1.266,0.0846,45.27,3.63,12.77,6.65,2.321,1.45
LMT-0187,6.0,7.0,1.25,0.0934,46.21,4.08,12.47,5.1,2.291,1.44
LMT-0187,7.0,8.0,1.424,0.1037,44.45,4.34,12.67,5.23,2.733,1.4
LMT-0187,8.0,9.0,1.607,0.0801,43.94,4.65,13.37,4.94,2.782,1.59
LMT-0187,9.0,10.0,1.513,0.1145,42.09,5.12,15.52,4.81,2.297,1.5
LMT-0187,10.0,11.0,1.535,0.2173,38.98,5.07,16.74,4.95,2.04,1.51
LMT-0187,11.0,12.0,1.684,0.2851,40.32,6.18,17.63,4.16,2.176,1.52
LMT-0187,12.0,13.0,2.569,0.2115,21.72,11.37,32.96,2.6,1.87,1.54
LMT-0187,13.0,14.0,2.58,0.1478,20.49,14.22,36.12,2.61,1.521,1.7
LMT-0187,14.0,15.0,2.328,0.0932,17.0,18.08,36.28,1.63,1.138,1.58
LMT-0187,15.0,16.0,1.809,0.0522,15.99,17.37,38.36,1.48,1.514,1.76
LMT-0187,16.0,17.0,2.013,0.0352,13.21,26.23,36.5,1.69,1.068,1.76
LMT-0187,17.0,18.0,1.363,0.037,11.17,26.46,40.5,1.2,1.011,1.81
LMT-0187,18.0,19.0,0.325,0.0131,6.86,43.01,43.15,1.24,0.553,2.82
LMT-0187,19.0,20.0,0.357,0.0125,7.28,40.07,42.65,1.01,0.562,2.79
LMT-0187,20.0,20.4,0.311,0.0177,6.44,41.84,39.12,1.1,0.521,2.75
LMT-0188,0.0,1.0,0.912,0.0766,48.95,1.28,7.46,7.51,2.838,1.39
LMT-0188,1.0,2.0,1.214,0.0736,48.43,2.17,7.7,6.08,2.732,1.51
LMT-0188,2.0,3.0,1.4,0.0919,48.06,2.35,8.88,6.58,2.625,1.48
LMT-0188,3.0,4.0,1.253,0.0909,45.83,3.16,10.21,5.69,2.684,1.47
LMT-0188,4.0,5.0,1.308,0.0563,47.93,3.66,12.1,5.74,2.394,1.55
LMT-0188,5.0,6.0,1.421,0.0855,45.21,4.03,12.85,6.45,2.493,1.56
LMT-0188,6.0,7.0,1.441,0.0909,41.63,4.73,14.26,4.82,2.394,1.58
LMT-0188,7.0,8.0,1.542,0.1145,40.4,5.06,16.94,3.94,2.031,1.52
LMT-0188,8.0,9.0,1.477,0.1993,41.68,5.04,15.91,4.26,2.226,1.47
LMT-0188,9.0,10.0,1.571,0.2096,38.41,5.18,15.79,2.91,1.985,1.37
LMT-0188,10.0,11.0,2.979,0.175,20.7,10.08,33.56,2.59,1.339,1.44
LMT-0188,11.0,12.0,2.637,0.1228,19.92,10.97,34.67,2.75,1.354,1.58
LMT-0188,12.0,13.0,1.739,0.0735,16.17,16.01,36.13,2.25,1.417,1.59
LMT-0188,13.0,14.0,2.207,0.0369,15.68,18.82,36.17,1.96,1.301,1.58
LMT-0188,14.0,15.0,2.042,0.0352,14.43,21.4,39.03,1.64,1.32,1.84
LMT-0188,15.0,16.0,1.576,0.0301,12.01,23.55,44.07,1.58,0.955,1.9
LMT-0188,16.0,17.0,1.364,0.0284,11.51,23.43,41.66,1.49,0.916,1.79
LMT-0188,17.0,18.0,0.377,0.0169,6.52,38.82,43.66,0.98,0.599,2.71
LMT-0188,18.0,19.0,0.406,0.0127,6.66,37.7,41.25,1.05,0.493,2.65
LMT-0188,19.0,20.0,0.359,0.0134,6.77,36.62,40.6,0.98,0.46,2.8
LMT-0188,20.0,20.3,0.386,0.0189,6.48,42.48,38.95,0.82,0.583,2.59
LMT-0189,0.0,1.0,1.186,0.0607,48.42,1.46,6.78,6.29,2.797,1.42
LMT-0189,1.0,2.0,1.132,0.0712,49.18,2.33,7.95,7.15,2.555,1.6
LMT-0189,2.0,3.0,1.503,0.0743,44.33,2.68,9.39,6.23,2.49,1.66
LMT-0189,3.0,4.0,1.332,0.0566,48.34,2.96,11.1,5.11,2.736,1.49
LMT-0189,4.0,5.0,1.475,0.0802,44.8,3.95,12.18,5.84,2.265,1.64
LMT-0189,5.0,6.0,1.534,0.1108,44.16,4.26,15.22,3.81,2.19,1.63
LMT-0189,6.0,7.0,1.594,0.1386,42.02,4.98,15.28,4.62,2.617,1.42
LMT-0189,7.0,8.0,1.568,0.2216,38.76,5.22,17.27,5.16,2.243,1.5
LMT-0189,8.0,9.0,1.712,0.2868,39.58,5.44,17.71,5.07,1.981,1.55
LMT-0189,9.0,10.0,2.789,0.1728,21.21,11.72,32.12,3.09,1.658,1.57
LMT-0189,10.0,11.0,2.357,0.0746,19.22,14.23,35.2,2.64,1.517,1.5
LMT-0189,11.0,12.0,2.463,0.0485,17.78,14.37,32.87,1.67,1.496,1.64
LMT-0189,12.0,13.0,2.465,0.0502,16.77,15.98,34.33,2.1,1.34,1.73
LMT-0189,13.0,14.0,2.359,0.0405,15.89,19.08,36.19,2.3,1.406,1.61
LMT-0189,14.0,15.0,2.014,0.0382,14.4,20.78,39.27,1.72,1.465,1.78
LMT-0189,15.0,16.0,1.761,0.0379,13.65,25.5,44.55,1.79,1.236,1.61
LMT-0189,16.0,17.0,1.543,0.0288,12.69,25.54,45.44,1.39,1.005,1.87
LMT-0189,17.0,18.0,1.697,0.0313,10.48,26.64,40.75,1.16,1.002,1.91
LMT-0189,18.0,19.0,0.365,0.0206,6.62,37.15,44.49,0.95,0.502,2.84
LMT-0189,19.0,20.0,0.425,0.014,7.09,35.36,39.19,1.25,0.471,2.58
LMT-0189,20.0,21.0,0.38,0.02,6.64,40.13,43.05,0.99,0.496,2.72
LMT-0189,21.0,21.4,0.357,0.0142,6.65,38.51,41.09,1.04,0.506,2.66
LMT-0190,0.0,1.0,0.678,0.0255,49.34,0.74,3.38,6.64,2.48,1.59
LMT-0190,1.0,2.0,0.807,0.0633,42.15,1.33,7.38,5.6,2.249,1.3
LMT-0190,2.0,3.0,0.991,0.0456,41.78,2.13,8.13,5.68,2.413,1.47
LMT-0190,3.0,4.0,0.935,0.0654,42.97,2.32,8.82,5.4,2.297,1.38
LMT-0190,4.0,5.0,1.027,0.0709,42.23,3.03,8.47,5.23,2.076,1.29
LMT-0190,5.0,6.0,1.032,0.0571,43.19,3.1,11.25,3.63,2.485,1.36
LMT-0190,6.0,7.0,1.12,0.0797,42.67,3.09,11.05,3.8,2.008,1.27
LMT-0190,7.0,8.0,1.15,0.0768,43.1,3.93,13.28,3.53,2.078,1.46
LMT-0190,8.0,9.0,1.256,0.1124,43.41,3.81,13.86,3.7,1.795,1.38
LMT-0190,9.0,10.0,1.308,0.1728,40.73,5.6,15.92,3.34,1.887,1.42
LMT-0190,10.0,11.0,1.487,0.259,34.15,5.27,17.04,3.93,1.59,1.47
LMT-0190,11.0,12.0,,,,,,,,1.49
LMT-0190,12.0,13.0,1.937,0.0785,17.29,12.85,30.86,1.88,1.248,1.49
LMT-0190,13.0,14.0,1.705,0.0499,16.38,14.59,33.67,1.82,1.317,1.47
LMT-0190,14.0,15.0,1.764,0.0355,15.49,16.76,34.02,1.42,0.818,1.47
LMT-0190,15.0,16.0,1.427,0.0318,12.82,17.35,35.15,1.48,1.219,1.61
LMT-0190,16.0,17.0,1.06,0.0156,11.39,21.73,36.69,1.28,0.93,1.62
LMT-0190,17.0,18.0,0.964,0.0196,8.97,27.41,38.25,1.08,0.696,1.85
LMT-0190,18.0,19.0,0.311,0.0114,6.75,34.78,38.69,0.58,0.319,2.75
LMT-0190,19.0,20.0,0.238,0.0151,6.39,34.98,34.5,0.87,0.352,2.5
LMT-0190,20.0,21.1,0.228,0.0131,6.68,31.91,38.54,0.87,0.367,2.56
LMT-0191,0.0,1.0,0.596,0.0234,45.34,0.58,3.03,6.74,1.814,1.39
LMT-0191,1.0,2.0,0.66,0.0381,41.17,1.51,5.64,6.02,1.874,1.3
LMT-0191,2.0,3.0,0.865,0.0613,40.23,1.7,6.68,4.22,1.653,1.37
LMT-0191,3.0,4.0,1.028,0.0399,38.57,2.7,9.73,5.44,1.705,1.29
LMT-0191,4.0,5.0,1.026,0.045,36.05,2.98,10.67,3.87,2.194,1.36
LMT-0191,5.0,6.0,0.83,0.0862,37.99,3.68,11.6,2.68,1.348,1.37
LMT-0191,6.0,7.0,1.055,0.1111,36.74,4.02,12.14,3.05,1.498,1.28
LMT-0191,7.0,8.0,0.938,0.1715,35.12,5.29,15.87,2.03,1.656,1.25
LMT-0191,8.0,9.0,1.75,0.077,16.9,9.98,30.63,1.55,1.326,1.4
LMT-0191,9.0,10.0,1.79,0.0553,16.87,13.18,31.54,1.08,1.129,1.41
LMT-0191,10.0,11.0,1.209,0.038,14.01,13.85,32.85,1.3,0.944,1.47
LMT-0191,11.0,12.0,1.19,0.0301,12.09,14.49,32.67,1.19,0.932,1.51
LMT-0191,12.0,13.0,1.184,0.0287,10.91,21.1,30.08,0.85,0.771,1.63
LMT-0191,13.0,14.0,0.917,0.0197,9.73,25.75,37.95,0.74,0.63,1.72
LMT-0191,14.0,15.0,0.261,0.0164,6.45,25.33,36.08,0.76,0.373,2.23
LMT-0191,15.0,16.0,0.267,0.0067,5.64,27.4,36.09,0.74,0.301,2.18
LMT-0191,16.0,16.3,0.217,0.0133,6.08,29.14,34.39,0.35,0.336,2.46
LMT-0192,0.0,1.0,0.507,0.0321,41.66,0.71,3.67,5.62,2.307,1.36
LMT-0192,1.0,2.0,0.833,0.058,44.34,1.8,7.13,4.36,2.215,1.42
LMT-0192,2.0,3.0,0.803,0.0775,39.28,2.67,9.82,4.37,2.152,1.36
LMT-0192,3.0,4.0,1.062,0.072,34.04,3.71,10.99,3.11,1.915,1.46
LMT-0192,4.0,5.0,1.041,0.1312,38.75,4.65,12.77,2.88,1.873,1.57
LMT-0192,5.0,6.0,1.258,0.2034,37.52,4.68,14.94,2.78,2.019,1.5
LMT-0192,6.0,7.0,2.15,0.1411,19.43,9.33,30.35,2.17,1.453,1.37
LMT-0192,7.0,8.0,2.128,0.0866,17.54,10.29,31.47,1.53,1.507,1.43
LMT-0192,8.0,9.0,1.507,0.055,15.86,13.78,30.64,1.92,1.258,1.65
LMT-0192,9.0,9.5,1.652,0.0547,16.32,14.6,31.98,1.68,1.086,1.46
LMT-0193,0.0,1.0,0.611,0.0302,43.76,0.7,3.92,8.47,2.528,1.41
LMT-0193,1.0,2.0,0.943,0.0537,46.53,1.62,7.84,5.32,2.873,1.51
LMT-0193,2.0,3.0,0.967,0.0588,40.67,2.83,10.29,4.64,2.275,1.38
LMT-0193,3.0,4.0,1.13,0.1778,40.85,3.5,11.24,4.79,2.169,1.44
LMT-0193,4.0,5.0,1.198,0.3283,35.92,6.56,15.03,3.16,1.519,1.49
LMT-0193,5.0,6.0,1.843,0.1284,21.2,10.06,34.19,2.54,1.471,1.4
LMT-0193,6.0,7.0,2.243,0.084,18.25,10.7,34.52,2.21,1.374,1.43
LMT-0193,7.0,8.0,1.901,0.0583,15.68,11.51,32.82,1.54,1.321,1.55
LMT-0193,8.0,9.0,2.153,0.0351,17.29,12.04,31.97,1.54,1.259,1.52
LMT-0193,9.0,10.0,1.895,0.0318,15.58,15.94,32.96,1.57,1.138,1.67
LMT-0193,10.0,11.0,1.797,0.0319,15.61,16.25,37.08,1.9,1.043,1.7
LMT-0193,11.0,12.0,1.893,0.0424,14.84,17.32,31.92,1.8,0.946,1.59
LMT-0193,12.0,13.0,1.678,0.0215,13.63,17.87,34.75,1.49,0.828,1.7
LMT-0193,13.0,14.0,1.345,0.0309,13.27,19.34,36.87,1.46,0.873,1.71
LMT-0193,14.0,15.0,1.316,0.0243,13.8,21.85,35.71,0.81,0.998,1.68
LMT-0193,15.0,16.0,1.167,0.0239,10.31,21.54,36.29,1.4,0.886,1.68
LMT-0193,16.0,17.0,1.283,0.0195,11.01,19.76,39.01,1.06,0.766,1.77
LMT-0193,17.0,18.0,1.054,0.0198,9.74,19.99,43.2,1.16,0.781,1.68
LMT-0193,18.0,19.0,0.878,0.0179,9.17,27.85,43.28,0.89,0.703,1.79
LMT-0193,19.0,20.0,0.219,0.0127,6.18,31.77,38.27,1.03,0.375,2.52
LMT-0193,20.0,21.0,0.223,0.0117,6.25,35.92,33.08,0.96,0.443,2.52
LMT-0193,21.0,21.8,,,,,,,,2.71
LMT-0194,0.0,1.0,0.55,0.0301,54.22,0.66,3.43,7.92,2.67,1.56
LMT-0194,1.0,2.0,0.825,0.0521,43.75,0.84,4.64,5.59,2.489,1.4
LMT-0194,2.0,3.0,1.043,0.0799,43.72,2.18,9.02,3.97,2.143,1.37
LMT-0194,3.0,4.0,1.042,0.0942,39.1,3.62,11.0,4.33,2.275,1.52
LMT-0194,4.0,5.0,1.11,0.1723,40.38,4.48,14.23,4.71,2.144,1.45
LMT-0194,5.0,6.0,1.443,0.2527,36.05,5.29,16.82,3.36,1.474,1.38
LMT-0194,6.0,7.0,2.078,0.0927,20.58,8.48,29.64,1.99,1.658,1.42
LMT-0194,7.0,8.0,2.453,0.0677,20.95,10.46,34.83,2.04,1.175,1.41
LMT-0194,8.0,9.0,2.071,0.0417,19.44,11.06,34.95,1.92,1.341,1.45
LMT-0194,9.0,10.0,1.64,0.0512,17.29,12.42,33.72,1.8,1.18,1.51
LMT-0194,10.0,11.0,1.916,0.054,16.84,14.13,33.19,2.04,1.386,1.48
LMT-0194,11.0,12.0,2.049,0.043,16.17,14.36,33.11,2.04,1.455,1.66
LMT-0194,12.0,13.0,1.503,0.0296,16.08,15.6,33.63,1.41,0.926,1.52
LMT-0194,13.0,14.0,1.976,0.0491,16.75,17.68,33.33,1.34,0.954,1.6
LMT-0194,14.0,15.0,1.39,0.0368,17.06,15.71,30.95,1.49,1.265,1.5
LMT-0194,15.0,16.0,1.665,0.0325,14.23,17.33,34.28,1.88,1.022,1.57
LMT-0194,16.0,17.0,1.342,0.0221,15.21,16.85,35.38,1.16,0.879,1.68
LMT-0194,17.0,18.0,1.332,0.0236,12.95,19.15,36.3,1.2,1.131,1.75
LMT-0194,18.0,19.0,1.46,0.0254,11.38,19.12,37.6,1.29,1.124,1.67
LMT-0194,19.0,20.0,1.317,0.0313,12.35,20.91,36.9,1.59,1.006,1.56
LMT-0194,20.0,21.0,1.182,0.0177,10.87,19.03,37.18,1.39,0.926,1.78
LMT-0194,21.0,22.0,1.246,0.0226,11.2,20.52,39.51,1.43,1.025,1.73
LMT-0194,22.0,23.0,1.188,0.0265,10.82,22.85,38.07,1.12,0.68,1.63
LMT-0194,23.0,24.0,0.932,0.0235,10.56,28.27,38.61,1.07,0.623,1.83
LMT-0194,24.0,25.0,0.98,0.0217,10.55,23.85,37.47,0.92,0.898,1.77
LMT-0194,25.0,26.0,0.286,0.0142,6.67,29.92,39.04,0.71,0.481,2.7
LMT-0194,26.0,27.0,0.211,0.0072,6.34,30.83,37.64,0.96,0.378,2.47
LMT-0194,27.0,28.0,0.272,0.0104,6.36,37.13,36.08,0.93,0.389,2.54
LMT-0195,0.0,1.0,0.621,0.0458,50.99,0.73,3.39,8.08,2.128,1.59
LMT-0195,1.0,2.0,0.956,0.0627,46.96,1.46,6.3,6.2,2.817,1.45
LMT-0195,2.0,3.0,1.075,0.0621,46.69,2.29,8.66,5.08,2.568,1.45
LMT-0195,3.0,4.0,1.03,0.0653,47.01,3.05,9.76,5.44,2.68,1.39
LMT-0195,4.0,5.0,1.075,0.0911,41.64,3.41,11.23,5.76,2.045,1.5
LMT-0195,5.0,6.0,1.381,0.117,42.89,4.78,13.07,4.69,1.781,1.48
LMT-0195,6.0,7.0,1.467,0.2018,37.61,5.74,16.05,4.15,2.31,1.54
LMT-0195,7.0,8.0,1.375,0.2302,35.61,6.75,16.49,3.49,2.431,1.56
LMT-0195,8.0,9.0,2.346,0.13,18.66,11.27,35.35,2.95,1.479,1.56
LMT-0195,9.0,10.0,2.122,0.0799,17.74,11.69,31.95,2.45,1.54,1.56
LMT-0195,10.0,11.0,1.968,0.0708,19.06,13.3,31.88,2.19,1.492,1.54
LMT-0195,11.0,12.0,1.961,0.0565,18.88,12.13,34.0,1.93,1.368,1.55
LMT-0195,12.0,13.0,2.171,0.0537,18.39,14.31,34.5,1.99,1.224,1.58
LMT-0195,13.0,14.0,2.405,0.0437,17.38,14.75,35.1,2.46,1.496,1.57
LMT-0195,14.0,15.0,1.944,0.0482,17.73,17.94,33.17,1.69,1.336,1.63
LMT-0195,15.0,16.0,2.004,0.0394,15.3,17.44,35.81,1.73,1.346,1.61
LMT-0195,16.0,17.0,1.933,0.0403,16.6,20.81,34.64,1.7,0.992,1.64
LMT-0195,17.0,18.0,1.701,0.0333,16.79,18.05,38.06,1.52,1.022,1.62
LMT-0195,18.0,19.0,1.664,0.0409,13.85,20.58,36.93,1.27,1.351,1.75
LMT-0195,19.0,20.0,1.491,0.037,14.73,19.64,39.14,1.34,0.983,1.69
LMT-0195,20.0,21.0,1.522,0.0331,14.02,20.45,35.86,1.34,1.185,1.82
LMT-0195,21.0,22.0,1.601,0.0318,13.3,23.52,34.15,1.58,1.042,1.69
LMT-0195,22.0,23.0,1.449,0.0287,12.93,23.28,42.16,1.36,0.949,1.57
LMT-0195,23.0,24.0,1.364,0.0281,12.43,26.81,40.37,1.48,1.052,1.74
LMT-0195,24.0,25.0,1.28,0.0267,10.93,23.77,42.0,1.14,1.122,1.83
LMT-0195,25.0,26.0,1.112,0.0243,10.66,24.63,37.1,1.32,0.969,1.81
LMT-0195,26.0,27.0,1.096,0.0162,10.07,25.55,41.13,1.19,0.895,1.87
LMT-0195,27.0,28.0,1.172,0.0237,9.51,26.98,44.49,1.12,0.907,1.75
LMT-0195,28.0,29.0,0.286,0.0168,6.9,37.5,41.85,1.07,0.521,2.51
LMT-0195,29.0,30.0,0.315,0.0143,7.12,42.77,41.78,1.04,0.421,2.49
LMT-0195,30.0,31.0,0.313,0.011,6.39,38.6,40.93,1.01,0.469,2.6
LMT-0195,31.0,31.5,0.295,0.0135,6.91,34.25,40.02,0.86,0.403,2.74
LMT-0196,0.0,1.0,0.648,0.0242,38.34,0.51,3.15,5.71,1.971,1.4
LMT-0196,1.0,2.0,0.709,0.0504,46.17,1.25,5.43,4.99,1.997,1.29
LMT-0196,2.0,3.0,0.887,0.0385,39.42,1.36,7.61,4.16,1.997,1.27
LMT-0196,3.0,4.0,0.875,0.0618,40.09,2.22,8.31,5.46,1.926,1.32
LMT-0196,4.0,5.0,0.828,0.0526,40.48,3.13,8.94,4.35,1.367,1.32
LMT-0196,5.0,6.0,0.815,0.0827,38.41,3.16,11.26,4.8,2.002,1.41
LMT-0196,6.0,7.0,1.063,0.0874,37.84,3.55,11.7,2.41,1.587,1.42
LMT-0196,7.0,8.0,1.008,0.1339,35.35,3.88,12.53,3.64,1.504,1.31
LMT-0196,8.0,9.0,1.181,0.1552,34.51,4.08,14.33,1.97,1.935,1.38
LMT-0196,9.0,10.0,0.905,0.2324,35.19,5.6,16.45,2.39,1.465,1.4
LMT-0196,10.0,11.0,1.987,0.1283,17.79,8.56,28.56,1.2,1.036,1.33
LMT-0196,11.0,12.0,1.753,0.0367,17.68,10.47,26.97,1.39,1.286,1.58
LMT-0196,12.0,13.0,1.631,0.0416,15.56,11.04,28.72,1.36,1.233,1.43
LMT-0196,13.0,14.0,1.621,0.0234,14.59,11.68,33.33,1.51,0.857,1.41
LMT-0196,14.0,15.0,1.58,0.0217,15.08,12.32,28.29,1.53,0.8,1.52
LMT-0196,15.0,16.0,1.245,0.0195,14.42,17.04,30.41,1.08,1.208,1.46
LMT-0196,16.0,17.0,1.529,0.0237,11.19,15.94,35.02,1.14,0.996,1.69
LMT-0196,17.0,18.0,0.989,0.0208,10.6,19.14,32.83,0.79,0.832,1.64
LMT-0196,18.0,19.0,1.01,0.0222,11.13,19.59,35.44,1.18,0.833,1.58
LMT-0196,19.0,20.0,1.013,0.0084,9.86,22.91,37.05,1.0,0.479,1.73
LMT-0196,20.0,21.0,0.275,0.01,6.11,28.52,33.42,0.67,0.364,2.34
LMT-0196,21.0,22.0,0.259,0.0102,5.99,29.82,34.39,0.63,0.292,2.37
LMT-0196,22.0,23.0,0.232,0.0128,5.6,36.02,32.33,0.69,0.351,2.41
LMT-0196,23.0,23.5,0.216,0.0096,6.03,32.17,36.5,0.7,0.335,2.51
LMT-0197,0.0,1.0,0.566,0.0249,45.17,0.58,2.84,5.38,2.224,1.39
LMT-0197,1.0,2.0,0.727,0.0346,46.0,0.71,3.73,4.2,2.417,1.29
LMT-0197,2.0,3.0,0.833,0.0375,40.0,1.53,6.53,4.49,1.082,1.23
LMT-0197,3.0,4.0,0.845,0.0318,42.65,1.79,8.12,5.13,1.689,1.27
LMT-0197,4.0,5.0,0.785,0.0632,41.23,2.36,7.37,4.81,2.1,1.19
LMT-0197,5.0,6.0,0.844,0.0543,33.39,3.3,10.79,3.08,1.767,1.33
LMT-0197,6.0,7.0,0.801,0.0714,33.36,3.12,10.38,2.85,1.456,1.36
LMT-0197,7.0,8.0,0.891,0.0488,33.74,3.79,10.83,2.41,1.562,1.26
LMT-0197,8.0,9.0,1.219,0.0924,34.17,3.25,11.46,3.2,1.793,1.3
LMT-0197,9.0,10.0,1.025,0.1308,33.94,5.02,13.71,2.55,1.674,1.38
LMT-0197,10.0,11.0,1.143,0.1535,34.74,4.38,16.11,2.89,1.518,1.3
LMT-0197,11.0,12.0,1.888,0.0324,16.1,9.34,27.48,1.59,0.996,1.32
LMT-0197,12.0,13.0,1.446,0.0451,15.61,9.79,27.34,1.13,1.243,1.51
LMT-0197,13.0,14.0,1.363,0.0244,12.67,12.19,31.73,1.54,0.928,1.4
LMT-0197,14.0,15.0,0.953,0.021,14.18,13.07,32.71,1.26,1.09,1.46
LMT-0197,15.0,16.0,1.378,0.0306,11.84,13.54,31.38,0.97,0.714,1.43
LMT-0197,16.0,17.0,1.393,0.0178,11.21,16.48,33.58,0.84,0.678,1.59
LMT-0197,17.0,18.0,1.087,0.0169,10.57,15.83,36.93,0.86,0.629,1.57
LMT-0197,18.0,19.0,0.826,0.0147,9.62,20.35,35.38,0.8,0.401,1.65
LMT-0197,19.0,20.0,0.246,0.0105,6.14,31.42,29.51,0.84,0.367,2.29
LMT-0197,20.0,21.0,0.267,0.0068,6.03,27.14,35.82,0.83,0.295,2.45
LMT-0197,21.0,21.8,0.186,0.0067,5.93,28.31,33.25,0.61,0.365,2.44
LMT-0198,0.0,1.0,0.61,0.0286,53.75,0.64,3.48,6.61,3.067,1.43
LMT-0198,1.0,2.0,0.875,0.0446,54.24,0.94,4.18,7.22,3.42,1.56
LMT-0198,2.0,3.0,0.915,0.0656,44.23,1.88,6.76,6.95,2.393,1.34
LMT-0198,3.0,4.0,1.06,0.0619,46.82,2.37,8.36,6.4,2.438,1.45
LMT-0198,4.0,5.0,1.18,0.073,46.09,2.9,8.6,4.69,2.017,1.51
LMT-0198,5.0,6.0,1.211,0.0877,42.9,2.86,10.91,5.33,2.191,1.37
LMT-0198,6.0,7.0,1.176,0.0747,43.05,4.02,10.87,5.28,2.152,1.38
LMT-0198,7.0,8.0,1.038,0.1008,38.42,4.23,12.53,4.34,2.153,1.4
LMT-0198,8.0,9.0,1.358,0.1217,39.61,4.5,14.2,3.64,1.974,1.36
LMT-0198,9.0,10.0,1.441,0.1181,38.78,4.61,17.14,3.87,2.07,1.41
LMT-0198,10.0,11.0,1.329,0.2787,37.07,5.27,16.65,3.39,2.06,1.46
LMT-0198,11.0,12.0,2.554,0.1494,20.29,9.69,32.06,1.82,1.346,1.48
LMT-0198,12.0,13.0,2.008,0.1004,18.97,13.3,34.81,2.07,1.318,1.55
LMT-0198,13.0,14.0,2.076,0.0759,17.57,15.55,33.26,1.94,1.261,1.47
LMT-0198,14.0,15.0,2.007,0.0394,16.76,16.49,36.42,1.91,0.978,1.73
LMT-0198,15.0,16.0,1.605,0.0251,14.43,18.58,34.21,1.36,1.01,1.66
LMT-0198,16.0,17.0,1.498,0.0379,11.91,22.13,40.54,1.54,1.288,1.72
LMT-0198,17.0,18.0,1.368,0.0202,11.39,22.87,38.09,1.03,0.889,1.66
LMT-0198,18.0,19.0,1.192,0.025,9.2,28.44,37.78,1.09,0.903,1.72
LMT-0198,19.0,20.0,0.305,0.0163,5.95,43.7,40.04,1.07,0.45,2.55
LMT-0198,20.0,20.9,0.288,0.0143,6.5,34.14,38.09,0.78,0.376,2.68
LMT-0199,0.0,1.0,0.763,0.0455,54.32,0.82,3.26,7.02,3.686,1.58
LMT-0199,1.0,2.0,1.263,0.0713,50.78,0.98,4.71,9.1,3.049,1.69
LMT-0199,2.0,3.0,1.22,0.0818,50.8,1.9,7.13,7.05,2.415,1.42
LMT-0199,3.0,4.0,1.31,0.0857,48.68,2.49,9.26,6.78,2.777,1.43
LMT-0199,4.0,5.0,1.242,0.0821,44.05,2.94,10.47,6.34,2.515,1.48
LMT-0199,5.0,6.0,1.392,0.09,43.25,3.47,11.32,6.44,2.99,1.56
LMT-0199,6.0,7.0,1.46,0.0928,46.36,3.8,12.63,5.9,2.744,1.54
LMT-0199,7.0,8.0,1.245,0.0914,41.27,4.39,13.9,5.19,2.306,1.43
LMT-0199,8.0,9.0,1.534,0.1424,45.27,4.88,14.12,4.52,2.234,1.62
LMT-0199,9.0,10.0,1.545,0.2371,43.54,5.38,17.89,3.81,2.639,1.49
LMT-0199,10.0,11.0,1.725,0.3206,39.44,6.87,19.47,3.04,2.238,1.61
LMT-0199,11.0,12.0,2.242,0.121,21.4,11.32,32.28,2.82,1.646,1.59
LMT-0199,12.0,13.0,,,,,,,,1.7
LMT-0199,13.0,14.0,2.485,0.0736,19.52,18.64,42.65,2.58,1.542,1.62
LMT-0199,14.0,15.0,1.735,0.0481,17.24,17.87,36.06,2.02,1.172,1.74
LMT-0199,15.0,16.0,2.055,0.0468,17.16,20.84,39.41,1.79,1.264,1.79
LMT-0199,16.0,17.0,1.679,0.0451,14.62,23.24,42.18,1.51,1.313,1.71
LMT-0199,17.0,18.0,1.494,0.0329,13.66,25.64,41.92,1.54,1.089,1.85
LMT-0199,18.0,19.0,1.416,0.0297,11.03,24.68,40.65,1.29,0.965,1.74
LMT-0199,19.0,20.0,0.339,0.018,6.88,45.0,48.12,1.1,0.556,2.81
LMT-0199,20.0,21.0,0.28,0.0149,7.51,42.3,39.56,1.06,0.504,2.58
LMT-0199,21.0,22.1,0.362,0.0178,7.01,41.73,44.69,1.0,0.426,2.76
LMT-0200,0.0,1.0,0.73,0.05,53.17,0.8,3.93,10.25,2.864,1.57
LMT-0200,1.0,2.0,1.175,0.0561,48.93,1.62,7.21,6.95,2.791,1.53
LMT-0200,2.0,3.0,1.241,0.0776,49.17,1.91,7.74,7.04,2.934,1.45
LMT-0200,3.0,4.0,1.223,0.0836,48.94,2.53,8.98,7.43,2.512,1.49
LMT-0200,4.0,5.0,1.432,0.0884,48.9,3.31,11.15,6.18,2.543,1.42
LMT-0200,5.0,6.0,1.382,0.086,46.6,3.73,12.06,4.85,2.597,1.49
LMT-0200,6.0,7.0,1.161,0.0874,47.81,4.5,12.32,5.62,2.685,1.52
LMT-0200,7.0,8.0,1.597,0.1138,45.05,4.49,13.35,5.48,2.857,1.59
LMT-0200,8.0,9.0,1.483,0.1442,40.01,4.9,14.67,4.58,2.715,1.59
LMT-0200,9.0,10.0,1.725,0.1287,43.25,4.89,16.44,4.8,2.411,1.51
LMT-0200,10.0,11.0,1.72,0.2721,40.57,5.98,16.34,4.34,2.556,1.49
LMT-0200,11.0,12.0,1.639,0.3094,40.6,6.35,19.24,3.59,2.309,1.63
LMT-0200,12.0,13.0,2.429,0.155,21.92,13.37,34.15,2.21,1.351,1.52
LMT-0200,13.0,14.0,2.457,0.1066,20.54,12.81,33.89,2.2,1.428,1.51
LMT-0200,14.0,15.0,2.263,0.056,17.63,16.84,34.69,2.31,1.389,1.64
LMT-0200,15.0,16.0,2.257,0.0549,16.53,19.32,40.54,2.23,1.123,1.79
LMT-0200,16.0,17.0,1.89,0.0474,15.14,20.48,40.14,2.04,1.159,1.88
LMT-0200,17.0,18.0,1.799,0.0426,14.47,26.01,43.59,1.72,1.182,1.81
LMT-0200,18.0,19.0,1.762,0.0355,12.37,24.74,42.48,1.65,1.43,1.86
LMT-0200,19.0,20.0,1.511,0.0286,11.96,29.49,39.69,1.4,1.093,1.93
LMT-0200,20.0,21.0,1.089,0.026,9.77,29.44,44.15,1.0,0.838,1.88
LMT-0200,21.0,22.0,0.325,0.0147,7.12,37.8,42.66,1.02,0.585,2.7
LMT-0200,22.0,23.0,0.344,0.0156,6.9,44.53,47.08,0.88,0.527,2.85
LMT-0200,23.0,24.0,0.304,0.0129,6.98,44.33,42.44,0.9,0.489,2.85
LMT-0201,0.0,1.0,0.847,0.0443,51.25,0.77,3.84,7.96,3.348,1.7
LMT-0201,1.0,2.0,1.07,0.0874,50.2,1.6,7.25,6.24,3.022,1.63
LMT-0201,2.0,3.0,1.227,0.0754,50.53,2.0,7.47,6.4,2.891,1.45
LMT-0201,3.0,4.0,1.198,0.0759,44.57,2.68,8.7,8.0,2.868,1.53
LMT-0201,4.0,5.0,1.392,0.0839,43.53,3.05,10.07,6.57,2.566,1.42
LMT-0201,5.0,6.0,1.354,0.0884,44.35,3.56,11.26,5.19,2.779,1.48
LMT-0201,6.0,7.0,1.17,0.0991,45.85,4.53,13.43,5.75,2.822,1.53
LMT-0201,7.0,8.0,1.444,0.1013,40.44,3.91,12.82,5.37,2.523,1.51
LMT-0201,8.0,9.0,1.533,0.0934,44.69,5.22,15.59,5.38,2.703,1.63
LMT-0201,9.0,10.0,1.491,0.1175,41.62,5.26,14.66,5.54,2.335,1.58
LMT-0201,10.0,11.0,1.738,0.1535,43.48,5.43,16.52,6.05,2.359,1.36
LMT-0201,11.0,12.0,1.746,0.1707,39.43,5.53,16.58,4.29,2.648,1.62
LMT-0201,12.0,13.0,1.497,0.3232,41.71,7.33,18.3,3.9,2.345,1.68
LMT-0201,13.0,14.0,2.478,0.1761,20.21,10.34,31.5,2.49,1.808,1.59
LMT-0201,14.0,15.0,2.752,0.1081,19.76,12.72,37.23,2.26,1.422,1.56
LMT-0201,15.0,16.0,2.125,0.0676,19.13,14.52,40.79,1.92,1.726,1.73
LMT-0201,16.0,17.0,2.383,0.0467,16.67,16.45,36.12,2.15,1.566,1.7
LMT-0201,17.0,18.0,2.042,0.0496,14.97,18.44,39.93,1.9,1.405,1.69
LMT-0201,18.0,19.0,1.788,0.0472,16.92,21.34,40.73,2.13,1.228,1.8
LMT-0201,19.0,20.0,2.114,0.0463,13.06,23.49,40.44,1.73,1.255,1.79
LMT-0201,20.0,21.0,1.676,0.0256,12.65,23.31,39.59,1.59,1.047,1.93
LMT-0201,21.0,22.0,1.54,0.0306,11.82,27.4,42.93,1.32,1.094,1.88
LMT-0201,22.0,23.0,0.359,0.0141,6.98,37.34,43.55,1.03,0.482,2.67
LMT-0201,23.0,24.0,0.35,0.0172,6.62,44.86,42.46,1.4,0.54,2.82
LMT-0201,24.0,25.0,0.331,0.0171,6.7,45.0,44.78,1.0,0.419,2.69
LMT-0201,25.0,25.6,0.333,0.0124,6.42,36.36,42.81,1.18,0.432,2.73
LMT-0202,0.0,1.0,0.853,0.0413,54.03,0.91,3.99,8.94,3.233,1.68
LMT-0202,1.0,2.0,1.133,0.066,44.17,1.5,7.28,5.85,3.227,1.4
LMT-0202,2.0,3.0,1.164,0.0722,50.02,2.13,7.34,6.96,2.668,1.48
LMT-0202,3.0,4.0,1.282,0.0682,44.23,2.4,9.42,6.85,2.871,1.42
LMT-0202,4.0,5.0,1.064,0.0693,46.91,2.5,9.39,5.75,2.524,1.45
LMT-0202,5.0,6.0,1.24,0.0764,41.96,3.35,10.78,7.15,2.834,1.49
LMT-0202,6.0,7.0,1.583,0.0848,46.08,3.66,11.61,6.86,2.806,1.52
LMT-0202,7.0,8.0,1.492,0.1045,44.57,3.93,11.96,4.61,2.261,1.62
LMT-0202,8.0,9.0,1.538,0.0898,46.06,5.18,13.02,4.5,2.253,1.56
LMT-0202,9.0,10.0,1.482,0.1002,43.97,5.13,14.4,5.95,2.432,1.53
LMT-0202,10.0,11.0,1.644,0.1214,42.05,5.4,14.21,4.45,2.245,1.55
LMT-0202,11.0,12.0,1.268,0.1541,38.54,5.69,16.06,4.82,2.381,1.57
LMT-0202,12.0,13.0,1.48,0.137,42.16,6.16,16.87,4.01,2.417,1.5
LMT-0202,13.0,14.0,1.775,0.2505,35.65,6.12,17.57,3.41,2.005,1.6
LMT-0202,14.0,15.0,3.01,0.1967,21.37,9.83,32.35,2.25,1.776,1.38
LMT-0202,15.0,16.0,2.87,0.1527,20.83,12.5,36.84,2.41,1.674,1.66
LMT-0202,16.0,17.0,2.555,0.0808,18.06,15.47,34.05,1.95,1.643,1.68
LMT-0202,17.0,18.0,2.126,0.0554,17.61,16.97,38.96,2.16,1.626,1.72
LMT-0202,18.0,19.0,2.858,0.0386,15.38,19.24,39.94,1.54,1.17,1.7
LMT-0202,19.0,20.0,1.791,0.044,14.33,22.28,37.35,2.04,1.08,1.77
LMT-0202,20.0,21.0,2.077,0.037,13.79,22.05,39.81,1.41,1.367,1.82
LMT-0202,21.0,22.0,1.534,0.0377,11.52,25.57,41.57,1.58,1.016,1.81
LMT-0202,22.0,23.0,1.579,0.0251,10.56,26.3,43.97,1.33,0.951,1.96
LMT-0202,23.0,24.0,0.361,0.0163,7.23,37.24,43.0,1.0,0.504,2.56
LMT-0202,24.0,25.0,0.335,0.0139,6.6,37.08,45.91,1.06,0.488,2.83
LMT-0202,25.0,26.0,0.333,0.0132,6.75,38.78,40.55,1.15,0.514,2.67
LMT-0202,26.0,26.6,0.33,0.0147,7.4,38.52,44.65,0.89,0.553,2.79
LMT-0203,0.0,1.0,0.848,0.0512,51.54,0.94,4.12,8.22,3.075,1.64
LMT-0203,1.0,2.0,1.151,0.065,47.15,1.68,7.1,8.22,2.898,1.63
LMT-0203,2.0,3.0,1.155,0.0747,48.61,1.79,8.24,7.71,3.142,1.45
LMT-0203,3.0,4.0,1.452,0.0969,47.45,2.61,8.22,6.36,2.624,1.57
LMT-0203,4.0,5.0,1.483,0.0791,45.44,3.34,10.74,5.75,2.61,1.61
LMT-0203,5.0,6.0,1.443,0.0966,43.94,3.34,10.85,6.39,2.753,1.52
LMT-0203,6.0,7.0,1.309,0.0861,45.13,3.89,11.76,5.53,2.427,1.53
LMT-0203,7.0,8.0,1.244,0.0835,43.0,4.32,11.46,6.15,2.467,1.46
LMT-0203,8.0,9.0,1.552,0.1141,44.11,4.83,15.96,4.16,2.282,1.42
LMT-0203,9.0,10.0,1.435,0.101,41.04,4.91,16.78,4.41,2.537,1.52
LMT-0203,10.0,11.0,,,,,,,,1.54
LMT-0203,11.0,12.0,1.573,0.1765,40.48,6.48,18.27,3.29,2.307,1.71
LMT-0203,12.0,13.0,1.414,0.288,41.83,5.9,18.05,4.26,2.105,1.52
LMT-0203,13.0,14.0,2.834,0.1559,22.59,12.22,31.49,3.07,2.124,1.57
LMT-0203,14.0,15.0,2.497,0.0869,22.19,14.06,35.62,2.42,1.663,1.55
LMT-0203,15.0,16.0,2.415,0.0555,19.01,16.1,37.94,2.39,1.338,1.68
LMT-0203,16.0,17.0,2.631,0.043,19.05,15.29,36.85,2.52,1.367,1.68
LMT-0203,17.0,18.0,2.249,0.0403,15.81,21.86,39.35,1.95,1.391,1.63
LMT-0203,18.0,19.0,2.246,0.038,13.75,21.78,39.61,1.88,1.405,1.71
LMT-0203,19.0,20.0,1.866,0.0355,13.19,25.29,41.55,1.67,1.165,1.77
LMT-0203,20.0,21.0,1.362,0.0364,12.36,23.27,47.37,1.34,1.013,1.9
LMT-0203,21.0,22.0,1.512,0.0305,10.36,27.51,44.0,1.04,1.024,2.01
LMT-0203,22.0,23.0,0.423,0.0181,7.45,35.42,38.93,1.12,0.486,2.68
LMT-0203,23.0,24.0,0.382,0.0149,6.95,38.96,42.76,1.21,0.552,2.85
LMT-0203,24.0,25.0,0.271,0.0148,6.77,38.14,42.86,0.97,0.546,2.85
LMT-0204,0.0,1.0,0.94,0.0622,52.22,0.94,5.55,7.86,2.447,1.58
LMT-0204,1.0,2.0,1.171,0.057,48.92,2.18,8.15,6.59,2.449,1.46
LMT-0204,2.0,3.0,1.324,0.0846,45.96,2.23,8.24,6.82,2.572,1.46
LMT-0204,3.0,4.0,1.413,0.0903,46.49,3.23,9.39,6.37,2.305,1.53
LMT-0204,4.0,5.0,1.209,0.07,45.74,3.6,9.68,6.06,2.592,1.58
LMT-0204,5.0,6.0,1.205,0.0799,43.58,3.81,11.55,6.29,2.485,1.47
LMT-0204,6.0,7.0,1.86,0.1009,42.67,4.4,13.79,5.65,2.53,1.34
LMT-0204,7.0,8.0,1.635,0.1095,42.71,5.3,14.73,5.08,2.113,1.51
LMT-0204,8.0,9.0,1.948,0.1381,40.66,4.82,14.64,4.9,2.224,1.43
LMT-0204,9.0,10.0,1.525,0.1723,42.66,6.1,16.56,4.13,2.26,1.57
LMT-0204,10.0,11.0,1.636,0.2672,37.58,6.87,17.7,3.7,2.037,1.5
LMT-0204,11.0,12.0,2.565,0.1396,21.09,11.63,33.9,2.47,1.751,1.54
LMT-0204,12.0,13.0,2.463,0.1037,18.76,13.15,35.82,2.26,1.61,1.55
LMT-0204,13.0,14.0,2.803,0.0687,17.02,15.5,38.35,2.01,1.36,1.61
LMT-0204,14.0,15.0,2.507,0.0407,17.16,18.86,37.03,2.01,1.133,1.77
LMT-0204,15.0,16.0,2.266,0.0481,16.19,21.35,37.26,1.84,1.366,1.62
LMT-0204,16.0,17.0,1.898,0.049,14.36,21.26,37.34,1.47,1.145,1.82
LMT-0204,17.0,18.0,1.984,0.0347,13.31,24.29,40.95,1.48,1.087,1.76
LMT-0204,18.0,19.0,1.699,0.0321,12.4,26.34,41.5,1.44,0.918,1.82
LMT-0204,19.0,20.0,1.422,0.0322,11.45,26.82,42.49,1.14,1.03,1.84
LMT-0204,20.0,21.0,0.343,0.0153,7.03,37.42,39.79,0.89,0.631,2.85
LMT-0204,21.0,22.0,0.374,0.0135,7.01,39.31,39.55,1.11,0.403,2.81
LMT-0204,22.0,22.9,0.373,0.014,7.06,39.0,43.56,0.68,0.478,2.61
LMT-0205,0.0,1.0,1.1,0.0505,48.66,0.96,5.1,6.39,2.479,1.56
LMT-0205,1.0,2.0,0.996,0.0639,44.4,1.75,7.34,5.73,2.459,1.36
LMT-0205,2.0,3.0,1.275,0.0646,47.59,2.14,8.62,5.56,2.858,1.41
LMT-0205,3.0,4.0,1.208,0.0646,44.06,2.79,10.09,5.59,2.112,1.43
LMT-0205,4.0,5.0,1.374,0.0782,41.75,3.91,11.45,4.56,1.917,1.45
LMT-0205,5.0,6.0,1.47,0.0914,39.12,3.91,11.07,3.88,2.478,1.53
LMT-0205,6.0,7.0,1.568,0.0942,42.86,4.16,14.53,3.96,2.066,1.51
LMT-0205,7.0,8.0,1.33,0.1153,38.98,5.19,15.5,3.4,2.321,1.42
LMT-0205,8.0,9.0,1.557,0.2078,38.44,4.82,15.52,3.77,2.329,1.54
LMT-0205,9.0,10.0,1.505,0.1651,37.75,6.01,17.42,2.8,1.856,1.53
LMT-0205,10.0,11.0,2.596,0.1404,20.79,9.96,32.04,2.1,1.259,1.4
LMT-0205,11.0,12.0,2.434,0.1204,16.52,11.75,32.15,2.42,1.187,1.4
LMT-0205,12.0,13.0,2.699,0.0461,17.78,12.43,35.33,2.05,1.213,1.59
LMT-0205,13.0,14.0,2.528,0.0517,18.58,14.62,35.91,1.76,1.194,1.5
LMT-0205,14.0,15.0,2.666,0.025,15.56,14.94,35.17,1.76,1.412,1.62
LMT-0205,15.0,16.0,2.216,0.0295,15.51,14.05,36.74,1.78,1.215,1.7
LMT-0205,16.0,17.0,2.3,0.04,13.36,18.8,36.92,1.4,1.127,1.69
LMT-0205,17.0,18.0,1.996,0.0362,12.93,21.64,39.62,1.84,1.19,1.84
LMT-0205,18.0,19.0,1.555,0.0279,12.13,19.86,39.64,1.45,0.932,1.62
LMT-0205,19.0,20.0,1.353,0.0262,12.5,26.33,38.28,1.13,0.799,1.74
LMT-0205,20.0,21.0,1.591,0.0184,10.19,24.93,38.16,1.01,0.853,1.73
LMT-0205,21.0,22.0,1.396,0.0269,10.38,26.34,38.52,0.95,0.9,1.82
LMT-0205,22.0,23.0,0.398,0.0134,6.61,33.4,38.35,0.99,0.47,2.64
LMT-0205,23.0,24.2,0.32,0.0175,6.31,33.61,40.34,0.75,0.448,2.54
LMT-0206,0.0,1.0,0.981,0.0571,49.55,0.94,4.57,8.16,3.226,1.61
LMT-0206,1.0,2.0,1.5,0.0798,45.97,2.0,8.16,6.99,2.73,1.57
LMT-0206,2.0,3.0,1.3,0.0792,49.53,2.46,9.26,6.06,2.594,1.46
LMT-0206,3.0,4.0,1.45,0.0616,45.75,3.33,10.08,6.17,2.445,1.45
LMT-0206,4.0,5.0,1.639,0.074,46.24,3.76,11.31,6.31,2.912,1.53
LMT-0206,5.0,6.0,1.52,0.0911,42.95,4.1,12.45,5.26,2.584,1.53
LMT-0206,6.0,7.0,1.61,0.0995,43.91,4.25,14.07,4.79,2.6,1.65
LMT-0206,7.0,8.0,1.643,0.1518,38.81,5.85,16.91,4.55,2.435,1.57
LMT-0206,8.0,9.0,1.718,0.1882,42.15,6.58,16.54,4.88,2.712,1.56
LMT-0206,9.0,10.0,1.828,0.3031,38.45,5.71,18.69,4.45,1.954,1.59
LMT-0206,10.0,11.0,3.066,0.1456,19.81,11.95,34.58,3.0,1.804,1.68
LMT-0206,11.0,12.0,3.013,0.1165,20.24,11.71,33.34,2.71,1.541,1.56
LMT-0206,12.0,13.0,2.84,0.0789,19.93,13.64,37.07,2.67,1.572,1.72
LMT-0206,13.0,14.0,2.661,0.0584,19.18,14.54,37.49,2.73,1.353,1.73
LMT-0206,14.0,15.0,2.279,0.0577,18.39,16.39,40.39,2.09,1.718,1.66
LMT-0206,15.0,16.0,2.74,0.0554,17.82,16.26,38.63,2.09,1.327,1.66
LMT-0206,16.0,17.0,2.297,0.0597,16.56,21.22,36.34,1.93,1.288,1.79
LMT-0206,17.0,18.0,2.045,0.038,15.59,20.17,39.49,1.86,1.469,1.69
LMT-0206,18.0,19.0,1.905,0.037,14.75,19.82,37.49,1.55,1.265,1.92
LMT-0206,19.0,20.0,2.199,0.0297,13.84,22.89,38.81,1.86,1.154,1.85
LMT-0206,20.0,21.0,1.648,0.0391,13.0,27.32,42.95,1.62,1.319,1.81
LMT-0206,21.0,22.0,1.593,0.0362,13.4,23.19,46.38,1.16,1.112,1.86
LMT-0206,22.0,23.0,1.491,0.0339,11.67,26.8,39.04,1.54,1.085,1.96
LMT-0206,23.0,24.0,1.56,0.0371,10.7,29.12,43.88,1.36,1.055,1.8
LMT-0206,24.0,25.0,0.391,0.0118,6.85,38.2,41.63,1.18,0.58,2.72
LMT-0206,25.0,26.0,0.321,0.017,6.91,39.87,38.83,1.12,0.438,2.69
LMT-0206,26.0,27.2,0.342,0.0174,6.59,39.2,45.76,0.87,0.5,2.81
LMT-0207,0.0,1.0,1.154,0.0538,47.83,1.13,4.81,9.55,2.944,1.68
LMT-0207,1.0,2.0,1.145,0.0642,52.88,2.23,7.85,7.26,3.022,1.59
LMT-0207,2.0,3.0,1.296,0.0779,43.71,2.79,9.39,7.14,2.533,1.46
LMT-0207,3.0,4.0,1.295,0.1024,47.92,3.1,11.05,6.06,2.61,1.48
LMT-0207,4.0,5.0,1.554,0.0899,47.04,3.58,11.63,6.25,2.488,1.59
LMT-0207,5.0,6.0,1.537,0.0878,45.62,4.56,14.36,6.03,2.661,1.61
LMT-0207,6.0,7.0,1.754,0.1443,44.9,5.27,15.7,5.85,1.97,1.56
LMT-0207,7.0,8.0,1.863,0.2096,41.58,5.56,15.78,4.97,2.041,1.68
LMT-0207,8.0,9.0,1.611,0.3448,41.0,6.59,17.86,3.89,2.459,1.69
LMT-0207,9.0,10.0,3.373,0.2133,20.85,10.87,31.71,2.68,1.594,1.58
LMT-0207,10.0,11.0,2.647,0.12,21.92,12.94,33.08,2.6,1.701,1.63
LMT-0207,11.0,12.0,3.149,0.0943,21.11,13.17,37.67,2.55,1.72,1.54
LMT-0207,12.0,13.0,2.373,0.0556,18.76,15.13,36.65,2.71,1.615,1.67
LMT-0207,13.0,14.0,2.798,0.0564,17.86,17.44,40.21,2.32,1.662,1.7
LMT-0207,14.0,15.0,2.912,0.0526,17.95,17.11,38.16,1.76,1.624,1.79
LMT-0207,15.0,16.0,2.556,0.0508,16.8,18.78,40.62,2.17,1.444,1.65
LMT-0207,16.0,17.0,2.455,0.0618,15.62,20.28,35.58,1.84,1.424,1.77
LMT-0207,17.0,18.0,1.965,0.04,13.52,22.04,39.75,1.91,1.156,1.79
LMT-0207,18.0,19.0,2.313,0.0404,15.47,21.32,41.92,1.94,1.347,1.88
LMT-0207,19.0,20.0,1.926,0.0475,14.21,25.86,39.56,1.49,1.087,1.86
LMT-0207,20.0,21.0,1.746,0.0326,13.42,25.56,38.5,1.47,1.258,1.78
LMT-0207,21.0,22.0,1.989,0.0396,12.84,25.26,41.01,1.7,1.286,1.9
LMT-0207,22.0,23.0,1.778,0.0281,12.17,28.24,47.96,1.29,1.114,1.92
LMT-0207,23.0,24.0,1.225,0.0283,11.33,27.92,46.78,1.39,0.897,1.91
LMT-0207,24.0,25.0,0.435,0.0176,7.27,38.89,41.17,1.31,0.516,2.85
LMT-0207,25.0,26.0,0.403,0.0138,7.14,40.38,43.28,1.29,0.504,2.79
LMT-0207,26.0,26.8,0.419,0.0129,6.41,43.39,44.62,1.33,0.566,2.82
LMT-0208,0.0,1.0,0.828,0.0496,49.41,0.93,4.05,6.37,2.852,1.52
LMT-0208,1.0,2.0,1.228,0.0709,46.02,1.81,7.11,7.45,3.157,1.43
LMT-0208,2.0,3.0,1.306,0.078,49.98,2.15,8.63,6.74,2.944,1.41
LMT-0208,3.0,4.0,1.486,0.0848,43.87,2.99,10.37,5.48,2.359,1.43
LMT-0208,4.0,5.0,1.264,0.0958,44.15,3.77,10.44,6.82,2.791,1.44
LMT-0208,5.0,6.0,1.585,0.0942,42.24,4.34,12.87,5.06,2.03,1.44
LMT-0208,6.0,7.0,1.486,0.1309,42.54,4.68,12.77,4.03,2.49,1.53
LMT-0208,7.0,8.0,1.638,0.2056,40.29,4.79,15.11,4.24,1.751,1.53
LMT-0208,8.0,9.0,1.388,0.2571,39.74,6.5,16.46,3.28,2.36,1.47
LMT-0208,9.0,10.0,2.992,0.1345,21.86,9.58,34.56,1.83,1.335,1.5
LMT-0208,10.0,11.0,2.744,0.1632,22.36,9.79,31.6,2.39,1.496,1.51
LMT-0208,11.0,12.0,2.739,0.0792,20.16,12.38,33.97,2.71,1.741,1.48
LMT-0208,12.0,13.0,2.303,0.0709,19.49,11.13,33.76,2.84,1.203,1.65
LMT-0208,13.0,14.0,2.548,0.0536,20.61,12.24,38.16,2.38,1.358,1.61
LMT-0208,14.0,15.0,2.495,0.0542,19.29,14.05,32.05,2.22,1.501,1.59
LMT-0208,15.0,16.0,2.541,0.0566,19.03,14.7,35.85,2.43,1.113,1.56
LMT-0208,16.0,17.0,2.386,0.0474,16.6,16.74,34.77,1.79,1.636,1.65
LMT-0208,17.0,18.0,2.788,0.0445,18.79,15.68,34.86,2.29,1.497,1.78
LMT-0208,18.0,19.0,2.382,0.0459,16.87,15.18,38.53,1.8,1.159,1.65
LMT-0208,19.0,20.0,2.298,0.0434,15.61,17.34,38.64,1.94,1.425,1.56
LMT-0208,20.0,21.0,2.209,0.0378,17.69,17.97,35.18,2.35,1.247,1.75
LMT-0208,21.0,22.0,2.724,0.0422,15.68,20.34,38.54,1.78,1.266,1.59
LMT-0208,22.0,23.0,1.935,0.0318,15.75,21.09,39.07,1.37,1.17,1.71
LMT-0208,23.0,24.0,2.025,0.0322,14.21,18.45,36.84,1.93,1.329,1.67
LMT-0208,24.0,25.0,2.049,0.0501,13.69,19.71,37.41,1.84,1.164,1.69
LMT-0208,25.0,26.0,1.789,0.0406,14.61,24.12,38.03,1.63,1.151,1.75
LMT-0208,26.0,27.0,2.01,0.0376,13.7,21.78,37.31,1.44,1.067,1.71
LMT-0208,27.0,28.0,1.708,0.0418,12.15,25.02,36.98,1.71,1.16,1.72
LMT-0208,28.0,29.0,1.831,0.0275,13.11,25.34,39.17,1.43,0.913,1.89
LMT-0208,29.0,30.0,1.666,0.0324,12.35,27.13,45.64,1.43,0.936,1.87
LMT-0208,30.0,31.0,1.51,0.027,10.93,26.34,38.72,1.3,0.939,1.9
LMT-0208,31.0,32.0,1.472,0.0342,11.25,22.32,42.93,1.23,0.96,1.76
LMT-0208,32.0,33.0,1.364,0.027,10.2,27.25,40.83,1.12,0.934,1.85
LMT-0208,33.0,34.0,1.083,0.023,10.13,27.66,39.49,1.24,0.937,1.92
LMT-0208,34.0,35.0,1.516,0.0196,10.33,28.19,42.66,1.04,0.824,1.86
LMT-0208,35.0,36.0,0.331,0.0155,6.42,38.41,39.99,1.02,0.454,2.64
LMT-0208,36.0,36.6,0.364,0.0128,6.84,39.9,41.92,0.94,0.534,2.71
LMT-0209,0.0,1.0,0.791,0.0335,45.78,0.76,3.6,7.86,2.955,1.55
LMT-0209,1.0,2.0,1.322,0.0659,47.71,1.27,6.85,8.15,2.839,1.52
LMT-0209,2.0,3.0,1.091,0.0888,44.29,1.82,8.05,5.98,2.378,1.53
LMT-0209,3.0,4.0,1.245,0.0701,44.35,2.74,9.09,7.0,2.65,1.38
LMT-0209,4.0,5.0,1.287,0.0597,43.98,3.73,10.64,4.93,2.929,1.56
LMT-0209,5.0,6.0,1.446,0.1073,41.85,3.36,12.2,5.48,1.884,1.48
LMT-0209,6.0,7.0,1.676,0.06,44.97,4.38,12.36,4.51,2.26,1.49
LMT-0209,7.0,8.0,1.454,0.0821,39.37,4.62,15.33,5.22,2.659,1.43
LMT-0209,8.0,9.0,1.667,0.1658,44.89,4.84,17.6,5.4,1.846,1.47
LMT-0209,9.0,10.0,1.521,0.3019,39.46,5.47,16.18,3.85,1.907,1.6
LMT-0209,10.0,11.0,3.352,0.1762,21.05,9.03,32.52,1.81,1.659,1.5
LMT-0209,11.0,12.0,2.449,0.1355,21.63,10.66,35.72,2.04,1.279,1.4
LMT-0209,12.0,13.0,2.88,0.0573,19.27,11.29,33.34,1.96,1.289,1.56
LMT-0209,13.0,14.0,2.514,0.0554,18.18,13.53,33.96,2.24,1.488,1.6
LMT-0209,14.0,15.0,2.719,0.0465,15.49,15.99,34.29,2.26,1.106,1.66
LMT-0209,15.0,16.0,2.101,0.0416,17.19,18.38,36.21,1.79,1.562,1.6
LMT-0209,16.0,17.0,2.417,0.0328,16.49,17.46,33.7,1.53,1.341,1.58
LMT-0209,17.0,18.0,2.082,0.0385,15.67,18.72,38.88,1.58,1.255,1.66
LMT-0209,18.0,19.0,1.733,0.04,14.87,18.33,38.72,1.54,1.159,1.89
LMT-0209,19.0,20.0,2.014,0.0347,13.07,23.78,38.49,1.38,1.144,1.68
LMT-0209,20.0,21.0,1.978,0.0286,13.18,22.03,38.91,1.25,1.236,1.71
LMT-0209,21.0,22.0,1.655,0.0307,10.89,24.91,39.41,1.27,1.189,1.89
LMT-0209,22.0,23.0,1.477,0.0253,10.1,26.19,42.11,1.25,0.907,1.84
LMT-0209,23.0,24.0,1.493,0.0206,9.32,28.42,40.28,1.06,0.968,1.94
LMT-0209,24.0,25.0,0.336,0.0148,7.52,38.98,40.28,1.11,0.546,2.6
LMT-0209,25.0,26.0,0.308,0.0141,7.16,40.75,41.92,0.93,0.44,2.67
LMT-0209,26.0,27.0,0.384,0.0124,6.2,39.12,42.32,0.92,0.511,2.59
LMT-0209,27.0,27.4,0.321,0.0118,6.5,42.42,41.06,0.83,0.399,2.59
LMT-0210,0.0,1.0,0.922,0.0425,55.02,0.75,3.74,5.74,2.96,1.56
LMT-0210,1.0,2.0,1.176,0.0473,47.56,1.43,6.79,7.0,2.615,1.46
LMT-0210,2.0,3.0,1.341,0.0673,45.26,2.21,7.74,4.35,2.41,1.43
LMT-0210,3.0,4.0,1.157,0.0765,42.65,2.38,8.3,5.56,2.719,1.44
LMT-0210,4.0,5.0,1.48,0.0718,45.05,3.57,10.59,6.43,2.276,1.44
LMT-0210,5.0,6.0,1.366,0.0717,44.19,3.13,11.68,5.05,2.259,1.5
LMT-0210,6.0,7.0,1.607,0.0803,40.78,4.1,12.27,5.01,2.486,1.49
LMT-0210,7.0,8.0,1.594,0.1014,44.03,4.45,13.79,4.33,2.191,1.5
LMT-0210,8.0,9.0,1.694,0.1822,40.47,4.78,16.34,3.87,2.038,1.53
LMT-0210,9.0,10.0,1.705,0.19,39.36,4.87,17.01,3.71,2.195,1.45
LMT-0210,10.0,11.0,1.469,0.2866,39.15,5.86,16.58,3.4,1.815,1.59
LMT-0210,11.0,12.0,2.966,0.1482,21.06,11.25,33.02,1.67,1.715,1.47
LMT-0210,12.0,13.0,2.635,0.0905,20.17,13.92,33.28,1.66,1.138,1.51
LMT-0210,13.0,14.0,2.578,0.0392,18.29,13.65,34.18,2.02,1.451,1.45
LMT-0210,14.0,15.0,1.99,0.0468,16.27,16.07,35.39,2.04,1.398,1.67
LMT-0210,15.0,16.0,2.058,0.0443,14.47,17.67,35.42,1.78,1.043,1.59
LMT-0210,16.0,17.0,2.174,0.0391,15.36,19.26,35.12,1.37,1.267,1.49
LMT-0210,17.0,18.0,2.028,0.0389,14.53,20.31,39.44,1.58,1.121,1.79
LMT-0210,18.0,19.0,1.729,0.0369,13.52,22.9,37.41,1.25,1.198,1.66
LMT-0210,19.0,20.0,1.865,0.0301,11.55,25.43,41.67,0.95,0.902,1.88
LMT-0210,20.0,21.0,1.58,0.0277,11.19,26.83,43.4,0.95,0.918,1.75
LMT-0210,21.0,22.0,1.153,0.0287,9.95,32.65,40.84,1.01,0.839,1.97
LMT-0210,22.0,23.0,0.385,0.0128,6.94,41.14,39.07,0.97,0.497,2.49
LMT-0210,23.0,24.0,0.36,0.0152,6.17,38.22,40.27,0.94,0.43,2.61
LMT-0210,24.0,24.4,0.395,0.0149,6.76,37.86,37.29,0.89,0.388,2.62
LMT-0211,0.0,1.0,0.803,0.0521,54.6,0.67,3.98,9.47,3.07,1.53
LMT-0211,1.0,2.0,1.181,0.0637,45.91,1.66,7.15,9.02,2.7,1.55
LMT-0211,2.0,3.0,1.217,0.0751,45.51,2.17,7.89,6.8,2.804,1.56
LMT-0211,3.0,4.0,1.463,0.0927,44.03,2.23,9.77,6.85,2.388,1.46
LMT-0211,4.0,5.0,1.553,0.0804,48.68,2.69,10.23,5.99,2.522,1.5
LMT-0211,5.0,6.0,1.284,0.0805,44.07,3.81,10.55,6.55,2.579,1.45
LMT-0211,6.0,7.0,1.539,0.0728,44.89,3.87,11.79,6.72,2.97,1.53
LMT-0211,7.0,8.0,1.464,0.0962,41.67,3.84,13.31,4.91,2.555,1.58
LMT-0211,8.0,9.0,1.721,0.123,43.07,4.13,13.78,5.28,2.484,1.57
LMT-0211,9.0,10.0,1.596,0.1075,42.56,4.76,14.47,4.8,2.288,1.54
LMT-0211,10.0,11.0,1.802,0.1054,43.23,4.65,15.3,5.46,2.348,1.61
LMT-0211,11.0,12.0,2.078,0.1374,41.3,6.25,14.33,4.09,2.4,1.49
LMT-0211,12.0,13.0,1.756,0.2349,39.95,6.4,17.45,3.78,2.242,1.69
LMT-0211,13.0,14.0,2.029,0.2301,38.03,6.63,17.9,4.39,2.402,1.46
LMT-0211,14.0,15.0,3.472,0.1924,21.2,11.05,34.69,2.41,1.825,1.68
LMT-0211,15.0,16.0,3.151,0.096,20.44,13.48,36.34,2.53,1.764,1.55
LMT-0211,16.0,17.0,3.125,0.0804,19.53,13.11,39.46,1.84,1.506,1.62
LMT-0211,17.0,18.0,3.049,0.0552,19.67,13.81,37.15,2.26,1.56,1.62
LMT-0211,18.0,19.0,2.832,0.0393,16.49,14.26,39.14,2.29,1.633,1.63
LMT-0211,19.0,20.0,2.727,0.0546,15.23,17.52,36.59,2.25,1.197,1.55
LMT-0211,20.0,21.0,2.326,0.0552,16.83,19.89,34.25,1.51,1.338,1.66
LMT-0211,21.0,22.0,2.695,0.0453,16.25,19.8,40.36,1.72,1.441,1.83
LMT-0211,22.0,23.0,2.399,0.035,14.37,21.9,41.69,1.86,1.135,1.83
LMT-0211,23.0,24.0,2.057,0.0404,13.06,25.51,40.71,1.49,0.84,1.83
LMT-0211,24.0,25.0,2.194,0.0349,11.99,27.63,40.46,1.76,0.985,1.77
LMT-0211,25.0,26.0,1.79,0.0364,12.03,26.82,36.95,1.5,1.038,1.82
LMT-0211,26.0,27.0,1.802,0.0288,10.34,31.54,45.6,1.22,1.038,1.73
LMT-0211,27.0,28.0,0.381,0.0165,6.78,42.12,39.76,1.02,0.577,2.81
LMT-0211,28.0,29.0,0.367,0.0188,6.95,39.87,40.24,1.08,0.544,2.69
LMT-0211,29.0,29.8,0.391,0.0191,6.99,38.0,43.08,1.19,0.521,2.85
LMT-0212,0.0,1.0,1.016,0.0631,44.2,1.01,4.91,7.98,2.271,1.51
LMT-0212,1.0,2.0,1.202,0.0461,50.31,1.75,8.06,6.61,2.5,1.31
LMT-0212,2.0,3.0,1.164,0.0747,42.21,2.07,7.29,5.17,2.747,1.39
LMT-0212,3.0,4.0,1.311,0.053,46.49,2.49,9.28,6.5,2.379,1.43
LMT-0212,4.0,5.0,1.38,0.0727,40.1,2.95,10.37,5.09,2.081,1.55
LMT-0212,5.0,6.0,1.462,0.0915,43.41,3.8,11.16,4.39,1.893,1.4
LMT-0212,6.0,7.0,1.647,0.0952,43.37,3.82,11.36,4.32,2.06,1.39
LMT-0212,7.0,8.0,1.377,0.0694,42.41,3.72,12.56,4.19,1.916,1.55
LMT-0212,8.0,9.0,1.569,0.1046,41.67,4.42,13.57,4.75,2.44,1.38
LMT-0212,9.0,10.0,1.555,0.0761,38.61,4.84,14.56,4.42,2.309,1.47
LMT-0212,10.0,11.0,1.446,0.1238,38.27,5.55,14.74,3.42,2.321,1.48
LMT-0212,11.0,12.0,1.536,0.2136,39.62,5.24,14.83,3.38,2.2,1.42
LMT-0212,12.0,13.0,1.702,0.2792,41.25,5.65,14.65,3.04,1.857,1.35
LMT-0212,13.0,14.0,2.957,0.1708,20.4,8.98,31.76,1.76,1.356,1.53
LMT-0212,14.0,15.0,2.379,0.0879,20.15,10.41,30.35,1.76,1.682,1.51
LMT-0212,15.0,16.0,2.61,0.0653,19.8,12.54,31.19,1.9,1.391,1.49
LMT-0212,16.0,17.0,2.084,0.0491,17.15,13.51,32.32,1.99,1.207,1.58
LMT-0212,17.0,18.0,2.48,0.0392,16.02,13.42,37.15,1.92,1.006,1.6
LMT-0212,18.0,19.0,2.157,0.0446,15.84,16.69,36.03,1.35,1.482,1.57
LMT-0212,19.0,20.0,2.165,0.0464,16.01,15.64,38.74,1.68,1.217,1.74
LMT-0212,20.0,21.0,1.989,0.033,14.97,21.27,37.56,1.77,1.006,1.65
LMT-0212,21.0,22.0,2.0,0.0287,14.03,20.01,36.74,1.85,1.277,1.7
LMT-0212,22.0,23.0,1.736,0.0408,12.27,22.41,37.05,1.41,1.187,1.68
LMT-0212,23.0,24.0,1.883,0.0269,12.28,23.15,37.88,1.31,0.981,1.81
LMT-0212,24.0,25.0,1.853,0.0353,11.7,18.44,34.47,1.23,1.108,1.81
LMT-0212,25.0,26.0,1.353,0.0284,11.73,28.35,36.66,1.3,0.964,1.69
LMT-0212,26.0,27.0,1.668,0.0257,9.26,25.49,39.98,0.96,0.777,1.89
LMT-0212,27.0,28.0,0.366,0.0161,6.68,35.26,38.08,0.89,0.485,2.57
LMT-0212,28.0,29.0,0.389,0.0115,6.52,38.5,38.27,0.91,0.449,2.65
LMT-0212,29.0,30.0,0.38,0.0153,6.39,32.83,38.61,1.08,0.42,2.58
LMT-0213,0.0,1.0,0.97,0.0564,47.12,0.8,4.4,5.72,2.793,1.41
LMT-0213,1.0,2.0,1.185,0.0685,42.19,1.44,6.93,6.04,1.943,1.32
LMT-0213,2.0,3.0,1.157,0.0757,46.94,1.9,7.21,6.54,2.427,1.35
LMT-0213,3.0,4.0,1.094,0.0569,45.84,2.2,8.87,6.18,1.918,1.38
LMT-0213,4.0,5.0,0.961,0.077,40.07,2.46,8.56,5.71,2.239,1.52
LMT-0213,5.0,6.0,1.244,0.0674,43.75,2.56,9.92,5.69,2.336,1.46
LMT-0213,6.0,7.0,1.407,0.0898,42.01,3.19,11.54,4.85,2.397,1.36
LMT-0213,7.0,8.0,1.53,0.0802,39.27,3.76,12.6,5.83,2.295,1.4
LMT-0213,8.0,9.0,1.198,0.0529,39.93,4.07,12.9,4.48,2.182,1.53
LMT-0213,9.0,10.0,1.187,0.0927,39.04,4.44,14.18,3.3,1.84,1.41
LMT-0213,10.0,11.0,1.433,0.0781,37.76,4.78,12.91,4.03,2.175,1.46
LMT-0213,11.0,12.0,1.661,0.0717,38.84,4.71,14.92,3.62,2.044,1.41
LMT-0213,12.0,13.0,1.581,0.1682,35.24,4.97,17.3,3.92,1.856,1.42
LMT-0213,13.0,14.0,1.636,0.2469,39.42,6.03,15.29,4.05,1.758,1.43
LMT-0213,14.0,15.0,2.787,0.1341,21.67,9.92,27.04,2.3,1.253,1.37
LMT-0213,15.0,16.0,2.658,0.111,20.44,9.85,32.33,2.31,1.536,1.49
LMT-0213,16.0,17.0,2.661,0.0555,18.73,11.93,31.53,1.98,1.554,1.5
LMT-0213,17.0,18.0,2.408,0.0519,18.37,14.37,35.01,2.32,1.221,1.52
LMT-0213,18.0,19.0,1.754,0.0542,18.22,14.94,32.9,1.88,1.328,1.48
LMT-0213,19.0,20.0,2.292,0.0367,15.83,14.96,34.94,1.57,1.162,1.57
LMT-0213,20.0,21.0,1.852,0.0431,16.3,15.4,36.4,1.38,1.299,1.56
LMT-0213,21.0,22.0,1.531,0.0371,15.53,18.56,34.31,1.46,1.165,1.53
LMT-0213,22.0,23.0,2.072,0.0393,13.72,17.05,32.85,1.59,1.213,1.69
LMT-0213,23.0,24.0,1.821,0.0343,14.25,20.53,33.77,1.45,1.041,1.71
LMT-0213,24.0,25.0,1.522,0.0341,12.32,20.51,35.35,1.41,1.163,1.79
LMT-0213,25.0,26.0,1.527,0.0155,11.46,24.7,35.49,1.19,0.905,1.68
LMT-0213,26.0,27.0,1.601,0.0307,12.43,20.6,40.45,1.16,0.963,1.85
LMT-0213,27.0,28.0,1.545,0.0189,10.71,23.12,41.0,1.02,0.967,1.74
LMT-0213,28.0,29.0,1.213,0.0213,10.4,21.97,36.79,1.06,1.029,1.74
LMT-0213,29.0,30.0,1.272,0.0194,9.6,26.97,38.26,0.85,0.763,1.88
LMT-0213,30.0,31.0,0.355,0.0096,6.51,37.62,39.93,0.88,0.402,2.4
LMT-0213,31.0,32.0,0.314,0.0133,6.37,38.95,38.16,0.8,0.442,2.62
LMT-0213,32.0,32.7,0.293,0.0115,6.08,34.19,39.34,0.66,0.407,2.54
LMT-0214,0.0,1.0,0.592,0.0282,41.96,0.65,2.89,6.57,1.824,1.44
LMT-0214,1.0,2.0,0.689,0.0392,44.47,0.85,3.92,4.47,2.554,1.42
LMT-0214,2.0,3.0,1.076,0.0577,40.42,1.39,6.41,4.14,2.191,1.34
LMT-0214,3.0,4.0,0.931,0.0324,41.0,1.96,7.27,5.31,2.371,1.33
LMT-0214,4.0,5.0,1.056,0.061,39.68,2.46,9.11,4.41,1.866,1.33
LMT-0214,5.0,6.0,0.818,0.0652,36.82,2.86,9.96,4.52,1.671,1.42
LMT-0214,6.0,7.0,1.023,0.0731,36.47,3.59,10.17,3.68,1.883,1.29
LMT-0214,7.0,8.0,1.004,0.0721,36.75,3.51,10.38,2.86,1.737,1.38
LMT-0214,8.0,9.0,1.097,0.1512,34.87,4.84,14.16,2.54,1.595,1.43
LMT-0214,9.0,10.0,1.161,0.2015,33.64,4.64,13.11,2.67,1.862,1.36
LMT-0214,10.0,11.0,2.033,0.1648,20.03,8.23,27.61,2.12,1.213,1.39
LMT-0214,11.0,12.0,2.119,0.0791,17.88,11.24,30.26,1.74,1.057,1.5
LMT-0214,12.0,13.0,1.45,0.0501,16.18,11.21,27.34,1.22,0.791,1.45
LMT-0214,13.0,14.0,1.519,0.0281,15.2,14.07,34.97,1.25,1.117,1.58
LMT-0214,14.0,15.0,1.795,0.0286,13.77,15.13,30.22,1.51,0.895,1.59
LMT-0214,15.0,16.0,1.264,0.0251,12.5,18.12,37.13,1.15,0.853,1.64
LMT-0214,16.0,17.0,1.299,0.0241,11.05,19.33,34.97,0.86,1.005,1.65
LMT-0214,17.0,18.0,1.107,0.0209,9.89,19.7,36.5,1.05,0.825,1.64
LMT-0214,18.0,19.0,0.249,0.0106,6.39,30.8,34.33,0.84,0.425,2.26
LMT-0214,19.0,20.0,0.286,0.0095,6.01,31.33,36.94,0.79,0.386,2.54
LMT-0214,20.0,20.8,0.261,0.0115,5.6,36.65,33.95,0.61,0.434,2.5
LMT-0215,0.0,1.0,0.718,0.0365,48.94,0.58,3.47,7.14,2.753,1.56
LMT-0215,1.0,2.0,0.819,0.0629,48.74,0.9,4.85,7.89,2.523,1.6
LMT-0215,2.0,3.0,1.139,0.0843,45.36,1.83,7.91,6.39,2.908,1.4
LMT-0215,3.0,4.0,1.198,0.0901,44.21,2.33,8.36,5.7,2.593,1.52
LMT-0215,4.0,5.0,1.04,0.0744,46.55,2.37,10.04,6.87,2.795,1.43
LMT-0215,5.0,6.0,1.189,0.0583,43.95,3.39,11.05,6.25,2.875,1.36
LMT-0215,6.0,7.0,1.423,0.0982,40.01,4.2,11.3,5.21,2.573,1.62
LMT-0215,7.0,8.0,1.368,0.126,39.24,4.37,14.1,4.45,2.385,1.5
LMT-0215,8.0,9.0,1.48,0.1291,39.56,4.96,15.92,3.84,2.405,1.43
LMT-0215,9.0,10.0,1.387,0.1489,37.56,5.69,16.85,4.15,1.7,1.6
LMT-0215,10.0,11.0,1.592,0.2687,41.8,6.02,17.48,3.6,2.056,1.61
LMT-0215,11.0,12.0,2.231,0.1514,20.22,9.28,29.99,2.32,1.316,1.53
LMT-0215,12.0,13.0,2.598,0.0836,18.03,12.73,34.68,2.12,1.4,1.62
LMT-0215,13.0,14.0,2.195,0.0612,16.05,14.96,33.76,1.89,1.3,1.55
LMT-0215,14.0,15.0,1.604,0.0463,17.6,16.91,39.09,1.82,1.248,1.69
LMT-0215,15.0,16.0,1.9,0.0391,15.47,18.09,40.79,1.68,1.09,1.66
LMT-0215,16.0,17.0,1.632,0.029,13.36,21.58,41.88,1.45,1.213,1.76
LMT-0215,17.0,18.0,1.462,0.0361,12.2,24.4,40.08,1.39,1.177,1.8
LMT-0215,18.0,19.0,1.41,0.0295,11.2,28.58,41.03,1.35,1.145,1.83
LMT-0215,19.0,20.0,1.264,0.0267,10.24,27.66,44.68,1.08,0.945,1.82
LMT-0215,20.0,21.0,0.316,0.0125,6.89,36.12,39.87,0.99,0.517,2.85
LMT-0215,21.0,21.8,0.264,0.0152,7.17,38.52,40.35,0.94,0.52,2.68
LMT-0216,0.0,1.0,0.672,0.0555,54.04,0.66,3.51,8.12,2.974,1.61
LMT-0216,1.0,2.0,1.073,0.044,52.2,1.01,4.74,8.07,3.415,1.7
LMT-0216,2.0,3.0,1.131,0.0882,50.12,2.0,8.19,6.76,3.189,1.5
LMT-0216,3.0,4.0,1.357,0.0818,53.21,2.5,9.01,4.88,2.786,1.51
LMT-0216,4.0,5.0,1.288,0.0892,47.52,3.11,11.14,6.16,2.725,1.5
LMT-0216,5.0,6.0,1.575,0.1034,45.8,3.15,13.09,4.81,2.845,1.61
LMT-0216,6.0,7.0,1.375,0.1035,42.69,4.43,14.27,5.46,2.301,1.43
LMT-0216,7.0,8.0,1.573,0.1074,41.03,4.83,13.31,4.71,2.139,1.56
LMT-0216,8.0,9.0,1.451,0.1319,41.76,5.78,16.97,4.69,2.445,1.63
LMT-0216,9.0,10.0,1.615,0.2594,41.2,6.75,18.14,3.94,2.542,1.57
LMT-0216,10.0,11.0,1.662,0.2564,43.68,6.83,18.82,4.39,2.192,1.56
LMT-0216,11.0,12.0,2.568,0.1802,20.95,13.34,35.13,2.22,1.878,1.63
LMT-0216,12.0,13.0,2.532,0.101,18.71,14.55,35.16,2.62,1.836,1.69
LMT-0216,13.0,14.0,2.303,0.0734,17.95,13.56,34.81,2.32,1.362,1.69
LMT-0216,14.0,15.0,1.998,0.0557,17.76,16.25,38.64,2.26,1.689,1.62
LMT-0216,15.0,16.0,2.644,0.0524,16.3,19.86,38.48,2.05,1.392,1.73
LMT-0216,16.0,17.0,1.927,0.0418,15.62,22.02,40.18,1.79,1.532,1.73
LMT-0216,17.0,18.0,1.8,0.0368,13.07,22.29,39.23,1.61,1.344,1.82
LMT-0216,18.0,19.0,1.612,0.0384,13.65,27.93,38.63,1.7,1.141,1.85
LMT-0216,19.0,20.0,1.48,0.0391,12.55,23.55,44.41,1.22,1.211,1.92
LMT-0216,20.0,21.0,1.479,0.0306,11.01,28.16,40.3,1.38,1.145,1.9
LMT-0216,21.0,22.0,0.336,0.0163,6.83,40.03,41.56,1.49,0.544,2.85
LMT-0216,22.0,23.0,0.327,0.0192,7.09,38.48,38.74,1.18,0.539,2.71
LMT-0216,23.0,23.7,0.343,0.0166,7.4,42.59,43.22,1.06,0.556,2.62
LMT-0217,0.0,1.0,0.718,0.0394,45.73,0.79,3.88,9.74,2.782,1.69
LMT-0217,1.0,2.0,1.088,0.0617,50.15,1.46,7.17,6.94,2.515,1.49
LMT-0217,2.0,3.0,1.095,0.0605,50.19,2.33,7.98,6.85,3.194,1.45
LMT-0217,3.0,4.0,1.148,0.0782,49.32,2.56,10.11,5.25,2.656,1.53
LMT-0217,4.0,5.0,1.263,0.0635,45.18,3.09,10.72,5.76,2.68,1.49
LMT-0217,5.0,6.0,1.151,0.0927,45.53,3.81,12.68,5.76,2.712,1.53
LMT-0217,6.0,7.0,1.323,0.0924,43.02,4.01,12.22,6.11,2.426,1.61
LMT-0217,7.0,8.0,1.496,0.1212,44.01,4.73,13.79,5.43,2.61,1.58
LMT-0217,8.0,9.0,1.559,0.1604,39.65,5.15,15.02,5.02,2.207,1.56
LMT-0217,9.0,10.0,1.63,0.3029,42.2,6.54,17.77,4.5,2.212,1.55
LMT-0217,10.0,11.0,1.603,0.3367,40.58,6.87,18.1,4.32,2.399,1.6
LMT-0217,11.0,12.0,2.508,0.1557,17.93,10.61,34.72,2.31,1.649,1.55
LMT-0217,12.0,13.0,2.681,0.1003,21.59,13.33,35.4,2.59,1.491,1.67
LMT-0217,13.0,14.0,2.6,0.0807,18.04,15.05,36.07,2.71,1.572,1.55
LMT-0217,14.0,15.0,2.374,0.0585,21.11,17.5,35.34,2.06,1.741,1.63
LMT-0217,15.0,16.0,2.426,0.0493,18.16,15.2,40.58,2.22,1.506,1.69
LMT-0217,16.0,17.0,2.0,0.0519,17.83,19.11,36.21,2.21,1.484,1.71
LMT-0217,17.0,18.0,1.901,0.0505,16.73,20.64,41.44,2.02,1.335,1.73
LMT-0217,18.0,19.0,1.92,0.0395,14.49,24.24,37.09,1.95,1.285,1.62
LMT-0217,19.0,20.0,1.927,0.0464,14.44,22.38,41.28,1.83,1.036,1.89
LMT-0217,20.0,21.0,1.611,0.0492,13.22,24.21,42.93,1.66,1.311,1.81
LMT-0217,21.0,22.0,1.703,0.036,11.95,26.57,41.63,1.66,1.122,1.89
LMT-0217,22.0,23.0,1.658,0.0341,11.64,25.36,42.29,1.3,1.02,1.88
LMT-0217,23.0,24.0,1.447,0.0264,10.26,29.71,46.72,1.17,0.734,1.93
LMT-0217,24.0,25.0,1.119,0.0236,10.42,24.24,43.33,1.05,1.07,1.9
LMT-0217,25.0,26.0,0.339,0.0173,7.41,41.93,39.98,1.1,0.528,2.8
LMT-0217,26.0,27.0,0.328,0.0144,6.56,41.56,44.65,1.14,0.523,2.85
LMT-0217,27.0,28.0,0.366,0.0122,6.59,40.11,42.52,0.92,0.487,2.67
LMT-0218,0.0,1.0,0.805,0.0392,49.55,0.86,3.81,7.14,3.448,1.62
LMT-0218,1.0,2.0,0.971,0.0725,55.32,1.5,7.57,7.77,2.798,1.48
LMT-0218,2.0,3.0,1.27,0.0656,50.93,2.27,8.69,8.21,3.112,1.49
LMT-0218,3.0,4.0,1.182,0.0878,50.7,2.91,10.04,7.2,3.083,1.51
LMT-0218,4.0,5.0,1.326,0.0851,47.95,3.43,9.45,6.77,2.587,1.42
LMT-0218,5.0,6.0,1.211,0.113,47.02,4.14,12.24,6.64,2.721,1.4
LMT-0218,6.0,7.0,1.432,0.0995,46.44,4.67,13.27,5.58,2.531,1.54
LMT-0218,7.0,8.0,1.597,0.1082,42.53,4.67,15.37,5.5,2.449,1.56
LMT-0218,8.0,9.0,1.412,0.1404,45.12,6.06,17.02,5.07,2.112,1.6
LMT-0218,9.0,10.0,1.698,0.2595,43.92,6.37,16.24,5.53,2.432,1.52
LMT-0218,10.0,11.0,1.667,0.3183,39.8,6.61,17.51,3.92,2.294,1.65
LMT-0218,11.0,12.0,2.512,0.1497,21.85,10.54,31.42,2.88,1.679,1.6
LMT-0218,12.0,13.0,2.724,0.114,21.55,13.02,38.6,2.36,1.809,1.62
LMT-0218,13.0,14.0,2.642,0.0739,17.9,12.91,31.79,2.49,1.256,1.56
LMT-0218,14.0,15.0,2.077,0.0552,19.09,16.14,38.01,2.33,1.597,1.75
LMT-0218,15.0,16.0,2.441,0.046,18.69,15.92,40.11,1.89,1.475,1.63
LMT-0218,16.0,17.0,2.244,0.058,17.25,17.09,38.8,1.89,1.545,1.71
LMT-0218,17.0,18.0,1.994,0.0344,15.84,20.77,40.17,1.89,1.327,1.73
LMT-0218,18.0,19.0,1.767,0.0481,16.23,22.66,38.59,2.01,1.199,1.75
LMT-0218,19.0,20.0,1.831,0.0421,13.93,19.83,43.47,1.9,1.058,1.82
LMT-0218,20.0,21.0,1.662,0.0292,12.84,25.2,40.4,1.55,1.24,1.89
LMT-0218,21.0,22.0,1.549,0.0347,12.42,26.95,43.32,1.64,1.153,1.92
LMT-0218,22.0,23.0,1.546,0.0273,11.48,24.44,43.29,1.26,1.136,1.84
LMT-0218,23.0,24.0,1.27,0.029,10.26,31.99,43.05,1.18,1.146,1.89
LMT-0218,24.0,25.0,0.396,0.0181,7.33,40.62,45.4,1.27,0.567,2.77
LMT-0218,25.0,26.0,0.337,0.0179,7.23,40.25,43.37,1.0,0.526,2.78
LMT-0218,26.0,26.4,0.375,0.0161,6.92,42.54,46.95,1.01,0.512,2.79
LMT-0219,0.0,1.0,0.865,0.0429,55.85,0.61,3.95,8.13,3.416,1.54
LMT-0219,1.0,2.0,1.082,0.0788,45.43,1.73,7.34,7.05,2.547,1.49
LMT-0219,2.0,3.0,1.031,0.0885,45.56,1.92,8.28,7.41,2.896,1.41
LMT-0219,3.0,4.0,1.276,0.0758,46.99,2.53,9.06,5.63,2.703,1.53
LMT-0219,4.0,5.0,1.289,0.0783,47.97,3.32,10.07,4.99,2.842,1.52
LMT-0219,5.0,6.0,1.341,0.11,46.03,3.51,11.37,7.54,2.372,1.52
LMT-0219,6.0,7.0,1.255,0.1018,46.58,4.5,12.85,5.24,2.296,1.45
LMT-0219,7.0,8.0,1.538,0.1147,40.86,4.98,14.91,5.11,2.318,1.49
LMT-0219,8.0,9.0,1.391,0.1224,41.32,5.21,14.57,4.39,2.987,1.56
LMT-0219,9.0,10.0,1.528,0.2088,41.66,5.95,14.84,4.33,2.105,1.55
LMT-0219,10.0,11.0,1.684,0.3,40.56,6.1,18.46,4.23,1.988,1.51
LMT-0219,11.0,12.0,2.864,0.1734,21.96,11.06,34.66,2.8,1.786,1.45
LMT-0219,12.0,13.0,2.168,0.1263,20.09,11.34,33.94,2.53,1.832,1.57
LMT-0219,13.0,14.0,2.183,0.0703,19.11,14.15,36.49,2.45,1.673,1.56
LMT-0219,14.0,15.0,2.008,0.0548,18.58,16.59,35.72,2.11,1.45,1.63
LMT-0219,15.0,16.0,2.239,0.0498,16.79,16.73,34.83,1.99,1.551,1.73
LMT-0219,16.0,17.0,2.06,0.0424,16.87,18.95,36.45,2.06,1.241,1.67
LMT-0219,17.0,18.0,1.753,0.037,15.16,20.04,37.9,2.07,1.493,1.72
LMT-0219,18.0,19.0,2.044,0.0388,14.35,20.26,37.75,1.63,1.171,1.96
LMT-0219,19.0,20.0,1.638,0.0353,12.88,23.07,43.21,1.45,1.068,1.87
LMT-0219,20.0,21.0,1.565,0.0326,11.93,25.77,43.28,1.53,1.337,1.9
LMT-0219,21.0,22.0,1.398,0.0218,10.44,30.78,43.41,1.41,1.078,1.89
LMT-0219,22.0,23.0,1.132,0.0265,10.04,27.35,42.22,1.12,0.896,1.91
LMT-0219,23.0,24.0,0.362,0.0143,7.02,38.32,43.14,1.27,0.464,2.84
LMT-0219,24.0,24.8,0.276,0.0158,6.97,44.58,43.33,1.09,0.443,2.71
LMT-0220,0.0,1.0,0.847,0.0499,50.47,0.73,3.43,7.17,2.487,1.6
LMT-0220,1.0,2.0,1.162,0.0717,42.66,1.61,7.81,6.57,2.644,1.64
LMT-0220,2.0,3.0,1.258,0.0659,44.44,2.3,8.37,7.14,2.354,1.42
LMT-0220,3.0,4.0,1.182,0.062,45.09,3.16,9.49,7.43,2.449,1.5
LMT-0220,4.0,5.0,1.432,0.0987,43.11,3.3,11.06,5.09,2.099,1.46
LMT-0220,5.0,6.0,1.237,0.0645,42.88,4.08,10.66,4.57,2.451,1.44
LMT-0220,6.0,7.0,1.387,0.0781,43.87,4.52,13.56,5.21,2.235,1.55
LMT-0220,7.0,8.0,1.319,0.1116,39.58,5.14,12.77,4.67,1.825,1.36
LMT-0220,8.0,9.0,1.484,0.1814,40.34,5.66,15.25,4.23,2.211,1.36
LMT-0220,9.0,10.0,1.554,0.2457,36.8,5.81,16.18,2.96,1.868,1.64
LMT-0220,10.0,11.0,2.426,0.1397,21.16,9.41,29.49,2.55,1.5,1.48
LMT-0220,11.0,12.0,2.514,0.131,18.83,13.21,32.16,2.17,1.324,1.58
LMT-0220,12.0,13.0,2.755,0.0692,18.53,12.73,34.86,2.16,1.481,1.54
LMT-0220,13.0,14.0,2.314,0.057,16.86,13.62,34.01,2.16,1.446,1.58
LMT-0220,14.0,15.0,2.242,0.0501,15.08,12.98,35.26,1.85,1.329,1.64
LMT-0220,15.0,16.0,1.98,0.0399,16.1,17.52,38.15,1.85,1.367,1.69
LMT-0220,16.0,17.0,1.782,0.0419,14.2,18.42,38.21,1.83,1.304,1.6
LMT-0220,17.0,18.0,1.597,0.0397,12.36,21.77,38.71,1.35,1.234,1.72
LMT-0220,18.0,19.0,1.675,0.0325,12.87,21.34,40.85,1.71,0.867,1.69
LMT-0220,19.0,20.0,1.599,0.0297,11.5,25.46,42.4,1.07,1.052,1.86
LMT-0220,20.0,21.0,1.419,0.0203,11.08,23.26,40.48,1.07,1.113,1.82
LMT-0220,21.0,22.0,1.253,0.0156,9.68,24.47,40.21,1.04,0.821,1.83
LMT-0220,22.0,23.0,0.36,0.0125,6.72,39.64,43.34,0.83,0.604,2.66
LMT-0220,23.0,24.0,0.295,0.0154,6.89,35.83,38.66,0.76,0.497,2.53
LMT-0220,24.0,24.7,0.325,0.0134,6.98,45.0,42.45,1.03,0.421,2.67
LMT-0221,0.0,1.0,0.982,0.0385,48.6,0.88,4.39,8.05,2.528,1.49
LMT-0221,1.0,2.0,1.112,0.0624,47.34,1.72,6.88,6.56,2.292,1.33
LMT-0221,2.0,3.0,0.984,0.0662,42.96,2.23,9.27,5.75,2.665,1.53
LMT-0221,3.0,4.0,1.342,0.0878,44.1,2.85,11.14,5.38,2.42,1.46
LMT-0221,4.0,5.0,1.43,0.0792,43.09,3.59,11.1,4.38,2.363,1.43
LMT-0221,5.0,6.0,1.431,0.0851,44.2,4.59,13.55,6.15,2.622,1.48
LMT-0221,6.0,7.0,1.567,0.1345,43.37,5.04,13.26,2.87,2.183,1.47
LMT-0221,7.0,8.0,1.625,0.1738,38.4,5.93,16.2,3.46,2.152,1.48
LMT-0221,8.0,9.0,1.889,0.3077,38.96,5.85,17.59,4.07,1.974,1.58
LMT-0221,9.0,10.0,2.753,0.1428,21.3,8.71,34.51,1.98,1.456,1.54
LMT-0221,10.0,11.0,2.27,0.1018,17.94,11.82,31.87,1.64,1.18,1.48
LMT-0221,11.0,12.0,2.384,0.0851,18.35,13.35,36.02,2.11,1.478,1.59
LMT-0221,12.0,13.0,2.268,0.0455,15.79,15.14,34.77,2.0,1.433,1.74
LMT-0221,13.0,14.0,2.102,0.0382,16.66,16.89,35.84,1.81,1.264,1.53
LMT-0221,14.0,15.0,1.967,0.0314,16.04,18.12,36.38,1.73,1.34,1.66
LMT-0221,15.0,16.0,1.779,0.0369,14.18,21.64,35.52,1.74,1.177,1.71
LMT-0221,16.0,17.0,1.681,0.0271,12.85,20.83,38.56,1.64,0.879,1.74
LMT-0221,17.0,18.0,1.622,0.0303,11.63,24.3,37.37,1.15,1.022,1.75
LMT-0221,18.0,19.0,1.577,0.0262,11.59,25.64,40.1,1.1,0.768,1.9
LMT-0221,19.0,20.0,1.159,0.0183,9.64,25.52,43.55,0.93,0.797,1.83
LMT-0221,20.0,21.0,0.333,0.0139,6.4,37.78,41.53,0.89,0.517,2.58
LMT-0221,21.0,22.2,0.342,0.0151,6.23,35.81,42.9,1.05,0.359,2.65
LMT-0222,0.0,1.0,1.082,0.05,51.64,0.93,4.78,8.8,3.278,1.61
LMT-0222,1.0,2.0,1.249,0.0682,48.74,1.99,7.61,6.82,2.7,1.46
LMT-0222,2.0,3.0,1.551,0.0713,45.16,2.43,10.02,7.18,2.95,1.55
LMT-0222,3.0,4.0,1.319,0.0739,43.81,3.6,10.63,6.13,2.649,1.47
LMT-0222,4.0,5.0,1.389,0.0772,44.13,3.57,11.42,5.42,2.265,1.45
LMT-0222,5.0,6.0,1.413,0.1203,43.58,4.43,13.64,5.03,2.302,1.46
LMT-0222,6.0,7.0,1.588,0.1297,41.63,4.31,15.3,3.72,2.386,1.52
LMT-0222,7.0,8.0,1.864,0.2139,39.61,5.91,16.32,3.46,1.895,1.55
LMT-0222,8.0,9.0,1.79,0.344,38.84,5.6,16.55,4.08,2.013,1.51
LMT-0222,9.0,10.0,2.859,0.1311,20.39,11.36,32.56,1.96,1.316,1.54
LMT-0222,10.0,11.0,2.657,0.1115,19.88,11.89,33.97,2.84,1.569,1.59
LMT-0222,11.0,12.0,2.366,0.0827,17.5,15.17,33.21,2.09,1.661,1.59
LMT-0222,12.0,13.0,2.489,0.0412,15.81,14.7,38.25,2.05,1.557,1.7
LMT-0222,13.0,14.2,2.071,0.0423,17.07,17.81,39.36,1.82,1.312,1.81
LMT-0223,0.0,1.0,0.625,0.0334,53.27,0.68,3.64,6.66,2.642,1.54
LMT-0223,1.0,2.0,0.852,0.067,43.62,1.69,7.08,6.16,2.265,1.43
LMT-0223,2.0,3.0,1.164,0.0549,40.88,1.77,6.65,6.78,2.276,1.4
LMT-0223,3.0,4.0,0.959,0.0841,47.88,2.44,8.97,6.18,2.57,1.47
LMT-0223,4.0,5.0,0.967,0.0821,44.58,2.63,9.26,4.68,1.912,1.36
LMT-0223,5.0,6.0,0.979,0.0537,39.38,3.01,10.94,4.79,2.25,1.54
LMT-0223,6.0,7.0,1.171,0.0823,41.97,3.44,11.45,5.15,2.027,1.46
LMT-0223,7.0,8.0,1.113,0.0624,39.94,3.87,11.72,4.67,2.253,1.54
LMT-0223,8.0,9.0,0.971,0.0868,41.57,3.69,14.13,5.09,1.94,1.41
LMT-0223,9.0,10.0,1.122,0.101,40.31,4.52,14.25,4.37,2.107,1.35
LMT-0223,10.0,11.0,1.178,0.1171,41.28,4.67,13.77,3.82,2.574,1.45
LMT-0223,11.0,12.0,1.259,0.1774,39.3,5.9,14.83,2.79,2.001,1.51
LMT-0223,12.0,13.0,1.183,0.2395,36.73,5.81,14.74,3.65,1.78,1.47
LMT-0223,13.0,14.0,2.302,0.152,19.65,10.83,31.5,2.07,1.61,1.41
LMT-0223,14.0,15.0,2.008,0.0715,17.88,14.15,33.76,2.13,1.458,1.6
LMT-0223,15.0,16.0,1.803,0.043,14.23,18.23,35.31,1.69,1.24,1.69
LMT-0223,16.0,17.0,1.469,0.0318,12.88,21.22,38.81,1.28,1.097,1.72
LMT-0223,17.0,18.0,1.186,0.0229,11.54,22.59,38.4,1.38,0.807,1.89
LMT-0223,18.0,19.0,0.303,0.0113,6.62,32.66,44.1,0.8,0.403,2.73
LMT-0223,19.0,20.0,0.281,0.0123,6.44,39.6,42.59,0.94,0.477,2.54
LMT-0223,20.0,21.1,0.312,0.0129,6.73,37.73,39.17,0.73,0.452,2.45
LMT-0224,0.0,1.0,0.745,0.0274,48.0,0.78,3.62,8.08,2.785,1.53
LMT-0224,1.0,2.0,0.8,0.072,45.22,1.95,7.09,7.07,2.289,1.41
LMT-0224,2.0,3.0,0.978,0.0594,42.41,2.14,8.17,6.3,1.87,1.38
LMT-0224,3.0,4.0,0.913,0.0705,47.99,2.56,10.15,5.06,2.197,1.53
LMT-0224,4.0,5.0,1.142,0.0847,42.9,3.23,9.13,4.55,2.248,1.42
LMT-0224,5.0,6.0,1.374,0.0888,44.33,3.61,12.75,4.69,2.117,1.37
LMT-0224,6.0,7.0,1.2,0.0916,39.76,3.8,12.62,5.01,2.281,1.34
LMT-0224,7.0,8.0,0.769,0.1327,36.29,4.27,14.85,4.74,2.013,1.45
LMT-0224,8.0,9.0,1.425,0.2175,38.7,5.65,15.98,3.89,1.983,1.46
LMT-0224,9.0,10.0,1.34,0.3487,35.54,6.2,16.63,3.72,1.993,1.52
LMT-0224,10.0,11.0,2.348,0.0891,19.07,10.08,31.81,1.87,1.47,1.4
LMT-0224,11.0,12.0,1.941,0.1061,19.82,11.38,32.67,2.42,1.36,1.53
LMT-0224,12.0,13.0,2.048,0.0648,17.32,13.15,35.74,1.85,1.431,1.4
LMT-0224,13.0,14.0,1.771,0.0456,15.79,15.58,32.39,1.58,1.242,1.64
LMT-0224,14.0,15.0,1.538,0.03,15.0,18.3,37.19,1.67,0.973,1.69
LMT-0224,15.0,16.0,1.559,0.0259,13.04,18.57,37.72,1.36,1.03,1.69
LMT-0224,16.0,17.0,1.296,0.0302,11.87,22.46,38.83,1.29,0.854,1.75
LMT-0224,17.0,18.0,1.211,0.0216,10.63,25.51,37.87,1.29,0.892,1.77
LMT-0224,18.0,19.0,1.102,0.0278,9.37,28.75,40.85,1.01,0.798,1.72
LMT-0224,19.0,20.0,0.292,0.0106,6.95,39.01,34.25,1.05,0.486,2.8
LMT-0224,20.0,21.0,0.288,0.0138,6.66,40.66,37.67,0.96,0.49,2.61
LMT-0224,21.0,22.2,0.314,0.0118,5.91,33.11,41.2,0.74,0.458,2.63
LMT-0225,0.0,1.0,0.744,0.0379,47.35,0.8,3.76,6.25,3.148,1.42
LMT-0225,1.0,2.0,0.886,0.0559,43.67,1.8,6.8,6.51,2.449,1.47
LMT-0225,2.0,3.0,0.822,0.0744,44.4,2.45,8.4,5.61,2.803,1.41
LMT-0225,3.0,4.0,1.081,0.067,40.16,2.83,10.99,5.27,2.812,1.51
LMT-0225,4.0,5.0,1.113,0.0946,41.75,3.72,11.88,4.74,2.761,1.51
LMT-0225,5.0,6.0,1.182,0.0814,40.15,4.47,14.18,5.24,2.222,1.54
LMT-0225,6.0,7.0,1.341,0.1504,36.86,4.86,16.09,3.89,2.115,1.53
LMT-0225,7.0,8.0,1.297,0.3082,37.07,4.94,16.82,2.93,2.087,1.48
LMT-0225,8.0,9.0,1.823,0.146,20.31,10.13,33.39,2.6,1.629,1.5
LMT-0225,9.0,10.0,2.1,0.0877,19.73,12.92,36.98,2.39,1.574,1.51
LMT-0225,10.0,11.0,1.777,0.0495,18.78,14.33,34.35,1.78,1.554,1.58
LMT-0225,11.0,12.0,1.606,0.0551,16.39,15.08,37.47,2.34,1.333,1.55
LMT-0225,12.0,13.0,1.678,0.0541,14.62,19.88,36.18,1.59,1.366,1.75
LMT-0225,13.0,14.0,1.495,0.0381,13.99,17.18,35.4,1.69,1.186,1.61
LMT-0225,14.0,15.0,1.664,0.0304,13.21,18.11,40.84,1.24,1.152,1.68
LMT-0225,15.0,16.0,1.265,0.0326,11.71,21.84,39.83,1.45,1.074,1.74
LMT-0225,16.0,17.0,1.16,0.0227,10.57,24.27,40.67,1.34,1.07,1.8
LMT-0225,17.0,18.0,1.213,0.0202,10.59,26.13,39.48,1.05,0.837,1.82
LMT-0225,18.0,19.0,0.312,0.0082,7.1,33.71,37.97,0.85,0.456,2.49
LMT-0225,19.0,20.0,0.276,0.0114,6.24,43.06,42.64,1.06,0.472,2.59
LMT-0225,20.0,20.3,0.29,0.0116,6.03,35.84,36.99,0.88,0.495,2.7
LMT-0226,0.0,1.0,0.689,0.0392,47.57,0.78,4.13,7.96,2.53,1.6
LMT-0226,1.0,2.0,1.132,0.0718,45.6,1.78,7.83,6.28,2.543,1.54
LMT-0226,2.0,3.0,1.236,0.146,47.03,3.54,11.98,5.67,2.447,1.35
LMT-0226,3.0,4.0,1.421,0.2311,42.68,4.62,13.92,4.54,2.491,1.52
LMT-0226,4.0,5.0,1.463,0.287,34.95,6.2,16.42,3.53,2.22,1.46
LMT-0226,5.0,6.0,2.285,0.1379,20.32,11.34,32.16,2.2,1.634,1.56
LMT-0226,6.0,7.0,1.986,0.0938,20.4,12.76,34.85,2.5,1.518,1.57
LMT-0226,7.0,8.0,2.229,0.0536,18.37,13.95,33.44,2.19,1.54,1.56
LMT-0226,8.0,9.0,1.997,0.0543,17.26,15.62,37.14,2.08,1.497,1.65
LMT-0226,9.0,10.0,1.347,0.0484,17.54,17.3,37.94,1.73,1.422,1.55
LMT-0226,10.0,11.0,2.118,0.0318,17.42,18.1,33.47,1.66,1.205,1.68
LMT-0226,11.0,12.0,1.957,0.0425,16.07,19.37,36.08,1.75,1.366,1.68
LMT-0226,12.0,13.0,1.636,0.0428,13.39,21.65,41.76,1.67,1.208,1.68
LMT-0226,13.0,14.0,1.595,0.0331,14.8,17.79,39.3,1.37,0.918,1.81
LMT-0226,14.0,15.0,1.374,0.0403,12.33,23.03,41.87,1.26,1.152,1.87
LMT-0226,15.0,16.0,1.354,0.0296,11.76,25.59,40.29,1.27,0.822,1.76
LMT-0226,16.0,17.0,1.027,0.0246,10.41,28.21,40.72,1.22,1.105,1.85
LMT-0226,17.0,18.0,1.113,0.0285,10.62,27.82,43.72,1.15,1.071,1.95
LMT-0226,18.0,19.0,0.272,0.0153,7.11,36.08,41.64,1.27,0.47,2.85
LMT-0226,19.0,20.0,0.285,0.0154,6.75,39.54,41.82,0.8,0.474,2.69
LMT-0226,20.0,20.7,0.28,0.0149,6.85,40.49,41.91,0.88,0.48,2.83
LMT-0227,0.0,1.0,0.723,0.0405,53.37,0.72,3.14,6.9,2.953,1.53
LMT-0227,1.0,2.0,0.845,0.0412,46.08,1.39,5.96,6.24,2.622,1.42
LMT-0227,2.0,3.0,1.124,0.085,44.59,2.6,9.69,5.99,2.372,1.45
LMT-0227,3.0,4.0,1.203,0.0925,42.49,3.46,11.29,4.79,2.257,1.47
LMT-0227,4.0,5.0,1.34,0.233,39.5,5.43,14.3,4.14,1.892,1.46
LMT-0227,5.0,6.0,2.28,0.1535,20.36,9.69,31.94,2.21,1.564,1.4
LMT-0227,6.0,7.0,2.322,0.1268,18.26,10.8,34.37,1.74,1.498,1.47
LMT-0227,7.0,8.0,2.069,0.0665,19.41,12.17,34.47,2.26,1.471,1.49
LMT-0227,8.0,9.0,1.947,0.0516,19.58,12.11,30.38,2.54,1.518,1.59
LMT-0227,9.0,10.0,1.991,0.0545,18.35,12.63,32.24,1.92,1.448,1.64
LMT-0227,10.0,11.0,1.783,0.0383,16.37,17.17,31.67,1.6,1.151,1.6
LMT-0227,11.0,12.0,1.94,0.0399,15.33,15.52,38.06,2.06,1.18,1.66
LMT-0227,12.0,13.0,1.678,0.0447,15.71,16.64,34.25,1.38,1.041,1.66
LMT-0227,13.0,14.0,1.513,0.0459,14.58,19.92,38.42,1.72,1.084,1.68
LMT-0227,14.0,15.0,1.563,0.0334,14.25,19.87,36.33,1.54,1.353,1.51
LMT-0227,15.0,16.0,1.419,0.0279,13.68,19.79,37.81,1.41,1.057,1.81
LMT-0227,16.0,17.0,1.332,0.0309,12.47,20.64,38.18,1.13,0.812,1.55
LMT-0227,17.0,18.0,1.528,0.0274,13.61,23.42,40.32,1.14,0.887,1.89
LMT-0227,18.0,19.0,1.344,0.0244,10.95,24.83,43.16,1.04,0.882,1.7
LMT-0227,19.0,20.0,1.316,0.0263,10.95,26.38,39.57,1.16,0.805,1.73
LMT-0227,20.0,21.0,1.145,0.0238,9.94,29.15,39.82,0.87,0.567,1.72
LMT-0227,21.0,22.0,0.281,0.0132,6.02,33.09,40.83,0.88,0.4,2.62
LMT-0227,22.0,23.0,0.27,0.0136,6.3,36.17,38.16,1.0,0.463,2.63
LMT-0227,23.0,23.3,0.246,0.0123,6.8,39.81,38.26,0.88,0.459,2.62
LMT-0228,0.0,1.0,0.617,0.0356,44.56,0.64,3.69,6.49,2.301,1.51
LMT-0228,1.0,2.0,0.823,0.0651,41.17,1.47,6.71,5.98,2.599,1.38
LMT-0228,2.0,3.0,0.893,0.0715,45.02,2.43,8.29,6.06,2.656,1.36
LMT-0228,3.0,4.0,1.053,0.0515,40.43,2.85,10.9,3.86,2.27,1.33
LMT-0228,4.0,5.0,0.913,0.0705,42.01,3.56,11.38,4.87,2.688,1.36
LMT-0228,5.0,6.0,1.07,0.1059,44.18,4.09,12.23,4.18,2.022,1.44
LMT-0228,6.0,7.0,1.214,0.1856,35.87,4.52,15.24,4.78,1.867,1.52
LMT-0228,7.0,8.0,1.282,0.3081,33.94,5.7,16.03,3.69,1.825,1.5
LMT-0228,8.0,9.0,2.147,0.1723,20.02,9.42,33.57,1.69,1.798,1.47
LMT-0228,9.0,10.0,2.079,0.0725,19.5,11.54,34.37,2.4,1.275,1.42
LMT-0228,10.0,11.0,2.051,0.0573,19.96,10.66,34.44,1.82,1.302,1.52
LMT-0228,11.0,12.0,2.184,0.0507,18.82,12.69,32.78,2.36,1.678,1.49
LMT-0228,12.0,13.0,1.844,0.0547,18.72,13.58,37.91,2.31,1.22,1.53
LMT-0228,13.0,14.0,2.061,0.0371,16.92,14.09,35.02,1.3,1.064,1.56
LMT-0228,14.0,15.0,1.625,0.036,17.78,18.06,35.13,1.9,1.126,1.6
LMT-0228,15.0,16.0,1.768,0.034,14.49,17.04,38.53,1.99,1.133,1.63
LMT-0228,16.0,17.0,1.609,0.035,15.95,19.71,34.7,2.05,1.395,1.53
LMT-0228,17.0,18.0,1.784,0.0355,15.02,18.69,37.4,1.98,1.032,1.78
LMT-0228,18.0,19.0,1.447,0.0313,14.23,16.76,31.8,2.01,1.389,1.51
LMT-0228,19.0,20.0,1.549,0.0431,14.38,22.38,37.8,1.51,1.256,1.59
LMT-0228,20.0,21.0,1.476,0.0211,14.16,20.26,36.31,1.59,0.978,1.68
LMT-0228,21.0,22.0,1.42,0.0277,12.83,18.89,36.5,1.0,0.969,1.78
LMT-0228,22.0,23.0,1.206,0.0247,13.15,23.18,37.74,1.42,1.022,1.74
LMT-0228,23.0,24.0,1.229,0.0301,11.72,24.83,38.91,1.05,0.816,1.77
LMT-0228,24.0,25.0,1.195,0.0214,11.43,25.03,41.59,1.16,0.863,1.68
LMT-0228,25.0,26.0,1.406,0.0284,11.01,21.81,42.16,1.2,0.868,1.62
LMT-0228,26.0,27.0,1.185,0.0216,10.13,24.37,40.45,1.05,0.871,1.77
LMT-0228,27.0,28.0,1.127,0.0195,9.87,29.59,42.47,0.82,0.856,1.85
LMT-0228,28.0,29.0,0.301,0.0145,6.82,33.75,38.74,0.94,0.446,2.59
LMT-0228,29.0,30.0,0.24,0.0141,6.11,33.59,33.33,0.72,0.458,2.57
LMT-0228,30.0,30.4,0.261,0.0107,6.62,32.65,35.03,1.04,0.366,2.74
LMT-0229,0.0,1.0,0.644,0.0406,47.67,0.7,3.84,6.15,2.505,1.51
LMT-0229,1.0,2.0,0.862,0.0443,44.91,1.35,6.91,5.65,2.373,1.36
LMT-0229,2.0,3.0,0.905,0.0632,42.23,2.02,7.36,5.83,2.031,1.35
LMT-0229,3.0,4.0,0.997,0.0682,45.46,2.06,8.86,4.72,2.105,1.39
LMT-0229,4.0,5.0,1.016,0.0706,39.2,3.11,11.74,5.96,2.045,1.3
LMT-0229,5.0,6.0,1.073,0.0975,41.6,3.69,10.81,4.02,2.187,1.45
LMT-0229,6.0,7.0,1.15,0.0537,37.74,4.24,13.47,3.57,1.537,1.37
LMT-0229,7.0,8.0,1.202,0.1445,35.92,3.84,13.0,3.05,1.714,1.45
LMT-0229,8.0,9.0,1.24,0.1715,35.6,5.63,16.12,3.68,1.861,1.41
LMT-0229,9.0,10.0,2.012,0.1064,19.19,8.68,26.66,2.31,1.579,1.39
LMT-0229,10.0,11.0,2.194,0.0821,17.54,9.43,32.62,1.59,1.333,1.35
LMT-0229,11.0,12.0,1.971,0.0477,17.91,12.28,29.11,2.02,1.023,1.49
LMT-0229,12.0,13.0,1.84,0.039,16.49,12.89,31.65,1.32,1.421,1.56
LMT-0229,13.0,14.0,1.814,0.0436,15.71,15.57,34.81,1.7,1.22,1.57
LMT-0229,14.0,15.0,1.772,0.0298,14.1,16.49,30.89,1.4,1.095,1.47
LMT-0229,15.0,16.0,1.478,0.0284,14.78,18.52,37.91,2.07,1.145,1.42
LMT-0229,16.0,17.0,1.344,0.0213,13.48,17.26,36.08,1.34,1.069,1.61
LMT-0229,17.0,18.0,1.227,0.0246,12.05,21.5,35.12,1.41,0.956,1.86
LMT-0229,18.0,19.0,1.448,0.0233,11.79,20.09,41.4,1.13,0.811,1.59
LMT-0229,19.0,20.0,1.061,0.0239,9.81,24.89,35.34,1.14,0.831,1.7
LMT-0229,20.0,21.0,0.245,0.0114,6.52,29.94,37.36,0.98,0.369,2.52
LMT-0229,21.0,22.0,0.236,0.0118,6.44,37.38,36.53,0.92,0.426,2.58
LMT-0229,22.0,23.0,0.255,0.0096,6.35,34.92,37.92,0.87,0.4,2.66
LMT-0229,23.0,23.7,0.205,0.0079,5.84,32.99,36.31,0.67,0.328,2.58
LMT-0230,0.0,1.0,0.645,0.0333,47.36,0.59,3.3,8.8,2.878,1.48
LMT-0230,1.0,2.0,0.917,0.0506,48.6,0.93,4.23,6.86,2.569,1.56
LMT-0230,2.0,3.0,1.038,0.051,43.36,1.57,7.38,6.86,2.587,1.33
LMT-0230,3.0,4.0,1.073,0.0571,46.78,2.2,8.39,5.57,2.261,1.5
LMT-0230,4.0,5.0,1.109,0.0727,39.11,2.87,9.96,4.88,2.062,1.38
LMT-0230,5.0,6.0,1.133,0.0849,38.77,3.73,11.64,4.62,1.961,1.54
LMT-0230,6.0,7.0,1.183,0.0641,38.64,4.12,12.62,4.5,2.099,1.43
LMT-0230,7.0,8.0,1.336,0.1358,36.82,4.65,14.38,3.28,1.719,1.33
LMT-0230,8.0,9.0,1.33,0.1513,36.85,5.84,14.93,3.79,1.986,1.51
LMT-0230,9.0,10.0,1.314,0.2349,32.12,5.14,15.21,2.86,1.851,1.5
LMT-0230,10.0,11.0,2.244,0.1179,19.63,10.55,33.49,2.2,1.227,1.55
LMT-0230,11.0,12.0,2.121,0.0556,18.86,12.77,30.63,1.59,1.152,1.53
LMT-0230,12.0,13.0,1.805,0.03,15.8,16.11,31.74,1.61,1.097,1.56
LMT-0230,13.0,14.0,1.796,0.0293,16.05,17.51,36.48,1.42,1.231,1.56
LMT-0230,14.0,15.0,1.65,0.0354,14.05,17.51,37.53,1.39,1.378,1.54
LMT-0230,15.0,16.0,1.457,0.0372,12.33,17.67,38.57,1.37,0.855,1.6
LMT-0230,16.0,17.0,1.334,0.0208,11.86,19.29,39.1,1.26,0.964,1.74
LMT-0230,17.0,18.0,1.18,0.0281,10.84,21.02,36.46,1.1,0.824,1.57
LMT-0230,18.0,19.0,0.994,0.0158,9.97,24.96,36.22,0.91,0.739,1.61
LMT-0230,19.0,20.0,0.281,0.0094,6.42,32.66,39.85,0.83,0.411,2.6
LMT-0230,20.0,21.0,0.274,0.0109,6.53,37.71,36.25,0.8,0.416,2.54
LMT-0230,21.0,22.0,0.264,0.0105,6.6,34.74,40.65,0.76,0.423,2.64
LMT-0231,0.0,1.0,0.631,0.0387,50.25,0.69,3.49,10.46,3.203,1.67
LMT-0231,1.0,2.0,0.833,0.0725,49.4,1.01,5.17,7.69,2.905,1.58
LMT-0231,2.0,3.0,1.077,0.0682,51.29,2.07,7.4,7.78,3.171,1.53
LMT-0231,3.0,4.0,1.232,0.0994,46.76,2.81,9.37,6.59,2.546,1.49
LMT-0231,4.0,5.0,1.172,0.0759,48.57,3.45,9.95,5.71,2.383,1.55
LMT-0231,5.0,6.0,1.324,0.0795,42.68,3.79,12.49,5.19,2.784,1.54
LMT-0231,6.0,7.0,1.321,0.1138,42.69,4.36,13.52,5.58,2.12,1.45
LMT-0231,7.0,8.0,1.559,0.1606,41.14,4.43,15.88,5.07,2.102,1.54
LMT-0231,8.0,9.0,1.5,0.2593,40.53,5.94,16.68,4.02,2.325,1.6
LMT-0231,9.0,10.0,1.562,0.3432,39.22,6.34,20.39,4.39,2.07,1.61
LMT-0231,10.0,11.0,2.568,0.1579,21.51,12.46,32.27,2.64,1.531,1.62
LMT-0231,11.0,12.0,2.229,0.0713,19.66,11.26,35.81,2.43,1.315,1.5
LMT-0231,12.0,13.0,2.261,0.0677,18.91,17.83,37.58,2.29,1.359,1.62
LMT-0231,13.0,14.0,2.222,0.056,17.59,16.54,36.38,1.79,1.41,1.67
LMT-0231,14.0,15.0,2.1,0.0367,15.13,17.82,36.65,1.9,1.243,1.69
LMT-0231,15.0,16.0,1.591,0.0475,14.66,22.5,40.45,1.86,1.262,1.64
LMT-0231,16.0,17.0,1.754,0.0298,14.89,23.5,41.49,1.7,1.286,1.69
LMT-0231,17.0,18.0,1.583,0.0299,13.62,23.38,36.54,1.35,1.147,1.85
LMT-0231,18.0,19.0,1.35,0.0334,12.37,25.21,41.59,1.41,0.964,1.95
LMT-0231,19.0,20.0,1.411,0.03,11.69,27.58,43.08,1.33,0.98,1.88
LMT-0231,20.0,21.0,1.125,0.0255,9.63,28.16,39.96,1.14,0.803,2.02
LMT-0231,21.0,22.0,0.356,0.0169,7.25,37.51,38.28,1.4,0.492,2.7
LMT-0231,22.0,23.0,0.325,0.0173,6.29,40.98,37.37,0.94,0.442,2.74
LMT-0231,23.0,23.6,0.289,0.016,6.78,41.15,41.53,0.85,0.439,2.5
LMT-0232,0.0,1.0,0.788,0.0405,45.21,0.86,3.49,8.45,2.926,1.57
LMT-0232,1.0,2.0,1.17,0.0793,54.49,1.71,6.57,8.2,3.092,1.43
LMT-0232,2.0,3.0,1.019,0.0829,45.51,2.31,9.25,6.57,2.94,1.42
LMT-0232,3.0,4.0,1.206,0.0708,50.04,3.23,10.31,6.26,2.204,1.51
LMT-0232,4.0,5.0,1.181,0.0941,45.9,3.35,10.72,5.54,2.598,1.42
LMT-0232,5.0,6.0,1.398,0.1062,45.57,3.7,12.95,5.26,2.706,1.66
LMT-0232,6.0,7.0,1.433,0.1285,39.62,4.04,14.9,4.14,2.42,1.51
LMT-0232,7.0,8.0,1.45,0.1861,41.53,5.31,16.97,4.4,2.429,1.6
LMT-0232,8.0,9.0,1.626,0.3515,40.98,6.38,16.51,4.26,2.41,1.59
LMT-0232,9.0,10.0,2.512,0.17,22.88,9.44,35.92,2.38,1.668,1.69
LMT-0232,10.0,11.0,2.128,0.0934,20.21,11.97,37.06,2.65,1.765,1.66
LMT-0232,11.0,12.0,2.466,0.0738,19.76,13.3,35.22,2.71,1.432,1.65
LMT-0232,12.0,13.0,2.082,0.0634,20.2,13.4,37.13,2.15,1.839,1.7
LMT-0232,13.0,14.0,2.35,0.0465,18.88,15.04,33.98,2.1,1.592,1.65
LMT-0232,14.0,15.0,2.187,0.0448,18.3,16.28,38.87,1.96,1.438,1.68
LMT-0232,15.0,16.0,2.017,0.0392,17.49,17.83,40.16,2.1,1.291,1.69
LMT-0232,16.0,17.0,1.913,0.046,16.66,20.99,38.77,2.08,1.333,1.8
LMT-0232,17.0,18.0,1.635,0.0399,14.53,21.98,38.16,2.09,1.234,1.81
LMT-0232,18.0,19.0,1.958,0.0465,14.88,22.14,40.73,1.58,1.08,1.73
LMT-0232,19.0,20.0,1.593,0.0325,13.35,27.35,47.11,1.42,1.079,1.76
LMT-0232,20.0,21.0,1.646,0.0347,14.06,25.75,40.07,1.55,0.888,1.71
LMT-0232,21.0,22.0,1.453,0.0308,11.59,24.33,40.82,1.51,1.154,1.94
LMT-0232,22.0,23.0,1.488,0.024,10.96,28.14,40.28,1.3,1.047,1.89
LMT-0232,23.0,24.0,1.368,0.0221,10.23,25.04,39.86,0.82,0.851,1.97
LMT-0232,24.0,25.0,0.303,0.0122,6.57,37.06,40.77,1.07,0.493,2.76
LMT-0232,25.0,26.0,0.33,0.0125,7.12,38.51,39.21,1.14,0.501,2.79
LMT-0232,26.0,27.0,0.314,0.0162,7.12,40.79,43.75,0.97,0.443,2.79
LMT-0233,0.0,1.0,0.687,0.0435,49.49,0.67,3.53,9.24,3.007,1.59
LMT-0233,1.0,2.0,1.145,0.0846,48.81,1.79,6.55,6.37,2.598,1.58
LMT-0233,2.0,3.0,1.106,0.0864,49.4,2.49,8.55,6.31,2.992,1.41
LMT-0233,3.0,4.0,1.268,0.078,47.54,3.01,9.87,5.48,2.665,1.41
LMT-0233,4.0,5.0,1.299,0.0706,42.9,3.74,10.84,5.75,2.309,1.49
LMT-0233,5.0,6.0,1.304,0.1034,44.06,3.7,12.75,4.62,2.278,1.44
LMT-0233,6.0,7.0,1.394,0.1033,38.53,5.02,13.12,4.01,2.107,1.46
LMT-0233,7.0,8.0,1.386,0.2233,39.33,5.53,14.16,4.32,2.246,1.55
LMT-0233,8.0,9.0,1.23,0.2871,42.76,5.46,16.1,3.64,2.339,1.58
LMT-0233,9.0,10.0,2.661,0.1003,21.08,9.63,34.6,2.83,1.375,1.51
LMT-0233,10.0,11.0,2.472,0.1294,20.94,10.75,34.46,2.45,1.603,1.42
LMT-0233,11.0,12.0,2.17,0.0789,19.28,12.0,33.82,2.49,1.564,1.43
LMT-0233,12.0,13.0,2.215,0.0712,19.42,14.99,34.54,2.17,1.499,1.55
LMT-0233,13.0,14.0,2.205,0.0445,17.65,14.18,35.25,2.53,1.313,1.58
LMT-0233,14.0,15.0,2.301,0.0523,17.21,15.08,34.1,2.2,1.384,1.62
LMT-0233,15.0,16.0,2.228,0.0435,15.37,14.68,34.3,1.97,1.419,1.72
LMT-0233,16.0,17.0,2.078,0.0388,17.34,16.32,32.92,1.78,1.488,1.74
LMT-0233,17.0,18.0,1.903,0.0401,15.93,19.27,36.79,1.82,1.418,1.7
LMT-0233,18.0,19.0,1.749,0.0356,15.5,21.03,34.24,1.99,1.247,1.77
LMT-0233,19.0,20.0,1.603,0.0404,13.48,19.96,36.9,1.52,1.292,1.7
LMT-0233,20.0,21.0,1.572,0.0327,14.4,20.92,42.11,1.45,0.98,1.78
LMT-0233,21.0,22.0,1.626,0.0272,13.7,19.67,38.93,1.8,1.101,1.78
LMT-0233,22.0,23.0,1.562,0.0326,12.45,23.41,38.44,1.46,0.997,1.8
LMT-0233,23.0,24.0,1.486,0.0314,10.95,25.86,41.85,1.5,1.013,1.82
LMT-0233,24.0,25.0,1.346,0.0215,12.08,28.26,44.02,1.18,1.148,1.76
LMT-0233,25.0,26.0,1.243,0.0226,11.18,26.53,40.1,1.01,0.88,2.0
LMT-0233,26.0,27.0,1.113,0.0227,9.56,26.09,43.6,1.03,0.878,1.77
LMT-0233,27.0,28.0,0.312,0.0101,6.51,39.32,41.86,1.32,0.58,2.63
LMT-0233,28.0,29.0,0.32,0.0141,6.53,39.82,40.13,0.97,0.605,2.63
LMT-0233,29.0,29.3,0.307,0.0119,6.75,38.24,41.16,0.87,0.306,2.68
LMT-0234,0.0,1.0,0.775,0.0318,54.12,0.78,3.53,7.26,3.109,1.57
LMT-0234,1.0,2.0,1.196,0.0768,46.7,1.7,7.32,7.89,2.549,1.48
LMT-0234,2.0,3.0,0.986,0.0563,41.98,2.22,8.78,7.08,3.178,1.38
LMT-0234,3.0,4.0,,,,,,,,1.38
LMT-0234,4.0,5.0,,,,,,,,1.52
LMT-0234,5.0,6.0,1.192,0.0944,44.36,4.28,13.99,4.79,2.815,1.58
LMT-0234,6.0,7.0,1.527,0.2076,37.69,5.63,15.34,4.46,1.992,1.57
LMT-0234,7.0,8.0,1.619,0.2478,38.17,6.03,17.72,3.96,1.718,1.53
LMT-0234,8.0,9.0,2.383,0.1936,20.43,11.12,33.15,2.47,1.472,1.44
LMT-0234,9.0,10.0,2.312,0.1046,18.69,10.81,30.91,2.11,1.474,1.53
LMT-0234,10.0,11.0,2.48,0.062,19.82,12.14,31.5,2.68,1.692,1.5
LMT-0234,11.0,12.0,2.038,0.0671,17.57,13.75,35.55,1.9,1.425,1.64
LMT-0234,12.0,13.0,1.667,0.0465,19.14,15.62,35.17,1.72,1.427,1.61
LMT-0234,13.0,14.0,2.111,0.0524,17.93,15.63,37.06,1.96,1.514,1.62
LMT-0234,14.0,15.0,2.042,0.0466,15.1,16.85,38.84,2.05,1.349,1.64
LMT-0234,15.0,16.0,1.729,0.0442,15.79,17.68,37.48,1.65,1.436,1.66
LMT-0234,16.0,17.0,1.602,0.034,15.78,18.19,35.69,1.64,0.96,1.76
LMT-0234,17.0,18.0,1.54,0.0433,14.38,20.16,39.88,1.27,1.107,1.64
LMT-0234,18.0,19.0,1.749,0.0373,14.06,22.32,42.14,1.67,1.124,1.86
LMT-0234,19.0,20.0,1.527,0.038,13.06,21.49,41.85,1.63,1.25,1.74
LMT-0234,20.0,21.0,1.455,0.0338,12.84,22.86,38.98,1.3,0.839,1.87
LMT-0234,21.0,22.0,1.466,0.0231,11.98,23.59,44.75,1.64,0.945,1.99
LMT-0234,22.0,23.0,1.449,0.0262,10.65,24.49,39.84,1.31,0.937,1.74
LMT-0234,23.0,24.0,1.057,0.0273,10.3,21.17,37.29,1.0,1.019,1.84
LMT-0234,24.0,25.0,0.309,0.0125,6.23,38.26,38.73,1.07,0.468,2.69
LMT-0234,25.0,26.0,0.37,0.0169,6.6,38.3,36.67,0.79,0.474,2.72
LMT-0234,26.0,26.4,0.272,0.0137,6.66,37.8,41.29,1.21,0.529,2.33
LMT-0235,0.0,1.0,0.729,0.0226,48.92,0.62,3.69,6.89,3.004,1.58
LMT-0235,1.0,2.0,0.89,0.0673,47.3,1.74,6.55,4.9,2.676,1.48
LMT-0235,2.0,3.0,0.853,0.0719,46.28,2.66,9.13,4.63,2.841,1.43
LMT-0235,3.0,4.0,1.405,0.0645,46.13,3.42,10.68,5.46,1.958,1.43
LMT-0235,4.0,5.0,1.098,0.11,40.7,4.4,12.15,3.41,2.586,1.52
LMT-0235,5.0,6.0,1.505,0.1136,38.82,5.39,14.34,5.07,1.584,1.41
LMT-0235,6.0,7.0,1.41,0.2328,36.64,6.01,14.44,3.25,1.891,1.43
LMT-0235,7.0,8.0,2.648,0.1125,21.39,9.29,31.99,2.09,1.117,1.45
LMT-0235,8.0,9.0,2.208,0.0814,20.0,11.12,35.04,2.69,1.472,1.4
LMT-0235,9.0,10.0,1.827,0.0718,19.51,13.84,33.83,1.88,1.253,1.76
LMT-0235,10.0,11.0,1.801,0.035,17.74,12.46,32.35,2.01,1.159,1.59
LMT-0235,11.0,12.0,2.327,0.0257,17.89,13.68,35.5,1.63,1.385,1.52
LMT-0235,12.0,13.0,1.982,0.0353,16.14,15.99,34.09,1.53,1.275,1.66
LMT-0235,13.0,14.0,2.067,0.0303,15.98,15.54,39.29,1.84,1.44,1.66
LMT-0235,14.0,15.0,1.905,0.0346,14.82,18.36,32.67,1.84,1.105,1.71
LMT-0235,15.0,16.0,1.444,0.0391,13.61,21.09,35.38,1.62,1.108,1.68
LMT-0235,16.0,17.0,1.69,0.0338,13.97,21.56,36.85,1.12,0.866,1.7
LMT-0235,17.0,18.0,1.415,0.0284,13.79,19.08,38.58,1.38,1.019,1.76
LMT-0235,18.0,19.0,1.412,0.0299,12.17,20.01,40.03,1.13,1.085,1.7
LMT-0235,19.0,20.0,1.237,0.0267,11.07,20.4,42.81,1.0,0.984,1.73
LMT-0235,20.0,21.0,1.26,0.0233,10.42,28.79,42.83,1.14,0.891,1.83
LMT-0235,21.0,22.0,1.149,0.0229,8.63,27.6,41.27,0.88,0.889,1.87
LMT-0235,22.0,23.0,0.298,0.0128,6.27,33.57,36.86,0.9,0.452,2.82
LMT-0235,23.0,24.0,0.332,0.0115,6.09,32.78,41.61,0.99,0.431,2.58
LMT-0236,0.0,1.0,0.671,0.0358,45.89,0.74,3.5,6.3,2.255,1.35
LMT-0236,1.0,2.0,0.908,0.0649,42.01,1.53,6.86,4.24,1.922,1.15
LMT-0236,2.0,3.0,0.859,0.0473,40.19,2.29,8.17,5.93,1.74,1.43
LMT-0236,3.0,4.0,1.058,0.0491,38.96,2.71,9.55,4.54,1.677,1.36
LMT-0236,4.0,5.0,1.44,0.0577,34.66,3.81,11.5,3.58,1.49,1.23
LMT-0236,5.0,6.0,1.204,0.1183,34.37,5.27,14.24,3.75,1.724,1.45
LMT-0236,6.0,7.0,1.291,0.2299,37.09,5.39,15.43,2.54,1.776,1.57
LMT-0236,7.0,8.0,2.052,0.1388,20.79,7.88,27.79,1.54,1.272,1.44
LMT-0236,8.0,9.0,2.452,0.103,19.18,9.5,32.52,1.99,1.081,1.4
LMT-0236,9.0,10.0,1.943,0.0652,17.67,10.86,29.25,1.62,1.196,1.51
LMT-0236,10.0,11.0,2.172,0.0402,16.7,11.57,29.88,1.71,1.106,1.45
LMT-0236,11.0,12.0,1.645,0.0401,16.96,14.57,30.45,1.65,1.113,1.49
LMT-0236,12.0,13.0,1.797,0.0325,15.35,12.66,29.55,1.78,1.003,1.42
LMT-0236,13.0,14.0,1.623,0.0264,15.48,16.72,35.61,1.63,0.983,1.62
LMT-0236,14.0,15.0,1.734,0.0287,14.49,15.24,32.46,1.24,1.027,1.56
LMT-0236,15.0,16.0,1.839,0.0296,12.41,15.51,34.54,1.08,0.763,1.71
LMT-0236,16.0,17.0,1.628,0.0225,12.92,18.65,34.3,1.28,1.023,1.61
LMT-0236,17.0,18.0,1.15,0.0093,12.1,20.07,36.61,0.93,0.949,1.57
LMT-0236,18.0,19.0,1.216,0.0247,11.88,21.73,35.3,0.8,0.764,1.62
LMT-0236,19.0,20.0,1.169,0.0219,10.16,20.7,38.53,1.17,0.647,1.77
LMT-0236,20.0,21.0,0.912,0.0155,9.67,20.37,35.55,0.79,0.865,1.69
LMT-0236,21.0,22.0,0.275,0.0074,6.43,32.25,36.41,0.9,0.379,2.24
LMT-0236,22.0,23.0,0.277,0.009,6.4,34.11,37.51,0.87,0.396,2.46
LMT-0236,23.0,23.4,0.261,0.0059,6.25,34.58,36.5,0.7,0.403,2.42
LMT-0237,0.0,1.0,0.726,0.037,48.72,0.8,3.48,5.15,2.689,1.5
LMT-0237,1.0,2.0,1.026,0.0569,41.74,1.6,7.6,4.34,2.214,1.24
LMT-0237,2.0,3.0,1.005,0.0433,44.57,2.51,9.44,5.04,1.933,1.36
LMT-0237,3.0,4.0,1.215,0.0773,40.97,2.99,10.51,4.73,2.107,1.43
LMT-0237,4.0,5.0,1.151,0.0713,37.4,4.03,12.63,4.23,1.712,1.34
LMT-0237,5.0,6.0,1.437,0.0984,38.34,4.19,13.03,3.48,1.871,1.35
LMT-0237,6.0,7.0,1.187,0.2113,35.84,5.45,13.77,3.56,2.116,1.37
LMT-0237,7.0,8.0,2.695,0.1332,19.96,7.93,29.73,2.4,1.296,1.34
LMT-0237,8.0,9.0,2.597,0.076,19.59,10.91,32.43,1.9,1.07,1.47
LMT-0237,9.0,10.0,2.007,0.0565,18.45,10.89,31.69,1.83,1.215,1.44
LMT-0237,10.0,11.0,1.846,0.0368,16.4,12.01,31.16,1.8,1.29,1.6
LMT-0237,11.0,12.0,1.669,0.0439,15.88,14.91,31.48,1.6,0.974,1.52
LMT-0237,12.0,13.0,2.054,0.0323,14.53,16.18,36.54,1.46,1.415,1.7
LMT-0237,13.0,14.0,2.053,0.0235,13.0,15.67,34.41,1.41,1.003,1.65
LMT-0237,14.0,15.0,1.604,0.0274,13.06,19.1,35.98,1.72,0.849,1.65
LMT-0237,15.0,16.0,1.324,0.031,13.76,21.83,34.56,1.15,0.759,1.64
LMT-0237,16.0,17.0,1.361,0.0253,11.87,18.68,38.15,1.24,0.866,1.65
LMT-0237,17.0,18.0,1.227,0.0119,11.62,20.67,38.06,1.35,0.814,1.67
LMT-0237,18.0,19.0,1.16,0.021,9.25,25.7,37.05,0.81,0.757,1.88
LMT-0237,19.0,20.0,1.291,0.0181,8.59,26.65,39.15,0.85,0.704,1.59
LMT-0237,20.0,21.0,0.26,0.0148,5.86,39.61,33.8,0.92,0.419,2.26
LMT-0237,21.0,22.0,0.244,0.0096,5.77,35.97,39.77,0.58,0.395,2.59
LMT-0237,22.0,22.8,0.293,0.0091,6.17,38.35,37.9,0.71,0.369,2.58
LMT-0238,0.0,1.0,0.824,0.0357,49.16,0.94,4.42,7.71,3.148,1.63
LMT-0238,1.0,2.0,1.158,0.0581,45.95,1.92,7.87,5.22,2.405,1.43
LMT-0238,2.0,3.0,1.279,0.0506,46.06,2.39,9.06,6.22,2.672,1.52
LMT-0238,3.0,4.0,1.286,0.0946,39.19,3.46,11.01,5.61,2.639,1.44
LMT-0238,4.0,5.0,1.252,0.0802,41.54,4.77,12.34,5.12,2.036,1.57
LMT-0238,5.0,6.0,1.823,0.1424,40.91,4.66,13.77,4.07,1.822,1.56
LMT-0238,6.0,7.0,1.587,0.292,36.47,5.15,16.34,3.66,2.32,1.62
LMT-0238,7.0,8.0,2.02,0.1461,18.48,11.13,34.34,2.11,1.527,1.43
LMT-0238,8.0,9.0,2.217,0.133,19.11,10.77,28.51,2.49,1.353,1.58
LMT-0238,9.0,10.0,2.31,0.0798,17.5,13.28,30.31,2.1,1.431,1.53
LMT-0238,10.0,11.0,2.728,0.0429,18.35,15.78,34.19,1.86,1.237,1.62
LMT-0238,11.0,12.0,2.233,0.0488,16.04,14.91,39.73,1.87,1.26,1.6
LMT-0238,12.0,13.0,1.579,0.0381,16.64,16.23,38.39,1.43,1.333,1.62
LMT-0238,13.0,14.0,1.647,0.0403,15.42,19.73,36.99,1.73,1.086,1.71
LMT-0238,14.0,15.0,1.661,0.0391,13.68,22.2,41.15,1.57,1.109,1.59
LMT-0238,15.0,16.0,1.597,0.0323,11.4,22.64,37.51,1.26,0.984,1.69
LMT-0238,16.0,17.0,1.333,0.0293,11.35,25.77,37.62,1.07,0.945,1.75
LMT-0238,17.0,18.0,1.379,0.0298,10.92,25.36,42.02,0.96,0.856,1.86
LMT-0238,18.0,19.0,0.313,0.0104,7.17,32.59,42.25,1.1,0.437,2.62
LMT-0238,19.0,20.0,0.324,0.013,6.89,36.26,39.13,0.99,0.486,2.69
LMT-0238,20.0,21.0,0.332,0.0098,6.08,43.53,39.1,0.98,0.447,2.54
LMT-0238,21.0,21.7,0.307,0.01,6.84,42.81,38.53,1.11,0.355,2.76
LMT-0239,0.0,1.0,0.84,0.0596,50.82,0.75,4.37,10.43,3.083,1.49
LMT-0239,1.0,2.0,1.293,0.0739,44.36,1.77,6.91,5.78,2.41,1.41
LMT-0239,2.0,3.0,1.309,0.0754,44.19,2.4,9.66,4.65,2.553,1.55
LMT-0239,3.0,4.0,1.476,0.0983,43.14,3.39,11.65,5.88,2.371,1.44
LMT-0239,4.0,5.0,1.153,0.0869,40.59,4.38,12.0,5.06,2.406,1.45
LMT-0239,5.0,6.0,1.511,0.1298,37.3,5.1,15.12,4.69,1.831,1.49
LMT-0239,6.0,7.0,1.465,0.2522,40.48,5.88,16.44,4.44,2.437,1.48
LMT-0239,7.0,8.0,1.726,0.3486,36.72,6.43,16.69,2.9,1.811,1.55
LMT-0239,8.0,9.0,2.466,0.109,20.17,11.74,34.09,2.97,1.602,1.52
LMT-0239,9.0,10.0,2.698,0.0932,18.7,10.68,31.68,1.97,1.331,1.62
LMT-0239,10.0,11.0,2.033,0.0552,18.55,15.25,36.25,2.54,1.386,1.51
LMT-0239,11.0,12.0,2.408,0.0534,18.1,14.63,40.38,2.09,1.426,1.61
LMT-0239,12.0,13.0,2.011,0.0422,16.15,18.64,36.71,2.13,1.303,1.7
LMT-0239,13.0,14.0,2.539,0.0425,14.92,18.07,37.59,1.85,1.1,1.76
LMT-0239,14.0,15.0,1.688,0.0368,13.29,20.02,37.35,1.8,1.252,1.6
LMT-0239,15.0,16.0,1.822,0.0517,12.64,20.87,38.64,1.62,1.212,1.74
LMT-0239,16.0,17.0,1.629,0.0367,13.07,24.5,39.6,1.42,0.988,1.72
LMT-0239,17.0,18.0,1.47,0.0279,12.14,23.35,42.95,1.09,1.059,1.79
LMT-0239,18.0,19.0,1.302,0.0225,10.57,26.65,40.06,1.1,1.041,1.77
LMT-0239,19.0,20.0,1.367,0.0193,9.63,28.51,41.84,1.12,0.86,1.82
LMT-0239,20.0,21.0,0.353,0.0108,6.11,35.76,40.35,1.01,0.501,2.54
LMT-0239,21.0,22.0,0.33,0.0095,6.54,38.76,40.55,0.83,0.438,2.78
LMT-0239,22.0,22.5,0.342,0.0126,6.6,38.82,43.56,0.88,0.489,2.79
LMT-0240,0.0,1.0,1.014,0.0388,47.83,0.86,4.4,6.92,2.615,1.52
LMT-0240,1.0,2.0,1.165,0.0699,42.09,1.92,7.6,5.55,2.421,1.34
LMT-0240,2.0,3.0,1.131,0.0717,43.91,3.27,10.48,3.68,2.078,1.36
LMT-0240,3.0,4.0,1.116,0.1353,38.1,4.03,11.86,4.44,2.217,1.42
LMT-0240,4.0,5.0,1.509,0.2087,39.61,5.18,15.43,4.0,1.801,1.48
LMT-0240,5.0,6.0,1.552,0.3347,36.91,5.83,17.49,2.78,1.552,1.42
LMT-0240,6.0,7.0,2.582,0.1261,19.69,11.42,30.58,2.43,1.199,1.44
LMT-0240,7.0,8.0,2.495,0.0785,17.96,12.44,33.64,2.3,1.405,1.41
LMT-0240,8.0,9.0,2.069,0.0639,17.46,13.72,32.78,1.63,1.235,1.43
LMT-0240,9.0,10.0,2.134,0.0403,17.38,14.54,35.34,1.28,1.281,1.61
LMT-0240,10.0,11.0,2.312,0.028,16.1,16.1,35.21,1.92,1.121,1.53
LMT-0240,11.0,12.0,2.18,0.0259,14.18,18.24,36.33,1.54,1.104,1.61
LMT-0240,12.0,13.0,1.966,0.0329,13.76,21.77,34.71,1.37,1.168,1.58
LMT-0240,13.0,14.0,1.563,0.0279,12.31,19.57,38.27,1.53,0.976,1.65
LMT-0240,14.0,15.0,1.538,0.0287,11.94,22.74,36.86,1.17,0.862,1.81
LMT-0240,15.0,16.0,1.487,0.0274,11.67,23.97,33.29,1.26,1.008,1.67
LMT-0240,16.0,17.0,1.184,0.025,10.37,23.09,36.36,1.12,0.656,1.81
LMT-0240,17.0,18.0,1.107,0.0185,8.87,24.03,37.01,0.73,0.794,1.75
LMT-0240,18.0,19.0,0.299,0.0106,6.42,33.12,36.71,0.95,0.455,2.44
LMT-0240,19.0,20.0,0.344,0.0154,6.44,36.69,41.48,0.73,0.354,2.74
LMT-0240,20.0,21.1,0.313,0.014,6.37,35.21,38.51,0.94,0.437,2.51
LMT-0241,0.0,1.0,0.794,0.0233,48.86,0.72,3.79,4.69,2.217,1.63
LMT-0241,1.0,2.0,0.981,0.0473,43.8,2.02,7.28,5.25,2.43,1.32
LMT-0241,2.0,3.0,1.347,0.0802,43.76,2.77,10.38,5.24,1.984,1.51
LMT-0241,3.0,4.0,1.178,0.1182,37.59,4.14,13.13,4.42,1.549,1.49
LMT-0241,4.0,5.0,1.467,0.1949,38.79,4.74,14.49,3.41,1.445,1.45
LMT-0241,5.0,6.0,2.212,0.1414,19.55,7.85,31.17,2.15,1.314,1.51
LMT-0241,6.0,7.0,2.227,0.1108,20.15,10.32,31.92,2.24,1.4,1.52
LMT-0241,7.0,8.0,2.336,0.0451,17.56,10.73,33.66,1.7,1.108,1.46
LMT-0241,8.0,9.0,2.372,0.0262,16.52,13.48,34.99,1.37,1.112,1.37
LMT-0241,9.0,10.0,1.954,0.0385,17.49,14.47,33.83,1.3,1.416,1.39
LMT-0241,10.0,11.0,1.915,0.026,17.07,12.58,34.24,1.66,1.331,1.64
LMT-0241,11.0,12.0,1.696,0.0316,13.94,18.43,31.27,0.97,1.073,1.55
LMT-0241,12.0,13.0,1.867,0.022,13.86,18.19,33.83,1.57,0.996,1.62
LMT-0241,13.0,14.0,1.857,0.022,13.57,17.6,35.28,1.33,0.898,1.44
LMT-0241,14.0,15.0,1.584,0.0255,12.3,20.13,41.94,0.94,0.79,1.54
LMT-0241,15.0,16.0,1.359,0.0249,11.54,19.14,35.38,1.28,0.787,1.65
LMT-0241,16.0,17.0,1.431,0.0167,10.12,22.64,39.52,1.31,0.746,1.55
LMT-0241,17.0,18.0,1.067,0.0214,9.3,26.56,38.98,0.96,0.738,1.66
LMT-0241,18.0,19.0,0.351,0.0102,6.3,28.53,38.67,0.79,0.453,2.41
LMT-0241,19.0,20.0,0.33,0.0147,6.23,33.38,35.12,0.76,0.38,2.42
LMT-0241,20.0,20.4,0.337,0.0144,5.58,34.32,37.51,0.6,0.398,2.59
LMT-0242,0.0,1.0,0.794,0.0427,48.51,0.61,3.5,5.78,2.918,1.57
LMT-0242,1.0,2.0,1.096,0.0752,46.61,1.4,6.7,6.33,2.7,1.36
LMT-0242,2.0,3.0,1.282,0.0668,44.58,2.11,8.11,6.3,2.458,1.52
LMT-0242,3.0,4.0,1.264,0.0639,43.58,2.51,9.27,5.68,2.321,1.48
LMT-0242,4.0,5.0,1.417,0.0941,38.74,3.7,11.58,4.99,2.394,1.52
LMT-0242,5.0,6.0,1.322,0.1039,39.0,4.51,11.87,4.98,2.405,1.45
LMT-0242,6.0,7.0,1.609,0.1719,40.19,5.76,15.76,3.91,1.785,1.53
LMT-0242,7.0,8.0,1.81,0.2002,38.27,5.17,16.79,3.73,1.711,1.43
LMT-0242,8.0,9.0,1.621,0.3708,36.82,6.68,18.61,2.82,1.909,1.5
LMT-0242,9.0,10.0,2.762,0.1199,20.01,10.24,35.41,2.0,1.497,1.47
LMT-0242,10.0,11.0,2.615,0.0925,18.84,14.63,35.13,2.59,1.5,1.51
LMT-0242,11.0,12.0,2.489,0.0513,18.82,14.63,34.43,2.34,1.611,1.61
LMT-0242,12.0,13.0,2.368,0.0577,17.28,16.07,36.34,2.26,1.402,1.65
LMT-0242,13.0,14.0,2.252,0.0376,16.6,16.16,36.54,2.13,1.237,1.69
LMT-0242,14.0,15.0,2.343,0.0408,16.04,18.39,35.49,1.8,1.311,1.59
LMT-0242,15.0,16.0,2.205,0.0291,15.99,18.59,38.99,1.82,1.148,1.75
LMT-0242,16.0,17.0,2.025,0.0372,13.48,20.55,37.95,1.61,1.175,1.74
LMT-0242,17.0,18.0,1.979,0.0327,13.44,21.8,39.53,1.72,1.221,1.82
LMT-0242,18.0,19.0,1.803,0.0327,12.66,22.54,42.05,1.12,0.962,1.72
LMT-0242,19.0,20.0,1.517,0.0322,12.24,28.03,39.33,1.47,1.106,1.87
LMT-0242,20.0,21.0,1.593,0.0301,10.72,22.39,39.87,1.19,0.926,1.96
LMT-0242,21.0,22.0,1.316,0.0211,9.21,23.99,41.94,0.96,1.007,1.83
LMT-0242,22.0,23.0,0.319,0.0133,7.01,33.07,39.92,1.01,0.495,2.85
LMT-0242,23.0,24.0,0.342,0.0128,6.99,40.09,39.45,1.0,0.527,2.42
LMT-0242,24.0,24.6,0.352,0.0139,6.93,35.85,43.82,0.7,0.453,2.83
LMT-0243,0.0,1.0,0.781,0.0442,51.31,0.64,3.84,7.31,3.014,1.53
LMT-0243,1.0,2.0,1.298,0.0896,54.02,1.29,6.92,7.22,2.737,1.45
LMT-0243,2.0,3.0,1.017,0.0818,49.98,1.85,7.75,6.38,2.166,1.41
LMT-0243,3.0,4.0,1.149,0.0759,46.9,2.26,6.85,7.06,2.97,1.43
LMT-0243,4.0,5.0,1.208,0.0561,46.57,2.33,8.61,5.79,2.511,1.4
LMT-0243,5.0,6.0,1.427,0.0874,47.95,2.67,9.97,5.33,2.571,1.53
LMT-0243,6.0,7.0,1.472,0.0859,43.82,2.65,10.37,5.77,2.791,1.46
LMT-0243,7.0,8.0,1.37,0.0783,42.51,2.93,11.33,5.05,2.022,1.47
LMT-0243,8.0,9.0,1.4,0.0998,41.41,3.97,10.91,5.79,2.087,1.54
LMT-0243,9.0,10.0,1.471,0.0811,38.93,3.73,12.72,5.34,2.025,1.51
LMT-0243,10.0,11.0,1.348,0.0832,41.62,4.51,12.97,4.59,2.059,1.45
LMT-0243,11.0,12.0,1.448,0.0959,42.33,5.09,13.43,4.49,2.271,1.52
LMT-0243,12.0,13.0,1.703,0.1212,43.17,5.67,15.25,4.59,2.081,1.45
LMT-0243,13.0,14.0,1.676,0.1219,40.31,5.61,15.94,4.32,2.133,1.46
LMT-0243,14.0,15.0,1.647,0.1742,38.59,6.1,17.38,3.98,2.449,1.52
LMT-0243,15.0,16.0,1.468,0.2818,40.49,6.1,16.22,3.5,2.361,1.47
LMT-0243,16.0,17.0,2.975,0.1409,20.29,10.49,28.28,2.17,1.512,1.42
LMT-0243,17.0,18.0,2.716,0.1091,21.13,11.33,34.63,2.29,1.817,1.56
LMT-0243,18.0,19.0,2.839,0.0747,18.86,12.65,34.2,2.24,1.464,1.58
LMT-0243,19.0,20.0,2.669,0.0388,19.3,11.97,35.24,1.96,1.402,1.57
LMT-0243,20.0,21.0,2.534,0.0423,18.23,14.97,34.92,2.38,1.141,1.54
LMT-0243,21.0,22.0,2.686,0.0447,18.46,13.42,36.72,2.09,1.219,1.67
LMT-0243,22.0,23.0,2.387,0.0371,16.01,16.1,33.02,1.76,1.45,1.56
LMT-0243,23.0,24.0,2.536,0.0464,18.64,16.24,36.81,1.71,1.332,1.65
LMT-0243,24.0,25.0,2.094,0.04,16.09,18.34,36.41,1.65,0.976,1.63
LMT-0243,25.0,26.0,2.262,0.0439,13.59,19.76,34.91,1.95,1.111,1.78
LMT-0243,26.0,27.0,1.944,0.0392,13.56,18.38,39.99,1.76,1.253,1.79
LMT-0243,27.0,28.0,1.794,0.0249,16.16,23.89,39.6,1.7,1.093,1.66
LMT-0243,28.0,29.0,1.904,0.0399,13.77,20.55,37.3,1.46,1.189,1.81
LMT-0243,29.0,30.0,1.921,0.0359,12.74,17.3,36.65,1.45,0.975,1.66
LMT-0243,30.0,31.0,1.823,0.0296,10.78,21.11,38.38,1.15,1.002,1.84
LMT-0243,31.0,32.0,1.599,0.033,11.96,22.13,39.96,1.39,0.988,1.79
LMT-0243,32.0,33.0,1.594,0.0274,11.36,26.42,39.5,1.4,0.983,1.86
LMT-0243,33.0,34.0,1.344,0.0156,10.84,23.81,41.59,1.18,0.817,1.83
LMT-0243,34.0,35.0,1.255,0.0261,8.78,28.28,46.33,0.89,0.913,1.93
LMT-0243,35.0,36.0,0.32,0.0132,6.28,39.56,37.65,1.09,0.536,2.5
LMT-0243,36.0,37.0,0.38,0.0142,6.76,38.06,42.23,0.89,0.434,2.47
LMT-0243,37.0,38.1,0.331,0.0147,6.65,37.65,40.56,0.92,0.449,2.85
LMT-0244,0.0,1.0,0.769,0.0338,49.71,0.73,3.62,7.28,2.473,1.39
LMT-0244,1.0,2.0,1.007,0.0499,45.07,1.37,6.74,5.09,2.327,1.42
LMT-0244,2.0,3.0,1.116,0.0451,47.36,1.59,7.08,5.36,2.208,1.39
LMT-0244,3.0,4.0,1.213,0.0539,46.87,1.93,7.88,6.23,2.498,1.43
LMT-0244,4.0,5.0,1.087,0.048,42.4,2.27,8.24,5.07,2.422,1.39
LMT-0244,5.0,6.0,1.241,0.0817,46.51,2.9,9.42,4.95,2.146,1.35
LMT-0244,6.0,7.0,1.325,0.0742,43.51,3.06,9.94,5.16,2.537,1.44
LMT-0244,7.0,8.0,1.14,0.0807,39.73,3.43,11.14,3.96,2.177,1.39
LMT-0244,8.0,9.0,1.287,0.0852,40.05,3.83,12.37,4.93,2.235,1.56
LMT-0244,9.0,10.0,1.302,0.074,40.6,4.18,12.16,5.58,2.198,1.4
LMT-0244,10.0,11.0,1.15,0.0918,38.25,4.29,12.34,4.67,2.268,1.54
LMT-0244,11.0,12.0,1.364,0.0993,42.49,4.4,14.17,4.05,1.669,1.5
LMT-0244,12.0,13.0,1.534,0.0817,37.02,4.18,14.18,3.91,1.759,1.41
LMT-0244,13.0,14.0,1.768,0.1014,39.45,5.72,16.07,3.41,1.685,1.54
LMT-0244,14.0,15.0,1.668,0.1981,40.84,5.91,15.79,3.11,1.972,1.47
LMT-0244,15.0,16.0,1.426,0.2374,38.48,5.38,16.4,2.67,2.033,1.47
LMT-0244,16.0,17.0,2.455,0.1564,20.03,11.11,29.95,2.05,1.306,1.52
LMT-0244,17.0,18.0,2.601,0.0858,18.32,10.55,30.41,2.39,1.441,1.51
LMT-0244,18.0,19.0,2.414,0.05,17.37,12.83,33.33,1.58,1.23,1.49
LMT-0244,19.0,20.0,2.502,0.0463,16.71,12.56,33.43,1.51,1.316,1.53
LMT-0244,20.0,21.0,2.457,0.0385,16.9,13.93,33.29,1.47,1.178,1.61
LMT-0244,21.0,22.0,1.916,0.0378,15.26,16.47,36.52,1.9,1.127,1.64
LMT-0244,22.0,23.0,2.351,0.0347,16.33,16.21,34.97,1.68,1.079,1.71
LMT-0244,23.0,24.0,1.695,0.0299,14.05,17.16,32.88,1.78,1.261,1.6
LMT-0244,24.0,25.0,2.16,0.0307,14.66,16.91,35.95,1.42,1.104,1.8
LMT-0244,25.0,26.0,1.633,0.0337,13.55,17.5,38.28,1.15,1.073,1.69
LMT-0244,26.0,27.0,1.787,0.0341,11.79,23.61,37.05,1.01,1.141,1.68
LMT-0244,27.0,28.0,1.51,0.0204,12.5,23.86,39.91,1.22,1.046,1.63
LMT-0244,28.0,29.0,1.589,0.0205,10.52,22.61,34.4,1.16,0.917,1.95
LMT-0244,29.0,30.0,1.306,0.0223,9.78,25.88,40.94,1.29,0.845,1.72
LMT-0244,30.0,31.0,1.011,0.0238,9.76,30.72,37.74,0.79,0.806,1.79
LMT-0244,31.0,32.0,0.316,0.0115,6.98,33.92,38.32,0.99,0.508,2.7
LMT-0244,32.0,33.0,0.384,0.0138,5.54,35.31,37.28,0.74,0.529,2.8
LMT-0244,33.0,33.9,0.33,0.0114,6.81,41.89,36.33,0.88,0.356,2.67
LMT-0245,0.0,1.0,0.87,0.0329,48.56,0.81,4.49,4.55,2.606,1.5
LMT-0245,1.0,2.0,0.91,0.0428,42.23,1.49,6.69,6.44,2.601,1.29
LMT-0245,2.0,3.0,1.103,0.0517,45.43,1.72,7.53,5.84,2.046,1.43
LMT-0245,3.0,4.0,1.208,0.0784,41.29,2.1,8.18,5.74,2.021,1.45
LMT-0245,4.0,5.0,1.081,0.0488,46.45,2.73,9.49,2.92,2.006,1.38
LMT-0245,5.0,6.0,1.214,0.0542,41.71,2.63,8.68,3.59,2.436,1.49
LMT-0245,6.0,7.0,1.496,0.0721,39.34,3.03,10.42,4.75,2.047,1.4
LMT-0245,7.0,8.0,1.192,0.0613,41.72,3.74,10.61,3.25,2.261,1.36
LMT-0245,8.0,9.0,1.451,0.0645,40.05,3.66,11.64,3.51,1.613,1.34
LMT-0245,9.0,10.0,1.462,0.0837,43.44,3.93,12.54,4.4,1.806,1.44
LMT-0245,10.0,11.0,1.389,0.0787,37.12,4.44,12.78,3.1,2.145,1.47
LMT-0245,11.0,12.0,1.582,0.0949,40.35,4.11,13.62,2.77,1.768,1.35
LMT-0245,12.0,13.0,1.334,0.1277,37.48,5.36,13.38,3.22,1.927,1.32
LMT-0245,13.0,14.0,1.419,0.1853,37.0,4.91,13.87,2.81,1.708,1.35
LMT-0245,14.0,15.0,1.59,0.2895,35.27,5.41,17.69,2.84,1.284,1.3
LMT-0245,15.0,16.0,2.53,0.0632,20.71,8.78,28.58,2.39,1.502,1.33
LMT-0245,16.0,17.0,3.156,0.0677,18.3,11.37,29.57,1.79,1.265,1.53
LMT-0245,17.0,18.0,2.624,0.0454,18.6,11.46,32.07,1.71,1.212,1.42
LMT-0245,18.0,19.0,1.958,0.034,15.37,14.78,35.01,1.34,0.947,1.52
LMT-0245,19.0,20.0,2.046,0.0302,16.72,17.76,35.16,1.9,1.072,1.56
LMT-0245,20.0,21.0,1.98,0.0261,14.27,18.25,34.41,1.46,1.278,1.53
LMT-0245,21.0,22.0,1.781,0.0267,13.44,19.63,34.59,1.31,1.118,1.69
LMT-0245,22.0,23.0,1.324,0.0314,12.01,20.45,35.61,1.49,1.024,1.75
LMT-0245,23.0,24.0,1.631,0.0272,11.76,22.0,37.51,1.48,0.953,1.68
LMT-0245,24.0,25.0,1.544,0.0296,10.99,24.3,33.46,1.01,0.832,1.76
LMT-0245,25.0,26.0,1.366,0.0234,9.55,22.72,37.6,0.8,0.828,1.7
LMT-0245,26.0,27.0,0.345,0.013,6.19,35.16,34.74,0.83,0.36,2.4
LMT-0245,27.0,28.0,0.325,0.015,6.33,32.55,37.61,0.79,0.398,2.31
LMT-0245,28.0,29.2,0.322,0.0107,6.14,34.66,41.13,0.56,0.361,2.85
LMT-0246,0.0,1.0,0.925,0.0511,46.08,0.98,4.66,7.24,2.158,1.62
LMT-0246,1.0,2.0,1.051,0.0455,47.98,1.77,7.74,5.22,2.407,1.42
LMT-0246,2.0,3.0,1.289,0.0448,43.09,1.94,8.11,5.84,2.323,1.43
LMT-0246,3.0,4.0,1.063,0.0723,43.26,2.57,8.95,5.0,2.17,1.35
LMT-0246,4.0,5.0,1.308,0.0642,41.97,2.71,9.66,5.57,2.313,1.42
LMT-0246,5.0,6.0,1.374,0.0749,46.85,2.9,10.44,3.83,2.221,1.5
LMT-0246,6.0,7.0,1.602,0.0981,41.29,3.35,11.1,3.81,2.045,1.41
LMT-0246,7.0,8.0,1.189,0.0784,41.94,3.52,12.37,3.71,1.759,1.42
LMT-0246,8.0,9.0,1.356,0.0746,39.25,4.06,13.88,4.3,2.259,1.51
LMT-0246,9.0,10.0,1.636,0.0928,42.42,4.83,13.4,1.87,2.231,1.48
LMT-0246,10.0,11.0,1.73,0.1198,35.14,6.09,15.34,2.73,2.237,1.48
LMT-0246,11.0,12.0,1.628,0.1805,36.74,5.92,15.09,3.43,1.727,1.39
LMT-0246,12.0,13.0,1.666,0.2308,37.37,5.9,15.97,3.47,2.199,1.4
LMT-0246,13.0,14.0,2.467,0.1308,18.48,12.31,30.28,2.42,1.296,1.42
LMT-0246,14.0,15.0,2.522,0.0772,19.55,11.2,34.7,2.27,1.493,1.29
LMT-0246,15.0,16.0,2.228,0.0583,18.36,13.16,36.21,2.06,0.913,1.52
LMT-0246,16.0,17.0,2.336,0.0434,17.59,15.39,34.32,1.77,1.42,1.65
LMT-0246,17.0,18.0,2.124,0.0399,14.35,18.98,35.59,1.68,1.259,1.59
LMT-0246,18.0,19.0,1.984,0.036,15.56,15.53,33.89,1.65,0.953,1.54
LMT-0246,19.0,20.0,1.941,0.0366,14.47,20.02,37.63,1.62,1.121,1.62
LMT-0246,20.0,21.0,1.482,0.0259,11.85,21.2,39.37,1.37,1.149,1.76
LMT-0246,21.0,22.0,1.3,0.0246,11.9,26.65,41.82,1.25,0.849,1.8
LMT-0246,22.0,23.0,1.479,0.0224,9.55,23.76,40.57,1.09,0.806,1.81
LMT-0246,23.0,24.0,0.364,0.015,7.13,35.38,35.14,0.81,0.427,2.67
LMT-0246,24.0,25.0,0.34,0.0127,6.98,34.48,40.09,0.72,0.445,2.65
LMT-0246,25.0,26.1,0.343,0.0128,6.41,34.32,41.73,0.95,0.423,2.66
LMT-0247,0.0,1.0,0.659,0.0455,49.34,0.74,3.7,8.05,2.715,1.53
LMT-0247,1.0,2.0,0.801,0.0488,42.53,1.36,6.65,6.62,2.052,1.39
LMT-0247,2.0,3.0,0.972,0.0607,44.33,2.31,7.99,5.56,2.135,1.35
LMT-0247,3.0,4.0,0.977,0.0608,47.76,2.47,8.96,6.1,2.304,1.43
LMT-0247,4.0,5.0,1.102,0.0734,40.03,3.17,8.79,4.52,2.395,1.57
LMT-0247,5.0,6.0,0.856,0.0859,41.41,3.48,12.91,4.52,1.695,1.41
LMT-0247,6.0,7.0,1.096,0.077,38.38,3.96,14.66,5.04,2.191,1.49
LMT-0247,7.0,8.0,1.152,0.083,39.34,4.65,14.51,4.58,1.987,1.45
LMT-0247,8.0,9.0,1.305,0.171,35.64,5.58,14.63,3.35,1.96,1.43
LMT-0247,9.0,10.0,1.338,0.3002,37.36,5.72,16.47,3.74,2.127,1.57
LMT-0247,10.0,11.0,2.212,0.1266,19.01,9.89,33.46,2.07,1.461,1.53
LMT-0247,11.0,12.0,2.32,0.0885,19.9,11.46,32.12,2.35,1.365,1.45
LMT-0247,12.0,13.0,1.888,0.0702,19.74,13.08,32.41,1.55,1.082,1.52
LMT-0247,13.0,14.0,2.312,0.04,18.3,13.66,34.72,2.06,1.499,1.47
LMT-0247,14.0,15.0,2.038,0.0458,17.96,12.75,33.01,1.79,1.2,1.54
LMT-0247,15.0,16.0,1.887,0.0251,15.85,14.14,35.47,1.42,1.305,1.45
LMT-0247,16.0,17.0,1.743,0.0353,15.04,15.95,35.28,1.56,1.163,1.69
LMT-0247,17.0,18.0,1.646,0.028,15.91,15.38,32.78,1.42,1.289,1.54
LMT-0247,18.0,19.0,1.714,0.0312,14.83,17.89,35.12,1.43,1.158,1.5
LMT-0247,19.0,20.0,1.619,0.0392,13.66,19.37,36.58,1.58,1.154,1.6
LMT-0247,20.0,21.0,1.398,0.0293,13.11,19.01,36.2,1.44,0.875,1.67
LMT-0247,21.0,22.0,1.403,0.0249,12.52,20.96,42.34,1.23,1.058,1.73
LMT-0247,22.0,23.0,1.563,0.0285,12.12,23.1,38.55,1.14,1.224,1.69
LMT-0247,23.0,24.0,1.21,0.024,11.28,25.6,33.42,1.02,0.988,1.73
LMT-0247,24.0,25.0,1.044,0.0287,11.82,21.42,39.3,0.81,0.684,1.71
LMT-0247,25.0,26.0,1.102,0.0279,10.05,24.94,37.66,1.16,0.954,1.71
LMT-0247,26.0,27.0,1.061,0.0235,10.31,24.2,39.59,1.03,0.672,1.79
LMT-0247,27.0,28.0,0.296,0.012,6.22,36.06,42.56,0.96,0.464,2.48
LMT-0247,28.0,29.1,0.27,0.016,6.64,37.43,36.24,0.94,0.489,2.57
LMT-0248,0.0,1.0,0.638,0.0386,47.64,0.74,3.49,8.12,2.625,1.57
LMT-0248,1.0,2.0,0.956,0.0841,50.24,1.71,6.11,6.31,2.577,1.43
LMT-0248,2.0,3.0,1.077,0.0725,46.3,2.02,9.24,5.57,2.668,1.46
LMT-0248,3.0,4.0,1.173,0.0745,46.71,2.99,9.63,5.1,2.52,1.49
LMT-0248,4.0,5.0,1.028,0.0865,40.92,3.58,10.98,6.66,1.962,1.52
LMT-0248,5.0,6.0,1.053,0.1011,41.11,4.43,12.75,5.35,2.042,1.42
LMT-0248,6.0,7.0,1.409,0.126,36.63,4.89,15.23,3.87,2.01,1.48
LMT-0248,7.0,8.0,1.227,0.2016,38.03,5.17,15.92,3.99,2.309,1.59
LMT-0248,8.0,9.0,1.357,0.2617,39.36,5.5,17.43,2.79,1.821,1.34
LMT-0248,9.0,10.0,2.528,0.1369,21.24,11.15,31.66,2.39,1.158,1.59
LMT-0248,10.0,11.0,2.37,0.09,20.13,11.81,31.49,2.17,1.605,1.42
LMT-0248,11.0,12.0,2.34,0.0691,19.85,13.27,34.32,2.23,1.438,1.58
LMT-0248,12.0,13.0,2.016,0.05,17.04,15.42,32.6,1.98,1.224,1.63
LMT-0248,13.0,14.0,2.024,0.0612,17.62,14.94,36.36,2.03,1.476,1.52
LMT-0248,14.0,15.0,1.851,0.0404,17.1,15.64,33.49,1.78,1.421,1.56
LMT-0248,15.0,16.0,1.941,0.0401,16.85,18.09,33.79,2.09,1.4,1.73
LMT-0248,16.0,17.0,1.672,0.0397,15.63,17.06,38.6,1.84,1.104,1.69
LMT-0248,17.0,18.0,1.665,0.041,13.9,20.87,35.81,1.84,1.285,1.72
LMT-0248,18.0,19.0,1.692,0.0395,13.27,20.03,41.32,1.91,1.034,1.72
LMT-0248,19.0,20.0,1.346,0.0458,12.86,20.5,37.17,1.38,0.928,1.81
LMT-0248,20.0,21.0,1.294,0.0331,11.2,23.49,41.71,1.28,1.128,1.74
LMT-0248,21.0,22.0,1.494,0.0285,11.95,24.92,35.61,1.15,1.076,1.89
LMT-0248,22.0,23.0,1.404,0.0285,11.05,24.67,38.08,1.32,0.991,1.63
LMT-0248,23.0,24.0,1.124,0.0262,10.57,27.63,39.44,1.04,0.725,1.82
LMT-0248,24.0,25.0,1.067,0.019,10.07,26.68,37.0,0.89,0.699,1.73
LMT-0248,25.0,26.0,0.299,0.0123,6.94,37.09,42.25,1.07,0.351,2.7
LMT-0248,26.0,27.0,0.279,0.0117,6.55,35.28,41.48,0.86,0.573,2.75
LMT-0248,27.0,27.3,0.262,0.0167,6.25,37.19,37.21,0.81,0.45,2.72
LMT-0249,0.0,1.0,0.758,0.0415,45.51,0.72,3.81,6.52,2.27,1.4
LMT-0249,1.0,2.0,0.858,0.056,47.27,1.54,6.87,6.16,2.519,1.42
LMT-0249,2.0,3.0,1.11,0.0617,44.0,2.28,8.81,5.55,2.678,1.54
LMT-0249,3.0,4.0,1.027,0.0773,45.25,3.16,9.63,5.48,2.562,1.51
LMT-0249,4.0,5.0,1.153,0.0705,40.18,3.58,11.37,5.45,2.369,1.39
LMT-0249,5.0,6.0,1.449,0.0975,38.37,4.24,13.21,4.63,1.786,1.47
LMT-0249,6.0,7.0,1.269,0.1397,38.25,4.82,14.11,4.06,1.572,1.56
LMT-0249,7.0,8.0,1.496,0.3063,38.2,5.23,17.07,4.07,1.758,1.55
LMT-0249,8.0,9.0,2.535,0.155,19.93,7.47,29.64,2.53,1.362,1.51
LMT-0249,9.0,10.0,1.981,0.1188,18.95,8.54,36.13,1.85,1.369,1.56
LMT-0249,10.0,11.0,1.925,0.0794,18.41,12.77,32.88,2.44,1.401,1.6
LMT-0249,11.0,12.0,2.187,0.045,18.97,12.85,34.38,2.18,1.187,1.51
LMT-0249,12.0,13.0,2.32,0.0534,16.87,13.8,30.12,1.82,1.352,1.57
LMT-0249,13.0,14.0,1.77,0.0337,16.97,13.07,37.64,1.44,1.388,1.56
LMT-0249,14.0,15.0,1.988,0.0426,15.82,15.92,33.09,1.46,0.983,1.47
LMT-0249,15.0,16.0,1.875,0.0414,14.28,19.31,37.41,1.58,0.938,1.5
LMT-0249,16.0,17.0,1.882,0.0403,15.16,17.36,33.73,1.48,1.16,1.59
LMT-0249,17.0,18.0,1.517,0.0302,13.74,22.73,37.35,1.58,1.19,1.85
LMT-0249,18.0,19.0,1.652,0.027,13.95,21.35,39.33,1.05,1.184,1.68
LMT-0249,19.0,20.0,1.518,0.0304,13.06,22.85,37.27,1.24,1.122,1.66
LMT-0249,20.0,21.0,1.572,0.0249,11.69,22.33,39.32,1.15,0.996,1.61
LMT-0249,21.0,22.0,1.33,0.0272,11.28,18.99,41.55,1.42,0.812,1.77
LMT-0249,22.0,23.0,1.147,0.0208,11.02,23.26,38.29,0.98,0.884,1.56
LMT-0249,23.0,24.0,1.126,0.0261,9.91,24.08,39.03,0.88,0.883,1.82
LMT-0249,24.0,25.0,0.967,0.0162,9.87,22.24,40.83,0.91,0.714,1.85
LMT-0249,25.0,26.0,0.273,0.0123,6.26,35.21,42.47,0.87,0.377,2.76
LMT-0249,26.0,27.0,0.341,0.01,5.91,38.75,36.87,0.88,0.482,2.72
LMT-0249,27.0,27.9,0.291,0.0098,6.47,33.93,39.21,0.75,0.341,2.45
LMT-0250,0.0,1.0,0.499,0.0333,45.44,0.8,3.13,6.16,2.77,1.48
LMT-0250,1.0,2.0,0.871,0.0473,41.49,1.53,6.19,5.75,2.585,1.29
LMT-0250,2.0,3.0,1.003,0.0517,41.0,2.42,8.6,4.38,2.346,1.27
LMT-0250,3.0,4.0,1.023,0.0469,40.01,2.82,9.4,5.01,1.919,1.37
LMT-0250,4.0,5.0,0.955,0.0698,38.97,3.08,11.19,3.78,1.956,1.38
LMT-0250,5.0,6.0,1.349,0.102,39.04,4.28,12.85,3.31,2.097,1.34
LMT-0250,6.0,7.0,1.183,0.2646,36.71,4.55,13.26,2.37,1.741,1.5
LMT-0250,7.0,8.0,1.7,0.0788,17.8,10.01,27.27,1.42,1.276,1.45
LMT-0250,8.0,9.0,2.109,0.0823,18.02,9.12,31.09,1.91,1.364,1.49
LMT-0250,9.0,10.0,1.823,0.0654,19.37,10.81,33.52,1.75,1.272,1.37
LMT-0250,10.0,11.0,1.79,0.0397,17.74,10.85,31.39,1.42,1.213,1.43
LMT-0250,11.0,12.0,1.891,0.0369,17.43,12.14,33.6,1.2,0.931,1.56
LMT-0250,12.0,13.0,1.825,0.0404,17.22,12.99,32.79,2.11,1.046,1.43
LMT-0250,13.0,14.0,1.721,0.0401,15.49,14.23,36.86,1.55,1.028,1.23
LMT-0250,14.0,15.0,1.587,0.0353,14.25,16.35,35.38,1.61,1.22,1.49
LMT-0250,15.0,16.0,1.707,0.0428,13.85,14.56,35.43,1.4,1.175,1.49
LMT-0250,16.0,17.0,1.604,0.0271,13.21,19.02,36.26,1.44,0.866,1.54
LMT-0250,17.0,18.0,1.362,0.0324,12.65,20.18,35.71,1.24,0.906,1.63
LMT-0250,18.0,19.0,1.197,0.0262,11.95,18.91,37.98,1.15,0.847,1.73
LMT-0250,19.0,20.0,1.211,0.021,10.8,21.42,40.51,1.09,0.719,1.64
LMT-0250,20.0,21.0,1.278,0.032,10.59,21.55,37.3,1.03,0.795,1.63
LMT-0250,21.0,22.0,0.929,0.0149,9.7,20.92,39.71,1.11,0.917,1.71
LMT-0250,22.0,23.0,1.115,0.0185,8.77,23.3,39.4,0.8,0.589,1.88
LMT-0250,23.0,24.0,0.232,0.0115,6.51,32.52,36.18,0.87,0.503,2.51
LMT-0250,24.0,25.0,0.257,0.0152,6.29,30.57,44.13,0.61,0.354,2.55
LMT-0250,25.0,26.0,0.253,0.0139,5.69,36.65,37.4,0.79,0.451,2.62
LMT-0250,26.0,26.3,0.182,0.0119,6.42,32.32,34.07,0.74,0.45,2.54
LMT-0251,0.0,1.0,0.642,0.031,46.5,0.66,3.42,6.84,2.236,1.46
LMT-0251,1.0,2.0,0.801,0.0384,40.29,1.34,6.28,5.8,2.802,1.4
LMT-0251,2.0,3.0,0.992,0.068,41.85,2.39,9.11,4.6,2.266,1.36
LMT-0251,3.0,4.0,1.144,0.0594,38.56,3.11,10.49,2.79,1.968,1.35
LMT-0251,4.0,5.0,1.146,0.1004,36.05,4.07,12.14,3.25,1.795,1.41
LMT-0251,5.0,6.0,1.201,0.1072,33.91,4.45,14.98,2.83,1.774,1.39
LMT-0251,6.0,7.0,1.911,0.138,19.46,8.19,31.33,1.6,1.384,1.33
LMT-0251,7.0,8.0,1.803,0.1065,20.03,8.66,33.34,2.24,1.248,1.44
LMT-0251,8.0,9.0,1.94,0.0479,15.52,10.7,32.59,1.48,1.045,1.5
LMT-0251,9.0,10.0,1.908,0.0367,16.78,11.5,32.41,1.67,1.264,1.49
LMT-0251,10.0,11.0,1.54,0.0376,17.43,11.67,33.49,1.67,0.955,1.4
LMT-0251,11.0,12.0,1.6,0.0344,15.47,12.44,28.78,1.77,0.862,1.39
LMT-0251,12.0,13.0,1.776,0.0188,13.28,17.05,30.7,1.18,0.996,1.56
LMT-0251,13.0,14.0,1.459,0.0341,13.79,14.96,31.22,1.28,0.853,1.55
LMT-0251,14.0,15.0,1.272,0.036,13.73,16.59,30.78,1.29,1.025,1.61
LMT-0251,15.0,16.0,1.62,0.0411,13.89,16.03,33.6,1.24,0.823,1.46
LMT-0251,16.0,17.0,1.157,0.0135,13.01,20.53,35.39,1.05,0.945,1.54
LMT-0251,17.0,18.0,1.131,0.0252,11.41,18.02,35.23,1.31,0.834,1.74
LMT-0251,18.0,19.0,1.234,0.0201,10.8,20.35,33.78,0.89,0.616,1.67
LMT-0251,19.0,20.0,1.129,0.0199,10.94,20.59,41.06,1.08,0.666,1.58
LMT-0251,20.0,21.0,0.924,0.0141,9.92,23.7,37.5,0.78,0.815,1.79
LMT-0251,21.0,22.0,0.979,0.0165,8.85,23.07,39.45,0.57,0.636,1.76
LMT-0251,22.0,23.0,0.27,0.012,6.42,29.91,39.38,0.87,0.342,2.39
LMT-0251,23.0,24.2,0.256,0.0063,6.07,29.72,37.48,0.7,0.408,2.39
LMT-0252,0.0,1.0,0.54,0.0187,42.07,0.56,3.02,3.93,2.148,1.29
LMT-0252,1.0,2.0,0.852,0.0312,38.9,1.33,6.98,4.51,1.877,1.31
LMT-0252,2.0,3.0,0.769,0.0585,38.35,2.4,8.52,3.44,1.661,1.25
LMT-0252,3.0,4.0,0.903,0.0944,34.42,3.53,10.65,2.01,1.57,1.38
LMT-0252,4.0,5.0,1.169,0.1051,34.61,4.2,11.66,3.31,1.531,1.39
LMT-0252,5.0,6.0,0.991,0.1856,32.23,4.74,15.22,2.51,2.007,1.34
LMT-0252,6.0,7.0,1.938,0.0966,19.73,8.57,26.73,1.82,1.244,1.33
LMT-0252,7.0,8.0,1.626,0.0754,17.78,10.55,26.83,1.07,1.323,1.26
LMT-0252,8.0,9.0,1.351,0.0382,16.99,11.39,26.86,1.65,1.042,1.33
LMT-0252,9.0,10.0,1.455,0.0304,15.74,11.42,30.98,1.35,1.032,1.36
LMT-0252,10.0,11.0,1.536,0.034,14.81,12.02,30.52,1.32,0.948,1.51
LMT-0252,11.0,12.0,1.612,0.0262,14.74,11.58,30.22,0.98,0.786,1.43
LMT-0252,12.0,13.0,1.516,0.0201,14.37,12.68,31.87,0.85,0.968,1.35
LMT-0252,13.0,14.0,1.247,0.0167,12.56,14.0,30.87,1.42,0.934,1.47
LMT-0252,14.0,15.0,1.327,0.0247,11.81,15.11,34.11,1.23,0.723,1.4
LMT-0252,15.0,16.0,1.138,0.0169,12.98,14.91,31.04,1.26,0.87,1.54
LMT-0252,16.0,17.0,1.003,0.0338,10.59,18.4,34.29,1.08,0.855,1.55
LMT-0252,17.0,18.0,1.104,0.0183,10.67,17.6,28.94,0.97,0.656,1.52
LMT-0252,18.0,19.0,1.011,0.0142,9.44,20.93,33.67,0.92,0.696,1.52
LMT-0252,19.0,20.0,0.984,0.0124,10.14,19.08,35.1,0.6,0.655,1.6
LMT-0252,20.0,21.0,1.147,0.0151,8.65,21.22,33.62,0.98,0.761,1.67
LMT-0252,21.0,22.0,0.185,0.009,5.63,32.27,36.47,0.71,0.313,2.27
LMT-0252,22.0,23.0,0.225,0.0092,5.42,30.82,34.36,0.7,0.322,2.43
LMT-0252,23.0,24.0,0.202,0.0078,5.26,25.72,33.7,0.56,0.262,2.3
LMT-0252,24.0,24.6,0.245,0.0093,5.3,26.2,34.65,0.68,0.36,2.33
LMT-0253,0.0,1.0,0.671,0.0343,42.85,0.71,3.68,5.77,1.699,1.51
LMT-0253,1.0,2.0,0.857,0.0508,45.74,1.62,7.21,3.79,1.912,1.32
LMT-0253,2.0,3.0,0.941,0.0506,39.72,2.14,8.82,4.17,1.798,1.31
LMT-0253,3.0,4.0,0.946,0.0979,36.69,3.4,10.08,3.84,1.601,1.28
LMT-0253,4.0,5.0,1.069,0.1013,34.67,3.82,13.99,2.6,1.814,1.35
LMT-0253,5.0,6.0,0.966,0.1498,33.8,5.24,13.95,2.62,1.454,1.31
LMT-0253,6.0,7.0,1.971,0.0873,18.15,8.6,27.14,2.25,1.232,1.45
LMT-0253,7.0,8.0,1.896,0.036,17.09,9.71,27.56,1.67,0.755,1.32
LMT-0253,8.0,9.0,1.921,0.0468,16.47,12.2,32.77,1.44,1.077,1.43
LMT-0253,9.0,10.0,1.703,0.0191,17.0,11.18,28.5,1.11,1.039,1.51
LMT-0253,10.0,11.0,1.819,0.0406,14.6,11.77,29.23,1.27,1.018,1.42
LMT-0253,11.0,12.0,1.604,0.0258,13.59,13.29,28.74,1.17,1.094,1.43
LMT-0253,12.0,13.0,1.585,0.026,14.64,13.07,36.38,1.53,1.049,1.56
LMT-0253,13.0,14.0,1.462,0.0309,14.18,15.35,37.16,1.38,0.762,1.55
LMT-0253,14.0,15.0,1.277,0.0281,11.56,15.49,30.05,1.23,0.812,1.62
LMT-0253,15.0,16.0,0.989,0.0268,13.37,18.58,33.18,0.83,0.765,1.47
LMT-0253,16.0,17.0,1.196,0.0176,11.89,18.95,34.22,1.33,0.668,1.6
LMT-0253,17.0,18.0,1.189,0.0179,10.62,21.69,31.83,0.97,0.653,1.56
LMT-0253,18.0,19.0,1.078,0.0119,10.54,21.73,39.0,0.93,0.646,1.58
LMT-0253,19.0,20.0,1.04,0.0163,10.17,21.58,38.77,0.7,0.667,1.61
LMT-0253,20.0,21.0,0.845,0.0138,8.88,22.24,35.65,0.74,0.71,1.74
LMT-0253,21.0,22.0,0.862,0.0107,8.16,19.36,36.59,0.76,0.49,1.72
LMT-0253,22.0,23.0,0.198,0.0043,6.04,28.58,32.34,0.62,0.331,2.37
LMT-0253,23.0,24.0,0.25,0.0068,5.95,27.18,34.07,0.67,0.31,2.54
LMT-0253,24.0,24.3,0.196,0.0062,5.78,34.78,39.92,0.78,0.359,2.17
LMT-0254,0.0,1.0,0.552,0.0364,46.13,0.75,3.72,6.92,2.112,1.41
LMT-0254,1.0,2.0,0.85,0.0553,41.15,1.64,7.19,3.62,2.151,1.37
LMT-0254,2.0,3.0,1.158,0.0676,38.38,2.71,8.72,4.28,1.796,1.24
LMT-0254,3.0,4.0,1.05,0.0803,38.37,2.68,11.19,3.47,1.708,1.45
LMT-0254,4.0,5.0,0.987,0.1398,35.27,3.99,12.72,2.98,1.711,1.33
LMT-0254,5.0,6.0,1.214,0.2279,36.3,4.88,13.86,3.53,1.392,1.4
LMT-0254,6.0,7.0,2.281,0.1493,18.14,8.06,26.3,1.63,1.408,1.47
LMT-0254,7.0,8.0,2.195,0.0483,19.55,9.28,32.72,1.57,0.941,1.34
LMT-0254,8.0,9.0,1.875,0.0266,17.91,9.47,29.16,1.34,1.112,1.39
LMT-0254,9.0,10.0,1.818,0.0296,15.25,11.26,28.51,1.6,1.108,1.5
LMT-0254,10.0,11.0,1.481,0.0189,14.78,13.94,30.21,1.47,1.045,1.46
LMT-0254,11.0,12.0,2.073,0.0287,14.94,10.97,31.58,1.74,1.109,1.37
LMT-0254,12.0,13.0,1.235,0.0294,13.12,13.4,30.88,1.14,0.931,1.36
LMT-0254,13.0,14.0,1.571,0.0133,13.12,16.75,30.28,1.24,0.826,1.5
LMT-0254,14.0,15.0,1.365,0.0216,11.82,14.95,28.79,1.16,0.952,1.58
LMT-0254,15.0,16.0,1.458,0.021,12.49,16.49,31.55,1.48,0.96,1.52
LMT-0254,16.0,17.0,1.31,0.0194,11.48,17.4,32.76,0.78,0.775,1.53
LMT-0254,17.0,18.0,1.093,0.0244,11.03,22.09,33.56,0.81,0.796,1.69
LMT-0254,18.0,19.0,0.828,0.0195,10.56,17.24,33.37,0.99,0.7,1.61
LMT-0254,19.0,20.0,1.036,0.0189,10.2,19.78,32.11,1.14,0.626,1.74
LMT-0254,20.0,21.0,1.105,0.0157,8.7,26.61,39.18,0.78,0.755,1.67
LMT-0254,21.0,22.0,0.984,0.0061,8.62,23.2,37.64,0.7,0.749,1.65
LMT-0254,22.0,23.0,0.253,0.0097,5.82,27.97,31.84,0.69,0.458,2.48
LMT-0254,23.0,24.0,0.243,0.0086,6.0,30.26,33.13,0.71,0.363,2.32
LMT-0254,24.0,24.4,0.196,0.0067,5.74,29.03,35.98,0.42,0.297,2.48
LMT-0255,0.0,1.0,0.74,0.0365,41.12,0.73,3.6,6.05,2.678,1.45
LMT-0255,1.0,2.0,0.773,0.0479,45.66,1.5,6.12,4.58,2.055,1.24
LMT-0255,2.0,3.0,1.077,0.0646,37.89,2.59,8.97,5.67,1.774,1.34
LMT-0255,3.0,4.0,1.039,0.0774,39.83,3.03,10.39,2.73,1.802,1.3
LMT-0255,4.0,5.0,1.249,0.0841,37.45,3.87,13.34,2.65,1.594,1.36
LMT-0255,5.0,6.0,1.199,0.1311,37.7,3.99,13.56,2.97,1.655,1.47
LMT-0255,6.0,7.0,1.043,0.2414,32.71,4.96,14.54,2.46,1.621,1.35
LMT-0255,7.0,8.0,2.023,0.1251,19.52,9.12,32.1,1.62,1.158,1.45
LMT-0255,8.0,9.0,1.77,0.0584,17.25,10.53,27.55,1.23,1.168,1.48
LMT-0255,9.0,10.0,1.27,0.0187,17.72,11.56,29.88,1.4,1.065,1.49
LMT-0255,10.0,11.0,1.885,0.0192,15.93,12.8,29.36,1.21,0.979,1.57
LMT-0255,11.0,12.0,1.665,0.0344,14.3,12.44,27.98,1.19,1.102,1.55
LMT-0255,12.0,13.0,2.006,0.0199,14.65,11.11,34.14,1.24,1.046,1.45
LMT-0255,13.0,14.0,1.914,0.0208,13.49,14.24,34.34,1.61,0.943,1.47
LMT-0255,14.0,15.0,1.359,0.0217,13.53,17.76,33.63,1.08,0.879,1.51
LMT-0255,15.0,16.0,1.655,0.0244,12.31,16.38,32.78,1.18,0.871,1.64
LMT-0255,16.0,17.0,1.409,0.031,12.2,15.89,33.1,1.05,0.713,1.38
LMT-0255,17.0,18.0,1.38,0.0216,10.9,18.74,32.04,1.04,0.867,1.71
LMT-0255,18.0,19.0,1.351,0.0215,10.45,20.7,35.06,1.07,0.736,1.51
LMT-0255,19.0,20.0,1.153,0.0167,9.81,19.9,37.69,0.85,0.573,1.66
LMT-0255,20.0,21.0,0.903,0.0198,9.13,22.3,34.46,0.55,0.762,1.73
LMT-0255,21.0,22.0,1.073,0.0096,8.68,23.11,33.21,0.77,0.672,1.68
LMT-0255,22.0,23.0,0.325,0.0093,5.88,32.19,35.53,0.71,0.419,2.36
LMT-0255,23.0,23.9,0.268,0.0061,6.05,35.08,36.64,0.79,0.363,2.37
LMT-0256,0.0,1.0,0.67,0.0407,52.22,0.77,3.44,5.55,2.463,1.56
LMT-0256,1.0,2.0,0.849,0.0529,48.08,1.46,6.55,6.63,3.164,1.53
LMT-0256,2.0,3.0,0.869,0.0654,43.38,1.88,7.58,4.84,2.312,1.4
LMT-0256,3.0,4.0,0.993,0.0667,46.28,2.37,8.59,6.83,2.858,1.38
LMT-0256,4.0,5.0,1.095,0.0721,45.87,2.7,8.73,6.9,2.522,1.37
LMT-0256,5.0,6.0,1.099,0.0576,43.75,2.97,10.44,4.93,2.147,1.51
LMT-0256,6.0,7.0,1.213,0.0775,39.52,3.48,11.14,5.76,2.641,1.46
LMT-0256,7.0,8.0,1.144,0.086,40.76,4.48,12.54,4.38,1.958,1.42
LMT-0256,8.0,9.0,1.222,0.081,40.3,3.67,14.73,4.45,2.012,1.45
LMT-0256,9.0,10.0,1.291,0.0941,37.78,5.1,12.78,3.41,2.041,1.41
LMT-0256,10.0,11.0,1.337,0.1902,39.56,5.57,12.96,3.81,1.932,1.43
LMT-0256,11.0,12.0,1.222,0.2719,39.89,5.43,17.6,3.14,2.157,1.52
LMT-0256,12.0,13.0,2.125,0.1615,20.0,11.26,34.28,2.26,1.604,1.57
LMT-0256,13.0,14.0,2.222,0.1025,17.57,13.94,34.15,1.94,1.516,1.55
LMT-0256,14.0,15.0,1.923,0.0471,16.78,15.87,32.08,1.6,1.038,1.71
LMT-0256,15.0,16.0,1.516,0.0321,14.82,20.76,40.5,1.41,1.404,1.58
LMT-0256,16.0,17.0,1.184,0.0315,10.82,25.42,41.79,1.19,0.852,1.79
LMT-0256,17.0,18.0,0.959,0.0271,9.99,28.65,40.99,1.18,0.905,1.86
LMT-0256,18.0,19.0,0.267,0.0087,6.55,38.97,39.64,0.96,0.531,2.62
LMT-0256,19.0,20.0,0.285,0.0182,6.62,36.11,40.85,1.07,0.475,2.57
LMT-0256,20.0,21.0,0.247,0.0125,6.06,36.09,40.99,0.66,0.399,2.65
LMT-0257,0.0,1.0,0.505,0.0357,44.98,0.68,3.91,5.85,2.078,1.29
LMT-0257,1.0,2.0,0.926,0.057,44.87,1.18,6.74,5.36,1.749,1.45
LMT-0257,2.0,3.0,0.918,0.0556,43.19,1.78,7.02,5.7,1.581,1.35
LMT-0257,3.0,4.0,0.785,0.0604,41.14,1.92,8.74,4.01,2.164,1.38
LMT-0257,4.0,5.0,1.005,0.0562,39.21,2.48,10.19,4.76,2.006,1.35
LMT-0257,5.0,6.0,0.698,0.0752,39.88,3.09,11.11,4.2,1.984,1.45
LMT-0257,6.0,7.0,0.986,0.0458,38.46,3.53,10.69,3.52,1.805,1.42
LMT-0257,7.0,8.0,1.165,0.0672,38.16,4.0,13.36,3.62,1.676,1.45
LMT-0257,8.0,9.0,1.248,0.0571,34.24,4.29,14.15,2.92,1.853,1.41
LMT-0257,9.0,10.0,1.186,0.1653,35.17,4.38,14.88,3.55,1.789,1.37
LMT-0257,10.0,11.0,1.359,0.2088,37.11,5.84,14.05,3.45,1.51,1.43
LMT-0257,11.0,12.0,2.29,0.0963,18.74,11.0,28.33,2.44,1.222,1.39
LMT-0257,12.0,13.0,2.085,0.0611,18.26,10.34,32.81,1.67,1.178,1.5
LMT-0257,13.0,14.0,1.742,0.0425,17.41,10.32,30.94,1.72,1.506,1.46
LMT-0257,14.0,15.0,1.523,0.0269,15.52,14.93,35.56,1.4,1.077,1.51
LMT-0257,15.0,16.0,1.781,0.0355,18.43,12.81,31.79,1.62,1.145,1.49
LMT-0257,16.0,17.0,1.391,0.0333,14.51,14.53,35.64,1.49,1.179,1.52
LMT-0257,17.0,18.0,1.38,0.0305,13.69,14.71,34.06,1.06,1.065,1.63
LMT-0257,18.0,19.0,1.39,0.0245,12.39,14.37,36.99,1.25,1.115,1.53
LMT-0257,19.0,20.0,1.112,0.0253,13.28,19.36,35.67,1.25,0.867,1.6
LMT-0257,20.0,21.0,1.531,0.0283,11.89,18.39,35.8,1.26,0.917,1.64
LMT-0257,21.0,22.0,1.035,0.022,11.45,22.7,35.4,1.2,0.843,1.62
LMT-0257,22.0,23.0,1.173,0.0084,11.05,23.59,33.88,0.86,0.748,1.72
LMT-0257,23.0,24.0,1.007,0.0228,9.43,26.01,40.17,1.06,0.711,1.75
LMT-0257,24.0,25.0,0.738,0.0137,8.52,20.88,36.98,0.7,0.611,1.65
LMT-0257,25.0,26.0,0.243,0.0107,5.84,33.94,33.2,0.55,0.387,2.34
LMT-0257,26.0,27.0,0.292,0.0071,6.69,29.56,36.93,0.73,0.428,2.64
LMT-0257,27.0,27.7,0.249,0.0085,6.12,29.23,36.46,0.74,0.405,2.57
LMT-0258,0.0,1.0,0.823,0.0521,47.26,1.51,7.15,5.77,2.011,1.32
LMT-0258,1.0,2.0,0.916,0.0621,44.69,1.91,7.43,6.47,1.771,1.38
LMT-0258,2.0,3.0,0.773,0.0629,43.8,2.45,8.91,5.95,1.909,1.42
LMT-0258,3.0,4.0,0.825,0.075,39.4,3.53,10.85,3.98,2.477,1.54
LMT-0258,4.0,5.0,1.069,0.1037,42.25,3.71,12.7,4.74,2.235,1.37
LMT-0258,5.0,6.0,1.256,0.1069,36.55,4.29,12.75,4.34,2.03,1.4
LMT-0258,6.0,7.0,1.058,0.1768,37.32,5.19,15.09,4.88,2.241,1.5
LMT-0258,7.0,8.0,1.345,0.2845,34.51,5.54,16.31,3.58,2.194,1.53
LMT-0258,8.0,9.0,2.462,0.1565,19.3,9.82,31.04,2.55,1.346,1.52
LMT-0258,9.0,10.0,2.043,0.1237,19.87,11.47,32.32,2.15,1.163,1.44
LMT-0258,10.0,11.0,1.87,0.0659,19.31,11.0,34.15,2.08,0.969,1.59
LMT-0258,11.0,12.0,1.935,0.0516,17.4,15.88,31.9,1.66,1.239,1.48
LMT-0258,12.0,13.0,1.843,0.0301,16.82,14.66,32.33,1.54,1.314,1.58
LMT-0258,13.0,14.0,1.771,0.034,14.74,15.59,32.98,1.5,1.307,1.52
LMT-0258,14.0,15.0,1.537,0.0331,15.09,16.5,38.92,1.88,1.093,1.68
LMT-0258,15.0,16.0,1.463,0.0221,12.96,17.59,35.8,1.32,0.937,1.65
LMT-0258,16.0,17.0,1.448,0.0279,13.59,21.48,32.29,0.94,0.994,1.71
LMT-0258,17.0,18.0,1.261,0.0291,12.56,20.12,36.61,1.3,0.987,1.65
LMT-0258,18.0,19.0,0.895,0.0317,11.26,22.21,39.08,1.07,0.899,1.77
LMT-0258,19.0,20.0,1.046,0.0173,9.74,23.94,38.15,0.63,0.749,1.82
LMT-0258,20.0,21.0,0.329,0.0128,6.46,31.26,38.41,0.86,0.456,2.42
LMT-0258,21.0,22.0,0.275,0.0091,6.57,37.35,40.78,0.84,0.388,2.62
LMT-0258,22.0,23.2,0.296,0.0125,6.4,37.35,39.03,0.74,0.43,2.37
LMT-0259,0.0,1.0,0.739,0.0648,52.31,0.87,5.31,7.04,3.374,1.59
LMT-0259,1.0,2.0,1.219,0.1336,41.3,3.01,10.14,6.45,2.302,1.51
LMT-0259,2.0,3.0,1.177,0.2219,43.03,4.22,13.33,4.75,2.3,1.5
LMT-0259,3.0,4.0,1.288,0.3174,40.84,6.36,17.46,4.14,2.064,1.43
LMT-0259,4.0,5.0,2.374,0.1797,20.15,11.13,35.75,2.7,1.471,1.6
LMT-0259,5.0,6.0,2.072,0.1145,20.39,12.8,36.46,1.86,1.427,1.66
LMT-0259,6.0,7.0,1.932,0.0675,18.96,15.59,37.05,2.33,1.219,1.57
LMT-0259,7.0,8.0,1.713,0.0435,16.15,15.89,38.6,1.78,1.601,1.69
LMT-0259,8.0,9.0,1.855,0.0451,15.94,20.34,40.26,1.84,1.292,1.64
LMT-0259,9.0,10.0,1.594,0.0385,14.77,21.17,40.67,1.82,1.063,1.73
LMT-0259,10.0,11.0,1.274,0.038,13.41,27.95,40.33,1.48,0.837,1.79
LMT-0259,11.0,12.0,1.28,0.0339,12.42,27.28,38.53,1.39,0.972,1.66
LMT-0259,12.0,13.0,1.314,0.0293,10.21,27.63,42.4,1.4,0.932,1.81
LMT-0259,13.0,14.0,0.311,0.0134,6.85,40.49,41.08,0.82,0.533,2.85
LMT-0259,14.0,15.0,0.233,0.0151,6.27,35.28,41.13,1.03,0.537,2.78
LMT-0259,15.0,16.0,0.303,0.011,7.04,35.82,43.94,0.88,0.5,2.83
LMT-0260,0.0,1.0,0.663,0.0464,56.0,0.81,4.12,8.43,3.202,1.52
LMT-0260,1.0,2.0,0.869,0.0581,46.75,1.75,7.15,7.27,2.499,1.49
LMT-0260,2.0,3.0,1.027,0.1044,45.01,2.79,8.44,5.35,2.416,1.51
LMT-0260,3.0,4.0,1.183,0.0752,45.78,3.07,10.54,6.86,2.509,1.51
LMT-0260,4.0,5.0,1.063,0.1583,42.51,3.96,12.82,4.51,2.375,1.44
LMT-0260,5.0,6.0,1.192,0.2376,39.4,5.36,15.51,4.79,2.25,1.62
LMT-0260,6.0,7.0,1.306,0.2747,39.26,5.71,16.56,3.42,2.154,1.48
LMT-0260,7.0,8.0,2.022,0.1416,21.21,11.39,33.88,2.89,1.61,1.58
LMT-0260,8.0,9.0,2.049,0.1056,20.26,11.12,35.53,2.95,1.499,1.52
LMT-0260,9.0,10.0,1.985,0.0647,18.75,14.53,32.99,1.63,1.785,1.55
LMT-0260,10.0,11.0,2.068,0.0555,19.81,15.04,33.75,2.1,1.613,1.58
LMT-0260,11.0,12.0,1.742,0.0657,17.92,15.41,37.21,2.31,1.335,1.62
LMT-0260,12.0,13.0,1.723,0.0466,16.78,14.72,34.87,1.81,1.606,1.7
LMT-0260,13.0,14.0,1.851,0.046,15.91,17.53,34.3,1.54,1.288,1.59
LMT-0260,14.0,15.0,1.632,0.0467,15.67,17.04,39.22,2.02,1.378,1.76
LMT-0260,15.0,16.0,1.646,0.0522,16.09,19.89,37.76,1.69,1.487,1.79
LMT-0260,16.0,17.0,1.585,0.0396,15.66,21.38,43.62,1.33,1.317,1.69
LMT-0260,17.0,18.0,1.716,0.0383,13.84,21.31,38.55,1.72,1.265,1.8
LMT-0260,18.0,19.0,1.251,0.0249,12.49,22.57,35.12,1.58,1.128,1.67
LMT-0260,19.0,20.0,1.483,0.0344,12.0,23.93,41.86,1.59,1.054,1.81
LMT-0260,20.0,21.0,1.249,0.0335,11.73,23.38,40.97,1.11,1.022,1.81
LMT-0260,21.0,22.0,1.096,0.0334,11.66,24.58,41.44,1.24,0.946,1.95
LMT-0260,22.0,23.0,1.217,0.0286,10.4,31.63,38.05,1.49,0.929,1.85
LMT-0260,23.0,24.0,1.169,0.0242,9.54,23.52,40.41,1.2,0.867,2.04
LMT-0260,24.0,25.0,0.294,0.0132,6.68,38.94,40.95,1.2,0.548,2.65
LMT-0260,25.0,25.9,0.247,0.0126,6.6,38.96,40.61,0.79,0.506,2.73
LMT-0261,0.0,1.0,0.598,0.0419,49.64,0.75,3.59,7.01,3.245,1.52
LMT-0261,1.0,2.0,0.805,0.0726,46.13,1.49,6.48,5.3,2.533,1.44
LMT-0261,2.0,3.0,0.943,0.0654,48.79,1.95,8.4,4.63,2.429,1.37
LMT-0261,3.0,4.0,0.97,0.0752,43.93,2.47,10.07,4.52,2.082,1.44
LMT-0261,4.0,5.0,1.039,0.0931,42.69,3.5,11.92,4.94,2.067,1.48
LMT-0261,5.0,6.0,0.973,0.0923,43.2,4.13,13.37,5.78,2.085,1.34
LMT-0261,6.0,7.0,0.985,0.1499,40.97,5.33,12.55,4.32,1.977,1.49
LMT-0261,7.0,8.0,1.203,0.2155,39.18,5.4,16.25,4.04,2.137,1.56
LMT-0261,8.0,9.0,1.199,0.299,38.53,6.19,16.65,3.93,2.326,1.52
LMT-0261,9.0,10.0,2.098,0.1528,20.71,10.43,30.8,2.4,1.501,1.6
LMT-0261,10.0,11.0,1.968,0.0782,19.35,12.02,30.97,2.34,1.195,1.51
LMT-0261,11.0,12.0,2.013,0.0587,18.62,13.06,33.02,1.56,1.269,1.57
LMT-0261,12.0,13.0,2.009,0.0558,18.1,13.59,32.25,2.19,1.341,1.47
LMT-0261,13.0,14.0,1.917,0.0472,18.71,15.54,38.56,2.04,1.201,1.52
LMT-0261,14.0,15.0,1.733,0.0439,18.0,13.8,35.52,1.95,1.656,1.55
LMT-0261,15.0,16.0,1.84,0.0436,15.89,18.48,37.75,1.83,1.12,1.57
LMT-0261,16.0,17.0,1.6,0.0478,16.17,14.73,35.8,1.71,1.079,1.6
LMT-0261,17.0,18.0,1.52,0.03,15.31,20.17,35.78,1.58,1.188,1.64
LMT-0261,18.0,19.0,1.562,0.0322,14.5,18.62,35.79,1.7,1.019,1.71
LMT-0261,19.0,20.0,1.442,0.0233,12.2,21.79,35.41,1.55,1.127,1.74
LMT-0261,20.0,21.0,1.365,0.0394,12.27,25.0,35.6,1.48,0.885,1.72
LMT-0261,21.0,22.0,1.302,0.0381,12.89,22.09,40.14,1.65,0.99,1.88
LMT-0261,22.0,23.0,1.198,0.0284,11.99,23.32,32.83,0.95,1.144,1.76
LMT-0261,23.0,24.0,0.908,0.0266,10.9,22.27,38.68,1.1,0.981,1.86
LMT-0261,24.0,25.0,1.112,0.0287,11.73,28.63,38.71,1.27,0.815,1.73
LMT-0261,25.0,26.0,0.743,0.0264,11.03,28.01,37.98,1.05,0.882,1.84
LMT-0261,26.0,27.0,0.294,0.0146,7.15,35.65,38.66,0.9,0.501,2.63
LMT-0261,27.0,28.0,0.279,0.0103,6.56,33.55,39.11,0.68,0.402,2.66
LMT-0261,28.0,29.2,0.263,0.0136,6.04,38.13,38.48,0.81,0.467,2.64
LMT-0262,0.0,1.0,0.569,0.0399,43.47,0.72,3.9,8.93,2.442,1.55
LMT-0262,1.0,2.0,,,,,,,,1.47
LMT-0262,2.0,3.0,0.964,0.0658,43.59,2.03,8.02,5.01,2.374,1.49
LMT-0262,3.0,4.0,0.916,0.0717,43.97,2.28,8.48,5.51,2.295,1.44
LMT-0262,4.0,5.0,1.189,0.0795,42.62,2.6,9.77,5.0,2.417,1.48
LMT-0262,5.0,6.0,0.995,0.0828,41.11,3.65,11.96,4.71,2.293,1.5
LMT-0262,6.0,7.0,1.157,0.0876,43.3,3.28,12.74,4.61,2.313,1.47
LMT-0262,7.0,8.0,1.004,0.1017,40.56,4.87,13.76,4.89,2.134,1.5
LMT-0262,8.0,9.0,1.263,0.1141,36.58,4.74,13.29,4.76,2.12,1.45
LMT-0262,9.0,10.0,1.289,0.1924,37.97,5.93,16.23,4.15,1.951,1.38
LMT-0262,10.0,11.0,1.451,0.2242,35.16,5.96,16.5,3.36,1.801,1.32
LMT-0262,11.0,12.0,1.89,0.1174,21.07,10.09,32.26,1.91,1.936,1.55
LMT-0262,12.0,13.0,2.045,0.0817,19.66,10.46,35.16,2.09,1.562,1.52
LMT-0262,13.0,14.0,2.127,0.0491,19.77,12.17,35.03,1.94,1.414,1.41
LMT-0262,14.0,15.0,1.692,0.0534,18.13,12.88,34.05,2.27,1.442,1.57
LMT-0262,15.0,16.0,1.988,0.0406,19.66,14.51,36.46,2.46,1.168,1.52
LMT-0262,16.0,17.0,1.7,0.0321,17.91,13.85,35.05,2.12,1.394,1.56
LMT-0262,17.0,18.0,2.053,0.0425,16.93,12.96,32.24,1.76,0.955,1.68
LMT-0262,18.0,19.0,1.773,0.0435,14.94,15.24,38.0,1.89,1.32,1.57
LMT-0262,19.0,20.0,1.487,0.0412,14.52,18.94,37.15,1.76,1.371,1.76
LMT-0262,20.0,21.0,1.484,0.039,14.89,17.55,36.3,1.77,1.157,1.61
LMT-0262,21.0,22.0,1.47,0.0392,13.65,18.75,36.65,1.53,1.245,1.83
LMT-0262,22.0,23.0,1.264,0.0314,14.65,21.02,38.25,1.32,0.926,1.73
LMT-0262,23.0,24.0,1.268,0.0328,12.4,22.55,38.91,1.45,0.916,1.72
LMT-0262,24.0,25.0,1.221,0.0341,12.24,19.16,40.08,1.38,1.002,1.6
LMT-0262,25.0,26.0,1.51,0.0315,12.18,24.0,35.86,1.55,0.826,1.63
LMT-0262,26.0,27.0,1.128,0.0294,10.7,23.64,40.86,1.24,0.779,1.78
LMT-0262,27.0,28.0,1.018,0.0219,11.2,22.3,38.6,1.07,0.828,1.84
LMT-0262,28.0,29.0,1.005,0.0289,8.79,26.36,44.35,0.9,0.729,1.78
LMT-0262,29.0,30.0,0.275,0.0176,6.56,39.76,39.17,1.08,0.433,2.7
LMT-0262,30.0,31.0,0.3,0.0117,6.42,34.52,43.4,0.76,0.437,2.59
LMT-0262,31.0,32.1,0.286,0.0108,6.64,32.81,37.59,1.08,0.531,2.69
LMT-0263,0.0,1.0,0.809,0.0451,54.35,0.89,3.94,7.15,2.424,1.64
LMT-0263,1.0,2.0,0.864,0.0619,48.45,1.69,7.19,6.29,2.554,1.4
LMT-0263,2.0,3.0,0.945,0.0691,47.52,2.54,8.24,5.73,2.705,1.43
LMT-0263,3.0,4.0,1.093,0.0695,42.45,2.99,9.61,5.68,1.9,1.49
LMT-0263,4.0,5.0,1.346,0.0629,43.13,3.42,11.23,4.09,1.864,1.53
LMT-0263,5.0,6.0,1.197,0.1074,39.81,4.19,13.14,4.86,2.284,1.51
LMT-0263,6.0,7.0,1.414,0.1343,42.17,4.75,13.9,3.86,1.994,1.47
LMT-0263,7.0,8.0,1.452,0.1907,37.65,5.51,17.16,4.02,1.894,1.39
LMT-0263,8.0,9.0,1.269,0.3562,38.8,6.53,16.63,3.49,1.922,1.6
LMT-0263,9.0,10.0,2.535,0.1422,19.34,10.23,29.76,2.12,1.537,1.42
LMT-0263,10.0,11.0,2.085,0.0879,20.1,13.03,33.05,2.04,1.54,1.46
LMT-0263,11.0,12.0,2.241,0.0555,19.55,13.41,30.56,2.61,1.295,1.6
LMT-0263,12.0,13.0,1.895,0.0557,17.31,16.18,33.54,1.62,1.649,1.5
LMT-0263,13.0,14.0,2.132,0.0444,18.81,12.99,38.34,2.18,1.226,1.53
LMT-0263,14.0,15.0,1.816,0.0451,17.9,13.28,34.61,2.33,1.435,1.72
LMT-0263,15.0,16.0,1.755,0.0372,14.4,17.09,34.91,1.66,1.108,1.62
LMT-0263,16.0,17.0,2.17,0.0435,15.51,21.18,32.09,1.7,1.49,1.71
LMT-0263,17.0,18.0,1.779,0.0365,13.46,18.66,37.51,1.88,1.157,1.61
LMT-0263,18.0,19.0,1.695,0.0355,14.12,17.91,38.95,1.98,1.302,1.91
LMT-0263,19.0,20.0,1.494,0.0287,13.67,22.53,41.24,1.98,1.066,1.79
LMT-0263,20.0,21.0,1.453,0.0376,13.39,22.4,39.96,1.42,1.185,1.79
LMT-0263,21.0,22.0,1.532,0.0383,11.77,23.01,36.72,1.37,1.204,1.68
LMT-0263,22.0,23.0,1.427,0.0261,10.24,25.93,38.43,1.37,1.067,1.77
LMT-0263,23.0,24.0,1.261,0.0325,10.68,26.63,39.42,1.01,1.076,1.75
LMT-0263,24.0,25.0,1.345,0.0268,10.75,25.76,41.07,1.05,0.871,1.71
LMT-0263,25.0,26.0,0.957,0.026,9.21,26.39,38.24,1.09,0.762,1.82
LMT-0263,26.0,27.0,0.272,0.0149,6.96,35.93,42.45,1.05,0.48,2.48
LMT-0263,27.0,28.0,0.308,0.0154,7.06,36.55,40.33,0.91,0.566,2.72
LMT-0263,28.0,28.9,0.246,0.0108,6.98,37.94,42.17,1.02,0.416,2.59
LMT-0264,0.0,1.0,0.623,0.0402,49.65,0.84,3.96,6.73,2.281,1.43
LMT-0264,1.0,2.0,0.894,0.0551,42.88,1.97,7.36,4.51,2.637,1.37
LMT-0264,2.0,3.0,0.964,0.0684,43.95,2.77,9.2,5.9,2.358,1.45
LMT-0264,3.0,4.0,1.133,0.1229,40.91,3.49,11.93,3.57,2.21,1.36
LMT-0264,4.0,5.0,1.178,0.2111,39.71,4.75,15.45,3.26,2.03,1.42
LMT-0264,5.0,6.0,1.259,0.286,37.96,5.66,16.64,3.05,2.082,1.44
LMT-0264,6.0,7.0,2.155,0.1089,19.98,10.47,29.75,2.7,1.28,1.42
LMT-0264,7.0,8.0,2.269,0.0601,17.47,9.97,31.73,1.47,1.303,1.45
LMT-0264,8.0,9.0,1.766,0.0601,16.0,11.03,29.06,2.21,1.512,1.39
LMT-0264,9.0,10.0,2.086,0.0283,17.34,13.09,33.47,1.96,1.019,1.41
LMT-0264,10.0,11.0,1.54,0.0387,15.62,16.96,32.35,2.02,1.019,1.35
LMT-0264,11.0,12.0,2.038,0.0392,14.96,11.93,32.88,1.49,1.174,1.54
LMT-0264,12.0,13.0,1.59,0.0385,15.52,15.94,33.9,1.65,1.036,1.48
LMT-0264,13.0,14.0,1.378,0.0335,13.76,18.73,34.71,1.58,1.078,1.71
LMT-0264,14.0,15.0,1.58,0.0409,12.88,18.04,35.28,1.16,1.042,1.59
LMT-0264,15.0,16.0,1.519,0.025,12.94,19.27,40.26,1.22,0.85,1.62
LMT-0264,16.0,17.0,1.204,0.0261,12.85,18.25,36.95,0.99,1.017,1.65
LMT-0264,17.0,18.0,1.227,0.0236,11.81,20.6,39.8,1.07,1.093,1.75
LMT-0264,18.0,19.0,1.197,0.0225,11.37,22.64,38.76,1.37,1.032,1.73
LMT-0264,19.0,20.0,1.272,0.0262,10.23,24.44,38.07,0.85,0.98,1.77
LMT-0264,20.0,21.0,1.031,0.026,10.35,24.96,39.11,0.79,0.885,1.82
LMT-0264,21.0,22.0,0.301,0.0122,6.43,33.16,38.39,1.0,0.472,2.23
LMT-0264,22.0,23.0,0.249,0.0109,5.9,33.91,35.37,0.95,0.411,2.54
LMT-0264,23.0,24.0,0.257,0.011,6.84,39.47,41.44,0.8,0.397,2.52
LMT-0264,24.0,24.6,0.221,0.0091,5.75,37.36,36.85,0.63,0.452,2.42
LMT-0265,0.0,1.0,0.734,0.0291,42.69,0.6,3.44,4.41,1.919,1.36
LMT-0265,1.0,2.0,0.866,0.0352,37.68,2.05,7.15,3.6,1.504,1.22
LMT-0265,2.0,3.0,0.974,0.077,32.49,2.94,10.61,2.69,1.474,1.38
LMT-0265,3.0,4.0,1.236,0.1501,32.06,4.23,13.98,2.18,1.661,1.22
LMT-0265,4.0,5.0,1.987,0.122,18.44,9.22,27.44,1.3,1.377,1.32
LMT-0265,5.0,6.0,1.569,0.0499,18.26,9.89,29.73,1.43,1.054,1.4
LMT-0265,6.0,7.0,1.906,0.0324,17.44,11.33,29.26,1.64,1.021,1.3
LMT-0265,7.0,8.0,1.683,0.0294,15.73,13.26,31.1,1.84,1.087,1.37
LMT-0265,8.0,9.0,1.25,0.0236,14.93,13.59,27.96,1.5,0.957,1.47
LMT-0265,9.0,10.0,1.622,0.0259,14.02,15.21,30.99,0.76,0.899,1.52
LMT-0265,10.0,11.0,1.11,0.0143,13.76,13.73,30.9,1.41,0.723,1.41
LMT-0265,11.0,12.0,1.068,0.0271,12.45,16.51,33.46,1.17,0.787,1.56
LMT-0265,12.0,13.0,1.256,0.0163,11.74,16.18,29.45,1.05,0.782,1.4
LMT-0265,13.0,14.0,0.961,0.0112,11.44,15.78,34.11,0.98,0.76,1.58
LMT-0265,14.0,15.0,1.023,0.0171,11.66,16.67,34.7,0.75,0.73,1.6
LMT-0265,15.0,16.0,0.781,0.0153,9.82,17.32,38.17,0.77,0.761,1.69
LMT-0265,16.0,17.0,0.977,0.0163,8.62,20.15,32.92,1.01,0.719,1.73
LMT-0265,17.0,18.0,0.233,0.0061,5.88,32.43,31.81,0.52,0.378,2.35
LMT-0265,18.0,19.0,0.237,0.0077,5.93,30.96,34.79,0.73,0.296,2.27
LMT-0265,19.0,20.1,0.17,0.0068,5.71,29.78,37.02,0.52,0.323,2.29
LMT-0266,0.0,1.0,0.712,0.0476,45.14,0.77,3.85,6.29,2.071,1.45
LMT-0266,1.0,2.0,0.734,0.0719,44.96,1.77,7.66,4.88,1.881,1.28
LMT-0266,2.0,3.0,0.932,0.0805,35.82,2.87,10.42,3.89,1.576,1.3
LMT-0266,3.0,4.0,1.178,0.141,38.88,4.09,11.78,3.17,1.736,1.35
LMT-0266,4.0,5.0,0.981,0.1958,33.35,5.07,16.96,2.73,1.311,1.41
LMT-0266,5.0,6.0,2.056,0.0844,18.62,8.6,29.97,1.85,1.27,1.29
LMT-0266,6.0,7.0,2.048,0.0569,18.11,11.32,24.04,1.17,0.999,1.3
LMT-0266,7.0,8.0,1.748,0.0421,17.52,11.17,31.87,1.75,1.061,1.43
LMT-0266,8.0,9.0,1.435,0.0385,18.27,9.84,29.59,1.64,0.91,1.32
LMT-0266,9.0,10.0,1.23,0.0323,14.85,12.13,29.49,1.25,1.231,1.52
LMT-0266,10.0,11.0,1.763,0.0281,14.86,16.38,28.22,1.24,0.961,1.51
LMT-0266,11.0,12.0,1.663,0.0215,14.65,14.74,33.11,1.78,1.201,1.35
LMT-0266,12.0,13.0,1.59,0.0278,14.07,13.5,29.84,1.3,0.943,1.51
LMT-0266,13.0,14.0,1.51,0.0159,13.02,15.56,32.99,1.42,0.821,1.56
LMT-0266,14.0,15.0,1.219,0.0275,11.9,16.71,34.37,0.96,0.652,1.53
LMT-0266,15.0,16.0,1.056,0.0255,12.2,18.02,34.21,1.18,0.871,1.55
LMT-0266,16.0,17.0,1.228,0.0161,10.81,19.47,32.73,1.4,0.884,1.5
LMT-0266,17.0,18.0,1.24,0.0204,10.57,20.47,31.96,1.02,0.672,1.72
LMT-0266,18.0,19.0,0.943,0.0207,9.19,22.03,33.36,0.92,0.973,1.65
LMT-0266,19.0,20.0,0.916,0.0135,9.75,17.7,36.12,0.5,0.728,1.68
LMT-0266,20.0,21.0,0.751,0.0136,8.96,24.17,39.2,0.93,0.643,1.73
LMT-0266,21.0,22.0,0.215,0.0089,5.79,34.75,34.03,0.73,0.323,2.53
LMT-0266,22.0,22.8,0.265,0.007,6.13,37.66,35.63,0.65,0.415,2.41
LMT-0267,0.0,1.0,0.539,0.0194,40.63,0.78,3.82,4.92,2.103,1.49
LMT-0267,1.0,2.0,0.67,0.0274,39.91,1.73,6.87,4.52,1.995,1.37
LMT-0267,2.0,3.0,0.813,0.0286,37.24,2.62,7.84,2.85,1.252,1.37
LMT-0267,3.0,4.0,1.011,0.0229,38.15,2.63,10.16,3.23,1.416,1.21
LMT-0267,4.0,5.0,1.136,0.0595,36.15,3.41,12.0,3.53,1.965,1.23
LMT-0267,5.0,6.0,1.191,0.1196,33.96,4.76,11.99,2.26,1.472,1.32
LMT-0267,6.0,7.0,1.152,0.1836,33.59,5.6,16.07,2.45,1.449,1.52
LMT-0267,7.0,8.0,1.717,0.0804,17.35,7.78,28.66,1.75,0.862,1.36
LMT-0267,8.0,9.0,1.88,0.061,16.94,9.46,31.18,1.86,1.242,1.37
LMT-0267,9.0,10.0,1.803,0.0385,15.59,9.68,32.3,1.31,1.235,1.44
LMT-0267,10.0,11.0,1.467,0.0395,15.23,12.38,26.92,1.77,1.001,1.41
LMT-0267,11.0,12.0,1.906,0.0252,14.77,11.7,30.34,1.31,1.079,1.43
LMT-0267,12.0,13.0,1.649,0.03,14.75,13.6,31.66,1.25,1.0,1.45
LMT-0267,13.0,14.0,1.317,0.0222,13.25,12.29,30.99,0.71,0.886,1.41
LMT-0267,14.0,15.0,1.398,0.0256,12.39,16.25,34.06,0.6,0.967,1.46
LMT-0267,15.0,16.0,1.68,0.0209,13.42,14.14,33.39,1.1,0.866,1.56
LMT-0267,16.0,17.0,1.072,0.0228,11.93,15.62,31.06,1.06,0.894,1.48
LMT-0267,17.0,18.0,1.031,0.0246,11.07,18.3,30.94,0.94,0.894,1.6
LMT-0267,18.0,19.0,1.065,0.0135,11.65,20.23,33.81,0.76,0.819,1.7
LMT-0267,19.0,20.0,0.933,0.0206,10.01,18.71,34.64,0.92,0.715,1.52
LMT-0267,20.0,21.0,1.277,0.0125,10.6,17.78,33.04,0.87,0.788,1.65
LMT-0267,21.0,22.0,1.105,0.0202,9.32,22.68,31.55,0.68,0.576,1.6
LMT-0267,22.0,23.0,0.99,0.0161,8.08,20.84,36.31,0.64,0.637,1.74
LMT-0267,23.0,24.0,0.253,0.0082,5.74,32.03,32.24,0.59,0.411,2.3
LMT-0267,24.0,25.2,0.212,0.01,5.42,36.99,32.54,0.59,0.368,2.27
LMT-0268,0.0,1.0,0.683,0.0344,46.08,0.83,3.86,6.25,2.363,1.45
LMT-0268,1.0,2.0,1.172,0.0606,45.02,1.5,6.8,5.95,2.472,1.34
LMT-0268,2.0,3.0,0.901,0.0648,43.46,2.37,8.8,6.26,2.335,1.42
LMT-0268,3.0,4.0,1.214,0.0622,42.95,3.04,10.86,5.31,2.145,1.46
LMT-0268,4.0,5.0,1.399,0.1011,40.86,3.87,11.4,4.74,2.28,1.43
LMT-0268,5.0,6.0,1.278,0.2,39.21,4.09,13.76,3.57,1.991,1.51
LMT-0268,6.0,7.0,1.485,0.2115,37.01,5.83,17.79,3.52,1.692,1.55
LMT-0268,7.0,8.0,2.634,0.1301,21.34,9.87,30.28,2.4,1.283,1.43
LMT-0268,8.0,9.0,2.468,0.085,19.8,10.03,29.09,1.79,1.345,1.45
LMT-0268,9.0,10.0,2.612,0.0589,19.51,10.41,29.2,1.79,1.088,1.56
LMT-0268,10.0,11.0,2.394,0.0457,16.66,12.29,31.61,2.24,1.372,1.56
LMT-0268,11.0,12.0,2.505,0.051,18.08,12.1,34.89,2.16,1.388,1.55
LMT-0268,12.0,13.0,2.369,0.0406,17.06,13.09,33.42,2.19,1.137,1.52
LMT-0268,13.0,14.0,2.165,0.0491,15.38,13.94,31.81,1.74,1.242,1.53
LMT-0268,14.0,15.0,2.123,0.0441,17.64,16.54,33.06,1.94,1.265,1.48
LMT-0268,15.0,16.0,1.889,0.0437,15.59,17.64,35.56,1.76,1.113,1.63
LMT-0268,16.0,17.0,2.274,0.0404,15.23,16.61,38.46,1.34,1.235,1.52
LMT-0268,17.0,18.0,2.008,0.0403,13.53,18.93,36.79,1.53,1.096,1.55
LMT-0268,18.0,19.0,1.568,0.0288,14.78,17.66,34.71,1.42,1.221,1.69
LMT-0268,19.0,20.0,1.729,0.0278,12.88,19.98,36.31,1.25,1.21,1.71
LMT-0268,20.0,21.0,1.789,0.0231,12.48,18.45,37.27,1.49,0.939,1.7
LMT-0268,21.0,22.0,1.4,0.0193,11.77,24.61,38.92,1.26,0.894,1.77
LMT-0268,22.0,23.0,1.405,0.0261,11.64,24.1,35.08,1.03,0.873,1.7
LMT-0268,23.0,24.0,1.67,0.0223,12.02,23.86,36.33,1.01,0.953,1.81
LMT-0268,24.0,25.0,1.276,0.0222,10.55,24.67,39.04,0.94,0.901,1.81
LMT-0268,25.0,26.0,1.309,0.0189,9.73,23.52,36.73,0.94,0.78,1.74
LMT-0268,26.0,27.0,1.076,0.0204,9.71,23.23,40.95,0.85,0.697,1.77
LMT-0268,27.0,28.0,0.392,0.0109,6.38,33.02,38.06,0.9,0.503,2.49
LMT-0268,28.0,29.0,0.314,0.0102,6.16,39.86,38.57,0.67,0.342,2.69
LMT-0268,29.0,30.1,0.321,0.0106,6.07,37.83,35.57,0.71,0.376,2.7
LMT-0269,0.0,1.0,0.841,0.0366,47.19,0.61,3.78,5.09,2.76,1.61
LMT-0269,1.0,2.0,1.15,0.0562,49.26,1.1,4.97,6.75,2.83,1.49
LMT-0269,2.0,3.0,,,,,,,,1.43
LMT-0269,3.0,4.0,1.387,0.0928,47.27,2.92,10.14,5.94,2.767,1.39
LMT-0269,4.0,5.0,1.369,0.0968,41.81,4.14,11.51,4.64,2.582,1.48
LMT-0269,5.0,6.0,1.312,0.1268,41.78,4.7,14.39,4.02,2.216,1.56
LMT-0269,6.0,7.0,1.585,0.1966,37.83,5.47,13.86,5.1,2.237,1.55
LMT-0269,7.0,8.0,1.486,0.3738,34.0,5.2,17.34,3.57,2.005,1.5
LMT-0269,8.0,9.0,2.404,0.1422,22.08,10.3,35.36,2.64,1.481,1.48
LMT-0269,9.0,10.0,2.743,0.1005,19.98,11.66,31.63,2.43,1.572,1.55
LMT-0269,10.0,11.0,2.738,0.0484,19.13,10.32,35.59,2.53,1.466,1.48
LMT-0269,11.0,12.0,2.426,0.0564,17.44,12.39,34.01,1.95,1.563,1.48
LMT-0269,12.0,13.0,2.479,0.046,18.46,13.95,34.14,2.12,1.29,1.49
LMT-0269,13.0,14.0,1.999,0.0502,16.14,14.44,34.21,2.36,1.241,1.5
LMT-0269,14.0,15.0,2.232,0.0409,16.92,15.71,33.77,1.97,1.244,1.53
LMT-0269,15.0,16.0,2.191,0.0534,17.59,14.54,34.51,1.9,1.417,1.72
LMT-0269,16.0,17.0,2.016,0.0525,17.33,17.63,36.61,1.87,1.313,1.64
LMT-0269,17.0,18.0,2.428,0.0357,16.11,17.85,35.69,1.87,1.195,1.72
LMT-0269,18.0,19.0,2.051,0.041,16.12,19.11,37.15,1.81,1.109,1.72
LMT-0269,19.0,20.0,2.111,0.0424,14.89,17.5,37.57,1.57,1.328,1.79
LMT-0269,20.0,21.0,2.114,0.0324,14.37,17.62,39.18,1.82,1.077,1.66
LMT-0269,21.0,22.0,1.969,0.0361,15.03,20.21,37.63,1.56,1.249,1.67
LMT-0269,22.0,23.0,1.674,0.0309,12.67,21.12,36.57,1.35,1.18,1.75
LMT-0269,23.0,24.0,1.779,0.0268,13.71,22.1,39.36,1.62,1.178,1.86
LMT-0269,24.0,25.0,1.758,0.0271,11.85,24.14,39.99,1.59,1.031,1.7
LMT-0269,25.0,26.0,1.505,0.0299,12.24,21.93,34.27,1.35,0.992,1.77
LMT-0269,26.0,27.0,1.477,0.0245,11.17,23.17,39.46,1.16,1.039,1.85
LMT-0269,27.0,28.0,1.664,0.0257,11.97,27.46,39.35,0.93,1.006,1.95
LMT-0269,28.0,29.0,1.353,0.0223,11.31,26.23,39.69,1.13,1.048,1.77
LMT-0269,29.0,30.0,1.223,0.0237,10.04,30.37,43.19,1.18,0.976,1.9
LMT-0269,30.0,31.0,0.35,0.0116,7.06,37.97,38.42,1.25,0.481,2.75
LMT-0269,31.0,32.0,0.325,0.0148,6.61,37.58,38.73,0.93,0.473,2.74
LMT-0269,32.0,32.4,0.283,0.0121,6.43,38.34,41.58,0.82,0.496,2.41
LMT-0270,0.0,1.0,0.704,0.038,51.67,0.63,3.09,5.87,2.877,1.48
LMT-0270,1.0,2.0,1.032,0.055,54.32,0.93,5.42,7.44,2.59,1.55
LMT-0270,2.0,3.0,0.997,0.0702,44.96,1.88,6.93,7.13,2.993,1.41
LMT-0270,3.0,4.0,1.139,0.0636,43.97,2.34,8.47,5.62,2.497,1.49
LMT-0270,4.0,5.0,1.246,0.0655,47.21,2.76,10.66,5.66,2.3,1.4
LMT-0270,5.0,6.0,1.416,0.0632,39.18,3.42,10.66,5.6,1.855,1.46
LMT-0270,6.0,7.0,1.295,0.0816,41.62,4.11,12.04,5.11,2.138,1.45
LMT-0270,7.0,8.0,1.212,0.1145,40.27,4.01,14.23,4.95,2.436,1.5
LMT-0270,8.0,9.0,1.225,0.128,41.32,5.18,14.76,4.65,2.086,1.49
LMT-0270,9.0,10.0,1.433,0.2024,36.33,5.84,16.01,3.02,2.103,1.41
LMT-0270,10.0,11.0,1.51,0.2781,36.34,6.54,16.73,3.32,2.028,1.56
LMT-0270,11.0,12.0,2.631,0.1978,19.31,9.18,33.38,2.38,1.663,1.52
LMT-0270,12.0,13.0,2.358,0.1003,20.92,10.55,34.17,2.45,1.726,1.57
LMT-0270,13.0,14.0,2.354,0.0653,20.54,11.99,30.8,2.34,1.558,1.57
LMT-0270,14.0,15.0,2.603,0.0415,19.73,12.94,31.87,2.29,1.578,1.61
LMT-0270,15.0,16.0,2.388,0.0401,17.59,13.49,34.83,2.38,1.556,1.57
LMT-0270,16.0,17.0,2.261,0.0439,18.55,15.82,34.56,1.87,1.644,1.6
LMT-0270,17.0,18.0,2.103,0.0503,17.47,15.94,36.58,1.89,1.467,1.63
LMT-0270,18.0,19.0,2.144,0.0523,17.63,16.0,34.77,1.77,1.458,1.6
LMT-0270,19.0,20.0,2.089,0.0446,14.14,17.69,33.92,1.4,1.151,1.79
LMT-0270,20.0,21.0,2.059,0.0312,16.54,16.16,37.1,1.2,1.202,1.74
LMT-0270,21.0,22.0,2.199,0.0389,13.41,20.0,34.25,1.92,1.261,1.67
LMT-0270,22.0,23.0,1.894,0.0267,14.62,21.79,39.39,1.72,1.1,1.64
LMT-0270,23.0,24.0,1.782,0.033,13.65,19.87,39.44,1.42,1.083,1.87
LMT-0270,24.0,25.0,1.672,0.0348,12.72,25.16,41.25,1.32,1.092,1.67
LMT-0270,25.0,26.0,1.878,0.0247,12.18,22.72,38.01,1.28,1.115,1.86
LMT-0270,26.0,27.0,1.526,0.0299,12.39,27.89,40.8,1.35,0.947,1.85
LMT-0270,27.0,28.0,1.601,0.0243,11.99,26.21,41.75,1.39,0.983,1.94
LMT-0270,28.0,29.0,1.221,0.0243,10.36,28.26,40.17,1.09,0.965,1.8
LMT-0270,29.0,30.0,1.336,0.0177,10.18,25.25,42.77,0.93,0.942,1.8
LMT-0270,30.0,31.0,0.345,0.0151,7.12,39.25,39.02,0.96,0.414,2.46
LMT-0270,31.0,31.8,0.28,0.0122,6.13,39.0,41.03,0.89,0.424,2.67
LMT-0271,0.0,1.0,0.738,0.0368,51.16,0.71,3.58,8.4,3.427,1.65
LMT-0271,1.0,2.0,1.099,0.0552,50.23,0.99,5.12,7.56,2.832,1.53
LMT-0271,2.0,3.0,1.208,0.0631,50.46,1.51,7.15,5.94,2.674,1.44
LMT-0271,3.0,4.0,1.116,0.0531,50.43,2.28,6.93,6.51,2.729,1.5
LMT-0271,4.0,5.0,1.302,0.0666,44.77,2.71,8.68,6.2,2.752,1.55
LMT-0271,5.0,6.0,1.109,0.0879,47.35,3.13,8.94,6.12,2.167,1.42
LMT-0271,6.0,7.0,1.125,0.0938,41.32,3.18,11.54,6.31,2.309,1.37
LMT-0271,7.0,8.0,1.29,0.084,45.18,3.73,11.09,4.92,2.554,1.57
LMT-0271,8.0,9.0,1.52,0.0884,41.3,3.57,11.81,6.44,2.646,1.46
LMT-0271,9.0,10.0,1.383,0.0773,38.34,4.48,13.73,4.92,2.054,1.46
LMT-0271,10.0,11.0,1.349,0.1091,41.95,4.89,14.45,3.8,1.926,1.42
LMT-0271,11.0,12.0,1.272,0.1176,40.78,5.72,16.43,4.5,1.578,1.51
LMT-0271,12.0,13.0,1.572,0.1696,40.57,6.13,15.39,4.2,2.188,1.42
LMT-0271,13.0,14.0,1.581,0.2387,40.26,5.05,16.79,4.26,2.129,1.47
LMT-0271,14.0,15.0,2.953,0.1682,21.18,10.64,36.73,2.16,1.688,1.52
LMT-0271,15.0,16.0,2.868,0.1169,20.07,10.09,31.37,2.15,1.443,1.47
LMT-0271,16.0,17.0,2.794,0.1046,18.61,11.12,32.4,1.83,1.49,1.51
LMT-0271,17.0,18.0,2.267,0.0665,20.35,12.93,31.57,2.45,1.216,1.61
LMT-0271,18.0,19.0,2.593,0.0496,19.88,13.98,35.4,2.07,1.228,1.66
LMT-0271,19.0,20.0,2.178,0.0337,18.18,14.77,34.85,2.08,1.141,1.58
LMT-0271,20.0,21.0,2.611,0.0439,15.24,16.25,35.88,1.54,1.233,1.63
LMT-0271,21.0,22.0,2.349,0.039,17.73,18.76,38.52,2.02,1.175,1.64
LMT-0271,22.0,23.0,2.05,0.0363,15.68,17.23,36.51,1.56,1.128,1.7
LMT-0271,23.0,24.0,2.006,0.0329,14.21,18.11,36.52,1.48,1.206,1.74
LMT-0271,24.0,25.0,2.05,0.0381,13.99,17.35,33.71,1.09,0.992,1.59
LMT-0271,25.0,26.0,1.888,0.041,14.15,20.84,38.92,1.57,0.98,1.76
LMT-0271,26.0,27.0,1.819,0.0255,12.65,22.25,36.87,1.22,1.102,1.72
LMT-0271,27.0,28.0,1.578,0.0324,11.74,23.85,35.65,1.55,1.139,1.74
LMT-0271,28.0,29.0,1.349,0.0265,12.24,23.8,39.7,1.66,0.985,1.82
LMT-0271,29.0,30.0,1.475,0.0225,11.32,24.31,42.72,1.16,0.915,1.87
LMT-0271,30.0,31.0,1.214,0.0245,11.56,27.41,41.56,1.0,0.897,1.89
LMT-0271,31.0,32.0,1.317,0.023,8.72,29.34,43.05,0.92,0.784,1.79
LMT-0271,32.0,33.0,0.396,0.014,7.05,41.21,41.33,1.09,0.438,2.66
LMT-0271,33.0,34.0,0.316,0.0135,6.22,43.54,39.86,0.96,0.494,2.72
LMT-0271,34.0,34.4,0.347,0.0112,6.39,36.4,44.37,0.7,0.5,2.78
LMT-0272,0.0,1.0,0.667,0.0307,46.07,0.65,3.37,6.18,2.261,1.45
LMT-0272,1.0,2.0,0.808,0.0436,43.84,1.05,5.11,4.8,2.215,1.44
LMT-0272,2.0,3.0,1.145,0.0472,41.03,1.28,6.5,4.89,2.007,1.25
LMT-0272,3.0,4.0,1.065,0.0426,42.7,1.98,7.6,4.49,1.983,1.38
LMT-0272,4.0,5.0,1.017,0.0537,42.23,2.2,7.42,4.88,1.975,1.45
LMT-0272,5.0,6.0,1.181,0.04,43.5,2.36,8.71,4.88,2.145,1.44
LMT-0272,6.0,7.0,1.27,0.0581,42.56,2.72,10.33,4.64,2.132,1.33
LMT-0272,7.0,8.0,1.412,0.0458,36.98,3.02,9.66,4.58,2.027,1.43
LMT-0272,8.0,9.0,1.17,0.0592,41.31,3.95,11.32,4.48,2.255,1.45
LMT-0272,9.0,10.0,1.469,0.0873,40.9,3.04,11.77,4.7,1.826,1.35
LMT-0272,10.0,11.0,1.123,0.0861,39.51,4.21,14.19,4.39,1.362,1.52
LMT-0272,11.0,12.0,1.175,0.0803,42.05,5.01,14.24,3.32,2.299,1.39
LMT-0272,12.0,13.0,1.254,0.1114,38.07,5.59,14.42,2.96,1.701,1.44
LMT-0272,13.0,14.0,1.298,0.1367,35.56,5.52,14.66,4.03,1.652,1.35
LMT-0272,14.0,15.0,1.147,0.1654,36.65,4.37,15.02,3.23,1.718,1.43
LMT-0272,15.0,16.0,1.406,0.1843,35.87,5.34,16.44,2.68,1.846,1.37
LMT-0272,16.0,17.0,2.239,0.1206,19.56,10.8,31.81,2.18,1.248,1.52
LMT-0272,17.0,18.0,2.312,0.0762,18.17,11.16,28.41,2.63,1.306,1.4
LMT-0272,18.0,19.0,2.139,0.0488,17.44,12.01,30.2,1.97,1.093,1.44
LMT-0272,19.0,20.0,1.949,0.0381,15.92,11.73,32.5,2.38,1.197,1.45
LMT-0272,20.0,21.0,2.355,0.0383,15.46,11.88,33.98,1.84,1.059,1.49
LMT-0272,21.0,22.0,2.007,0.0401,15.55,16.4,33.5,1.77,1.172,1.5
LMT-0272,22.0,23.0,2.088,0.0264,13.66,15.53,33.47,1.59,1.081,1.62
LMT-0272,23.0,24.0,1.62,0.0361,14.04,16.89,37.59,1.96,1.114,1.44
LMT-0272,24.0,25.0,1.742,0.0307,13.31,19.21,36.0,1.4,1.057,1.69
LMT-0272,25.0,26.0,1.604,0.0222,12.26,23.1,31.79,1.32,1.003,1.67
LMT-0272,26.0,27.0,1.504,0.0232,10.23,21.58,37.99,1.16,1.032,1.68
LMT-0272,27.0,28.0,1.397,0.0235,9.96,22.86,36.62,1.06,0.719,1.8
LMT-0272,28.0,29.0,1.332,0.0257,9.63,24.38,41.19,0.76,0.746,1.83
LMT-0272,29.0,30.0,0.339,0.013,6.02,34.65,41.26,0.94,0.505,2.45
LMT-0272,30.0,31.0,,,,,,,,2.51
LMT-0272,31.0,31.9,0.273,0.0133,5.97,33.53,35.67,0.46,0.346,2.4
LMT-0273,0.0,1.0,0.759,0.0356,45.65,0.75,3.03,7.09,2.784,1.54
LMT-0273,1.0,2.0,1.133,0.0601,51.26,1.32,6.59,6.51,1.701,1.37
LMT-0273,2.0,3.0,0.933,0.0669,45.32,1.52,6.39,6.37,2.52,1.34
LMT-0273,3.0,4.0,0.976,0.0481,45.52,2.24,7.55,5.13,2.715,1.43
LMT-0273,4.0,5.0,1.342,0.0571,41.36,2.47,7.78,5.79,2.548,1.4
LMT-0273,5.0,6.0,1.142,0.0681,38.68,2.61,9.66,6.52,2.497,1.33
LMT-0273,6.0,7.0,1.175,0.0734,42.07,3.32,9.56,5.82,1.619,1.36
LMT-0273,7.0,8.0,1.177,0.0672,44.78,3.45,9.68,4.38,2.118,1.47
LMT-0273,8.0,9.0,1.242,0.0649,35.29,4.11,11.65,4.19,1.948,1.39
LMT-0273,9.0,10.0,1.329,0.0973,40.33,3.82,12.84,3.77,2.06,1.45
LMT-0273,10.0,11.0,1.447,0.0954,36.22,4.66,13.22,3.48,2.529,1.42
LMT-0273,11.0,12.0,1.542,0.0867,38.02,4.65,13.13,3.92,1.88,1.4
LMT-0273,12.0,13.0,1.523,0.1116,35.89,5.35,15.95,3.68,1.762,1.49
LMT-0273,13.0,14.0,1.816,0.1934,36.38,5.12,14.22,3.11,1.55,1.51
LMT-0273,14.0,15.0,1.694,0.2751,32.96,4.72,16.15,2.26,1.784,1.6
LMT-0273,15.0,16.0,2.789,0.1062,20.77,10.66,27.65,1.81,1.142,1.39
LMT-0273,16.0,17.0,2.666,0.0993,17.51,11.95,31.31,1.92,1.58,1.48
LMT-0273,17.0,18.0,2.178,0.0755,19.52,13.99,29.93,2.23,1.312,1.54
LMT-0273,18.0,19.0,1.793,0.0328,17.44,14.62,32.35,2.11,1.109,1.52
LMT-0273,19.0,20.0,2.379,0.0314,16.84,16.15,34.08,1.6,1.229,1.64
LMT-0273,20.0,21.0,2.539,0.0383,14.28,18.39,35.51,1.49,1.172,1.68
LMT-0273,21.0,22.0,1.749,0.0346,13.84,17.42,35.15,1.76,1.178,1.7
LMT-0273,22.0,23.0,1.711,0.0355,12.93,19.0,35.93,1.62,0.938,1.62
LMT-0273,23.0,24.0,1.619,0.031,12.79,19.55,37.3,1.38,0.891,1.67
LMT-0273,24.0,25.0,1.534,0.0185,11.21,22.96,38.79,0.9,0.866,1.81
LMT-0273,25.0,26.0,1.586,0.0202,11.15,22.38,38.89,1.18,0.819,1.82
LMT-0273,26.0,27.0,,,,,,,,1.78
LMT-0273,27.0,28.0,0.321,0.0168,6.61,36.09,37.92,0.92,0.472,2.57
LMT-0273,28.0,29.0,0.359,0.0118,5.99,35.83,38.15,0.67,0.373,2.61
LMT-0273,29.0,29.4,0.342,0.0133,5.97,32.16,38.59,0.93,0.395,2.59
LMT-0274,0.0,1.0,0.801,0.0393,53.13,0.79,3.51,8.21,2.412,1.65
LMT-0274,1.0,2.0,1.037,0.072,48.65,1.57,6.62,8.02,2.975,1.52
LMT-0274,2.0,3.0,1.375,0.0604,49.57,1.97,7.16,6.87,2.716,1.51
LMT-0274,3.0,4.0,1.224,0.0912,44.73,2.24,7.4,7.05,2.656,1.44
LMT-0274,4.0,5.0,1.358,0.0665,49.73,2.54,9.34,6.69,2.089,1.49
LMT-0274,5.0,6.0,1.423,0.0921,42.71,2.91,10.37,5.75,2.84,1.45
LMT-0274,6.0,7.0,1.181,0.0882,45.6,3.2,9.79,6.45,2.077,1.37
LMT-0274,7.0,8.0,1.464,0.0695,44.43,3.04,11.38,4.56,2.577,1.57
LMT-0274,8.0,9.0,1.363,0.0931,44.09,4.1,12.39,4.7,2.654,1.4
LMT-0274,9.0,10.0,1.546,0.0905,39.57,3.71,13.42,4.65,2.441,1.45
LMT-0274,10.0,11.0,1.483,0.0564,42.65,4.16,13.3,4.73,2.49,1.63
LMT-0274,11.0,12.0,1.832,0.102,41.57,4.28,15.13,5.09,2.022,1.47
LMT-0274,12.0,13.0,1.685,0.1226,40.15,4.6,16.43,4.79,1.962,1.61
LMT-0274,13.0,14.0,1.664,0.1768,39.88,5.45,15.38,4.85,2.056,1.49
LMT-0274,14.0,15.0,1.735,0.2508,40.21,6.65,17.14,4.18,1.684,1.56
LMT-0274,15.0,16.0,1.923,0.302,36.02,6.67,17.21,3.37,1.812,1.63
LMT-0274,16.0,17.0,2.704,0.1391,19.23,11.8,35.5,2.39,1.436,1.57
LMT-0274,17.0,18.0,2.883,0.0756,17.98,14.25,34.77,2.23,1.334,1.63
LMT-0274,18.0,19.0,2.282,0.0527,16.28,18.26,39.12,2.1,1.365,1.57
LMT-0274,19.0,20.0,2.043,0.0385,13.53,19.44,40.23,1.1,1.265,1.78
LMT-0274,20.0,21.0,2.025,0.0403,13.41,26.1,37.76,1.17,1.288,1.65
LMT-0274,21.0,22.0,1.41,0.037,11.2,24.58,42.45,1.11,0.979,1.82
LMT-0274,22.0,23.0,0.382,0.0179,6.31,38.81,41.78,1.42,0.514,2.74
LMT-0274,23.0,24.0,0.359,0.0186,6.5,34.0,45.65,1.16,0.532,2.73
LMT-0274,24.0,25.0,0.363,0.0112,6.77,43.04,41.63,0.88,0.459,2.75
LMT-0274,25.0,25.4,0.378,0.0135,6.79,37.62,41.94,1.1,0.505,2.77
LMT-0275,0.0,1.0,0.538,0.0328,48.64,0.63,3.04,7.61,3.016,1.39
LMT-0275,1.0,2.0,0.81,0.0391,44.25,0.98,4.85,7.05,2.41,1.5
LMT-0275,2.0,3.0,0.915,0.0554,41.3,1.72,7.04,5.48,2.546,1.47
LMT-0275,3.0,4.0,0.715,0.0367,40.4,1.88,7.79,5.03,2.192,1.37
LMT-0275,4.0,5.0,0.864,0.0614,44.11,2.65,9.28,4.48,2.534,1.39
LMT-0275,5.0,6.0,0.834,0.0667,40.42,2.53,8.96,5.28,2.02,1.45
LMT-0275,6.0,7.0,1.239,0.0522,43.04,3.04,8.85,4.89,2.007,1.37
LMT-0275,7.0,8.0,1.071,0.0737,41.24,3.32,11.65,4.84,2.077,1.39
LMT-0275,8.0,9.0,1.093,0.0858,42.08,3.6,10.78,3.1,2.298,1.36
LMT-0275,9.0,10.0,1.17,0.0646,39.4,3.89,12.72,4.03,1.634,1.44
LMT-0275,10.0,11.0,1.095,0.0839,33.74,4.34,12.74,4.09,1.743,1.54
LMT-0275,11.0,12.0,1.245,0.1579,37.63,5.06,15.11,4.13,1.801,1.43
LMT-0275,12.0,13.0,1.21,0.1642,34.69,5.77,16.14,3.1,1.773,1.3
LMT-0275,13.0,14.0,1.284,0.3279,36.83,5.35,16.91,3.14,1.67,1.44
LMT-0275,14.0,15.0,1.733,0.1093,19.05,10.07,32.25,2.01,1.332,1.4
LMT-0275,15.0,16.0,1.82,0.0737,18.06,12.08,31.82,1.82,1.303,1.45
LMT-0275,16.0,17.0,1.671,0.0432,17.45,13.39,28.8,1.52,1.182,1.54
LMT-0275,17.0,18.0,1.429,0.0445,15.14,13.49,34.79,1.35,0.979,1.48
LMT-0275,18.0,19.0,1.619,0.0365,16.27,17.04,38.72,1.25,1.314,1.52
LMT-0275,19.0,20.0,1.491,0.0286,14.05,18.82,34.54,1.53,0.987,1.59
LMT-0275,20.0,21.0,1.221,0.0335,13.25,19.09,30.75,1.68,1.01,1.78
LMT-0275,21.0,22.0,1.19,0.0324,12.88,23.02,36.08,0.96,0.943,1.73
LMT-0275,22.0,23.0,1.256,0.0233,11.44,22.77,37.85,1.26,0.788,1.72
LMT-0275,23.0,24.0,0.892,0.0222,10.06,19.9,42.53,0.96,0.786,1.63
LMT-0275,24.0,25.0,0.281,0.0095,6.03,33.92,36.5,0.68,0.489,2.46
LMT-0275,25.0,26.0,0.269,0.0103,6.84,29.04,36.63,0.84,0.402,2.44
LMT-0275,26.0,27.0,0.294,0.0097,6.72,34.77,36.79,0.95,0.48,2.32
LMT-0275,27.0,27.4,0.24,0.0136,6.66,38.33,37.98,0.74,0.366,2.72
LMT-0276,0.0,1.0,0.725,0.0307,45.37,1.27,5.76,3.06,2.043,1.37
LMT-0276,1.0,2.0,0.884,0.0413,41.41,1.52,7.13,4.77,1.82,1.38
LMT-0276,2.0,3.0,0.923,0.0405,37.0,2.11,8.02,3.8,1.972,1.27
LMT-0276,3.0,4.0,1.023,0.0481,40.19,2.65,8.7,3.92,1.735,1.4
LMT-0276,4.0,5.0,1.027,0.0432,42.7,3.04,10.25,3.68,2.174,1.34
LMT-0276,5.0,6.0,1.029,0.0683,37.18,2.7,11.31,4.86,2.147,1.38
LMT-0276,6.0,7.0,0.911,0.0725,34.26,3.81,11.68,2.96,1.826,1.27
LMT-0276,7.0,8.0,1.056,0.0619,38.5,4.26,12.47,3.24,1.353,1.37
LMT-0276,8.0,9.0,1.044,0.1002,34.14,4.83,12.56,2.76,1.545,1.29
LMT-0276,9.0,10.0,1.037,0.1329,30.7,4.54,14.0,1.97,1.568,1.46
LMT-0276,10.0,11.0,0.964,0.1662,32.31,6.53,16.49,3.1,1.468,1.32
LMT-0276,11.0,12.0,1.756,0.0764,18.48,10.77,26.65,1.94,1.213,1.45
LMT-0276,12.0,13.0,1.664,0.032,18.17,9.63,28.9,1.77,1.374,1.39
LMT-0276,13.0,14.0,1.602,0.0439,16.9,12.11,29.25,1.28,0.755,1.53
LMT-0276,14.0,15.0,1.699,0.0299,16.03,11.81,30.55,1.32,1.158,1.42
LMT-0276,15.0,16.0,1.722,0.02,15.84,13.74,26.8,1.74,1.114,1.4
LMT-0276,16.0,17.0,,,,,,,,1.44
LMT-0276,17.0,18.0,1.422,0.0334,13.42,15.05,34.04,1.45,1.106,1.54
LMT-0276,18.0,19.0,1.599,0.0273,15.36,15.07,31.43,0.84,0.891,1.51
LMT-0276,19.0,20.0,1.333,0.0214,13.42,17.03,28.4,0.95,0.97,1.68
LMT-0276,20.0,21.0,0.992,0.0267,12.85,17.49,36.88,1.03,0.868,1.67
LMT-0276,21.0,22.0,0.995,0.017,13.37,21.66,33.37,0.84,0.925,1.57
LMT-0276,22.0,23.0,1.045,0.0252,12.12,19.91,35.54,0.87,0.718,1.74
LMT-0276,23.0,24.0,0.978,0.0154,11.18,22.22,34.93,0.78,0.878,1.72
LMT-0276,24.0,25.0,1.1,0.021,10.01,21.05,34.98,0.37,0.811,1.64
LMT-0276,25.0,26.0,0.773,0.013,9.45,21.84,35.49,0.86,0.829,1.8
LMT-0276,26.0,27.0,1.031,0.0084,9.05,22.96,38.81,0.77,0.66,1.64
LMT-0276,27.0,28.0,0.223,0.0087,6.03,28.74,37.19,0.77,0.398,2.25
LMT-0276,28.0,29.0,0.192,0.01,5.61,29.34,32.18,0.81,0.376,2.52
LMT-0276,29.0,29.9,0.204,0.0093,6.11,35.68,34.73,0.64,0.307,2.37
LMT-0277,0.0,1.0,0.742,0.062,43.99,1.22,6.13,4.8,2.325,1.42
LMT-0277,1.0,2.0,0.692,0.0391,38.69,1.81,7.26,5.37,2.214,1.33
LMT-0277,2.0,3.0,0.82,0.047,40.29,2.0,7.22,4.15,1.727,1.36
LMT-0277,3.0,4.0,0.841,0.061,36.54,2.98,9.44,4.59,2.044,1.37
LMT-0277,4.0,5.0,0.887,0.0568,34.72,2.51,9.94,4.25,1.969,1.33
LMT-0277,5.0,6.0,0.984,0.0491,37.77,3.07,11.92,3.34,2.179,1.28
LMT-0277,6.0,7.0,0.925,0.0741,38.07,3.98,11.24,3.12,1.819,1.3
LMT-0277,7.0,8.0,1.057,0.0697,36.38,4.41,13.23,4.28,1.582,1.4
LMT-0277,8.0,9.0,1.284,0.1177,37.65,4.34,13.0,3.12,1.759,1.3
LMT-0277,9.0,10.0,1.226,0.1842,33.77,4.35,16.01,3.19,1.652,1.41
LMT-0277,10.0,11.0,2.011,0.0993,18.69,10.03,31.72,1.5,1.313,1.43
LMT-0277,11.0,12.0,1.465,0.1021,17.8,10.97,31.46,1.35,1.286,1.45
LMT-0277,12.0,13.0,1.768,0.0469,16.85,11.39,32.68,1.64,1.021,1.48
LMT-0277,13.0,14.0,1.476,0.0491,15.42,8.41,32.76,1.89,1.134,1.44
LMT-0277,14.0,15.0,1.396,0.0258,16.24,13.7,30.73,1.84,0.796,1.56
LMT-0277,15.0,16.0,1.726,0.034,14.85,15.11,34.66,1.43,1.076,1.47
LMT-0277,16.0,17.0,1.357,0.0223,13.33,15.08,32.08,1.66,1.163,1.49
LMT-0277,17.0,18.0,1.498,0.0257,13.85,16.12,35.44,1.13,0.773,1.5
LMT-0277,18.0,19.0,1.422,0.0309,13.22,16.29,36.02,1.43,0.785,1.47
LMT-0277,19.0,20.0,1.044,0.0356,13.06,18.82,36.54,1.2,0.882,1.71
LMT-0277,20.0,21.0,1.001,0.0203,11.06,19.93,34.93,1.19,0.888,1.59
LMT-0277,21.0,22.0,1.042,0.0238,10.8,21.87,36.82,0.73,0.826,1.62
LMT-0277,22.0,23.0,0.986,0.0198,9.21,19.67,36.04,0.64,0.774,1.66
LMT-0277,23.0,24.0,0.933,0.0156,8.53,19.89,39.42,0.89,0.58,1.8
LMT-0277,24.0,25.0,0.253,0.0089,6.32,31.73,33.99,0.79,0.29,2.36
LMT-0277,25.0,25.9,0.204,0.0117,5.49,29.57,33.17,0.92,0.359,2.39
LMT-0278,0.0,1.0,0.792,0.0712,40.25,1.66,7.51,6.77,2.516,1.42
LMT-0278,1.0,2.0,0.887,0.0706,47.11,2.41,9.36,7.01,1.743,1.49
LMT-0278,2.0,3.0,1.067,0.0838,43.6,3.11,11.1,5.7,2.458,1.46
LMT-0278,3.0,4.0,1.069,0.1331,43.54,4.27,13.04,5.23,2.517,1.5
LMT-0278,4.0,5.0,1.103,0.2106,37.98,5.03,15.44,4.25,1.955,1.5
LMT-0278,5.0,6.0,1.155,0.408,39.41,6.76,18.08,3.87,2.078,1.51
LMT-0278,6.0,7.0,1.973,0.1353,21.5,13.09,29.57,2.19,1.079,1.51
LMT-0278,7.0,8.0,1.597,0.0591,17.69,14.39,37.99,2.47,1.261,1.55
LMT-0278,8.0,9.0,1.374,0.0535,17.31,16.71,34.7,1.93,1.284,1.68
LMT-0278,9.0,10.0,1.364,0.0388,14.34,16.24,36.26,1.46,1.257,1.78
LMT-0278,10.0,11.0,1.159,0.0294,11.73,23.48,39.77,1.33,1.028,1.76
LMT-0278,11.0,12.0,1.172,0.0244,11.02,23.51,39.31,1.14,0.878,1.88
LMT-0278,12.0,13.0,0.285,0.0148,7.22,36.17,42.91,1.14,0.381,2.64
LMT-0278,13.0,14.0,0.278,0.0116,6.58,36.28,38.25,0.72,0.421,2.59
LMT-0278,14.0,15.0,0.212,0.0135,6.57,37.36,43.88,0.82,0.497,2.73
LMT-0278,15.0,15.4,0.286,0.0122,5.81,40.53,41.63,0.91,0.432,2.56
LMT-0279,0.0,1.0,0.691,0.0474,49.21,0.94,4.46,7.72,3.05,1.65
LMT-0279,1.0,2.0,0.939,0.0692,50.17,1.86,7.68,7.75,2.918,1.57
LMT-0279,2.0,3.0,1.069,0.0826,46.25,2.86,10.47,7.62,2.616,1.48
LMT-0279,3.0,4.0,1.151,0.0842,44.41,3.54,11.25,5.52,2.554,1.57
LMT-0279,4.0,5.0,1.073,0.1258,46.29,4.4,13.29,6.93,2.95,1.49
LMT-0279,5.0,6.0,1.25,0.1072,40.44,4.43,13.54,5.01,2.772,1.62
LMT-0279,6.0,7.0,1.235,0.2174,37.2,5.01,15.11,3.68,2.258,1.58
LMT-0279,7.0,8.0,1.173,0.3626,40.96,6.49,16.83,4.18,2.174,1.68
LMT-0279,8.0,9.0,2.082,0.1881,22.57,10.52,33.25,2.64,1.703,1.56
LMT-0279,9.0,10.0,2.31,0.1358,20.93,12.42,35.66,2.78,1.559,1.56
LMT-0279,10.0,11.0,2.047,0.0786,21.08,12.4,35.95,2.72,1.556,1.61
LMT-0279,11.0,12.0,1.831,0.0549,18.91,14.88,39.61,2.19,1.718,1.72
LMT-0279,12.0,13.0,1.652,0.0573,19.15,16.36,34.27,2.56,1.59,1.7
LMT-0279,13.0,14.0,1.834,0.0533,18.56,16.82,37.81,1.9,1.568,1.69
LMT-0279,14.0,15.0,1.567,0.0542,19.14,17.87,36.84,2.49,1.376,1.71
LMT-0279,15.0,16.0,1.427,0.0482,16.65,14.36,39.5,1.88,1.239,1.67
LMT-0279,16.0,17.0,1.651,0.0415,16.32,20.15,39.66,1.75,1.608,1.66
LMT-0279,17.0,18.0,1.554,0.0471,14.66,21.77,39.76,1.56,1.232,1.74
LMT-0279,18.0,19.0,1.623,0.0412,14.2,25.35,42.1,1.59,1.304,1.93
LMT-0279,19.0,20.0,1.422,0.0299,12.54,25.44,38.73,1.79,0.924,1.65
LMT-0279,20.0,21.0,1.223,0.0385,11.03,24.63,44.13,1.53,1.277,1.91
LMT-0279,21.0,22.0,1.137,0.0278,13.06,23.54,40.74,1.38,1.003,1.94
LMT-0279,22.0,23.0,1.014,0.0276,11.2,25.93,41.69,0.97,1.101,1.82
LMT-0279,23.0,24.0,0.931,0.0267,10.82,29.39,44.15,1.38,1.124,1.92
LMT-0279,24.0,25.0,0.296,0.0173,6.87,43.58,44.51,1.04,0.586,2.85
LMT-0279,25.0,26.0,0.253,0.0167,7.75,41.51,44.02,1.08,0.446,2.69
LMT-0279,26.0,27.0,0.286,0.0142,7.84,40.17,45.46,1.1,0.543,2.64
LMT-0279,27.0,27.4,0.3,0.0137,6.87,45.0,44.26,1.13,0.452,2.85
LMT-0280,0.0,1.0,0.767,0.0422,54.18,0.83,3.87,8.34,3.146,1.64
LMT-0280,1.0,2.0,0.875,0.0797,47.69,1.75,7.21,8.6,2.745,1.65
LMT-0280,2.0,3.0,0.98,0.0764,48.43,2.37,8.64,9.0,2.429,1.57
LMT-0280,3.0,4.0,0.88,0.092,47.1,2.57,9.38,8.03,2.411,1.59
LMT-0280,4.0,5.0,1.151,0.1031,47.89,3.44,10.27,7.24,2.819,1.54
LMT-0280,5.0,6.0,1.111,0.112,46.94,3.6,11.43,5.52,2.959,1.51
LMT-0280,6.0,7.0,1.028,0.0977,46.62,4.5,13.15,5.06,2.378,1.56
LMT-0280,7.0,8.0,1.399,0.1051,42.46,4.69,13.91,5.46,2.922,1.48
LMT-0280,8.0,9.0,1.292,0.1259,45.32,4.91,15.66,5.55,2.804,1.49
LMT-0280,9.0,10.0,1.286,0.1691,40.82,6.75,16.43,4.77,2.599,1.58
LMT-0280,10.0,11.0,1.412,0.3142,40.85,6.08,17.29,4.5,1.979,1.62
LMT-0280,11.0,12.0,1.24,0.3962,40.61,6.96,18.9,4.59,2.331,1.6
LMT-0280,12.0,13.0,2.37,0.202,21.35,12.94,34.76,2.04,1.74,1.57
LMT-0280,13.0,14.0,2.059,0.1139,20.03,13.21,35.92,2.57,1.518,1.63
LMT-0280,14.0,15.0,1.824,0.0785,19.26,14.6,33.09,2.7,1.603,1.66
LMT-0280,15.0,16.0,2.215,0.0633,18.68,17.79,37.62,2.35,1.554,1.66
LMT-0280,16.0,17.0,1.89,0.0533,18.19,14.44,36.06,2.42,1.575,1.72
LMT-0280,17.0,18.0,2.105,0.0582,19.52,17.9,41.25,2.19,1.405,1.71
LMT-0280,18.0,19.0,2.085,0.0496,17.2,20.84,39.82,2.69,1.564,1.71
LMT-0280,19.0,20.0,1.747,0.0447,16.39,21.92,40.2,2.39,1.348,1.85
LMT-0280,20.0,21.0,1.607,0.0561,16.8,21.92,42.93,2.17,1.355,1.71
LMT-0280,21.0,22.0,1.665,0.0544,14.91,23.18,38.92,2.07,1.329,1.7
LMT-0280,22.0,23.0,1.618,0.0458,14.64,22.09,42.5,1.69,1.407,1.76
LMT-0280,23.0,24.0,1.433,0.034,13.74,25.78,43.35,1.85,1.325,1.84
LMT-0280,24.0,25.0,1.532,0.033,13.83,25.68,40.03,1.9,1.111,1.96
LMT-0280,25.0,26.0,1.356,0.0336,13.01,26.68,42.56,1.43,1.089,1.88
LMT-0280,26.0,27.0,1.217,0.0312,12.31,27.04,45.09,1.54,1.071,2.04
LMT-0280,27.0,28.0,1.168,0.0224,11.69,30.34,49.11,1.09,0.74,2.02
LMT-0280,28.0,29.0,1.274,0.0275,10.29,30.24,45.47,1.16,1.021,2.0
LMT-0280,29.0,30.0,0.344,0.0186,7.57,45.0,48.89,0.99,0.532,2.71
LMT-0280,30.0,31.1,0.307,0.0175,6.68,40.87,46.96,1.25,0.506,2.78
LMT-0281,0.0,1.0,0.77,0.0436,52.63,0.91,4.47,9.71,3.306,1.5
LMT-0281,1.0,2.0,1.009,0.0748,46.21,2.14,7.61,7.07,2.716,1.58
LMT-0281,2.0,3.0,1.214,0.066,47.33,2.34,9.59,6.26,2.628,1.51
LMT-0281,3.0,4.0,1.171,0.0817,48.69,2.94,10.46,5.8,2.683,1.46
LMT-0281,4.0,5.0,1.162,0.0901,43.0,3.01,10.03,5.03,2.611,1.52
LMT-0281,5.0,6.0,1.401,0.1012,43.68,3.97,12.96,7.48,2.347,1.44
LMT-0281,6.0,7.0,1.34,0.0962,44.4,4.52,12.36,6.01,3.04,1.52
LMT-0281,7.0,8.0,1.295,0.1233,45.7,4.84,14.56,4.7,2.484,1.66
LMT-0281,8.0,9.0,1.4,0.1508,40.32,5.77,15.32,4.49,2.613,1.55
LMT-0281,9.0,10.0,1.343,0.2494,41.04,6.17,16.98,4.08,2.473,1.59
LMT-0281,10.0,11.0,1.544,0.3093,38.62,7.14,18.03,4.31,2.363,1.6
LMT-0281,11.0,12.0,2.265,0.2184,22.88,11.1,34.0,3.53,1.862,1.54
LMT-0281,12.0,13.0,2.239,0.1819,19.02,13.66,35.62,2.6,1.723,1.62
LMT-0281,13.0,14.0,2.571,0.0885,20.19,15.42,39.1,2.57,1.614,1.63
LMT-0281,14.0,15.0,2.273,0.0609,18.54,16.42,34.79,2.19,1.611,1.65
LMT-0281,15.0,16.0,1.888,0.0489,18.46,16.32,37.69,2.48,1.338,1.62
LMT-0281,16.0,17.0,1.852,0.0566,15.78,17.58,38.88,1.93,1.582,1.66
LMT-0281,17.0,18.0,1.684,0.0544,15.86,19.52,40.56,1.84,1.212,1.76
LMT-0281,18.0,19.0,1.59,0.0363,14.13,25.03,37.11,1.96,1.513,1.85
LMT-0281,19.0,20.0,1.268,0.0361,13.76,24.89,42.17,1.75,1.023,1.8
LMT-0281,20.0,21.0,1.577,0.0404,12.73,26.37,43.14,1.56,0.906,1.84
LMT-0281,21.0,22.0,1.253,0.0327,11.66,27.76,43.87,1.41,1.01,1.83
LMT-0281,22.0,23.0,1.139,0.0229,9.86,28.16,46.16,0.99,0.914,1.93
LMT-0281,23.0,24.0,0.324,0.0151,6.98,38.86,43.28,1.0,0.537,2.85
LMT-0281,24.0,25.0,0.286,0.0148,7.26,44.54,43.5,1.15,0.55,2.76
LMT-0281,25.0,25.7,0.308,0.017,6.94,44.29,40.11,1.04,0.507,2.85
LMT-0282,0.0,1.0,1.084,0.0575,50.1,1.67,8.07,6.79,2.499,1.5
LMT-0282,1.0,2.0,1.286,0.0685,47.7,2.46,8.53,6.12,2.559,1.39
LMT-0282,2.0,3.0,1.352,0.0667,45.32,3.0,10.28,6.55,2.588,1.54
LMT-0282,3.0,4.0,1.25,0.0927,47.61,3.88,12.05,6.08,2.444,1.48
LMT-0282,4.0,5.0,1.143,0.1567,40.11,4.6,14.42,4.7,2.446,1.48
LMT-0282,5.0,6.0,1.402,0.2615,40.7,4.83,17.96,4.5,2.343,1.58
LMT-0282,6.0,7.0,1.379,0.3994,38.93,6.17,18.05,3.62,1.867,1.54
LMT-0282,7.0,8.0,2.801,0.1461,22.15,11.44,31.34,2.31,1.801,1.51
LMT-0282,8.0,9.0,1.983,0.0805,19.52,14.65,32.25,2.8,1.803,1.61
LMT-0282,9.0,10.0,2.443,0.0582,20.04,16.68,31.72,2.57,1.597,1.79
LMT-0282,10.0,11.0,1.748,0.0558,16.51,16.15,39.44,1.98,1.54,1.63
LMT-0282,11.0,12.0,2.145,0.038,17.46,20.36,36.94,2.56,1.217,1.78
LMT-0282,12.0,13.0,1.727,0.0481,15.88,22.95,39.08,2.14,1.187,1.62
LMT-0282,13.0,14.0,1.52,0.0335,15.61,18.58,40.31,1.66,1.281,1.7
LMT-0282,14.0,14.7,1.61,0.0435,14.04,20.88,41.46,1.63,1.123,1.81
LMT-0283,0.0,1.0,,,,,,,,1.46
LMT-0283,1.0,2.0,1.053,0.078,44.37,2.68,10.39,6.0,2.26,1.35
LMT-0283,2.0,3.0,1.23,0.1151,44.05,3.69,12.73,4.61,2.164,1.46
LMT-0283,3.0,4.0,1.159,0.1838,43.11,5.03,12.97,4.27,2.203,1.48
LMT-0283,4.0,5.0,1.103,0.3258,38.65,6.77,17.66,3.45,1.993,1.6
LMT-0283,5.0,6.0,2.287,0.1049,19.64,11.51,31.53,2.78,1.489,1.61
LMT-0283,6.0,7.0,2.428,0.0589,18.75,13.33,35.7,2.09,1.756,1.62
LMT-0283,7.0,8.0,1.823,0.055,16.37,13.66,37.16,1.98,1.171,1.44
LMT-0283,8.0,9.0,1.745,0.0443,16.38,16.35,37.05,2.15,1.289,1.53
LMT-0283,9.0,10.0,1.919,0.0444,16.24,14.99,34.81,1.94,1.177,1.58
LMT-0283,10.0,11.0,1.662,0.0265,15.34,17.32,38.7,1.77,1.296,1.68
LMT-0283,11.0,12.0,1.598,0.0356,14.07,20.51,40.34,1.45,1.245,1.66
LMT-0283,12.0,13.0,1.311,0.0313,12.96,22.2,35.69,1.66,1.126,1.66
LMT-0283,13.0,14.0,1.383,0.0272,12.58,22.14,39.25,1.39,1.252,1.69
LMT-0283,14.0,15.0,1.292,0.031,11.32,25.58,40.65,1.13,0.944,2.0
LMT-0283,15.0,16.0,1.099,0.0155,10.82,28.84,40.97,1.15,0.692,1.91
LMT-0283,16.0,17.0,0.31,0.0166,6.66,34.63,38.46,0.96,0.498,2.61
LMT-0283,17.0,18.0,0.268,0.0151,6.87,38.17,39.34,1.03,0.494,2.46
LMT-0283,18.0,18.9,0.304,0.0144,5.96,37.84,38.64,0.8,0.477,2.57
LMT-0284,0.0,1.0,0.86,0.0897,48.21,1.06,4.58,6.34,2.253,1.5
LMT-0284,1.0,2.0,1.314,0.3411,42.27,5.51,14.03,4.52,2.005,1.52
LMT-0284,2.0,3.0,2.507,0.1459,19.79,12.11,35.1,2.54,1.767,1.51
LMT-0284,3.0,4.0,2.339,0.0911,18.8,14.69,35.26,2.04,1.268,1.58
LMT-0284,4.0,5.0,1.817,0.0644,17.66,16.16,34.38,2.21,1.44,1.66
LMT-0284,5.0,6.0,1.805,0.0455,16.21,16.89,38.15,2.04,1.355,1.62
LMT-0284,6.0,7.0,1.35,0.0327,13.48,20.83,37.43,1.5,1.295,1.78
LMT-0284,7.0,8.0,1.353,0.0276,12.37,22.84,37.81,1.63,1.1,1.71
LMT-0284,8.0,9.0,1.336,0.0257,11.26,27.26,41.53,1.18,1.04,1.77
LMT-0284,9.0,10.0,0.293,0.0173,6.76,38.65,43.91,1.09,0.486,2.74
LMT-0284,10.0,11.0,0.313,0.0156,7.11,34.11,41.87,0.94,0.558,2.85
LMT-0284,11.0,12.2,0.262,0.0113,6.88,40.48,40.03,1.16,0.556,2.74
LMT-0285,0.0,1.0,0.759,0.0488,51.23,0.9,4.05,7.45,2.923,1.63
LMT-0285,1.0,2.0,1.148,0.0927,48.44,1.95,8.41,6.63,1.891,1.57
LMT-0285,2.0,3.0,1.3,0.1632,43.93,3.97,12.09,6.56,2.814,1.47
LMT-0285,3.0,4.0,1.232,0.2497,42.73,5.44,15.84,5.19,1.808,1.56
LMT-0285,4.0,5.0,2.711,0.1697,21.23,10.62,32.44,2.26,1.571,1.59
LMT-0285,5.0,6.0,2.164,0.1422,20.95,10.43,30.26,2.31,1.721,1.52
LMT-0285,6.0,7.0,2.228,0.0748,19.09,12.88,35.26,1.88,1.622,1.57
LMT-0285,7.0,8.0,2.163,0.0575,18.13,16.17,34.09,2.44,1.049,1.57
LMT-0285,8.0,9.0,2.203,0.0446,17.64,16.93,34.57,2.41,1.343,1.63
LMT-0285,9.0,10.0,1.952,0.0468,16.4,19.11,35.75,1.67,1.19,1.81
LMT-0285,10.0,11.0,1.882,0.043,15.72,19.02,37.28,1.65,1.373,1.69
LMT-0285,11.0,12.0,1.86,0.0438,14.98,18.42,38.34,1.26,1.266,1.77
LMT-0285,12.0,13.0,1.608,0.0348,13.15,23.49,41.05,1.36,1.055,1.65
LMT-0285,13.0,14.0,1.273,0.0312,12.68,23.38,41.29,1.42,1.054,1.76
LMT-0285,14.0,15.0,1.159,0.0297,11.76,22.61,40.26,1.44,0.963,1.81
LMT-0285,15.0,16.0,1.394,0.0212,10.43,29.66,41.72,1.17,0.785,1.88
LMT-0285,16.0,17.0,0.299,0.0154,6.78,41.19,38.51,0.89,0.523,2.62
LMT-0285,17.0,18.0,0.31,0.0148,6.72,37.6,40.74,0.86,0.512,2.7
LMT-0285,18.0,18.7,0.276,0.0131,7.07,34.44,39.17,0.9,0.409,2.75
LMT-0286,0.0,1.0,0.636,0.044,46.75,0.72,3.4,6.64,2.24,1.37
LMT-0286,1.0,2.0,0.841,0.0586,45.9,1.66,6.79,7.11,2.732,1.35
LMT-0286,2.0,3.0,0.992,0.0401,41.82,1.91,8.78,5.35,2.664,1.4
LMT-0286,3.0,4.0,1.011,0.0487,39.35,2.95,10.93,3.28,1.95,1.4
LMT-0286,4.0,5.0,1.244,0.1061,40.22,4.24,12.69,3.73,2.134,1.32
LMT-0286,5.0,6.0,0.978,0.1613,35.45,5.2,13.64,3.59,1.559,1.49
LMT-0286,6.0,7.0,2.155,0.1098,16.65,10.09,27.8,2.15,1.062,1.57
LMT-0286,7.0,8.0,1.926,0.0934,19.8,9.52,33.87,1.99,1.325,1.3
LMT-0286,8.0,9.0,2.005,0.07,16.73,11.13,33.3,1.54,1.156,1.47
LMT-0286,9.0,10.0,2.288,0.0574,17.65,9.6,32.52,2.15,1.173,1.34
LMT-0286,10.0,11.0,1.805,0.0396,17.18,13.06,30.06,1.31,1.379,1.43
LMT-0286,11.0,12.0,1.585,0.0337,18.53,12.75,32.61,1.59,1.207,1.55
LMT-0286,12.0,13.0,1.798,0.0427,18.13,11.77,32.72,1.38,1.378,1.43
LMT-0286,13.0,14.0,1.511,0.0393,17.49,16.9,33.02,1.48,0.67,1.49
LMT-0286,14.0,15.0,1.649,0.0302,14.57,14.22,33.78,1.78,1.287,1.51
LMT-0286,15.0,16.0,1.485,0.0413,14.5,14.99,32.59,1.78,0.971,1.59
LMT-0286,16.0,17.0,1.773,0.0255,15.64,16.79,32.57,1.38,1.124,1.57
LMT-0286,17.0,18.0,1.717,0.0298,13.99,18.77,34.8,1.41,1.235,1.63
LMT-0286,18.0,19.0,1.465,0.0293,13.36,16.41,35.06,0.96,1.07,1.65
LMT-0286,19.0,20.0,1.286,0.0263,13.41,18.06,32.92,1.26,0.888,1.62
LMT-0286,20.0,21.0,1.512,0.0328,12.09,18.56,32.39,1.41,1.076,1.77
LMT-0286,21.0,22.0,1.366,0.0134,12.15,20.38,38.29,0.93,0.899,1.6
LMT-0286,22.0,23.0,1.196,0.0252,12.42,20.99,37.62,0.94,0.858,1.56
LMT-0286,23.0,24.0,1.276,0.0169,11.32,20.76,35.44,1.34,0.823,1.63
LMT-0286,24.0,25.0,1.316,0.0266,11.08,19.87,37.15,0.93,1.021,1.69
LMT-0286,25.0,26.0,0.978,0.0193,10.01,21.44,36.31,1.08,0.791,1.7
LMT-0286,26.0,27.0,1.032,0.0177,9.69,25.88,34.1,0.99,0.725,1.7
LMT-0286,27.0,28.0,1.138,0.0178,9.49,23.26,39.14,1.07,0.87,1.56
LMT-0286,28.0,29.0,0.289,0.0122,5.76,37.79,38.21,0.94,0.37,2.25
LMT-0286,29.0,30.0,0.218,0.0103,6.35,37.96,37.68,0.93,0.447,2.44
LMT-0286,30.0,30.7,0.22,0.0139,6.12,27.36,36.71,0.82,0.344,2.37
LMT-0287,0.0,1.0,0.514,0.0279,44.68,0.77,2.96,6.96,2.32,1.37
LMT-0287,1.0,2.0,0.873,0.0731,45.48,1.39,7.17,4.76,1.999,1.4
LMT-0287,2.0,3.0,0.954,0.0582,40.07,2.16,7.53,3.1,2.379,1.42
LMT-0287,3.0,4.0,0.821,0.0624,40.75,2.4,8.98,3.48,1.807,1.31
LMT-0287,4.0,5.0,1.08,0.07,36.57,3.35,10.81,2.8,1.72,1.38
LMT-0287,5.0,6.0,1.192,0.1252,37.51,3.86,14.03,3.56,1.927,1.46
LMT-0287,6.0,7.0,1.222,0.1199,39.05,4.48,13.24,3.38,1.978,1.31
LMT-0287,7.0,8.0,1.308,0.2225,35.43,4.76,15.37,2.91,1.617,1.45
LMT-0287,8.0,9.0,1.791,0.0728,19.29,8.83,31.69,1.67,1.024,1.39
LMT-0287,9.0,10.0,1.9,0.0704,18.32,9.51,28.31,1.92,1.073,1.5
LMT-0287,10.0,11.0,2.381,0.0375,16.12,9.61,30.85,1.97,1.365,1.4
LMT-0287,11.0,12.0,1.911,0.0539,16.94,10.47,28.99,1.7,1.507,1.48
LMT-0287,12.0,13.0,1.844,0.0388,17.55,12.98,30.02,2.25,0.898,1.31
LMT-0287,13.0,14.0,1.822,0.0327,17.16,12.99,27.88,1.53,1.286,1.48
LMT-0287,14.0,15.0,1.631,0.0356,16.36,11.9,30.94,1.39,0.948,1.43
LMT-0287,15.0,16.0,1.674,0.0369,15.57,12.78,31.1,1.61,1.116,1.5
LMT-0287,16.0,17.0,1.509,0.0249,15.45,14.82,34.52,1.59,1.13,1.39
LMT-0287,17.0,18.0,1.682,0.0242,14.59,15.16,31.9,1.58,0.842,1.6
LMT-0287,18.0,19.0,1.568,0.0258,15.35,15.52,32.69,1.31,1.087,1.54
LMT-0287,19.0,20.0,1.67,0.0194,15.06,16.24,30.91,1.25,1.064,1.52
LMT-0287,20.0,21.0,1.401,0.0251,15.27,15.06,36.39,1.39,0.87,1.56
LMT-0287,21.0,22.0,1.408,0.0205,14.15,19.46,35.64,1.28,0.972,1.52
LMT-0287,22.0,23.0,1.267,0.0254,13.5,13.32,38.13,1.08,0.988,1.62
LMT-0287,23.0,24.0,1.337,0.0269,13.46,18.72,37.1,1.3,1.133,1.64
LMT-0287,24.0,25.0,1.342,0.0166,11.07,17.72,32.68,1.29,0.928,1.52
LMT-0287,25.0,26.0,1.421,0.0273,12.57,16.64,36.85,1.3,0.936,1.53
LMT-0287,26.0,27.0,1.304,0.0228,10.07,21.34,37.62,1.0,0.968,1.7
LMT-0287,27.0,28.0,0.932,0.0191,11.55,25.15,34.15,0.7,0.714,1.57
LMT-0287,28.0,29.0,1.071,0.0231,10.39,21.17,33.4,0.84,0.671,1.71
LMT-0287,29.0,30.0,1.194,0.0175,9.52,23.61,39.38,0.54,0.645,1.79
LMT-0287,30.0,31.0,1.082,0.0071,9.82,21.57,37.64,1.04,0.783,1.71
LMT-0287,31.0,32.0,1.006,0.0211,9.72,26.6,38.29,0.76,0.832,1.66
LMT-0287,32.0,33.0,0.281,0.011,5.93,28.49,36.12,0.85,0.363,2.54
LMT-0287,33.0,34.0,0.27,0.0141,6.16,30.96,34.39,0.79,0.415,2.53
LMT-0287,34.0,35.0,0.227,0.0084,6.05,30.98,40.97,0.74,0.356,2.49
LMT-0287,35.0,35.4,0.248,0.0071,6.32,33.47,34.63,0.75,0.403,2.3
LMT-0288,0.0,1.0,0.582,0.0219,45.61,0.58,2.96,6.28,2.509,1.38
LMT-0288,1.0,2.0,0.722,0.0358,45.52,0.94,4.4,5.76,2.287,1.37
LMT-0288,2.0,3.0,0.693,0.0564,42.33,1.29,6.58,6.33,1.814,1.38
LMT-0288,3.0,4.0,0.741,0.0413,40.46,1.97,6.71,5.05,1.931,1.33
LMT-0288,4.0,5.0,0.788,0.0556,41.48,2.24,8.39,3.15,1.775,1.4
LMT-0288,5.0,6.0,1.035,0.0341,37.94,2.88,8.94,3.64,1.88,1.38
LMT-0288,6.0,7.0,0.888,0.0491,39.04,2.87,10.46,4.09,1.966,1.3
LMT-0288,7.0,8.0,0.92,0.0812,33.97,3.47,11.65,3.54,1.695,1.36
LMT-0288,8.0,9.0,1.187,0.0672,34.05,4.02,12.45,3.66,1.674,1.46
LMT-0288,9.0,10.0,0.961,0.1348,36.53,4.11,13.12,2.83,1.675,1.41
LMT-0288,10.0,11.0,1.364,0.1758,35.48,4.8,14.25,3.33,1.984,1.35
LMT-0288,11.0,12.0,1.764,0.1104,19.17,10.15,29.19,1.45,1.257,1.45
LMT-0288,12.0,13.0,1.74,0.0842,17.36,9.25,30.27,1.69,1.349,1.48
LMT-0288,13.0,14.0,2.018,0.0527,18.7,10.54,29.09,2.03,1.266,1.42
LMT-0288,14.0,15.0,1.865,0.0441,17.38,10.38,30.66,1.5,1.16,1.47
LMT-0288,15.0,16.0,1.735,0.023,15.4,9.76,32.73,1.62,1.245,1.43
LMT-0288,16.0,17.0,1.883,0.0322,16.42,12.28,31.76,1.85,0.827,1.52
LMT-0288,17.0,18.0,2.235,0.0315,15.87,13.46,34.92,1.52,1.146,1.3
LMT-0288,18.0,19.0,1.58,0.0266,14.18,14.73,29.4,1.57,0.948,1.38
LMT-0288,19.0,20.0,1.468,0.032,15.72,12.94,30.09,1.5,1.002,1.53
LMT-0288,20.0,21.0,1.822,0.0245,14.34,14.73,32.63,1.53,0.842,1.4
LMT-0288,21.0,22.0,1.344,0.0272,14.1,12.21,31.68,1.08,0.908,1.52
LMT-0288,22.0,23.0,1.246,0.0272,12.33,14.17,33.59,1.25,0.795,1.53
LMT-0288,23.0,24.0,1.169,0.024,13.11,17.42,33.51,1.15,0.93,1.56
LMT-0288,24.0,25.0,0.932,0.0119,11.47,15.67,34.18,0.88,1.1,1.49
LMT-0288,25.0,26.0,1.38,0.0273,11.99,17.63,36.45,0.99,0.853,1.57
LMT-0288,26.0,27.0,1.141,0.0152,11.78,18.58,34.07,1.04,0.869,1.52
LMT-0288,27.0,28.0,0.957,0.0234,10.3,20.4,35.19,0.81,0.984,1.52
LMT-0288,28.0,29.0,1.193,0.014,10.6,20.69,30.44,1.02,0.764,1.66
LMT-0288,29.0,30.0,0.973,0.0149,10.49,18.83,35.01,0.93,0.958,1.47
LMT-0288,30.0,31.0,1.005,0.019,9.98,24.18,32.85,0.78,0.707,1.52
LMT-0288,31.0,32.0,1.02,0.0207,9.83,20.63,34.53,0.97,0.634,1.54
LMT-0288,32.0,33.0,0.993,0.0134,9.0,22.69,38.18,0.57,0.715,1.83
LMT-0288,33.0,34.0,0.217,0.0098,5.47,29.32,34.36,0.72,0.495,2.55
LMT-0288,34.0,35.0,0.248,0.0056,5.74,29.54,33.67,0.64,0.327,2.47
LMT-0288,35.0,36.1,0.182,0.008,5.59,30.23,40.04,0.47,0.339,2.55
LMT-0289,0.0,1.0,0.486,0.0177,48.22,0.59,3.09,6.23,2.639,1.53
LMT-0289,1.0,2.0,0.651,0.0464,46.1,0.95,4.76,7.11,2.387,1.42
LMT-0289,2.0,3.0,0.662,0.0625,44.2,1.76,6.5,4.1,2.002,1.34
LMT-0289,3.0,4.0,1.001,0.0404,44.9,1.61,6.69,6.78,1.555,1.39
LMT-0289,4.0,5.0,0.942,0.0526,41.09,2.06,7.71,5.06,2.201,1.42
LMT-0289,5.0,6.0,0.916,0.072,42.4,2.09,7.89,6.42,2.216,1.38
LMT-0289,6.0,7.0,1.195,0.0735,38.56,2.58,8.25,3.93,2.115,1.39
LMT-0289,7.0,8.0,1.098,0.0449,39.49,2.62,9.76,4.27,1.952,1.42
LMT-0289,8.0,9.0,0.959,0.0854,40.74,3.45,11.24,3.97,1.951,1.38
LMT-0289,9.0,10.0,1.216,0.0744,39.27,4.01,11.18,3.32,1.922,1.32
LMT-0289,10.0,11.0,1.123,0.0581,39.79,4.0,11.87,4.33,2.199,1.37
LMT-0289,11.0,12.0,1.09,0.0841,36.74,4.83,14.5,3.07,1.706,1.44
LMT-0289,12.0,13.0,1.151,0.0968,37.18,4.63,12.92,3.85,1.588,1.48
LMT-0289,13.0,14.0,1.225,0.0904,34.69,5.48,14.84,3.04,1.842,1.4
LMT-0289,14.0,15.0,0.832,0.1825,36.47,5.27,15.74,2.79,1.782,1.36
LMT-0289,15.0,16.0,2.059,0.1487,19.26,7.73,28.12,1.95,1.429,1.47
LMT-0289,16.0,17.0,1.818,0.1145,19.43,8.52,29.63,1.79,1.081,1.48
LMT-0289,17.0,18.0,2.361,0.0588,19.72,9.31,30.31,2.31,1.031,1.41
LMT-0289,18.0,19.0,1.944,0.0343,18.19,10.95,30.2,1.26,1.05,1.55
LMT-0289,19.0,20.0,1.75,0.0289,17.23,14.19,32.17,1.6,1.006,1.5
LMT-0289,20.0,21.0,2.072,0.0408,17.95,11.3,28.0,1.72,1.19,1.46
LMT-0289,21.0,22.0,2.104,0.0302,16.28,13.36,32.78,1.59,1.207,1.46
LMT-0289,22.0,23.0,1.639,0.0336,15.51,14.16,32.98,1.48,0.964,1.49
LMT-0289,23.0,24.0,1.712,0.0389,16.09,14.28,31.12,1.4,0.968,1.51
LMT-0289,24.0,25.0,1.591,0.0276,14.74,15.58,35.56,1.42,1.133,1.62
LMT-0289,25.0,26.0,1.822,0.0302,14.66,18.22,31.45,1.39,1.139,1.53
LMT-0289,26.0,27.0,1.443,0.0214,12.83,19.91,37.66,0.65,1.208,1.52
LMT-0289,27.0,28.0,1.487,0.0129,13.02,16.37,33.21,1.36,0.869,1.48
LMT-0289,28.0,29.0,1.302,0.0197,12.16,19.15,36.56,0.91,0.919,1.69
LMT-0289,29.0,30.0,1.173,0.0183,12.29,22.2,34.27,1.28,1.0,1.66
LMT-0289,30.0,31.0,1.26,0.0286,12.22,22.19,35.45,0.91,0.941,1.63
LMT-0289,31.0,32.0,1.021,0.0308,9.92,20.38,33.8,1.23,0.888,1.64
LMT-0289,32.0,33.0,1.017,0.0232,9.46,23.57,38.58,1.15,0.639,1.63
LMT-0289,33.0,34.0,1.067,0.0243,9.67,27.57,35.16,0.64,0.857,1.82
LMT-0289,34.0,35.0,0.84,0.0199,8.47,26.46,35.83,0.88,0.652,1.79
LMT-0289,35.0,36.0,0.286,0.0143,6.26,33.76,35.85,0.96,0.379,2.56
LMT-0289,36.0,37.0,0.271,0.011,6.37,33.84,39.48,0.64,0.34,2.65
LMT-0289,37.0,37.7,0.241,0.0115,5.9,34.95,40.18,0.73,0.392,2.38
LMT-0290,0.0,1.0,0.544,0.0385,43.54,0.57,3.45,6.04,2.441,1.6
LMT-0290,1.0,2.0,0.637,0.0412,44.7,0.89,4.84,6.18,2.383,1.41
LMT-0290,2.0,3.0,1.027,0.0509,45.96,1.48,6.28,5.57,1.88,1.37
LMT-0290,3.0,4.0,0.961,0.0494,47.06,2.01,7.06,6.41,2.454,1.45
LMT-0290,4.0,5.0,0.959,0.0511,41.56,2.1,8.79,5.92,2.131,1.38
LMT-0290,5.0,6.0,0.79,0.0621,44.24,2.64,9.58,3.12,1.722,1.34
LMT-0290,6.0,7.0,1.125,0.0768,40.12,2.73,9.43,4.16,2.239,1.4
LMT-0290,7.0,8.0,1.25,0.0789,38.47,2.86,11.39,3.51,1.779,1.45
LMT-0290,8.0,9.0,1.042,0.0704,39.84,3.67,11.81,4.31,1.704,1.36
LMT-0290,9.0,10.0,1.193,0.0738,40.87,3.37,11.46,4.11,2.176,1.35
LMT-0290,10.0,11.0,1.218,0.0855,38.86,4.23,12.97,4.73,2.263,1.38
LMT-0290,11.0,12.0,1.188,0.0838,37.09,4.64,14.92,3.4,1.974,1.36
LMT-0290,12.0,13.0,1.303,0.1479,36.32,5.08,15.51,3.09,1.768,1.45
LMT-0290,13.0,14.0,1.323,0.2121,35.79,5.71,16.58,3.27,1.709,1.36
LMT-0290,14.0,15.0,2.361,0.1343,17.62,8.5,32.31,1.66,1.437,1.31
LMT-0290,15.0,16.0,2.102,0.0996,19.1,11.84,30.35,1.63,1.229,1.26
LMT-0290,16.0,17.0,2.043,0.0531,17.49,12.2,31.36,1.79,1.314,1.41
LMT-0290,17.0,18.0,2.092,0.0352,17.73,11.01,30.25,1.77,1.165,1.38
LMT-0290,18.0,19.0,1.816,0.0441,15.87,14.48,30.65,1.45,1.327,1.53
LMT-0290,19.0,20.0,1.285,0.0254,15.35,15.78,36.01,1.79,0.961,1.52
LMT-0290,20.0,21.0,1.851,0.0282,15.1,16.33,37.16,1.31,1.095,1.59
LMT-0290,21.0,22.0,1.627,0.0372,13.58,15.22,34.41,1.26,0.962,1.55
LMT-0290,22.0,23.0,1.598,0.0244,12.32,18.46,33.31,1.33,0.807,1.57
LMT-0290,23.0,24.0,1.272,0.0137,11.68,22.29,38.24,1.19,1.054,1.72
LMT-0290,24.0,25.0,1.39,0.0218,11.33,19.72,42.21,1.22,0.896,1.79
LMT-0290,25.0,26.0,1.116,0.0287,10.58,23.6,37.25,1.02,0.742,1.67
LMT-0290,26.0,27.0,1.062,0.026,8.72,27.49,37.81,0.81,0.743,1.85
LMT-0290,27.0,28.0,0.245,0.0094,6.43,33.58,36.96,1.07,0.412,2.49
LMT-0290,28.0,29.0,0.289,0.0096,6.35,28.8,36.1,0.89,0.419,2.5
LMT-0290,29.0,29.8,0.277,0.0114,6.04,33.2,38.13,0.86,0.406,2.53
LMT-0291,0.0,1.0,0.84,0.0438,50.16,0.58,3.17,7.92,2.823,1.52
LMT-0291,1.0,2.0,0.825,0.0472,47.02,0.87,4.13,8.02,3.118,1.52
LMT-0291,2.0,3.0,1.093,0.0696,47.06,1.38,7.08,7.1,2.87,1.52
LMT-0291,3.0,4.0,1.0,0.0728,46.95,1.71,7.38,7.04,3.07,1.48
LMT-0291,4.0,5.0,1.138,0.0659,49.37,2.05,8.28,5.45,3.066,1.46
LMT-0291,5.0,6.0,1.12,0.0799,46.7,2.26,9.4,6.59,2.685,1.44
LMT-0291,6.0,7.0,1.302,0.0744,48.98,2.41,9.8,5.82,2.584,1.42
LMT-0291,7.0,8.0,1.156,0.0708,45.12,2.83,10.11,4.78,2.775,1.53
LMT-0291,8.0,9.0,1.003,0.0622,39.67,2.97,11.96,5.21,2.167,1.51
LMT-0291,9.0,10.0,1.345,0.0677,44.12,3.7,11.68,6.43,2.531,1.45
LMT-0291,10.0,11.0,1.107,0.0856,45.89,3.79,12.99,5.24,2.321,1.53
LMT-0291,11.0,12.0,1.319,0.1003,38.21,3.84,12.26,4.09,2.346,1.44
LMT-0291,12.0,13.0,1.469,0.1,42.11,4.81,13.1,5.02,2.509,1.47
LMT-0291,13.0,14.0,1.278,0.0888,40.82,4.59,14.79,3.69,2.139,1.54
LMT-0291,14.0,15.0,1.524,0.097,38.35,4.73,15.66,4.4,2.303,1.46
LMT-0291,15.0,16.0,1.606,0.0997,38.95,4.63,14.79,4.03,2.251,1.55
LMT-0291,16.0,17.0,1.513,0.2042,37.34,5.77,16.98,4.77,1.928,1.5
LMT-0291,17.0,18.0,1.635,0.252,41.09,5.64,17.37,3.4,2.009,1.66
LMT-0291,18.0,19.0,1.575,0.2583,37.37,7.26,19.4,3.27,1.916,1.66
LMT-0291,19.0,20.0,2.284,0.1272,18.8,11.06,33.94,2.56,1.349,1.47
LMT-0291,20.0,21.0,2.436,0.0809,19.05,11.55,36.37,2.15,1.357,1.49
LMT-0291,21.0,22.0,2.06,0.0642,16.34,15.43,32.7,1.9,1.294,1.54
LMT-0291,22.0,23.0,2.285,0.046,17.55,17.3,37.45,1.65,1.402,1.68
LMT-0291,23.0,24.0,2.238,0.0429,15.83,18.87,35.12,1.95,1.461,1.69
LMT-0291,24.0,25.0,1.971,0.0338,14.47,22.01,38.0,1.78,1.377,1.73
LMT-0291,25.0,26.0,1.717,0.0323,13.36,20.11,35.81,1.41,0.963,1.68
LMT-0291,26.0,27.0,1.409,0.0281,12.72,24.19,41.66,1.3,1.207,1.72
LMT-0291,27.0,28.0,1.488,0.0266,11.09,25.89,37.01,1.59,1.154,1.94
LMT-0291,28.0,29.0,1.194,0.0273,11.15,27.47,41.93,1.0,0.913,2.06
LMT-0291,29.0,30.0,0.412,0.0127,7.07,39.62,38.28,1.06,0.59,2.72
LMT-0291,30.0,31.0,0.353,0.0138,6.79,32.74,37.62,0.63,0.458,2.68
LMT-0291,31.0,32.3,0.334,0.0139,7.43,43.24,44.68,0.9,0.461,2.85
LMT-0292,0.0,1.0,0.708,0.0421,48.41,0.61,3.14,8.36,3.089,1.61
LMT-0292,1.0,2.0,0.823,0.0553,45.46,0.97,4.07,5.78,2.87,1.57
LMT-0292,2.0,3.0,1.16,0.0544,45.12,1.62,6.49,7.84,2.306,1.38
LMT-0292,3.0,4.0,1.044,0.0729,48.88,1.87,7.59,6.58,2.645,1.43
LMT-0292,4.0,5.0,1.059,0.0827,46.96,2.3,8.11,6.34,2.449,1.3
LMT-0292,5.0,6.0,1.175,0.0501,44.78,2.28,8.35,5.17,2.932,1.36
LMT-0292,6.0,7.0,1.058,0.0647,45.15,2.74,10.16,6.03,2.942,1.36
LMT-0292,7.0,8.0,1.079,0.0605,46.53,3.01,10.39,6.36,2.238,1.49
LMT-0292,8.0,9.0,1.142,0.1079,41.31,3.06,9.96,5.23,2.458,1.44
LMT-0292,9.0,10.0,1.32,0.1029,43.06,3.77,11.32,4.16,1.806,1.46
LMT-0292,10.0,11.0,1.385,0.0743,41.54,3.62,12.99,5.2,1.992,1.5
LMT-0292,11.0,12.0,1.244,0.0731,38.66,4.36,12.25,4.45,1.858,1.47
LMT-0292,12.0,13.0,1.428,0.0897,38.16,4.05,13.13,4.76,2.653,1.52
LMT-0292,13.0,14.0,1.414,0.0874,38.52,4.3,13.9,4.67,2.452,1.34
LMT-0292,14.0,15.0,1.236,0.0961,38.67,5.07,13.39,5.0,1.976,1.41
LMT-0292,15.0,16.0,1.563,0.0957,38.9,4.96,16.14,4.14,2.262,1.51
LMT-0292,16.0,17.0,1.597,0.1191,35.94,5.25,15.85,4.08,1.797,1.44
LMT-0292,17.0,18.0,1.257,0.1667,37.93,5.44,16.05,3.97,2.078,1.49
LMT-0292,18.0,19.0,1.478,0.2525,38.19,5.57,17.15,3.15,1.823,1.5
LMT-0292,19.0,20.0,1.654,0.2751,38.79,6.73,18.14,3.01,2.068,1.52
LMT-0292,20.0,21.0,2.466,0.1511,20.32,11.34,33.84,2.29,1.396,1.42
LMT-0292,21.0,22.0,2.407,0.0874,20.39,12.1,32.28,2.25,1.514,1.55
LMT-0292,22.0,23.0,2.628,0.0821,18.81,15.87,35.28,2.31,1.675,1.59
LMT-0292,23.0,24.0,1.901,0.0389,18.1,13.32,31.87,2.22,1.342,1.5
LMT-0292,24.0,25.0,1.806,0.0397,17.31,18.22,34.38,1.62,1.028,1.73
LMT-0292,25.0,26.0,1.704,0.0418,16.13,20.16,37.12,1.7,1.171,1.58
LMT-0292,26.0,27.0,1.686,0.036,14.18,21.41,40.29,1.52,1.008,1.69
LMT-0292,27.0,28.0,1.561,0.0281,12.23,21.59,39.0,1.32,1.107,1.76
LMT-0292,28.0,29.0,1.314,0.026,11.41,26.21,41.13,1.26,0.874,1.67
LMT-0292,29.0,30.0,1.487,0.0321,10.51,23.12,40.78,1.12,0.831,1.87
LMT-0292,30.0,31.0,1.031,0.0206,8.82,27.13,41.03,0.85,0.859,1.7
LMT-0292,31.0,32.0,0.357,0.0141,6.59,43.05,42.72,0.77,0.425,2.58
LMT-0292,32.0,33.0,0.314,0.013,6.53,42.6,40.5,1.01,0.488,2.65
LMT-0292,33.0,33.4,0.258,0.0138,6.03,38.29,38.53,0.74,0.504,2.76
LMT-0293,0.0,1.0,0.55,0.0313,46.81,0.57,3.11,7.23,2.03,1.46
LMT-0293,1.0,2.0,0.743,0.0326,51.9,0.82,4.13,5.35,2.778,1.53
LMT-0293,2.0,3.0,0.955,0.0341,49.04,1.55,6.74,4.87,2.553,1.38
LMT-0293,3.0,4.0,,,,,,,,1.27
LMT-0293,4.0,5.0,1.029,0.0579,42.38,1.83,7.91,5.97,2.132,1.41
LMT-0293,5.0,6.0,1.236,0.0781,42.72,2.43,7.87,6.03,1.997,1.36
LMT-0293,6.0,7.0,1.166,0.0637,40.1,2.74,9.3,4.04,1.812,1.41
LMT-0293,7.0,8.0,0.887,0.0576,42.94,2.36,10.24,4.22,2.118,1.35
LMT-0293,8.0,9.0,1.03,0.0434,45.22,3.48,9.99,4.2,2.325,1.44
LMT-0293,9.0,10.0,1.19,0.0558,40.38,3.21,9.92,4.51,2.465,1.44
LMT-0293,10.0,11.0,1.171,0.0686,42.29,3.16,11.84,4.93,1.51,1.38
LMT-0293,11.0,12.0,1.375,0.0851,39.71,4.26,12.66,4.0,2.131,1.42
LMT-0293,12.0,13.0,1.136,0.0808,39.84,3.96,14.01,3.81,1.913,1.44
LMT-0293,13.0,14.0,1.562,0.0736,35.79,4.86,14.41,3.79,2.058,1.44
LMT-0293,14.0,15.0,1.414,0.0883,37.65,5.21,14.81,3.4,1.472,1.42
LMT-0293,15.0,16.0,1.393,0.1117,36.14,5.51,14.19,3.44,1.832,1.49
LMT-0293,16.0,17.0,1.582,0.2366,35.44,5.2,14.69,3.24,1.459,1.49
LMT-0293,17.0,18.0,1.231,0.2602,35.58,5.66,15.38,3.06,1.634,1.57
LMT-0293,18.0,19.0,1.988,0.0807,18.74,11.02,30.37,1.96,1.387,1.45
LMT-0293,19.0,20.0,2.528,0.0769,16.44,10.72,29.15,1.77,1.018,1.54
LMT-0293,20.0,21.0,2.127,0.0542,18.27,12.86,34.02,1.64,1.162,1.52
LMT-0293,21.0,22.0,2.106,0.0309,16.23,15.81,31.55,1.57,1.297,1.6
LMT-0293,22.0,23.0,1.956,0.0273,13.39,18.02,32.22,1.61,0.981,1.61
LMT-0293,23.0,24.0,1.42,0.0318,12.04,20.04,39.18,1.26,1.256,1.55
LMT-0293,24.0,25.0,1.397,0.0305,12.21,21.15,38.65,1.01,0.955,1.67
LMT-0293,25.0,26.0,1.113,0.0212,11.68,24.39,36.57,0.88,0.848,1.75
LMT-0293,26.0,27.0,1.215,0.0169,9.09,21.7,36.61,0.76,0.744,1.73
LMT-0293,27.0,28.0,0.284,0.0115,6.38,36.66,35.75,0.7,0.448,2.66
LMT-0293,28.0,29.2,0.272,0.0124,6.21,34.86,37.79,0.68,0.413,2.51
LMT-0294,0.0,1.0,0.635,0.0395,48.83,0.73,2.99,7.81,2.62,1.54
LMT-0294,1.0,2.0,0.827,0.0591,51.18,1.0,4.92,6.05,2.976,1.61
LMT-0294,2.0,3.0,0.995,0.0799,49.25,2.02,8.11,6.21,2.946,1.47
LMT-0294,3.0,4.0,1.053,0.0706,44.22,2.53,10.66,5.31,1.895,1.55
LMT-0294,4.0,5.0,1.173,0.0995,42.43,3.52,12.15,4.17,2.554,1.52
LMT-0294,5.0,6.0,1.291,0.0928,45.13,3.88,12.48,6.15,2.463,1.49
LMT-0294,6.0,7.0,1.293,0.1355,43.97,4.94,14.23,5.36,1.964,1.49
LMT-0294,7.0,8.0,1.519,0.2551,42.51,5.17,15.18,4.06,1.871,1.47
LMT-0294,8.0,9.0,2.588,0.1539,20.37,9.21,32.16,2.41,1.354,1.5
LMT-0294,9.0,10.0,2.284,0.1057,19.17,12.01,32.81,2.18,1.518,1.57
LMT-0294,10.0,11.0,2.266,0.0736,18.83,13.88,35.3,2.27,1.604,1.51
LMT-0294,11.0,12.0,2.028,0.045,18.09,14.01,34.89,2.07,1.222,1.58
LMT-0294,12.0,13.0,2.234,0.0363,16.9,14.11,36.83,1.52,1.319,1.69
LMT-0294,13.0,14.0,1.87,0.0524,17.17,15.78,38.07,1.7,1.263,1.71
LMT-0294,14.0,15.0,1.528,0.0434,15.15,17.3,37.97,1.38,0.948,1.64
LMT-0294,15.0,16.0,1.646,0.036,14.23,21.09,39.1,1.8,0.932,1.81
LMT-0294,16.0,17.0,1.521,0.0389,12.96,24.66,41.84,1.27,1.111,1.9
LMT-0294,17.0,18.0,1.337,0.0345,11.3,22.75,38.12,1.64,1.074,1.9
LMT-0294,18.0,19.0,1.024,0.0219,9.93,26.08,39.37,1.15,1.033,1.89
LMT-0294,19.0,20.0,0.339,0.0126,7.08,31.84,37.4,0.96,0.485,2.46
LMT-0294,20.0,21.0,0.333,0.0153,7.12,41.54,42.27,0.94,0.503,2.6
LMT-0294,21.0,21.9,0.259,0.0112,6.61,37.44,39.69,0.93,0.415,2.76
LMT-0295,0.0,1.0,0.682,0.0339,38.89,1.13,6.58,5.55,1.952,1.34
LMT-0295,1.0,2.0,0.618,0.0471,41.73,2.03,7.16,3.77,1.508,1.42
LMT-0295,2.0,3.0,0.8,0.0529,38.17,2.45,9.33,4.6,1.78,1.29
LMT-0295,3.0,4.0,0.951,0.0553,36.13,3.14,10.0,3.49,1.583,1.23
LMT-0295,4.0,5.0,0.898,0.1277,37.22,3.84,12.34,3.74,1.591,1.33
LMT-0295,5.0,6.0,1.002,0.0904,34.36,4.37,12.8,2.66,1.037,1.41
LMT-0295,6.0,7.0,1.15,0.1586,35.12,5.5,14.76,3.15,1.216,1.49
LMT-0295,7.0,8.0,1.491,0.0997,19.27,8.43,30.99,1.82,1.293,1.38
LMT-0295,8.0,9.0,1.477,0.0658,18.51,10.06,29.67,1.78,0.902,1.54
LMT-0295,9.0,10.0,1.631,0.0434,18.6,10.7,32.33,1.99,1.088,1.34
LMT-0295,10.0,11.0,1.606,0.0276,17.03,11.1,30.01,1.81,1.131,1.54
LMT-0295,11.0,12.0,1.378,0.0256,17.41,11.35,28.73,1.25,1.136,1.38
LMT-0295,12.0,13.0,1.516,0.0393,16.58,11.69,30.52,1.28,1.032,1.46
LMT-0295,13.0,14.0,1.456,0.0286,14.3,13.26,31.34,1.96,0.894,1.58
LMT-0295,14.0,15.0,1.474,0.0244,13.05,12.77,29.49,1.61,0.902,1.47
LMT-0295,15.0,16.0,1.497,0.0263,14.09,14.28,28.92,1.1,0.985,1.5
LMT-0295,16.0,17.0,1.547,0.0277,12.63,16.31,30.43,1.39,1.034,1.42
LMT-0295,17.0,18.0,1.368,0.029,11.93,14.94,33.47,1.22,0.874,1.49
LMT-0295,18.0,19.0,1.213,0.025,12.35,19.26,33.74,0.9,0.712,1.48
LMT-0295,19.0,20.0,1.116,0.0178,12.44,14.8,35.06,1.19,0.85,1.6
LMT-0295,20.0,21.0,0.974,0.0246,11.03,19.97,34.31,1.08,0.879,1.64
LMT-0295,21.0,22.0,1.348,0.0157,9.65,21.12,34.67,1.21,0.665,1.7
LMT-0295,22.0,23.0,0.889,0.0273,9.39,19.83,32.53,0.79,0.805,1.6
LMT-0295,23.0,24.0,0.872,0.0136,8.9,22.81,38.54,0.87,0.683,1.71
LMT-0295,24.0,25.0,0.771,0.0151,9.4,23.83,36.18,0.81,0.728,1.55
LMT-0295,25.0,26.0,0.8,0.017,8.35,21.19,37.69,0.89,0.729,1.76
LMT-0295,26.0,27.0,0.244,0.0104,5.99,30.46,35.3,0.51,0.42,2.38
LMT-0295,27.0,28.0,0.208,0.0107,5.84,29.86,38.09,0.81,0.359,2.25
LMT-0295,28.0,29.1,0.219,0.0095,6.14,31.71,32.87,0.57,0.304,2.53
LMT-0296,0.0,1.0,0.926,0.0552,41.66,1.37,5.7,5.41,2.522,1.27
LMT-0296,1.0,2.0,0.773,0.0757,45.77,1.99,8.6,5.22,2.466,1.35
LMT-0296,2.0,3.0,0.905,0.0676,44.47,2.54,9.37,5.23,2.395,1.31
LMT-0296,3.0,4.0,0.863,0.0834,41.51,3.3,10.64,5.31,2.588,1.48
LMT-0296,4.0,5.0,1.101,0.1012,38.7,3.91,11.84,3.99,2.27,1.43
LMT-0296,5.0,6.0,0.991,0.1393,36.83,4.61,14.15,3.89,2.039,1.41
LMT-0296,6.0,7.0,1.059,0.2011,36.76,5.75,16.47,3.67,1.661,1.44
LMT-0296,7.0,8.0,1.98,0.1511,20.55,8.98,30.6,1.84,1.251,1.31
LMT-0296,8.0,9.0,2.041,0.0974,19.65,9.49,34.74,2.05,1.356,1.48
LMT-0296,9.0,10.0,1.697,0.0776,19.65,9.67,32.82,1.91,1.451,1.35
LMT-0296,10.0,11.0,1.409,0.0288,18.48,11.73,34.52,1.64,1.182,1.52
LMT-0296,11.0,12.0,1.344,0.0423,16.69,13.44,29.6,2.25,0.861,1.53
LMT-0296,12.0,13.0,1.45,0.0283,15.66,15.63,29.89,1.75,1.43,1.46
LMT-0296,13.0,14.0,1.344,0.031,14.97,17.58,36.1,1.28,1.248,1.51
LMT-0296,14.0,15.0,1.41,0.0334,14.01,16.36,34.81,1.83,1.168,1.61
LMT-0296,15.0,16.0,1.243,0.0301,13.79,19.8,40.71,1.3,0.969,1.59
LMT-0296,16.0,17.0,1.205,0.0153,13.06,19.39,38.42,1.29,1.023,1.6
LMT-0296,17.0,18.0,1.259,0.0248,12.44,20.86,35.27,1.01,0.897,1.7
LMT-0296,18.0,19.0,1.145,0.0304,11.08,19.32,36.2,0.94,0.946,1.73
LMT-0296,19.0,20.0,1.037,0.0246,11.13,20.33,37.28,1.14,0.93,1.89
LMT-0296,20.0,21.0,0.793,0.0218,10.12,20.38,39.3,1.07,0.727,1.7
LMT-0296,21.0,22.0,0.802,0.0202,9.65,22.49,42.29,1.08,0.873,1.69
LMT-0296,22.0,23.0,0.248,0.0125,6.29,35.61,36.2,0.74,0.429,2.6
LMT-0296,23.0,24.2,0.183,0.0106,6.31,33.35,35.04,0.64,0.461,2.48
LMT-0297,0.0,1.0,0.798,0.0704,45.19,1.5,6.77,7.32,2.516,1.43
LMT-0297,1.0,2.0,0.536,0.0721,47.24,2.18,8.23,5.84,2.617,1.46
LMT-0297,2.0,3.0,0.744,0.0868,42.07,2.79,9.39,6.12,2.272,1.46
LMT-0297,3.0,4.0,0.974,0.0929,43.31,3.26,10.9,4.66,2.081,1.44
LMT-0297,4.0,5.0,0.893,0.0944,40.8,4.01,12.79,5.17,2.235,1.48
LMT-0297,5.0,6.0,1.086,0.1127,40.06,4.55,13.73,4.33,2.36,1.48
LMT-0297,6.0,7.0,0.899,0.1287,40.98,5.15,15.45,4.07,1.896,1.44
LMT-0297,7.0,8.0,1.012,0.2672,38.38,5.48,16.48,4.99,2.086,1.46
LMT-0297,8.0,9.0,1.646,0.1884,22.23,9.54,32.87,2.88,1.627,1.51
LMT-0297,9.0,10.0,1.655,0.1136,20.14,11.3,37.38,2.09,1.561,1.52
LMT-0297,10.0,11.0,1.511,0.068,16.74,14.19,32.22,1.93,1.524,1.65
LMT-0297,11.0,12.0,1.745,0.0382,16.14,16.62,33.83,2.11,1.272,1.64
LMT-0297,12.0,13.0,1.202,0.0431,15.2,15.52,38.07,1.73,1.346,1.57
LMT-0297,13.0,14.0,1.523,0.0367,13.94,20.08,37.89,1.51,0.859,1.62
LMT-0297,14.0,15.0,1.113,0.037,12.1,20.91,37.17,1.49,0.988,1.73
LMT-0297,15.0,16.0,0.974,0.0312,11.2,23.3,40.77,0.98,1.059,1.74
LMT-0297,16.0,17.0,0.744,0.0243,10.74,25.38,39.38,1.23,0.966,1.78
LMT-0297,17.0,18.0,0.262,0.013,6.87,38.33,39.53,1.11,0.454,2.56
LMT-0297,18.0,19.0,0.214,0.012,6.2,35.76,43.02,0.97,0.525,2.71
LMT-0297,19.0,20.0,0.213,0.0132,6.89,37.45,41.65,0.81,0.445,2.59
LMT-0297,20.0,20.4,0.218,0.0129,6.45,33.51,37.16,0.88,0.488,2.67
LMT-0298,0.0,1.0,0.637,0.0591,56.0,1.13,5.25,7.97,2.912,1.59
LMT-0298,1.0,2.0,0.807,0.0788,48.02,2.16,8.32,6.25,2.874,1.48
LMT-0298,2.0,3.0,0.872,0.0624,43.27,3.1,10.32,5.2,3.093,1.48
LMT-0298,3.0,4.0,0.785,0.093,40.62,4.06,12.16,6.54,2.811,1.57
LMT-0298,4.0,5.0,0.988,0.1369,40.36,4.44,13.14,4.56,2.215,1.51
LMT-0298,5.0,6.0,1.176,0.2592,43.36,5.11,15.0,5.16,2.21,1.56
LMT-0298,6.0,7.0,1.272,0.2989,40.67,5.59,17.82,4.13,1.991,1.58
LMT-0298,7.0,8.0,2.121,0.168,22.06,10.13,34.41,3.04,1.931,1.5
LMT-0298,8.0,9.0,1.811,0.1412,21.7,11.69,36.18,2.19,1.837,1.6
LMT-0298,9.0,10.0,1.718,0.0868,19.79,14.41,36.72,2.22,1.481,1.71
LMT-0298,10.0,11.0,1.639,0.0605,18.13,14.18,35.46,2.52,1.784,1.74
LMT-0298,11.0,12.0,1.861,0.0587,18.07,14.8,37.62,2.28,1.473,1.88
LMT-0298,12.0,13.0,1.541,0.0521,17.86,19.52,37.31,2.24,1.351,1.85
LMT-0298,13.0,14.0,1.496,0.047,16.29,19.36,38.87,2.28,1.341,1.62
LMT-0298,14.0,15.0,1.534,0.0383,14.25,20.07,39.13,1.19,1.329,1.68
LMT-0298,15.0,16.0,1.318,0.0487,15.08,21.63,37.8,1.72,1.315,1.97
LMT-0298,16.0,17.0,1.357,0.0337,13.9,21.18,40.32,1.36,1.174,1.87
LMT-0298,17.0,18.0,1.159,0.0387,14.22,21.55,42.19,1.63,1.143,1.87
LMT-0298,18.0,19.0,1.117,0.0342,12.81,25.91,40.5,1.67,1.288,1.91
LMT-0298,19.0,20.0,0.94,0.0307,11.95,27.97,43.93,1.34,1.097,1.79
LMT-0298,20.0,21.0,0.89,0.0287,10.15,25.99,42.73,1.37,1.079,1.98
LMT-0298,21.0,22.0,0.871,0.021,9.95,32.6,45.9,1.19,0.965,1.9
LMT-0298,22.0,23.0,0.254,0.0105,7.37,44.4,42.29,0.99,0.539,2.85
LMT-0298,23.0,24.0,0.242,0.0172,6.95,39.06,42.5,0.96,0.6,2.8
LMT-0298,24.0,25.1,0.178,0.0159,6.59,44.06,39.34,0.96,0.471,2.85
LMT-0299,0.0,1.0,0.848,0.0586,56.0,0.88,4.14,10.26,3.172,1.63
LMT-0299,1.0,2.0,0.978,0.0845,48.26,2.31,8.78,7.41,2.974,1.52
LMT-0299,2.0,3.0,1.004,0.0987,46.16,3.2,11.6,6.15,2.864,1.66
LMT-0299,3.0,4.0,1.22,0.2078,45.43,4.81,13.72,6.59,2.871,1.57
LMT-0299,4.0,5.0,1.34,0.2644,43.15,5.47,17.52,4.64,2.501,1.66
LMT-0299,5.0,6.0,1.331,0.3925,41.18,6.38,18.53,4.86,2.377,1.65
LMT-0299,6.0,7.0,2.147,0.1935,19.23,15.1,39.76,2.73,1.877,1.55
LMT-0299,7.0,8.0,1.936,0.1054,19.28,14.74,37.36,2.66,1.362,1.7
LMT-0299,8.0,9.0,2.021,0.0733,18.32,18.11,42.01,2.2,1.494,1.67
LMT-0299,9.0,10.0,1.823,0.0531,16.56,18.16,38.06,2.07,1.542,1.87
LMT-0299,10.0,11.0,1.534,0.0497,15.25,20.97,43.72,1.84,1.285,1.91
LMT-0299,11.0,12.0,1.511,0.0395,14.28,24.04,40.95,1.62,1.331,1.97
LMT-0299,12.0,13.0,1.227,0.0374,13.78,26.76,44.34,1.76,1.1,1.83
LMT-0299,13.0,14.0,1.229,0.0335,11.91,27.86,44.1,1.47,1.174,1.97
LMT-0299,14.0,15.0,0.309,0.021,7.48,42.9,41.29,1.1,0.562,2.83
LMT-0299,15.0,16.0,0.285,0.0146,7.36,43.38,47.7,1.27,0.563,2.82
LMT-0299,16.0,16.5,0.317,0.0169,7.32,41.39,43.7,1.34,0.525,2.85
LMT-0300,0.0,1.0,0.708,0.0493,53.26,0.96,4.54,9.5,2.991,1.57
LMT-0300,1.0,2.0,1.038,0.0852,48.73,2.33,7.99,8.03,3.003,1.44
LMT-0300,2.0,3.0,1.066,0.1037,49.94,2.67,10.61,7.52,2.873,1.5
LMT-0300,3.0,4.0,1.318,0.1253,43.12,4.42,12.66,7.04,2.48,1.54
LMT-0300,4.0,5.0,1.632,0.2205,44.38,5.18,13.71,6.2,2.812,1.66
LMT-0300,5.0,6.0,1.236,0.3757,42.53,6.75,16.85,5.18,2.249,1.64
LMT-0300,6.0,7.0,2.452,0.1898,23.49,11.09,34.28,2.96,1.599,1.6
LMT-0300,7.0,8.0,2.515,0.1535,20.73,14.29,35.73,2.99,1.566,1.63
LMT-0300,8.0,9.0,2.054,0.0729,16.45,18.04,39.0,2.09,1.705,1.77
LMT-0300,9.0,10.0,1.654,0.0381,13.21,27.41,44.33,1.9,1.263,1.87
LMT-0300,10.0,11.0,1.251,0.0295,10.74,31.71,46.56,1.23,1.098,1.97
LMT-0300,11.0,12.0,0.36,0.0207,7.39,39.2,40.64,1.07,0.551,2.71
LMT-0300,12.0,13.0,0.382,0.0209,7.26,42.39,45.35,1.33,0.476,2.85
LMT-0300,13.0,14.1,0.308,0.0144,7.05,41.0,48.59,0.87,0.443,2.78
LMT-0301,0.0,1.0,1.02,0.0609,49.1,1.76,7.11,8.17,3.098,1.46
LMT-0301,1.0,2.0,0.997,0.0886,49.01,2.5,9.0,8.06,2.797,1.44
LMT-0301,2.0,3.0,1.163,0.0952,46.7,3.28,11.14,5.74,3.143,1.46
LMT-0301,3.0,4.0,1.476,0.1251,40.04,4.24,12.39,6.72,2.766,1.58
LMT-0301,4.0,5.0,1.46,0.1989,43.72,4.9,14.53,5.2,2.779,1.56
LMT-0301,5.0,6.0,1.391,0.2069,42.36,6.58,17.41,4.04,2.267,1.65
LMT-0301,6.0,7.0,1.476,0.3576,36.73,6.7,18.07,3.82,2.129,1.7
LMT-0301,7.0,8.0,2.372,0.1417,18.79,16.52,40.53,2.12,1.595,1.76
LMT-0301,8.0,9.0,1.739,0.0712,14.01,23.26,34.95,1.94,1.412,1.67
LMT-0301,9.0,10.0,0.966,0.0377,10.9,32.31,42.1,1.5,1.06,2.05
LMT-0301,10.0,11.0,0.379,0.0186,7.11,39.0,39.57,0.96,0.607,2.7
LMT-0301,11.0,12.2,0.347,0.0137,6.64,40.47,43.43,1.15,0.502,2.52
LMT-0302,0.0,1.0,0.854,0.0621,46.86,1.57,5.92,7.17,2.429,1.4
LMT-0302,1.0,2.0,1.141,0.0654,46.02,2.58,9.08,5.88,2.38,1.39
LMT-0302,2.0,3.0,1.189,0.1037,43.13,3.75,11.42,4.72,2.04,1.57
LMT-0302,3.0,4.0,1.171,0.156,43.34,5.3,13.59,4.01,1.801,1.57
LMT-0302,4.0,5.0,1.278,0.2439,38.49,5.31,16.07,2.7,1.48,1.5
LMT-0302,5.0,6.0,2.184,0.1503,17.9,14.75,33.34,1.76,1.132,1.47
LMT-0302,6.0,7.0,1.806,0.0528,14.49,18.91,34.05,1.52,1.402,1.54
LMT-0302,7.0,8.0,1.359,0.0386,12.41,21.37,41.59,0.99,0.785,1.71
LMT-0302,8.0,9.0,0.353,0.0158,6.93,36.76,40.21,1.15,0.454,2.53
LMT-0302,9.0,10.0,0.261,0.0129,6.57,36.66,39.01,0.75,0.319,2.49
LMT-0302,10.0,10.6,0.274,0.011,6.25,37.9,36.79,0.83,0.342,2.39
LMT-0303,0.0,1.0,1.043,0.1411,52.34,1.07,5.24,9.34,3.069,1.6
LMT-0303,1.0,2.0,2.609,0.1517,19.84,12.22,33.04,2.25,1.866,1.43
LMT-0303,2.0,3.0,,,,,,,,1.64
LMT-0303,3.0,4.0,2.112,0.0649,17.05,15.71,33.85,1.96,1.56,1.66
LMT-0303,4.0,5.0,1.726,0.0578,16.11,19.83,39.49,2.18,1.39,1.81
LMT-0303,5.0,6.0,1.416,0.0382,12.97,23.55,38.79,1.36,1.119,1.93
LMT-0303,6.0,7.0,1.167,0.0297,12.26,28.31,43.08,1.34,0.956,1.71
LMT-0303,7.0,8.0,0.297,0.0183,6.74,40.26,41.82,1.19,0.542,2.82
LMT-0303,8.0,9.0,0.311,0.0149,6.95,42.58,41.81,1.16,0.477,2.74
LMT-0303,9.0,10.0,0.326,0.0151,6.84,41.18,41.45,1.09,0.477,2.69
LMT-0303,10.0,10.6,0.31,0.017,6.63,44.16,45.75,0.97,0.495,2.82
LMT-0304,0.0,1.0,0.742,0.0421,48.54,0.75,4.07,5.79,2.899,1.54
LMT-0304,1.0,2.0,1.027,0.0725,47.05,2.04,7.27,5.59,2.831,1.5
LMT-0304,2.0,3.0,1.256,0.0921,43.31,2.94,10.64,6.03,2.47,1.38
LMT-0304,3.0,4.0,1.334,0.1812,37.77,4.04,12.77,4.27,2.458,1.48
LMT-0304,4.0,5.0,1.273,0.2438,41.85,5.63,15.67,3.7,1.511,1.49
LMT-0304,5.0,6.0,2.232,0.1484,19.32,9.8,30.57,1.96,1.371,1.62
LMT-0304,6.0,7.0,1.451,0.0833,17.76,12.74,36.71,2.14,1.675,1.55
LMT-0304,7.0,8.0,2.173,0.0546,16.99,14.57,34.53,1.54,1.324,1.59
LMT-0304,8.0,9.0,1.666,0.0461,16.38,14.94,33.82,1.64,1.392,1.68
LMT-0304,9.0,10.0,1.701,0.0346,15.28,17.59,34.52,1.48,1.234,1.59
LMT-0304,10.0,11.0,1.493,0.0331,14.69,22.58,35.92,1.49,1.112,1.67
LMT-0304,11.0,12.0,1.47,0.0284,12.89,20.7,35.83,1.16,1.144,1.69
LMT-0304,12.0,13.0,1.44,0.0238,12.18,25.73,41.04,1.13,0.896,1.78
LMT-0304,13.0,14.0,1.054,0.0228,10.14,25.32,42.29,1.07,0.773,1.82
LMT-0304,14.0,15.0,0.277,0.0125,6.64,34.88,36.74,0.94,0.546,2.64
LMT-0304,15.0,16.0,0.325,0.0137,6.26,38.99,37.49,0.99,0.477,2.73
LMT-0304,16.0,17.2,0.315,0.0152,6.74,31.04,38.12,1.02,0.413,2.68
LMT-0305,0.0,1.0,0.628,0.0403,51.87,0.8,3.82,7.69,2.55,1.58
LMT-0305,1.0,2.0,0.87,0.0708,43.9,1.48,7.41,5.25,2.643,1.4
LMT-0305,2.0,3.0,0.879,0.0547,40.99,1.85,8.43,4.36,1.976,1.41
LMT-0305,3.0,4.0,1.126,0.0591,42.14,3.46,10.23,5.73,2.019,1.5
LMT-0305,4.0,5.0,1.178,0.0877,38.94,3.48,13.02,5.04,1.813,1.52
LMT-0305,5.0,6.0,1.211,0.1618,38.34,4.77,13.87,3.09,2.193,1.38
LMT-0305,6.0,7.0,1.069,0.2768,37.36,5.63,17.85,3.12,1.652,1.42
LMT-0305,7.0,8.0,1.969,0.1936,19.53,9.75,32.45,1.8,1.285,1.48
LMT-0305,8.0,9.0,2.056,0.0779,17.71,12.09,30.53,2.07,1.501,1.58
LMT-0305,9.0,10.0,2.316,0.059,17.28,14.05,33.13,2.21,1.33,1.43
LMT-0305,10.0,11.0,2.012,0.0423,16.96,13.41,34.19,1.78,1.207,1.6
LMT-0305,11.0,12.0,1.916,0.0475,16.4,15.33,35.45,1.72,1.042,1.58
LMT-0305,12.0,13.0,1.518,0.0425,14.89,18.17,35.92,1.85,0.906,1.62
LMT-0305,13.0,14.0,1.7,0.0326,15.91,20.52,37.15,1.52,1.202,1.66
LMT-0305,14.0,15.0,1.343,0.0326,13.78,20.14,35.56,1.86,1.185,1.7
LMT-0305,15.0,16.0,1.172,0.0309,13.3,22.24,37.02,1.17,0.927,1.72
LMT-0305,16.0,17.0,1.067,0.0211,11.61,22.65,40.51,1.16,0.893,1.93
LMT-0305,17.0,18.0,1.014,0.0201,9.69,25.59,37.8,0.96,0.67,1.89
LMT-0305,18.0,19.0,1.039,0.0212,9.61,25.26,44.83,0.94,0.842,1.96
LMT-0305,19.0,20.0,0.246,0.0143,6.48,35.96,40.64,0.95,0.411,2.47
LMT-0305,20.0,21.0,0.249,0.0127,6.29,34.45,39.78,0.93,0.455,2.7
LMT-0305,21.0,21.3,0.241,0.0121,6.47,31.5,38.71,0.62,0.495,2.73
LMT-0306,0.0,1.0,0.583,0.044,49.75,0.75,3.7,8.41,3.055,1.59
LMT-0306,1.0,2.0,0.887,0.0788,48.16,1.66,8.26,5.58,2.233,1.46
LMT-0306,2.0,3.0,0.854,0.1002,41.99,2.93,9.68,5.7,2.265,1.48
LMT-0306,3.0,4.0,1.02,0.1926,42.69,4.8,12.54,4.32,2.281,1.45
LMT-0306,4.0,5.0,1.399,0.2717,40.87,5.25,16.02,4.98,1.971,1.44
LMT-0306,5.0,6.0,2.332,0.1647,20.86,9.69,33.6,2.28,1.528,1.56
LMT-0306,6.0,7.0,1.81,0.1005,20.81,10.99,32.71,2.34,1.373,1.45
LMT-0306,7.0,8.0,2.009,0.0699,19.02,12.4,35.54,2.16,1.558,1.57
LMT-0306,8.0,9.0,1.846,0.0598,18.25,13.13,34.42,2.0,1.419,1.57
LMT-0306,9.0,10.0,1.931,0.0495,17.3,16.46,35.03,2.09,1.483,1.61
LMT-0306,10.0,11.0,1.632,0.0373,16.93,16.22,33.86,1.32,1.179,1.7
LMT-0306,11.0,12.0,1.272,0.0474,15.76,19.94,35.63,1.72,1.084,1.65
LMT-0306,12.0,13.0,1.352,0.0348,15.54,18.82,34.62,1.63,1.184,1.66
LMT-0306,13.0,14.0,1.365,0.0406,13.87,21.87,39.59,1.46,0.997,1.8
LMT-0306,14.0,15.0,0.968,0.0387,13.27,21.93,38.56,1.45,1.049,1.82
LMT-0306,15.0,16.0,1.261,0.0268,11.77,21.4,38.45,1.77,1.09,1.85
LMT-0306,16.0,17.0,1.131,0.0239,10.86,27.19,40.69,1.02,1.05,1.85
LMT-0306,17.0,18.0,1.095,0.0245,10.07,27.91,37.29,1.06,0.91,1.79
LMT-0306,18.0,19.0,0.269,0.0144,7.47,36.9,42.04,0.97,0.521,2.43
LMT-0306,19.0,20.0,0.185,0.0143,6.53,35.28,44.5,1.03,0.433,2.66
LMT-0306,20.0,21.0,0.287,0.016,6.65,38.37,42.43,0.83,0.439,2.85
LMT-0306,21.0,21.3,0.272,0.0109,6.45,41.52,41.45,0.98,0.493,2.76
LMT-0307,0.0,1.0,0.478,0.0314,47.66,0.61,3.18,6.89,2.524,1.44
LMT-0307,1.0,2.0,0.605,0.0537,46.63,1.02,4.63,5.4,2.688,1.39
LMT-0307,2.0,3.0,0.854,0.0629,41.38,1.71,7.26,6.01,2.51,1.35
LMT-0307,3.0,4.0,0.743,0.0592,44.44,2.01,8.21,5.55,2.472,1.46
LMT-0307,4.0,5.0,0.807,0.0606,38.73,3.08,9.37,3.66,2.4,1.42
LMT-0307,5.0,6.0,0.994,0.0977,44.56,3.12,11.82,5.44,1.922,1.45
LMT-0307,6.0,7.0,0.932,0.1097,36.92,4.6,13.62,3.53,2.152,1.41
LMT-0307,7.0,8.0,0.954,0.1809,34.7,4.43,14.01,2.91,1.906,1.45
LMT-0307,8.0,9.0,1.3,0.3131,34.65,5.09,16.91,2.79,1.933,1.39
LMT-0307,9.0,10.0,1.889,0.1516,19.91,9.57,29.6,2.18,1.561,1.47
LMT-0307,10.0,11.0,1.808,0.0957,19.49,12.14,31.77,1.97,1.271,1.54
LMT-0307,11.0,12.0,1.841,0.0558,16.45,12.19,30.83,1.96,1.365,1.47
LMT-0307,12.0,13.0,1.796,0.0359,15.58,15.28,33.4,1.8,1.22,1.45
LMT-0307,13.0,14.0,1.437,0.034,13.69,14.3,34.05,1.43,1.115,1.47
LMT-0307,14.0,15.0,1.393,0.0369,13.58,17.28,33.2,1.39,1.025,1.52
LMT-0307,15.0,16.0,1.313,0.0254,12.58,18.07,36.71,1.68,0.878,1.56
LMT-0307,16.0,17.0,0.872,0.0295,11.74,18.66,36.82,1.09,0.899,1.67
LMT-0307,17.0,18.0,1.184,0.0165,12.2,19.19,37.31,1.03,0.807,1.64
LMT-0307,18.0,19.0,1.031,0.0263,10.33,26.72,40.02,1.09,0.882,1.77
LMT-0307,19.0,20.0,0.81,0.0188,8.88,25.12,40.22,0.95,0.626,1.53
LMT-0307,20.0,21.0,0.206,0.0129,5.96,31.7,37.78,0.83,0.418,2.3
LMT-0307,21.0,22.2,0.241,0.0126,6.12,39.08,42.65,1.03,0.398,2.66
LMT-0308,0.0,1.0,0.555,0.0254,45.53,0.54,2.79,6.54,2.694,1.47
LMT-0308,1.0,2.0,0.743,0.0225,47.03,0.72,4.29,6.49,2.021,1.48
LMT-0308,2.0,3.0,0.862,0.0613,45.48,1.48,6.15,4.8,2.173,1.29
LMT-0308,3.0,4.0,0.805,0.0497,45.52,1.76,7.82,4.66,1.86,1.41
LMT-0308,4.0,5.0,1.087,0.0492,39.61,2.31,8.21,5.04,2.058,1.45
LMT-0308,5.0,6.0,0.884,0.08,39.51,2.79,9.72,3.61,2.471,1.28
LMT-0308,6.0,7.0,0.989,0.0461,39.99,3.16,10.97,4.85,2.18,1.29
LMT-0308,7.0,8.0,1.0,0.0604,38.52,2.91,11.48,4.92,2.012,1.46
LMT-0308,8.0,9.0,1.025,0.0534,37.01,3.3,10.95,3.07,2.147,1.33
LMT-0308,9.0,10.0,0.959,0.0526,37.18,4.6,12.76,3.21,2.098,1.41
LMT-0308,10.0,11.0,1.049,0.0945,38.48,4.91,12.85,3.65,1.857,1.46
LMT-0308,11.0,12.0,1.219,0.0936,35.3,4.91,14.43,3.48,2.079,1.49
LMT-0308,12.0,13.0,1.077,0.1675,37.49,4.06,15.93,2.88,1.663,1.49
LMT-0308,13.0,14.0,2.116,0.1285,19.68,9.06,29.73,2.34,1.014,1.38
LMT-0308,14.0,15.0,2.435,0.0745,18.9,11.67,29.08,1.88,1.209,1.38
LMT-0308,15.0,16.0,1.715,0.0573,16.45,13.76,30.91,1.38,1.106,1.46
LMT-0308,16.0,17.0,1.435,0.0446,16.92,11.98,34.27,1.5,1.222,1.55
LMT-0308,17.0,18.0,1.492,0.0379,17.09,12.01,33.48,1.59,1.259,1.61
LMT-0308,18.0,19.0,1.309,0.0289,14.16,15.4,32.6,1.89,1.152,1.53
LMT-0308,19.0,20.0,1.306,0.0321,12.71,16.45,37.93,1.55,0.752,1.57
LMT-0308,20.0,21.0,1.367,0.0353,13.32,18.86,32.08,1.5,0.911,1.5
LMT-0308,21.0,22.0,1.384,0.0279,12.99,17.06,37.53,0.85,0.957,1.69
LMT-0308,22.0,23.0,1.197,0.0139,11.47,19.98,36.86,1.16,0.815,1.69
LMT-0308,23.0,24.0,1.145,0.0236,10.02,19.72,36.77,1.02,0.873,1.75
LMT-0308,24.0,25.0,0.79,0.0181,9.32,22.52,44.88,0.88,0.72,1.81
LMT-0308,25.0,26.0,0.268,0.0093,6.03,31.38,39.23,0.76,0.447,2.55
LMT-0308,26.0,27.0,0.254,0.0117,5.91,33.47,37.32,0.91,0.417,2.56
LMT-0308,27.0,27.6,0.234,0.0099,6.5,34.04,37.4,0.8,0.363,2.37
LMT-0309,0.0,1.0,0.601,0.0361,52.74,0.68,3.51,7.11,2.579,1.57
LMT-0309,1.0,2.0,0.701,0.0523,51.73,0.94,5.0,9.21,2.783,1.59
LMT-0309,2.0,3.0,0.763,0.0718,43.87,1.54,6.8,5.4,2.33,1.25
LMT-0309,3.0,4.0,0.999,0.0811,47.03,1.97,7.67,5.08,2.547,1.47
LMT-0309,4.0,5.0,1.134,0.0663,42.3,2.2,7.89,4.2,2.095,1.38
LMT-0309,5.0,6.0,1.061,0.0736,43.0,2.62,9.36,5.97,2.192,1.46
LMT-0309,6.0,7.0,1.174,0.0873,38.26,3.1,9.85,5.11,2.306,1.49
LMT-0309,7.0,8.0,1.057,0.0753,43.52,3.55,11.12,4.18,1.777,1.43
LMT-0309,8.0,9.0,0.866,0.096,40.07,3.57,10.31,4.0,1.738,1.42
LMT-0309,9.0,10.0,1.085,0.0868,40.36,3.78,12.86,4.31,2.251,1.37
LMT-0309,10.0,11.0,1.058,0.0854,39.67,3.76,14.07,4.33,1.971,1.5
LMT-0309,11.0,12.0,1.234,0.1086,42.89,4.35,15.34,4.24,2.061,1.43
LMT-0309,12.0,13.0,1.332,0.147,38.14,4.93,15.39,3.13,1.696,1.39
LMT-0309,13.0,14.0,1.515,0.1303,39.79,5.21,15.42,3.57,2.029,1.47
LMT-0309,14.0,15.0,1.464,0.2235,38.61,5.4,16.45,4.16,2.076,1.46
LMT-0309,15.0,16.0,2.352,0.1368,19.79,9.5,25.63,2.16,1.026,1.42
LMT-0309,16.0,17.0,2.016,0.1181,19.03,12.5,29.79,1.52,1.412,1.5
LMT-0309,17.0,18.0,2.122,0.0564,17.92,11.68,33.77,1.93,1.46,1.57
LMT-0309,18.0,19.0,1.952,0.0522,15.55,14.62,33.76,2.19,1.041,1.66
LMT-0309,19.0,20.0,1.581,0.0399,15.93,16.36,32.02,1.92,1.266,1.72
LMT-0309,20.0,21.0,1.518,0.0361,14.8,17.76,35.38,1.77,1.343,1.55
LMT-0309,21.0,22.0,1.471,0.0315,14.34,18.13,36.99,1.5,1.032,1.55
LMT-0309,22.0,22.6,1.269,0.0199,13.04,23.7,36.22,1.16,0.916,1.69
LMT-0310,0.0,1.0,0.598,0.0488,50.31,0.73,2.86,8.45,2.606,1.58
LMT-0310,1.0,2.0,0.736,0.0546,46.84,0.91,4.42,8.52,2.669,1.7
LMT-0310,2.0,3.0,0.89,0.0633,48.8,1.7,6.5,5.7,2.342,1.48
LMT-0310,3.0,4.0,0.898,0.054,49.18,1.77,6.89,5.6,2.915,1.43
LMT-0310,4.0,5.0,1.005,0.0661,41.38,2.13,8.07,5.78,2.717,1.49
LMT-0310,5.0,6.0,0.958,0.0664,49.57,2.69,7.91,6.91,2.114,1.44
LMT-0310,6.0,7.0,1.148,0.0555,45.31,2.66,9.83,6.47,2.412,1.49
LMT-0310,7.0,8.0,1.106,0.0786,45.31,2.54,9.42,7.14,2.311,1.51
LMT-0310,8.0,9.0,1.064,0.0903,46.26,3.32,10.26,4.84,2.546,1.39
LMT-0310,9.0,10.0,0.977,0.0704,43.08,3.56,12.05,5.99,2.042,1.46
LMT-0310,10.0,11.0,1.145,0.0566,43.67,3.91,12.09,5.29,2.66,1.47
LMT-0310,11.0,12.0,1.161,0.0939,39.43,4.01,11.68,4.88,1.859,1.51
LMT-0310,12.0,13.0,1.361,0.1,44.31,4.24,13.39,5.81,2.275,1.57
LMT-0310,13.0,14.0,1.335,0.0963,41.45,4.46,13.41,3.95,2.229,1.43
LMT-0310,14.0,15.0,1.54,0.0715,38.94,4.51,14.15,4.8,2.081,1.49
LMT-0310,15.0,16.0,1.345,0.0639,40.88,5.48,14.24,4.07,2.12,1.47
LMT-0310,16.0,17.0,1.415,0.092,41.12,5.28,14.96,3.93,2.073,1.53
LMT-0310,17.0,18.0,1.541,0.1281,38.3,5.72,15.62,3.39,2.082,1.5
LMT-0310,18.0,19.0,1.648,0.1597,37.96,5.39,17.69,2.53,2.058,1.45
LMT-0310,19.0,20.0,1.327,0.2821,36.99,6.24,17.64,3.04,2.176,1.48
LMT-0310,20.0,21.0,2.121,0.1616,19.44,9.42,29.44,2.03,1.745,1.51
LMT-0310,21.0,22.0,2.526,0.0886,20.22,12.14,31.55,2.69,1.303,1.6
LMT-0310,22.0,23.0,1.976,0.0641,17.87,12.45,37.58,1.96,1.236,1.43
LMT-0310,23.0,24.0,1.888,0.048,17.7,14.62,35.82,2.16,1.535,1.65
LMT-0310,24.0,25.0,1.866,0.0401,17.35,14.07,34.85,1.42,1.218,1.65
LMT-0310,25.0,26.0,1.781,0.0275,17.4,16.08,38.22,1.59,1.062,1.61
LMT-0310,26.0,27.0,1.716,0.0345,15.4,18.24,35.49,1.8,1.195,1.59
LMT-0310,27.0,28.0,1.802,0.0296,13.47,19.54,38.03,1.8,1.364,1.69
LMT-0310,28.0,29.0,1.798,0.0304,13.25,21.89,40.6,1.7,1.173,1.79
LMT-0310,29.0,30.0,1.631,0.0307,12.18,22.49,41.2,1.41,0.867,1.7
LMT-0310,30.0,31.0,1.261,0.0294,12.06,20.77,36.02,1.2,1.01,1.74
LMT-0310,31.0,32.0,1.17,0.0276,11.63,25.29,35.83,1.09,0.997,1.94
LMT-0310,32.0,33.0,0.987,0.0244,9.56,25.25,41.45,1.05,0.914,1.74
LMT-0310,33.0,34.0,0.312,0.0141,6.78,40.83,36.32,0.86,0.501,2.5
LMT-0310,34.0,35.0,0.288,0.0143,7.34,36.4,42.92,0.84,0.442,2.41
LMT-0310,35.0,35.4,0.28,0.0129,6.36,36.63,40.47,0.88,0.458,2.65
LMT-0311,0.0,1.0,0.659,0.0368,46.47,0.63,3.46,7.09,2.743,1.53
LMT-0311,1.0,2.0,0.677,0.0449,48.34,1.0,4.29,7.9,2.981,1.5
LMT-0311,2.0,3.0,0.953,0.0577,44.0,1.29,6.45,4.67,2.462,1.5
LMT-0311,3.0,4.0,0.969,0.0617,44.21,1.87,7.03,6.46,2.254,1.49
LMT-0311,4.0,5.0,1.117,0.0463,43.76,2.34,8.07,6.96,2.388,1.4
LMT-0311,5.0,6.0,1.102,0.0707,45.64,2.81,9.77,5.52,2.446,1.41
LMT-0311,6.0,7.0,1.004,0.0615,40.94,2.78,10.7,4.34,2.308,1.44
LMT-0311,7.0,8.0,1.007,0.0802,42.99,3.13,10.09,6.57,2.347,1.35
LMT-0311,8.0,9.0,1.038,0.0717,45.38,2.89,11.06,3.67,1.901,1.5
LMT-0311,9.0,10.0,1.146,0.0968,42.32,3.72,10.96,5.2,2.386,1.47
LMT-0311,10.0,11.0,1.28,0.0978,44.86,4.44,13.47,5.67,1.76,1.47
LMT-0311,11.0,12.0,1.286,0.0642,39.57,4.72,14.23,4.85,2.102,1.48
LMT-0311,12.0,13.0,1.368,0.1079,42.23,4.54,14.38,4.78,2.186,1.43
LMT-0311,13.0,14.0,1.383,0.0786,40.84,4.48,15.18,4.1,1.975,1.42
LMT-0311,14.0,15.0,1.286,0.1213,39.38,5.77,14.96,4.64,1.936,1.49
LMT-0311,15.0,16.0,1.455,0.1368,41.1,6.05,17.51,2.48,2.192,1.51
LMT-0311,16.0,17.0,1.603,0.2472,37.35,5.8,14.82,3.73,2.26,1.53
LMT-0311,17.0,18.0,2.452,0.1674,21.42,9.26,31.03,2.77,1.431,1.39
LMT-0311,18.0,19.0,2.273,0.0931,19.6,10.29,33.39,3.05,1.583,1.57
LMT-0311,19.0,20.0,2.046,0.0562,18.0,12.94,33.91,2.54,1.355,1.56
LMT-0311,20.0,21.0,2.038,0.0604,20.4,11.95,33.4,2.32,1.454,1.56
LMT-0311,21.0,22.0,2.284,0.0475,18.31,16.15,35.77,1.83,1.662,1.57
LMT-0311,22.0,23.0,1.898,0.0429,19.05,15.47,38.72,1.68,1.118,1.66
LMT-0311,23.0,24.0,1.786,0.0351,15.96,17.01,35.69,2.2,1.307,1.59
LMT-0311,24.0,25.0,1.888,0.0389,15.58,17.91,34.4,1.75,1.177,1.6
LMT-0311,25.0,26.0,1.673,0.031,14.97,18.73,38.59,1.97,1.349,1.58
LMT-0311,26.0,27.0,1.528,0.0435,15.26,20.01,33.8,1.54,1.144,1.77
LMT-0311,27.0,28.0,1.613,0.0291,14.5,23.55,41.44,1.45,1.211,1.81
LMT-0311,28.0,29.0,1.59,0.0243,14.63,20.92,39.4,1.37,1.34,1.75
LMT-0311,29.0,30.0,1.453,0.0198,11.84,22.48,36.99,1.66,1.0,1.88
LMT-0311,30.0,31.0,1.228,0.0242,11.93,21.76,42.28,1.38,0.819,1.87
LMT-0311,31.0,32.0,1.433,0.0278,10.0,25.53,40.51,1.12,0.776,1.86
LMT-0311,32.0,33.0,1.234,0.0153,9.43,26.67,37.26,0.98,0.917,1.93
LMT-0311,33.0,34.0,0.319,0.0128,6.54,34.69,39.81,1.25,0.42,2.66
LMT-0311,34.0,35.0,0.324,0.0106,6.78,38.54,45.34,1.06,0.496,2.69
LMT-0311,35.0,35.7,0.3,0.0136,6.19,34.77,43.59,1.0,0.412,2.75
LMT-0312,0.0,1.0,0.613,0.0361,47.61,0.59,3.13,8.13,2.633,1.42
LMT-0312,1.0,2.0,0.913,0.0487,47.07,0.98,4.76,7.27,2.804,1.55
LMT-0312,2.0,3.0,0.984,0.0409,50.13,1.28,6.94,6.63,2.248,1.46
LMT-0312,3.0,4.0,1.18,0.061,44.68,1.92,6.88,6.02,2.502,1.36
LMT-0312,4.0,5.0,1.017,0.0724,42.5,1.97,8.94,5.95,2.227,1.43
LMT-0312,5.0,6.0,1.034,0.07,41.77,2.54,8.85,4.87,2.145,1.29
LMT-0312,6.0,7.0,1.07,0.0644,39.93,3.07,9.6,5.22,1.837,1.32
LMT-0312,7.0,8.0,1.155,0.0796,38.51,3.21,9.6,4.74,2.167,1.39
LMT-0312,8.0,9.0,1.221,0.083,42.13,4.27,11.32,4.89,1.831,1.49
LMT-0312,9.0,10.0,1.283,0.0825,39.99,3.89,11.8,3.99,2.466,1.41
LMT-0312,10.0,11.0,1.163,0.0716,41.57,4.37,13.11,3.6,1.933,1.57
LMT-0312,11.0,12.0,1.094,0.1152,39.84,4.54,14.62,3.63,2.239,1.5
LMT-0312,12.0,13.0,1.268,0.0816,39.43,5.47,15.05,4.2,1.766,1.49
LMT-0312,13.0,14.0,1.351,0.1611,34.55,4.7,15.75,3.74,2.049,1.54
LMT-0312,14.0,15.0,1.4,0.2648,37.8,5.79,17.26,2.78,1.871,1.46
LMT-0312,15.0,16.0,2.382,0.1162,20.18,8.88,31.2,2.23,1.355,1.53
LMT-0312,16.0,17.0,2.112,0.1076,19.34,10.49,29.64,1.86,1.353,1.41
LMT-0312,17.0,18.0,2.573,0.0548,17.41,12.4,30.24,1.81,1.348,1.57
LMT-0312,18.0,19.0,1.905,0.0471,17.55,13.65,31.77,1.79,1.14,1.47
LMT-0312,19.0,20.0,2.112,0.0354,17.13,15.12,35.37,2.01,1.22,1.59
LMT-0312,20.0,21.0,1.817,0.0514,15.71,14.06,34.81,1.56,1.042,1.64
LMT-0312,21.0,22.0,1.934,0.0252,14.77,17.11,36.82,1.66,1.029,1.62
LMT-0312,22.0,23.0,1.75,0.0429,13.41,18.69,32.43,1.61,1.015,1.51
LMT-0312,23.0,24.0,1.604,0.0305,13.64,18.69,39.44,1.36,1.172,1.73
LMT-0312,24.0,25.0,1.597,0.0218,12.3,20.35,36.67,1.2,0.903,1.73
LMT-0312,25.0,26.0,1.445,0.0244,11.41,20.28,36.07,1.29,1.065,1.6
LMT-0312,26.0,27.0,1.196,0.0248,10.81,22.93,37.6,1.26,0.904,1.72
LMT-0312,27.0,28.0,1.337,0.0175,10.19,22.36,42.1,1.02,0.9,1.67
LMT-0312,28.0,29.0,1.24,0.0141,9.22,26.6,38.45,0.85,0.858,1.78
LMT-0312,29.0,30.0,0.308,0.0122,6.56,37.27,38.07,0.91,0.478,2.53
LMT-0312,30.0,31.0,0.362,0.0115,6.33,30.91,41.11,0.85,0.49,2.66
LMT-0312,31.0,31.4,0.237,0.0122,5.97,37.42,37.09,0.93,0.427,2.55
LMT-0313,0.0,1.0,0.738,0.0334,56.0,0.71,3.58,10.4,3.607,1.67
LMT-0313,1.0,2.0,0.935,0.0582,53.66,1.22,5.5,9.69,3.491,1.58
LMT-0313,2.0,3.0,1.112,0.0791,53.06,2.41,9.63,8.73,2.863,1.57
LMT-0313,3.0,4.0,1.265,0.0991,48.72,3.53,11.13,7.41,3.043,1.68
LMT-0313,4.0,5.0,1.43,0.1199,49.7,4.52,12.28,6.87,2.719,1.55
LMT-0313,5.0,6.0,1.395,0.1237,45.14,5.11,14.78,5.7,2.905,1.62
LMT-0313,6.0,7.0,1.723,0.324,44.54,5.8,18.37,5.28,2.803,1.69
LMT-0313,7.0,8.0,1.657,0.3637,41.14,6.67,20.32,4.9,2.602,1.74
LMT-0313,8.0,9.0,2.887,0.2045,21.99,12.3,36.92,2.99,1.705,1.67
LMT-0313,9.0,10.0,2.925,0.1125,21.93,13.84,34.3,2.83,1.636,1.63
LMT-0313,10.0,11.0,2.749,0.082,18.85,18.39,39.83,2.56,1.606,1.61
LMT-0313,11.0,12.0,2.44,0.0489,17.51,20.06,39.53,2.37,1.609,1.79
LMT-0313,12.0,13.0,2.035,0.0452,17.73,19.15,41.74,2.57,1.492,1.87
LMT-0313,13.0,14.0,2.072,0.0425,16.12,24.01,45.93,2.17,1.739,1.75
LMT-0313,14.0,15.0,1.744,0.035,15.23,25.95,42.77,1.76,1.293,1.91
LMT-0313,15.0,16.0,1.612,0.0484,13.74,27.91,42.92,1.57,1.235,1.81
LMT-0313,16.0,17.0,1.579,0.0357,12.74,28.14,43.36,1.63,1.092,1.95
LMT-0313,17.0,18.0,1.412,0.0273,10.85,27.84,48.47,1.27,1.044,1.93
LMT-0313,18.0,19.0,0.373,0.0168,7.05,42.66,44.52,1.11,0.704,2.79
LMT-0313,19.0,20.0,0.351,0.0172,7.59,45.0,47.89,1.26,0.587,2.85
LMT-0314,0.0,1.0,0.523,0.0533,45.91,0.64,3.82,6.32,3.237,1.47
LMT-0314,1.0,2.0,0.697,0.0669,44.59,1.67,7.27,5.16,2.144,1.35
LMT-0314,2.0,3.0,0.91,0.0622,36.79,2.67,8.94,5.49,2.087,1.31
LMT-0314,3.0,4.0,1.014,0.054,42.93,3.2,10.82,3.74,2.281,1.46
LMT-0314,4.0,5.0,0.826,0.099,37.14,4.15,13.58,3.25,2.193,1.36
LMT-0314,5.0,6.0,1.113,0.2254,40.37,5.22,14.7,4.5,2.002,1.47
LMT-0314,6.0,7.0,1.036,0.2451,34.59,6.28,14.96,3.64,1.905,1.48
LMT-0314,7.0,8.0,1.742,0.1146,21.5,7.53,29.05,1.87,1.277,1.42
LMT-0314,8.0,9.0,1.682,0.0863,18.62,11.26,29.47,1.72,1.114,1.5
LMT-0314,9.0,10.0,1.68,0.059,16.65,11.64,31.35,2.51,1.246,1.5
LMT-0314,10.0,11.0,1.489,0.0378,17.39,13.17,31.06,1.8,1.307,1.45
LMT-0314,11.0,12.0,1.422,0.0397,16.58,13.42,35.26,1.78,1.19,1.65
LMT-0314,12.0,13.0,1.375,0.0309,15.09,17.97,36.02,1.88,0.922,1.54
LMT-0314,13.0,14.0,1.375,0.0301,14.81,15.82,36.36,1.78,1.03,1.64
LMT-0314,14.0,15.0,1.004,0.0301,13.82,19.22,31.26,1.55,1.061,1.66
LMT-0314,15.0,16.0,1.27,0.0365,12.44,19.27,35.8,1.15,0.936,1.62
LMT-0314,16.0,17.0,1.123,0.027,11.92,21.72,37.78,1.15,1.0,1.69
LMT-0314,17.0,18.0,0.849,0.0167,10.71,23.67,36.28,0.89,0.856,1.64
LMT-0314,18.0,19.0,0.774,0.0171,10.4,24.06,36.33,0.81,0.809,1.68
LMT-0314,19.0,20.0,0.312,0.0138,6.47,38.16,36.58,0.69,0.464,2.62
LMT-0314,20.0,21.0,0.251,0.0091,6.61,32.97,40.74,0.75,0.377,2.54
LMT-0314,21.0,22.0,0.252,0.0141,5.9,39.2,36.61,0.79,0.412,2.68
LMT-0314,22.0,22.5,0.205,0.0096,6.25,36.07,42.32,0.74,0.424,2.46
LMT-0315,0.0,1.0,0.608,0.0438,44.23,0.76,4.1,4.28,2.221,1.36
LMT-0315,1.0,2.0,0.693,0.0527,42.81,1.73,6.7,5.01,2.236,1.34
LMT-0315,2.0,3.0,0.7,0.0647,41.69,1.88,7.45,4.63,2.258,1.24
LMT-0315,3.0,4.0,0.741,0.0462,40.7,2.56,9.15,4.09,2.051,1.34
LMT-0315,4.0,5.0,0.906,0.0586,38.53,2.84,10.86,3.11,1.75,1.29
LMT-0315,5.0,6.0,1.034,0.071,36.54,3.58,12.09,3.65,1.336,1.29
LMT-0315,6.0,7.0,0.898,0.0969,35.43,3.99,11.85,3.41,1.858,1.32
LMT-0315,7.0,8.0,0.939,0.0583,38.5,4.73,12.31,2.93,2.152,1.34
LMT-0315,8.0,9.0,0.72,0.1633,35.56,5.23,13.82,3.18,1.562,1.42
LMT-0315,9.0,10.0,1.513,0.0952,18.56,7.69,27.45,2.14,1.587,1.38
LMT-0315,10.0,11.0,1.737,0.114,19.24,9.45,30.15,2.4,1.543,1.37
LMT-0315,11.0,12.0,1.563,0.0368,16.77,9.58,29.95,1.2,1.209,1.41
LMT-0315,12.0,13.0,1.363,0.038,15.79,10.78,28.42,1.87,1.034,1.5
LMT-0315,13.0,14.0,1.209,0.0429,15.03,12.49,30.25,1.57,1.245,1.47
LMT-0315,14.0,15.0,1.577,0.0322,15.65,14.56,35.29,1.46,1.232,1.47
LMT-0315,15.0,16.0,0.984,0.0359,15.53,13.82,30.53,1.17,0.925,1.43
LMT-0315,16.0,17.0,1.217,0.0427,16.61,15.66,35.69,1.28,1.009,1.62
LMT-0315,17.0,18.0,1.004,0.0233,12.67,15.41,32.77,1.32,0.93,1.56
LMT-0315,18.0,19.0,0.851,0.0208,12.87,19.08,32.34,1.24,0.98,1.55
LMT-0315,19.0,20.0,1.074,0.0212,12.32,19.15,31.68,0.88,1.006,1.6
LMT-0315,20.0,21.0,1.189,0.0238,10.14,19.57,34.32,1.11,1.076,1.69
LMT-0315,21.0,22.0,0.836,0.0172,11.2,20.73,33.31,1.14,0.944,1.63
LMT-0315,22.0,23.0,0.931,0.021,9.19,22.69,36.22,0.89,0.73,1.71
LMT-0315,23.0,24.0,0.806,0.0201,8.84,18.31,34.11,0.98,0.74,1.67
LMT-0315,24.0,25.0,0.21,0.0104,6.45,36.63,36.12,0.66,0.384,2.5
LMT-0315,25.0,26.0,0.174,0.0113,6.29,32.6,38.33,0.81,0.319,2.37
LMT-0315,26.0,27.0,0.189,0.0098,6.43,29.01,37.45,0.49,0.373,2.62
LMT-0315,27.0,27.9,0.214,0.0076,6.26,30.45,33.48,0.64,0.364,2.69
LMT-0316,0.0,1.0,0.489,0.0291,46.63,0.96,3.85,7.66,2.555,1.46
LMT-0316,1.0,2.0,0.63,0.063,42.66,1.63,6.26,6.28,2.024,1.42
LMT-0316,2.0,3.0,0.683,0.0618,41.65,2.21,8.17,4.1,2.095,1.36
LMT-0316,3.0,4.0,0.836,0.0458,42.68,2.54,8.45,5.63,2.147,1.46
LMT-0316,4.0,5.0,0.541,0.0592,43.45,2.74,9.21,3.43,2.227,1.25
LMT-0316,5.0,6.0,0.821,0.0487,39.15,3.17,10.63,4.24,2.281,1.45
LMT-0316,6.0,7.0,0.805,0.073,37.71,3.57,11.68,3.46,2.116,1.39
LMT-0316,7.0,8.0,0.815,0.0765,36.08,4.23,13.02,3.48,1.934,1.43
LMT-0316,8.0,9.0,0.99,0.0837,41.35,4.68,13.84,3.75,1.834,1.42
LMT-0316,9.0,10.0,0.937,0.132,35.82,4.47,14.77,4.25,1.976,1.55
LMT-0316,10.0,11.0,0.871,0.2,35.77,6.05,13.56,2.5,1.791,1.45
LMT-0316,11.0,12.0,1.714,0.0906,20.45,7.96,29.97,1.77,1.12,1.38
LMT-0316,12.0,13.0,1.484,0.1068,19.77,10.27,33.83,1.82,1.302,1.45
LMT-0316,13.0,14.0,1.365,0.0572,18.65,11.69,31.91,1.87,1.48,1.41
LMT-0316,14.0,15.0,1.258,0.0439,16.94,12.2,32.57,1.26,1.37,1.61
LMT-0316,15.0,16.0,1.429,0.0396,15.99,15.08,32.03,1.17,1.035,1.53
LMT-0316,16.0,17.0,1.318,0.0451,13.99,16.22,31.4,2.13,1.265,1.42
LMT-0316,17.0,18.0,1.149,0.0378,13.49,17.03,34.48,1.33,1.13,1.48
LMT-0316,18.0,19.0,1.04,0.0288,13.16,19.12,32.43,1.78,1.034,1.67
LMT-0316,19.0,20.0,0.983,0.0242,11.92,18.69,37.13,1.11,0.942,1.72
LMT-0316,20.0,21.0,1.008,0.0302,11.91,18.14,35.01,1.27,0.864,1.65
LMT-0316,21.0,22.0,0.852,0.0208,10.92,23.72,40.73,0.97,0.832,1.8
LMT-0316,22.0,23.0,0.88,0.0302,9.57,24.46,34.72,1.26,0.609,1.73
LMT-0316,23.0,24.0,0.771,0.0154,9.54,24.96,39.52,0.86,0.772,1.69
LMT-0316,24.0,25.0,0.18,0.0109,5.98,31.08,38.91,0.74,0.435,2.54
LMT-0316,25.0,26.0,0.234,0.0109,5.98,33.54,37.22,0.81,0.433,2.35
LMT-0316,26.0,27.1,0.22,0.0094,5.74,29.57,41.2,0.74,0.388,2.59
LMT-0317,0.0,1.0,0.485,0.0479,48.45,0.85,4.12,7.25,2.711,1.57
LMT-0317,1.0,2.0,0.652,0.0708,46.07,1.63,7.18,6.3,2.629,1.46
LMT-0317,2.0,3.0,0.743,0.0567,43.01,2.28,8.07,5.1,2.133,1.46
LMT-0317,3.0,4.0,0.709,0.0689,45.44,2.77,9.26,5.39,2.484,1.43
LMT-0317,4.0,5.0,0.877,0.0687,41.82,3.33,10.32,5.45,2.128,1.41
LMT-0317,5.0,6.0,0.816,0.0708,39.46,4.05,12.36,4.68,2.661,1.35
LMT-0317,6.0,7.0,0.938,0.0805,41.65,4.74,12.45,5.19,2.377,1.48
LMT-0317,7.0,8.0,0.89,0.1134,39.09,4.72,12.73,3.6,2.411,1.39
LMT-0317,8.0,9.0,1.063,0.1799,40.18,5.02,14.66,3.99,1.721,1.43
LMT-0317,9.0,10.0,1.126,0.2632,38.51,6.54,15.39,2.97,2.005,1.45
LMT-0317,10.0,11.0,1.863,0.1467,20.32,9.64,33.9,2.2,1.349,1.5
LMT-0317,11.0,12.0,1.54,0.0933,18.24,15.01,31.31,1.82,1.336,1.59
LMT-0317,12.0,13.0,1.152,0.0391,14.86,21.15,38.6,1.43,1.193,1.68
LMT-0317,13.0,14.0,1.075,0.033,12.36,23.75,38.6,1.16,1.167,1.71
LMT-0317,14.0,15.0,0.813,0.0286,9.46,25.77,39.53,1.13,0.925,1.79
LMT-0317,15.0,16.0,0.246,0.0138,7.06,35.21,39.03,1.01,0.317,2.58
LMT-0317,16.0,16.9,0.198,0.0085,6.24,37.73,39.97,0.98,0.429,2.85
LMT-0318,0.0,1.0,0.71,0.0598,48.06,0.95,4.62,7.96,3.255,1.63
LMT-0318,1.0,2.0,0.991,0.0973,47.8,2.61,8.93,6.93,2.27,1.53
LMT-0318,2.0,3.0,1.025,0.1264,44.25,3.82,11.47,5.78,2.56,1.63
LMT-0318,3.0,4.0,1.087,0.2172,43.91,5.21,15.29,6.04,2.489,1.54
LMT-0318,4.0,5.0,1.414,0.3897,40.72,6.62,16.24,4.51,2.205,1.63
LMT-0318,5.0,6.0,1.395,0.1321,14.24,26.83,38.37,1.71,1.028,1.82
LMT-0318,6.0,7.0,0.29,0.0328,7.6,37.44,44.42,1.02,0.634,2.65
LMT-0318,7.0,8.0,0.303,0.0195,7.23,39.07,46.56,1.13,0.562,2.74
LMT-0319,0.0,1.0,0.888,0.063,56.0,1.04,5.1,12.88,3.892,1.68
LMT-0319,1.0,2.0,1.451,0.1059,53.11,2.45,9.54,9.32,3.162,1.67
LMT-0319,2.0,3.0,1.37,0.1177,47.42,3.79,11.47,8.09,3.348,1.67
LMT-0319,3.0,4.0,1.459,0.188,48.09,4.91,15.68,7.52,3.415,1.65
LMT-0319,4.0,5.0,1.563,0.2851,46.35,6.65,14.75,6.39,2.723,1.68
LMT-0319,5.0,6.0,1.716,0.4188,47.49,6.99,18.59,5.56,2.618,1.76
LMT-0319,6.0,7.0,2.28,0.1558,16.1,26.55,42.7,2.39,1.694,2.1
LMT-0319,7.0,8.0,0.38,0.0375,8.18,45.0,50.75,1.45,0.617,2.85
LMT-0319,8.0,8.9,0.381,0.0281,7.56,45.0,47.31,1.33,0.69,2.85
LMT-0320,0.0,1.0,0.787,0.0442,51.71,0.92,3.98,9.3,4.038,1.72
LMT-0320,1.0,2.0,1.202,0.0726,52.18,1.77,7.57,7.49,3.641,1.62
LMT-0320,2.0,3.0,1.186,0.0902,49.37,2.67,9.55,6.91,2.674,1.54
LMT-0320,3.0,4.0,1.375,0.1018,45.56,3.64,11.89,7.61,2.885,1.59
LMT-0320,4.0,5.0,1.39,0.1097,48.66,4.86,14.68,6.12,2.997,1.47
LMT-0320,5.0,6.0,1.53,0.1946,44.93,5.29,15.97,5.15,2.934,1.46
LMT-0320,6.0,7.0,1.38,0.3397,47.68,6.97,17.65,4.58,2.611,1.69
LMT-0320,7.0,8.0,2.898,0.1938,22.49,14.06,37.6,3.02,1.909,1.8
LMT-0320,8.0,9.0,0.333,0.0408,7.78,43.31,42.1,1.41,0.554,2.85
LMT-0320,9.0,10.0,0.315,0.0249,7.55,41.68,44.89,1.14,0.548,2.85
LMT-0320,10.0,11.0,0.357,0.0195,7.31,41.22,46.31,1.04,0.513,2.85
LMT-0320,11.0,11.9,0.34,0.0156,7.19,43.51,47.46,1.1,0.51,2.74
LMT-0321,0.0,1.0,0.846,0.0665,56.0,0.92,4.3,9.1,3.732,1.76
LMT-0321,1.0,2.0,1.134,0.1131,50.12,2.47,8.97,8.02,3.175,1.6
LMT-0321,2.0,3.0,1.338,0.201,50.38,4.18,12.02,7.79,2.592,1.57
LMT-0321,3.0,4.0,1.597,0.2666,48.32,5.94,17.12,6.29,2.719,1.72
LMT-0321,4.0,5.0,2.624,0.2275,21.81,14.23,36.38,2.98,1.884,1.63
LMT-0321,5.0,6.0,0.304,0.0432,8.13,44.94,43.6,1.46,0.661,2.85
LMT-0321,6.0,7.0,0.338,0.0295,7.59,45.0,42.98,1.18,0.602,2.85
LMT-0321,7.0,8.0,0.336,0.0198,6.91,44.1,46.28,1.21,0.597,2.66
LMT-0321,8.0,8.4,0.337,0.0182,7.47,45.0,50.37,1.37,0.565,2.66
LMT-0322,0.0,1.0,0.643,0.0411,46.97,0.89,4.07,8.22,2.84,1.56
LMT-0322,1.0,2.0,0.857,0.0764,42.72,2.43,8.39,5.16,2.149,1.42
LMT-0322,2.0,3.0,1.136,0.149,39.51,3.45,11.09,5.17,1.903,1.51
LMT-0322,3.0,4.0,1.128,0.2226,38.88,5.52,16.21,3.99,1.644,1.38
LMT-0322,4.0,5.0,2.553,0.1255,21.2,9.39,30.98,2.13,1.616,1.38
LMT-0322,5.0,6.0,2.25,0.1101,19.16,11.48,33.84,1.67,1.627,1.55
LMT-0322,6.0,7.0,1.977,0.045,16.52,15.85,36.53,2.39,1.08,1.6
LMT-0322,7.0,8.0,1.84,0.0362,15.35,17.22,34.81,1.2,1.127,1.59
LMT-0322,8.0,9.0,1.206,0.0269,12.24,21.41,42.24,1.33,0.943,1.75
LMT-0322,9.0,10.0,1.217,0.0231,10.95,24.8,39.39,1.18,0.826,1.76
LMT-0322,10.0,11.0,0.273,0.0129,6.18,37.39,36.71,0.88,0.428,2.53
LMT-0322,11.0,12.0,0.299,0.0132,6.84,34.87,39.01,1.02,0.336,2.59
LMT-0322,12.0,12.3,0.29,0.0157,6.3,35.84,39.17,0.91,0.444,2.43
LMT-0323,0.0,1.0,0.605,0.0348,44.6,0.72,3.43,7.62,2.881,1.44
LMT-0323,1.0,2.0,0.766,0.0506,43.57,1.44,6.13,4.37,2.134,1.36
LMT-0323,2.0,3.0,0.838,0.0413,44.36,2.44,8.58,5.57,2.221,1.36
LMT-0323,3.0,4.0,1.011,0.071,38.58,3.08,10.56,4.8,2.07,1.3
LMT-0323,4.0,5.0,1.122,0.061,37.12,4.2,11.74,4.04,1.843,1.37
LMT-0323,5.0,6.0,1.089,0.1736,40.53,5.1,14.89,3.55,2.119,1.37
LMT-0323,6.0,7.0,1.187,0.2696,34.15,5.34,16.17,2.31,1.501,1.47
LMT-0323,7.0,8.0,1.951,0.1073,19.77,11.43,32.57,1.12,1.246,1.46
LMT-0323,8.0,9.0,1.8,0.0577,16.8,10.62,33.75,2.03,1.28,1.37
LMT-0323,9.0,10.0,1.476,0.0472,16.39,14.05,33.64,1.53,1.186,1.52
LMT-0323,10.0,11.0,1.519,0.0313,15.04,17.62,34.8,1.9,1.113,1.5
LMT-0323,11.0,12.0,1.537,0.0314,14.48,19.51,34.21,1.6,1.042,1.48
LMT-0323,12.0,13.0,1.106,0.0222,11.32,23.41,35.57,0.95,0.823,1.53
LMT-0323,13.0,14.0,1.226,0.0256,10.08,25.68,37.87,0.98,0.725,1.71
LMT-0323,14.0,15.0,1.037,0.0207,8.97,18.62,42.73,0.98,0.773,1.67
LMT-0323,15.0,16.0,0.298,0.0102,5.3,35.76,39.59,0.77,0.372,2.38
LMT-0323,16.0,17.0,0.298,0.0106,5.83,29.9,36.85,0.7,0.383,2.47
LMT-0323,17.0,17.8,0.26,0.0103,6.27,29.62,38.71,0.75,0.491,2.47
LMT-0324,0.0,1.0,0.721,0.047,50.21,0.83,4.04,8.35,3.306,1.72
LMT-0324,1.0,2.0,1.028,0.0837,48.02,1.87,6.98,9.3,2.869,1.55
LMT-0324,2.0,3.0,0.957,0.0756,48.63,2.59,8.74,6.81,2.617,1.55
LMT-0324,3.0,4.0,0.994,0.1051,44.71,3.06,10.35,4.81,2.407,1.43
LMT-0324,4.0,5.0,1.272,0.0967,43.88,3.96,11.49,5.8,2.443,1.52
LMT-0324,5.0,6.0,1.28,0.0956,43.71,4.58,13.23,4.71,2.473,1.7
LMT-0324,6.0,7.0,1.29,0.1552,39.23,5.43,14.53,3.94,2.364,1.53
LMT-0324,7.0,8.0,1.561,0.2157,41.64,5.73,16.98,4.96,2.113,1.52
LMT-0324,8.0,9.0,1.49,0.2804,41.31,6.8,16.33,3.69,2.19,1.61
LMT-0324,9.0,10.0,2.885,0.1312,20.54,11.95,34.81,2.72,1.344,1.54
LMT-0324,10.0,11.0,2.383,0.1075,21.24,14.21,33.39,2.12,1.425,1.7
LMT-0324,11.0,12.0,1.913,0.0681,18.92,14.93,35.47,2.48,1.743,1.64
LMT-0324,12.0,13.0,2.047,0.053,18.9,17.98,40.89,2.06,1.614,1.82
LMT-0324,13.0,14.0,1.904,0.0423,16.01,18.26,38.74,2.1,1.361,1.65
LMT-0324,14.0,15.0,1.722,0.0475,14.85,21.7,42.83,1.59,1.119,1.86
LMT-0324,15.0,16.0,1.208,0.0278,13.28,22.29,40.4,1.54,1.073,1.7
LMT-0324,16.0,17.0,1.319,0.0327,12.22,24.98,43.79,1.59,0.795,1.87
LMT-0324,17.0,18.0,0.938,0.0239,10.25,25.06,36.23,1.1,1.138,1.89
LMT-0324,18.0,19.0,0.357,0.0141,6.66,39.32,41.6,1.18,0.482,2.72
LMT-0324,19.0,20.0,0.318,0.0172,7.14,36.77,42.48,0.95,0.468,2.55
LMT-0324,20.0,20.9,0.258,0.0125,6.88,40.28,43.24,1.0,0.402,2.85
LMT-0325,0.0,1.0,0.78,0.0571,56.0,0.99,5.6,9.87,3.366,1.73
LMT-0325,1.0,2.0,1.037,0.1012,51.05,2.23,9.83,7.19,3.667,1.61
LMT-0325,2.0,3.0,1.08,0.1116,49.26,3.43,11.64,6.91,3.143,1.62
LMT-0325,3.0,4.0,1.216,0.1241,45.91,4.72,13.09,7.54,3.145,1.54
LMT-0325,4.0,5.0,1.323,0.2272,45.89,5.47,14.92,5.58,2.794,1.63
LMT-0325,5.0,6.0,1.599,0.3303,43.65,6.0,17.78,4.53,2.993,1.57
LMT-0325,6.0,7.0,1.629,0.4637,45.0,7.01,20.3,4.12,2.653,1.65
LMT-0325,7.0,8.0,2.604,0.1536,22.35,13.87,37.95,3.4,1.79,1.67
LMT-0325,8.0,9.0,2.291,0.114,20.23,15.82,40.06,2.86,1.806,1.73
LMT-0325,9.0,10.0,1.879,0.0683,19.82,17.09,41.45,2.78,1.683,1.79
LMT-0325,10.0,11.0,2.047,0.0634,19.52,21.11,41.79,2.06,1.478,1.77
LMT-0325,11.0,12.0,1.604,0.0606,16.57,24.26,42.22,2.11,1.686,1.79
LMT-0325,12.0,13.0,2.0,0.0385,14.63,25.06,45.77,1.82,1.262,1.89
LMT-0325,13.0,14.0,1.584,0.0454,13.57,23.91,43.96,1.31,1.093,2.05
LMT-0325,14.0,15.0,1.547,0.0379,12.11,32.05,48.05,1.25,1.092,1.91
LMT-0325,15.0,16.0,1.126,0.0344,11.03,29.29,45.08,1.35,1.146,2.09
LMT-0325,16.0,17.0,0.357,0.0219,7.53,43.97,44.49,1.14,0.573,2.75
LMT-0325,17.0,18.1,0.295,0.0153,6.66,43.44,48.61,1.03,0.538,2.85
LMT-0326,0.0,1.0,,,,,,,,1.81
LMT-0326,1.0,2.0,0.924,0.0996,52.89,2.33,8.64,10.44,3.362,1.58
LMT-0326,2.0,3.0,1.27,0.1129,52.09,3.44,11.23,8.0,3.483,1.58
LMT-0326,3.0,4.0,1.313,0.1303,49.22,3.78,12.54,6.72,3.194,1.59
LMT-0326,4.0,5.0,1.451,0.1336,46.65,4.76,13.48,5.48,2.704,1.65
LMT-0326,5.0,6.0,1.472,0.1828,49.93,5.71,15.83,6.23,2.793,1.68
LMT-0326,6.0,7.0,1.659,0.2556,45.01,6.35,18.03,5.94,2.651,1.73
LMT-0326,7.0,8.0,1.565,0.4354,42.77,7.31,20.64,5.48,2.808,1.82
LMT-0326,8.0,9.0,2.857,0.255,25.14,12.33,37.99,3.12,1.993,1.73
LMT-0326,9.0,10.0,2.681,0.1583,22.72,14.83,34.75,3.57,1.863,1.69
LMT-0326,10.0,11.0,2.491,0.1049,21.29,17.18,37.89,3.07,2.037,1.65
LMT-0326,11.0,12.0,2.608,0.0662,20.67,19.87,36.65,2.79,1.883,1.78
LMT-0326,12.0,13.0,1.851,0.0685,19.35,18.46,41.43,2.53,1.724,1.72
LMT-0326,13.0,14.0,2.153,0.059,18.15,22.25,42.83,2.45,1.671,1.98
LMT-0326,14.0,15.0,1.93,0.0532,16.91,27.56,43.15,2.49,1.547,1.84
LMT-0326,15.0,16.0,2.121,0.0603,15.25,22.29,47.71,2.39,1.432,1.87
LMT-0326,16.0,17.0,1.792,0.0536,15.2,26.61,49.75,2.19,1.344,1.82
LMT-0326,17.0,18.0,1.579,0.0457,14.26,29.79,46.0,1.64,1.284,2.11
LMT-0326,18.0,19.0,1.488,0.0374,12.5,29.72,50.06,1.63,1.316,2.08
LMT-0326,19.0,20.0,1.452,0.0318,11.6,32.59,45.27,1.47,1.286,2.08
LMT-0326,20.0,21.0,0.364,0.0188,7.63,44.97,51.88,1.3,0.541,2.85
LMT-0326,21.0,22.0,0.351,0.0175,7.62,45.0,46.29,1.28,0.617,2.85
LMT-0326,22.0,23.0,0.359,0.0161,7.65,45.0,47.65,1.24,0.59,2.85
LMT-0327,0.0,1.0,0.755,0.0519,55.73,0.66,3.41,8.97,3.268,1.67
LMT-0327,1.0,2.0,0.833,0.0586,47.52,1.15,5.49,8.13,3.09,1.72
LMT-0327,2.0,3.0,1.032,0.0735,48.2,1.82,7.3,8.14,3.371,1.43
LMT-0327,3.0,4.0,1.249,0.1048,48.95,2.14,8.72,7.45,2.686,1.49
LMT-0327,4.0,5.0,1.268,0.072,44.71,2.77,10.59,6.6,2.624,1.4
LMT-0327,5.0,6.0,1.266,0.0831,47.69,3.12,11.05,5.24,2.672,1.59
LMT-0327,6.0,7.0,,,,,,,,1.58
LMT-0327,7.0,8.0,1.26,0.1048,46.15,4.0,11.89,5.34,2.756,1.53
LMT-0327,8.0,9.0,1.347,0.0955,46.11,4.35,13.77,6.08,2.147,1.53
LMT-0327,9.0,10.0,1.299,0.1298,42.31,5.43,14.22,6.5,2.907,1.54
LMT-0327,10.0,11.0,1.42,0.1158,45.62,5.96,14.2,4.69,1.981,1.63
LMT-0327,11.0,12.0,1.649,0.1389,42.94,5.61,16.1,4.6,2.573,1.59
LMT-0327,12.0,13.0,1.308,0.2043,39.63,6.42,17.92,3.55,2.268,1.57
LMT-0327,13.0,14.0,1.469,0.3974,39.72,6.31,17.63,4.39,2.356,1.58
LMT-0327,14.0,15.0,2.388,0.2017,21.51,11.04,34.1,2.75,1.662,1.56
LMT-0327,15.0,16.0,2.627,0.1011,18.84,14.21,36.75,2.51,1.628,1.82
LMT-0327,16.0,17.0,2.404,0.0728,15.95,20.11,37.22,2.26,1.332,1.63
LMT-0327,17.0,18.0,2.093,0.0563,16.26,19.37,40.55,1.87,1.372,1.66
LMT-0327,18.0,19.0,1.557,0.0408,14.15,22.6,43.46,1.89,1.188,1.79
LMT-0327,19.0,20.0,1.586,0.0333,12.93,26.75,40.56,1.63,1.328,1.82
LMT-0327,20.0,21.0,1.139,0.0299,10.73,28.68,41.94,1.44,0.962,1.82
LMT-0327,21.0,22.0,0.308,0.016,7.03,40.05,41.92,1.08,0.499,2.7
LMT-0327,22.0,23.0,0.356,0.016,7.63,41.19,41.57,1.1,0.517,2.68
LMT-0327,23.0,23.9,0.305,0.0163,7.69,40.34,48.08,1.21,0.551,2.79
LMT-0328,0.0,1.0,0.748,0.0471,52.44,0.74,3.68,8.9,3.893,1.73
LMT-0328,1.0,2.0,0.853,0.0554,56.0,1.03,5.15,7.89,3.196,1.55
LMT-0328,2.0,3.0,1.19,0.0784,50.67,1.59,7.81,8.78,2.174,1.52
LMT-0328,3.0,4.0,1.314,0.081,49.1,1.93,8.4,8.92,2.516,1.56
LMT-0328,4.0,5.0,1.144,0.0834,50.11,2.14,8.73,6.98,3.287,1.43
LMT-0328,5.0,6.0,1.285,0.0958,44.48,2.76,8.82,7.11,2.697,1.47
LMT-0328,6.0,7.0,1.121,0.0825,46.72,3.25,10.75,5.99,2.988,1.51
LMT-0328,7.0,8.0,1.184,0.0858,47.82,3.26,12.2,6.39,2.375,1.47
LMT-0328,8.0,9.0,1.542,0.0993,47.04,4.04,11.47,6.03,2.616,1.58
LMT-0328,9.0,10.0,1.362,0.1051,45.97,4.57,13.53,5.49,2.656,1.52
LMT-0328,10.0,11.0,1.368,0.0827,44.87,4.76,13.9,6.24,2.567,1.65
LMT-0328,11.0,12.0,1.547,0.093,39.94,4.9,15.01,4.94,2.931,1.59
LMT-0328,12.0,13.0,1.513,0.1133,40.57,5.01,14.71,5.87,2.693,1.55
LMT-0328,13.0,14.0,1.533,0.1313,41.64,4.73,15.08,5.15,2.352,1.55
LMT-0328,14.0,15.0,1.244,0.1003,44.23,5.4,15.98,5.96,2.684,1.58
LMT-0328,15.0,16.0,1.423,0.1404,41.63,4.87,18.27,4.19,2.35,1.56
LMT-0328,16.0,17.0,1.232,0.2101,40.64,6.28,16.48,3.34,2.31,1.48
LMT-0328,17.0,18.0,1.634,0.3002,39.28,6.93,18.82,4.85,2.685,1.55
LMT-0328,18.0,19.0,2.312,0.1708,20.93,11.85,34.16,2.86,1.5,1.6
LMT-0328,19.0,20.0,2.33,0.1214,16.63,18.04,40.83,2.23,1.54,1.74
LMT-0328,20.0,21.0,1.59,0.0483,14.4,24.53,40.52,1.88,1.232,1.76
LMT-0328,21.0,22.0,1.182,0.0349,10.62,33.3,47.07,1.06,1.045,1.98
LMT-0328,22.0,23.0,0.312,0.0138,7.21,42.78,42.41,1.36,0.557,2.73
LMT-0328,23.0,24.0,0.379,0.0138,6.8,36.8,44.03,1.07,0.477,2.85
LMT-0329,0.0,1.0,0.595,0.0405,50.9,0.68,3.32,7.83,2.168,1.51
LMT-0329,1.0,2.0,,,,,,,,1.44
LMT-0329,2.0,3.0,0.728,0.0673,43.47,1.76,7.32,5.13,2.243,1.36
LMT-0329,3.0,4.0,0.89,0.0649,44.4,2.24,7.75,6.76,2.034,1.36
LMT-0329,4.0,5.0,1.129,0.0606,45.13,2.4,8.19,5.26,2.42,1.33
LMT-0329,5.0,6.0,0.871,0.0781,43.89,2.22,9.4,4.0,2.189,1.41
LMT-0329,6.0,7.0,0.953,0.069,42.09,2.82,9.84,4.49,2.333,1.33
LMT-0329,7.0,8.0,1.14,0.0964,39.05,2.97,10.45,4.42,2.24,1.4
LMT-0329,8.0,9.0,1.172,0.0664,40.24,3.78,10.87,5.55,1.918,1.44
LMT-0329,9.0,10.0,1.03,0.0502,38.08,3.94,11.0,4.7,1.869,1.44
LMT-0329,10.0,11.0,1.099,0.062,42.14,3.92,12.87,3.17,1.836,1.4
LMT-0329,11.0,12.0,1.229,0.08,37.77,3.94,13.83,4.3,2.09,1.35
LMT-0329,12.0,13.0,1.124,0.0705,36.44,4.57,13.23,4.1,1.637,1.54
LMT-0329,13.0,14.0,1.176,0.1029,36.03,5.53,14.36,2.59,1.962,1.53
LMT-0329,14.0,15.0,1.429,0.1239,35.21,4.31,14.07,2.53,1.718,1.43
LMT-0329,15.0,16.0,1.429,0.1554,36.11,5.43,14.91,3.54,1.841,1.43
LMT-0329,16.0,17.0,1.274,0.209,36.35,5.02,17.01,2.89,1.718,1.39
LMT-0329,17.0,18.0,2.242,0.1114,19.37,10.45,28.53,2.12,1.41,1.45
LMT-0329,18.0,19.0,2.437,0.0783,19.56,10.81,28.4,2.24,1.103,1.41
LMT-0329,19.0,20.0,2.232,0.0568,19.75,12.8,27.67,1.62,1.189,1.56
LMT-0329,20.0,21.0,1.979,0.043,17.82,11.62,32.76,1.93,1.191,1.49
LMT-0329,21.0,22.0,1.784,0.0678,17.13,13.91,34.55,1.94,1.125,1.45
LMT-0329,22.0,23.0,1.922,0.0412,14.26,13.97,31.51,1.93,1.314,1.5
LMT-0329,23.0,24.0,1.696,0.0244,16.04,14.48,32.64,1.82,1.343,1.56
LMT-0329,24.0,25.0,1.787,0.0364,15.48,16.34,35.83,1.46,0.944,1.57
LMT-0329,25.0,26.0,1.824,0.0422,16.39,16.99,35.18,1.61,1.366,1.62
LMT-0329,26.0,27.0,1.775,0.0344,15.49,14.47,33.08,1.52,0.853,1.5
LMT-0329,27.0,28.0,1.565,0.0169,14.77,18.94,34.1,1.04,0.999,1.67
LMT-0329,28.0,29.0,1.611,0.0252,13.29,20.1,36.55,1.37,1.005,1.63
LMT-0329,29.0,30.0,1.389,0.026,13.3,18.54,38.24,1.6,1.061,1.54
LMT-0329,30.0,31.0,1.16,0.0197,13.39,19.85,35.79,1.79,0.92,1.5
LMT-0329,31.0,32.0,1.322,0.032,12.37,20.67,35.56,1.07,0.989,1.72
LMT-0329,32.0,33.0,1.34,0.0258,12.05,18.81,38.08,0.92,0.85,1.61
LMT-0329,33.0,34.0,1.143,0.0259,11.39,21.8,40.8,1.07,0.799,1.83
LMT-0329,34.0,35.0,1.157,0.0099,9.95,25.62,40.84,0.82,0.784,1.84
LMT-0329,35.0,36.0,1.205,0.0241,9.65,24.23,41.22,1.09,0.997,1.85
LMT-0329,36.0,37.0,0.975,0.015,10.1,25.23,37.58,0.97,0.684,1.73
LMT-0329,37.0,38.0,0.272,0.0095,6.56,32.22,34.63,0.83,0.472,2.52
LMT-0329,38.0,39.2,0.295,0.0117,5.72,36.94,38.93,0.94,0.412,2.58
LMT-0330,0.0,1.0,0.658,0.0292,47.95,0.59,3.52,4.44,2.608,1.45
LMT-0330,1.0,2.0,0.656,0.0429,43.71,1.52,6.62,4.03,2.209,1.43
LMT-0330,2.0,3.0,0.928,0.0604,43.05,1.88,7.18,4.95,2.283,1.4
LMT-0330,3.0,4.0,0.909,0.0444,43.46,2.15,8.82,5.03,2.008,1.32
LMT-0330,4.0,5.0,0.905,0.0604,40.77,2.86,7.51,5.12,1.727,1.29
LMT-0330,5.0,6.0,0.992,0.075,37.45,3.09,10.63,4.48,2.265,1.41
LMT-0330,6.0,7.0,1.066,0.0679,35.9,2.78,10.19,4.08,1.921,1.37
LMT-0330,7.0,8.0,0.95,0.0493,37.62,3.41,11.62,3.83,1.788,1.4
LMT-0330,8.0,9.0,1.139,0.0455,37.24,4.22,11.91,3.86,1.788,1.41
LMT-0330,9.0,10.0,0.968,0.0826,38.12,3.88,13.37,3.1,1.763,1.32
LMT-0330,10.0,11.0,1.224,0.1024,37.48,4.82,13.67,3.09,1.246,1.49
LMT-0330,11.0,12.0,0.922,0.0867,35.94,4.77,14.09,2.37,1.537,1.44
LMT-0330,12.0,13.0,1.169,0.2877,34.04,5.09,15.69,2.64,1.548,1.44
LMT-0330,13.0,14.0,2.099,0.1183,18.4,7.3,30.82,1.86,1.106,1.42
LMT-0330,14.0,15.0,2.239,0.0846,19.02,8.62,32.43,1.94,1.413,1.35
LMT-0330,15.0,16.0,1.611,0.0508,17.93,8.46,31.89,1.66,1.258,1.39
LMT-0330,16.0,17.0,1.654,0.0446,18.38,8.7,30.43,1.23,1.278,1.38
LMT-0330,17.0,18.0,1.76,0.0276,17.03,11.7,31.19,1.57,1.105,1.52
LMT-0330,18.0,19.0,1.773,0.0322,16.3,11.27,30.77,1.56,0.749,1.46
LMT-0330,19.0,20.0,1.747,0.0259,16.24,13.85,29.31,0.95,0.936,1.44
LMT-0330,20.0,21.0,1.918,0.031,15.21,14.98,29.55,1.59,1.163,1.61
LMT-0330,21.0,22.0,1.618,0.0242,14.96,16.3,34.85,1.18,1.052,1.56
LMT-0330,22.0,23.0,1.484,0.0338,14.05,14.7,32.28,1.44,0.872,1.45
LMT-0330,23.0,24.0,1.482,0.0274,14.08,17.71,33.77,1.15,0.966,1.71
LMT-0330,24.0,25.0,1.439,0.0285,14.02,17.64,34.11,1.26,0.785,1.5
LMT-0330,25.0,26.0,1.419,0.0314,12.71,16.34,36.83,1.44,1.154,1.61
LMT-0330,26.0,27.0,1.329,0.018,12.73,15.65,29.82,1.12,0.74,1.71
LMT-0330,27.0,28.0,1.378,0.0304,11.88,20.65,37.58,1.41,0.826,1.68
LMT-0330,28.0,29.0,1.46,0.017,11.52,22.74,34.86,1.3,0.937,1.67
LMT-0330,29.0,30.0,1.25,0.0192,11.59,21.45,36.1,1.1,0.84,1.67
LMT-0330,30.0,31.0,1.148,0.0149,9.99,19.88,35.63,1.03,0.856,1.67
LMT-0330,31.0,32.0,0.974,0.0181,10.03,21.98,36.02,0.88,0.891,1.71
LMT-0330,32.0,33.0,0.906,0.0152,8.91,20.46,35.01,1.0,0.715,1.65
LMT-0330,33.0,34.0,0.812,0.0196,9.11,21.12,39.49,0.76,0.697,1.74
LMT-0330,34.0,35.0,0.28,0.0105,6.2,33.98,33.9,0.66,0.411,2.58
LMT-0330,35.0,35.7,0.297,0.0071,6.27,33.12,36.82,0.69,0.369,2.44
LMT-0331,0.0,1.0,0.692,0.0477,50.05,0.95,4.41,8.9,2.58,1.62
LMT-0331,1.0,2.0,0.953,0.0833,48.18,1.67,7.22,7.41,2.474,1.6
LMT-0331,2.0,3.0,1.158,0.0638,50.1,2.14,7.96,8.55,2.603,1.61
LMT-0331,3.0,4.0,1.349,0.0831,44.32,2.77,9.88,6.51,2.749,1.56
LMT-0331,4.0,5.0,1.126,0.0873,44.97,3.22,10.7,5.16,2.492,1.44
LMT-0331,5.0,6.0,1.095,0.091,41.38,3.06,10.6,6.11,2.418,1.38
LMT-0331,6.0,7.0,1.311,0.0891,46.9,4.62,12.53,4.83,2.482,1.47
LMT-0331,7.0,8.0,1.267,0.1191,44.97,4.16,14.15,5.19,2.335,1.55
LMT-0331,8.0,9.0,1.525,0.0891,40.78,4.34,14.18,4.48,2.736,1.53
LMT-0331,9.0,10.0,1.47,0.1183,41.72,5.79,15.56,4.61,2.496,1.56
LMT-0331,10.0,11.0,1.587,0.1779,42.57,6.34,16.29,3.51,2.444,1.49
LMT-0331,11.0,12.0,1.453,0.2699,36.41,5.95,17.73,4.55,2.29,1.63
LMT-0331,12.0,13.0,2.544,0.2209,21.48,10.61,31.99,2.61,1.573,1.55
LMT-0331,13.0,14.0,2.622,0.095,19.68,9.6,34.96,2.64,1.831,1.53
LMT-0331,14.0,15.0,2.481,0.0739,18.75,13.93,32.87,2.11,1.713,1.51
LMT-0331,15.0,16.0,2.874,0.0647,17.62,12.86,36.08,2.45,1.689,1.5
LMT-0331,16.0,17.0,2.52,0.0724,18.77,14.02,34.47,2.24,1.587,1.58
LMT-0331,17.0,18.0,2.537,0.0551,17.28,14.88,38.15,1.8,1.456,1.67
LMT-0331,18.0,19.0,2.128,0.044,18.91,16.01,33.75,2.2,1.303,1.62
LMT-0331,19.0,20.0,2.085,0.0497,17.98,15.26,38.08,2.08,1.477,1.89
LMT-0331,20.0,21.0,2.369,0.0377,17.78,19.93,35.93,2.0,1.465,1.62
LMT-0331,21.0,22.0,1.869,0.0483,15.84,17.24,34.69,2.1,1.278,1.76
LMT-0331,22.0,23.0,1.827,0.0492,16.78,19.76,37.2,1.91,1.437,1.66
LMT-0331,23.0,24.0,1.909,0.0421,15.63,20.71,40.2,2.38,1.236,1.8
LMT-0331,24.0,25.0,2.073,0.0383,15.28,20.7,35.27,2.15,1.104,1.74
LMT-0331,25.0,26.0,1.764,0.0434,12.9,22.98,44.1,1.64,1.301,1.65
LMT-0331,26.0,27.0,1.529,0.0385,13.16,23.39,41.96,1.42,1.084,1.69
LMT-0331,27.0,28.0,1.446,0.0385,12.21,24.48,39.93,1.22,1.102,1.84
LMT-0331,28.0,29.0,1.434,0.029,11.69,26.09,44.39,1.63,1.064,1.82
LMT-0331,29.0,30.0,1.493,0.0201,12.13,23.15,47.36,1.21,0.937,1.63
LMT-0331,30.0,31.0,1.32,0.0273,10.98,27.69,40.12,1.23,1.032,1.85
LMT-0331,31.0,32.0,1.396,0.0273,10.41,26.3,43.82,1.09,0.782,1.82
LMT-0331,32.0,33.0,1.207,0.0248,9.8,32.2,46.73,1.1,0.945,1.93
LMT-0331,33.0,34.0,0.328,0.015,6.51,36.16,40.01,1.33,0.566,2.72
LMT-0331,34.0,35.0,0.337,0.0153,6.99,40.56,39.1,1.11,0.543,2.65
LMT-0331,35.0,35.8,0.32,0.014,7.35,43.05,44.08,1.2,0.53,2.84
LMT-0332,0.0,1.0,0.648,0.0339,48.59,0.79,3.82,10.04,2.833,1.57
LMT-0332,1.0,2.0,1.076,0.0768,47.79,1.76,7.41,7.22,3.094,1.52
LMT-0332,2.0,3.0,1.099,0.0997,44.77,1.98,8.12,5.52,2.733,1.55
LMT-0332,3.0,4.0,1.1,0.1028,48.22,2.56,8.69,6.89,2.491,1.47
LMT-0332,4.0,5.0,1.087,0.082,43.25,3.13,10.42,5.74,2.551,1.44
LMT-0332,5.0,6.0,1.055,0.078,44.42,3.66,10.97,5.17,2.369,1.62
LMT-0332,6.0,7.0,1.164,0.086,46.0,4.05,13.33,5.07,2.682,1.39
LMT-0332,7.0,8.0,1.216,0.0831,43.03,4.57,13.45,4.9,2.643,1.44
LMT-0332,8.0,9.0,1.158,0.1069,40.83,5.49,14.22,5.01,2.011,1.53
LMT-0332,9.0,10.0,1.51,0.1168,40.05,5.58,17.22,4.92,2.454,1.59
LMT-0332,10.0,11.0,1.407,0.2006,37.96,5.19,17.21,3.87,2.198,1.63
LMT-0332,11.0,12.0,1.551,0.3294,39.55,5.16,17.42,4.4,2.217,1.51
LMT-0332,12.0,13.0,2.678,0.1815,22.18,10.42,31.37,2.85,1.838,1.61
LMT-0332,13.0,14.0,2.026,0.1344,21.65,12.29,34.12,2.25,1.654,1.46
LMT-0332,14.0,15.0,2.355,0.0746,21.87,13.46,31.51,2.0,1.757,1.61
LMT-0332,15.0,16.0,2.007,0.0764,19.91,12.8,35.49,2.47,1.771,1.56
LMT-0332,16.0,17.0,1.931,0.0518,21.04,14.82,35.13,1.94,1.602,1.63
LMT-0332,17.0,18.0,2.188,0.0474,19.43,17.18,35.57,1.95,1.556,1.53
LMT-0332,18.0,19.0,2.132,0.0532,19.51,16.23,36.67,2.32,1.309,1.73
LMT-0332,19.0,20.0,1.874,0.0576,16.42,17.47,39.89,1.92,1.198,1.68
LMT-0332,20.0,21.0,1.893,0.0442,16.7,20.45,35.56,1.69,1.277,1.63
LMT-0332,21.0,22.0,1.814,0.0405,15.67,16.96,41.36,1.98,1.189,1.77
LMT-0332,22.0,23.0,1.592,0.0399,15.4,19.27,42.49,1.79,1.188,1.65
LMT-0332,23.0,24.0,1.324,0.036,14.66,21.04,38.46,1.67,0.947,1.75
LMT-0332,24.0,25.0,1.488,0.0374,13.94,23.08,42.14,1.56,1.252,1.84
LMT-0332,25.0,26.0,1.411,0.036,13.52,24.74,41.75,1.13,1.172,1.85
LMT-0332,26.0,27.0,1.419,0.0276,12.51,24.15,41.91,1.64,1.099,1.7
LMT-0332,27.0,28.0,1.366,0.0326,12.84,27.89,45.16,1.45,1.128,1.76
LMT-0332,28.0,29.0,1.192,0.0273,10.72,27.56,40.73,1.03,1.041,1.88
LMT-0332,29.0,30.0,1.154,0.0254,10.94,29.32,43.42,0.92,1.011,1.81
LMT-0332,30.0,31.0,0.34,0.018,7.12,36.62,41.34,1.18,0.539,2.79
LMT-0332,31.0,32.0,0.315,0.0199,7.02,42.05,44.07,1.3,0.512,2.67
LMT-0332,32.0,32.7,0.338,0.0166,7.37,38.3,42.01,1.09,0.455,2.61
LMT-0333,0.0,1.0,0.489,0.0259,48.72,0.57,3.14,5.32,2.569,1.45
LMT-0333,1.0,2.0,0.72,0.0532,42.53,1.28,6.49,4.74,2.16,1.27
LMT-0333,2.0,3.0,0.795,0.0646,39.0,2.02,7.47,5.01,2.085,1.29
LMT-0333,3.0,4.0,0.812,0.0789,41.67,3.18,9.24,3.77,1.89,1.29
LMT-0333,4.0,5.0,0.712,0.0819,39.23,3.25,11.67,3.62,2.12,1.36
LMT-0333,5.0,6.0,0.899,0.1596,37.64,4.42,13.87,3.6,1.888,1.33
LMT-0333,6.0,7.0,1.163,0.2418,34.71,4.84,16.14,2.51,1.833,1.37
LMT-0333,7.0,8.0,1.678,0.0643,17.96,9.79,26.97,1.83,1.224,1.47
LMT-0333,8.0,9.0,1.453,0.0771,18.08,10.01,27.11,1.51,1.12,1.43
LMT-0333,9.0,10.0,1.353,0.0352,17.48,11.27,31.08,1.99,1.223,1.41
LMT-0333,10.0,11.0,1.286,0.0424,15.69,14.25,28.69,1.94,1.066,1.53
LMT-0333,11.0,12.0,1.345,0.036,14.88,13.95,28.81,1.67,1.024,1.46
LMT-0333,12.0,13.0,1.378,0.0295,14.33,16.72,32.36,1.59,1.301,1.53
LMT-0333,13.0,14.0,1.125,0.0294,13.83,15.71,32.98,1.12,1.042,1.59
LMT-0333,14.0,15.0,1.192,0.0293,12.3,20.07,33.85,1.0,0.842,1.7
LMT-0333,15.0,16.0,1.038,0.0311,12.51,21.05,35.68,0.82,0.692,1.69
LMT-0333,16.0,17.0,0.976,0.0254,10.09,23.35,36.63,1.05,0.814,1.66
LMT-0333,17.0,18.0,1.006,0.0171,9.94,25.7,39.7,0.94,0.862,1.61
LMT-0333,18.0,19.0,0.847,0.0182,8.98,27.98,33.92,0.93,0.734,1.62
LMT-0333,19.0,20.0,0.23,0.0108,5.46,34.43,39.55,0.89,0.387,2.42
LMT-0333,20.0,21.0,0.213,0.0096,6.55,30.44,37.31,0.69,0.42,2.58
LMT-0333,21.0,21.5,0.197,0.0117,5.57,30.72,34.22,0.7,0.343,2.52
LMT-0334,0.0,1.0,0.556,0.0525,56.0,0.73,3.85,6.97,3.025,1.7
LMT-0334,1.0,2.0,0.907,0.067,49.76,1.4,7.14,6.54,2.747,1.33
LMT-0334,2.0,3.0,0.794,0.0728,49.65,2.13,8.88,7.62,3.13,1.41
LMT-0334,3.0,4.0,0.902,0.0863,44.53,3.13,10.59,4.41,2.89,1.48
LMT-0334,4.0,5.0,1.102,0.1079,43.9,3.94,11.8,5.82,2.392,1.49
LMT-0334,5.0,6.0,1.261,0.1187,44.4,5.09,15.53,5.42,2.601,1.48
LMT-0334,6.0,7.0,1.075,0.2641,42.6,5.13,15.97,4.65,2.672,1.39
LMT-0334,7.0,8.0,,,,,,,,1.53
LMT-0334,8.0,9.0,2.131,0.1809,23.54,11.06,36.04,2.47,1.629,1.49
LMT-0334,9.0,10.0,2.028,0.1106,20.9,12.85,33.3,2.52,1.665,1.65
LMT-0334,10.0,11.0,2.041,0.0715,20.59,13.77,34.14,2.16,1.52,1.58
LMT-0334,11.0,12.0,1.897,0.0608,19.28,13.76,32.46,2.35,1.547,1.5
LMT-0334,12.0,13.0,1.816,0.0409,17.94,17.14,36.26,2.46,1.349,1.68
LMT-0334,13.0,14.0,1.525,0.0536,16.49,16.19,38.89,2.25,1.665,1.6
LMT-0334,14.0,15.0,1.548,0.0397,18.6,16.34,37.55,2.02,1.36,1.82
LMT-0334,15.0,16.0,1.437,0.0383,15.36,19.88,40.06,1.96,1.242,1.76
LMT-0334,16.0,17.0,1.163,0.0345,14.66,21.85,39.49,1.45,1.289,1.69
LMT-0334,17.0,18.0,1.409,0.0373,13.28,23.04,38.08,1.78,1.058,1.71
LMT-0334,18.0,19.0,1.148,0.0359,13.28,25.57,35.3,1.3,1.062,1.89
LMT-0334,19.0,20.0,1.106,0.0331,11.51,26.65,40.86,1.65,1.011,1.85
LMT-0334,20.0,21.0,1.061,0.0349,11.26,26.38,45.41,1.27,0.966,1.79
LMT-0334,21.0,22.0,1.122,0.0308,10.93,29.19,44.87,1.03,1.026,1.79
LMT-0334,22.0,23.0,0.263,0.0146,6.89,35.68,42.93,1.1,0.582,2.53
LMT-0334,23.0,24.0,0.255,0.0164,7.04,44.34,40.12,0.95,0.482,2.61
LMT-0334,24.0,25.0,0.253,0.0129,7.39,42.94,42.63,1.1,0.467,2.63
LMT-0334,25.0,25.7,0.264,0.0173,6.54,41.94,45.5,1.1,0.484,2.76
LMT-0335,0.0,1.0,0.511,0.0362,52.87,0.68,3.65,7.54,2.965,1.6
LMT-0335,1.0,2.0,0.818,0.0629,48.18,1.47,7.04,5.83,2.067,1.37
LMT-0335,2.0,3.0,0.882,0.071,45.7,2.04,7.7,5.96,2.609,1.4
LMT-0335,3.0,4.0,0.858,0.0811,45.1,2.67,9.26,5.82,2.803,1.51
LMT-0335,4.0,5.0,0.781,0.0734,43.41,2.75,11.18,5.61,2.835,1.49
LMT-0335,5.0,6.0,0.864,0.0822,41.34,3.29,10.25,5.83,2.538,1.58
LMT-0335,6.0,7.0,1.065,0.0864,43.03,4.1,12.93,4.5,2.404,1.37
LMT-0335,7.0,8.0,1.149,0.0945,42.0,4.68,13.8,4.9,2.133,1.57
LMT-0335,8.0,9.0,1.028,0.109,40.22,4.47,14.1,3.55,2.074,1.5
LMT-0335,9.0,10.0,1.121,0.1655,42.26,5.01,15.78,4.27,2.151,1.44
LMT-0335,10.0,11.0,1.17,0.3016,41.49,6.94,17.04,3.67,2.021,1.55
LMT-0335,11.0,12.0,1.954,0.1682,22.71,9.46,32.81,2.38,1.684,1.49
LMT-0335,12.0,13.0,1.865,0.1326,20.06,9.92,32.54,2.85,1.486,1.54
LMT-0335,13.0,14.0,2.071,0.0865,18.58,12.97,31.8,1.8,1.439,1.6
LMT-0335,14.0,15.0,1.816,0.0588,19.68,13.43,35.75,1.98,1.37,1.53
LMT-0335,15.0,16.0,1.448,0.0491,18.65,16.04,38.14,1.81,1.516,1.46
LMT-0335,16.0,17.0,1.831,0.0439,16.03,18.76,31.94,1.97,1.183,1.7
LMT-0335,17.0,18.0,1.241,0.0393,15.97,17.64,38.82,1.92,0.902,1.61
LMT-0335,18.0,19.0,1.39,0.032,13.74,19.82,38.61,1.59,0.908,1.66
LMT-0335,19.0,20.0,1.286,0.0325,13.93,20.78,33.3,1.64,1.106,1.68
LMT-0335,20.0,21.0,1.466,0.0397,14.24,21.29,37.63,1.79,1.068,1.75
LMT-0335,21.0,22.0,1.147,0.0256,13.67,23.15,37.42,1.62,1.108,1.71
LMT-0335,22.0,23.0,1.087,0.0305,12.21,22.93,34.92,1.13,0.879,1.85
LMT-0335,23.0,24.0,0.906,0.0287,12.03,22.51,44.72,1.14,0.797,1.82
LMT-0335,24.0,25.0,0.997,0.0179,10.63,22.88,41.11,0.97,0.931,1.84
LMT-0335,25.0,26.0,0.911,0.0178,9.38,27.91,43.55,0.98,1.02,1.85
LMT-0335,26.0,27.0,0.264,0.0186,6.89,39.49,40.84,1.11,0.527,2.77
LMT-0335,27.0,28.0,0.208,0.0115,6.81,41.04,40.95,0.94,0.569,2.74
LMT-0335,28.0,28.3,0.264,0.0123,6.38,33.72,37.03,0.79,0.435,2.58
LMT-0336,0.0,1.0,0.628,0.0419,44.77,0.94,4.13,7.12,2.545,1.67
LMT-0336,1.0,2.0,0.822,0.0658,50.14,1.78,7.92,6.77,2.882,1.48
LMT-0336,2.0,3.0,1.034,0.0747,46.05,2.52,9.09,6.4,2.584,1.38
LMT-0336,3.0,4.0,0.976,0.0807,39.31,2.94,8.89,6.55,2.394,1.4
LMT-0336,4.0,5.0,0.933,0.0731,44.94,3.41,10.75,6.55,2.369,1.51
LMT-0336,5.0,6.0,0.917,0.0833,43.99,4.35,13.97,5.21,2.43,1.55
LMT-0336,6.0,7.0,1.002,0.1179,40.0,4.65,13.8,5.52,2.282,1.52
LMT-0336,7.0,8.0,1.187,0.1147,37.4,5.15,13.82,4.57,2.374,1.55
LMT-0336,8.0,9.0,1.093,0.2883,37.64,6.24,16.71,4.04,2.106,1.53
LMT-0336,9.0,10.0,1.293,0.3057,42.26,6.33,16.79,3.71,2.024,1.54
LMT-0336,10.0,11.0,2.144,0.1429,19.12,11.1,33.36,2.23,1.432,1.57
LMT-0336,11.0,12.0,2.086,0.0861,19.22,14.19,30.88,2.3,1.774,1.58
LMT-0336,12.0,13.0,1.789,0.0507,17.38,17.75,35.29,1.89,1.425,1.65
LMT-0336,13.0,14.0,1.504,0.0365,16.02,15.89,39.4,1.84,1.304,1.63
LMT-0336,14.0,15.0,1.411,0.0349,13.9,20.31,39.99,1.69,1.184,1.81
LMT-0336,15.0,16.0,1.163,0.027,14.02,21.52,34.44,1.78,0.924,1.77
LMT-0336,16.0,17.0,1.083,0.0259,11.78,25.71,38.21,1.49,1.03,1.95
LMT-0336,17.0,18.0,1.074,0.0297,10.56,23.33,41.67,1.04,0.965,1.84
LMT-0336,18.0,19.0,0.276,0.0161,6.98,36.48,43.04,0.89,0.441,2.66
LMT-0336,19.0,20.0,0.224,0.0142,6.39,31.54,42.29,0.97,0.498,2.78
LMT-0336,20.0,21.0,0.307,0.0109,6.9,37.2,38.32,0.97,0.479,2.51
LMT-0336,21.0,21.3,0.304,0.0104,6.39,42.9,43.82,0.8,0.547,2.68
LMT-0337,0.0,1.0,0.69,0.042,51.47,0.71,3.41,7.85,3.284,1.64
LMT-0337,1.0,2.0,0.815,0.0704,49.71,1.57,6.31,5.97,2.562,1.42
LMT-0337,2.0,3.0,0.928,0.0627,45.06,2.41,8.95,6.53,2.68,1.46
LMT-0337,3.0,4.0,0.964,0.0761,47.97,3.3,10.52,4.34,2.169,1.48
LMT-0337,4.0,5.0,0.842,0.101,41.24,3.57,12.0,5.6,2.69,1.44
LMT-0337,5.0,6.0,1.042,0.0937,44.57,3.84,13.3,4.53,2.062,1.51
LMT-0337,6.0,7.0,1.157,0.1749,40.95,5.37,14.14,5.08,2.314,1.58
LMT-0337,7.0,8.0,1.294,0.2791,39.32,5.77,17.33,3.73,2.358,1.64
LMT-0337,8.0,9.0,2.166,0.1559,22.18,10.12,33.29,2.63,1.401,1.55
LMT-0337,9.0,10.0,1.857,0.11,17.79,14.5,36.13,1.97,1.545,1.66
LMT-0337,10.0,11.0,1.45,0.064,15.07,21.13,34.23,1.63,1.469,1.79
LMT-0337,11.0,12.0,1.046,0.0267,12.93,24.61,43.22,1.41,1.229,1.83
LMT-0337,12.0,13.0,0.246,0.0174,7.22,37.77,42.9,0.96,0.423,2.68
LMT-0337,13.0,14.0,0.253,0.0142,6.41,37.95,40.78,1.09,0.54,2.55
LMT-0337,14.0,15.0,0.247,0.01,6.72,38.9,46.29,1.11,0.462,2.68
LMT-0337,15.0,15.6,0.239,0.0113,6.84,34.74,44.9,0.97,0.46,2.78
LMT-0338,0.0,1.0,0.539,0.0388,47.19,0.79,3.74,8.51,2.804,1.61
LMT-0338,1.0,2.0,0.741,0.0589,48.29,1.66,7.45,8.31,2.59,1.51
LMT-0338,2.0,3.0,0.759,0.0871,45.18,2.15,7.66,5.61,2.667,1.4
LMT-0338,3.0,4.0,0.896,0.071,41.67,2.85,8.65,5.89,2.402,1.38
LMT-0338,4.0,5.0,1.025,0.0831,46.05,3.05,10.96,5.78,2.341,1.43
LMT-0338,5.0,6.0,1.044,0.0629,43.56,3.72,11.97,4.9,2.751,1.49
LMT-0338,6.0,7.0,0.991,0.1002,42.5,4.66,11.4,4.87,1.843,1.39
LMT-0338,7.0,8.0,1.041,0.1052,41.19,4.78,15.44,4.48,2.008,1.38
LMT-0338,8.0,9.0,1.13,0.1519,40.57,5.2,16.51,4.28,2.306,1.47
LMT-0338,9.0,10.0,1.095,0.29,43.12,6.02,15.96,3.83,2.217,1.54
LMT-0338,10.0,11.0,1.916,0.1642,19.29,12.1,34.48,1.9,1.12,1.54
LMT-0338,11.0,12.0,1.357,0.0726,14.02,20.69,37.76,1.67,1.047,1.65
LMT-0338,12.0,13.0,0.259,0.0174,6.9,34.57,38.01,0.74,0.394,2.72
LMT-0338,13.0,14.0,0.26,0.0127,6.74,37.25,42.25,1.14,0.488,2.71
LMT-0338,14.0,15.0,0.243,0.0119,6.54,32.53,41.54,0.77,0.492,2.75
LMT-0338,15.0,15.7,0.247,0.0134,5.96,39.8,41.06,0.86,0.542,2.85
LMT-0339,0.0,1.0,0.58,0.0317,45.93,0.67,3.58,8.14,3.298,1.54
LMT-0339,1.0,2.0,0.809,0.0541,46.83,0.96,4.91,6.64,2.46,1.5
LMT-0339,2.0,3.0,0.805,0.0642,51.5,2.21,7.91,6.69,2.165,1.43
LMT-0339,3.0,4.0,1.014,0.0785,41.06,2.92,10.2,5.91,2.311,1.47
LMT-0339,4.0,5.0,1.232,0.0938,39.96,3.97,11.83,4.27,2.517,1.42
LMT-0339,5.0,6.0,1.19,0.1939,37.15,4.44,14.43,4.21,1.989,1.47
LMT-0339,6.0,7.0,1.328,0.2819,37.62,6.07,15.82,3.55,2.094,1.5
LMT-0339,7.0,8.0,1.349,0.1079,12.76,21.77,42.47,1.78,0.933,1.72
LMT-0339,8.0,9.0,0.267,0.0255,6.43,37.07,37.49,1.05,0.451,2.69
LMT-0339,9.0,10.0,0.251,0.0208,6.77,39.01,41.24,0.91,0.396,2.57
LMT-0339,10.0,10.7,0.306,0.0113,7.1,42.53,41.13,0.79,0.423,2.63
LMT-0340,0.0,1.0,0.692,0.0465,52.85,0.68,3.42,9.92,3.107,1.73
LMT-0340,1.0,2.0,0.872,0.0644,52.49,1.35,4.96,6.69,2.837,1.6
LMT-0340,2.0,3.0,0.993,0.0769,50.0,1.83,7.95,7.88,3.033,1.51
LMT-0340,3.0,4.0,1.188,0.0847,48.93,3.09,10.38,7.35,2.82,1.55
LMT-0340,4.0,5.0,1.142,0.0919,43.11,3.35,12.27,6.09,2.155,1.53
LMT-0340,5.0,6.0,1.256,0.101,45.73,5.04,14.62,5.4,2.509,1.54
LMT-0340,6.0,7.0,1.445,0.2173,44.61,5.44,15.75,4.75,2.109,1.69
LMT-0340,7.0,8.0,1.604,0.2821,42.23,6.46,19.83,5.0,2.659,1.63
LMT-0340,8.0,9.0,1.805,0.1385,14.67,20.58,40.26,1.73,1.215,1.83
LMT-0340,9.0,10.0,0.341,0.0291,6.71,42.12,43.44,0.88,0.548,2.68
LMT-0340,10.0,11.0,0.316,0.0203,7.52,38.72,44.02,1.07,0.617,2.67
LMT-0340,11.0,11.9,0.282,0.0161,6.8,40.57,43.39,1.13,0.515,2.85
LMT-0341,0.0,1.0,0.495,0.0264,50.53,0.65,3.0,6.94,2.844,1.6
LMT-0341,1.0,2.0,0.715,0.0494,47.77,0.89,4.16,4.83,2.422,1.45
LMT-0341,2.0,3.0,0.889,0.0505,41.89,1.78,7.12,6.8,2.121,1.34
LMT-0341,3.0,4.0,0.862,0.0674,43.0,2.57,9.28,5.17,2.241,1.39
LMT-0341,4.0,5.0,1.005,0.0783,39.73,3.3,11.4,5.22,2.259,1.46
LMT-0341,5.0,6.0,0.82,0.1259,40.64,3.87,11.94,4.54,2.243,1.35
LMT-0341,6.0,7.0,1.287,0.1432,40.12,4.71,14.16,4.19,1.494,1.53
LMT-0341,7.0,8.0,1.237,0.2531,36.3,5.16,16.82,3.35,1.925,1.42
LMT-0341,8.0,9.0,1.953,0.116,20.47,9.42,36.13,2.46,1.312,1.51
LMT-0341,9.0,10.0,2.053,0.1084,16.65,12.5,29.86,1.85,1.488,1.54
LMT-0341,10.0,11.0,2.049,0.0475,15.96,14.62,34.64,1.68,1.328,1.52
LMT-0341,11.0,12.0,1.663,0.0495,15.62,16.18,34.68,1.69,1.27,1.6
LMT-0341,12.0,13.0,1.351,0.0358,14.28,16.05,34.64,1.45,1.088,1.82
LMT-0341,13.0,14.0,,,,,,,,1.82
LMT-0341,14.0,15.0,1.354,0.0226,9.95,22.16,38.49,0.94,1.052,1.72
LMT-0341,15.0,16.0,1.135,0.0184,9.69,31.27,36.21,0.95,0.667,1.85
LMT-0341,16.0,17.0,0.308,0.0179,5.89,36.15,34.84,0.81,0.474,2.52
LMT-0341,17.0,18.0,0.275,0.0113,6.15,36.07,33.96,0.78,0.41,2.69
LMT-0341,18.0,18.5,0.239,0.0102,6.32,31.89,41.37,1.05,0.478,2.64
LMT-0342,0.0,1.0,0.691,0.0382,48.79,0.82,3.71,8.99,2.745,1.46
LMT-0342,1.0,2.0,0.983,0.0661,45.8,1.65,6.5,6.09,2.604,1.47
LMT-0342,2.0,3.0,1.074,0.083,39.05,2.68,9.33,4.72,2.374,1.38
LMT-0342,3.0,4.0,1.261,0.1161,44.24,3.71,11.68,6.1,2.434,1.41
LMT-0342,4.0,5.0,1.225,0.1582,39.68,4.44,13.58,4.65,2.348,1.59
LMT-0342,5.0,6.0,1.352,0.2519,39.01,5.99,15.92,4.45,2.231,1.59
LMT-0342,6.0,7.0,2.5,0.2086,19.67,11.2,31.22,1.86,1.419,1.42
LMT-0342,7.0,8.0,2.291,0.1082,20.1,13.3,34.76,1.81,1.55,1.48
LMT-0342,8.0,9.0,2.007,0.063,16.99,17.34,37.98,1.99,1.299,1.63
LMT-0342,9.0,10.0,1.869,0.0344,15.46,17.28,35.83,1.81,1.113,1.68
LMT-0342,10.0,11.0,1.307,0.0374,14.35,22.3,38.24,1.42,1.082,1.75
LMT-0342,11.0,12.0,1.287,0.0179,11.47,24.32,39.07,1.26,1.054,1.79
LMT-0342,12.0,13.0,1.177,0.021,10.48,29.54,41.87,1.2,0.946,1.73
LMT-0342,13.0,14.0,0.288,0.0122,6.81,37.13,37.87,1.02,0.556,2.63
LMT-0342,14.0,15.0,0.321,0.0153,7.21,37.47,46.15,1.06,0.536,2.81
LMT-0342,15.0,15.6,0.268,0.0142,6.8,41.06,38.7,0.84,0.492,2.71
LMT-0343,0.0,1.0,0.997,0.0646,53.05,1.21,5.28,8.29,3.103,1.64
LMT-0343,1.0,2.0,0.979,0.0768,48.82,2.55,8.85,5.86,2.906,1.47
LMT-0343,2.0,3.0,1.281,0.0851,46.04,2.79,10.86,6.13,2.732,1.51
LMT-0343,3.0,4.0,1.229,0.1053,43.43,4.24,13.86,5.48,2.661,1.52
LMT-0343,4.0,5.0,1.247,0.1594,44.0,5.24,15.14,5.54,2.78,1.64
LMT-0343,5.0,6.0,1.452,0.2283,43.33,5.78,17.09,4.6,2.702,1.56
LMT-0343,6.0,7.0,1.487,0.3255,40.74,6.11,19.52,4.01,2.15,1.6
LMT-0343,7.0,8.0,2.49,0.1406,20.71,12.51,32.76,2.56,1.81,1.54
LMT-0343,8.0,9.0,2.645,0.0692,18.96,16.46,37.94,2.08,1.594,1.66
LMT-0343,9.0,10.0,1.526,0.0651,17.23,16.0,35.77,2.06,1.507,1.8
LMT-0343,10.0,11.0,1.841,0.0536,16.08,22.22,40.66,1.85,1.57,1.89
LMT-0343,11.0,12.0,1.576,0.0388,14.7,23.45,40.46,1.41,1.332,1.8
LMT-0343,12.0,13.0,1.431,0.0277,12.74,24.21,41.74,1.42,1.244,1.82
LMT-0343,13.0,14.0,1.103,0.0292,10.98,25.76,38.78,1.47,1.153,1.84
LMT-0343,14.0,15.0,0.288,0.0183,7.07,45.0,41.53,0.99,0.581,2.71
LMT-0343,15.0,16.1,0.373,0.0208,7.52,38.64,42.34,1.25,0.508,2.69
LMT-0344,0.0,1.0,1.109,0.0616,52.06,1.71,7.0,7.99,3.225,1.53
LMT-0344,1.0,2.0,1.197,0.0576,45.86,2.16,9.27,6.06,3.028,1.55
LMT-0344,2.0,3.0,1.253,0.0758,44.59,3.4,9.21,6.48,2.632,1.58
LMT-0344,3.0,4.0,1.363,0.1167,47.4,4.12,12.63,4.95,2.356,1.57
LMT-0344,4.0,5.0,1.531,0.0879,44.07,4.08,14.63,6.54,2.295,1.59
LMT-0344,5.0,6.0,1.244,0.1895,40.16,5.74,15.02,5.86,2.448,1.62
LMT-0344,6.0,7.0,1.554,0.3659,42.56,6.21,17.21,4.86,2.169,1.54
LMT-0344,7.0,8.0,2.43,0.1848,24.2,9.8,38.58,2.55,1.703,1.55
LMT-0344,8.0,9.0,2.507,0.1575,19.99,11.83,36.23,2.82,1.847,1.64
LMT-0344,9.0,10.0,2.575,0.086,21.08,15.96,35.42,2.49,1.458,1.64
LMT-0344,10.0,11.0,2.108,0.0672,17.37,19.1,37.03,2.12,1.329,1.74
LMT-0344,11.0,12.0,1.823,0.0494,17.41,18.86,42.2,2.15,1.181,1.78
LMT-0344,12.0,13.0,1.985,0.0507,16.2,23.4,42.05,1.79,1.4,1.77
LMT-0344,13.0,14.0,1.892,0.0405,13.99,21.14,45.52,1.79,1.31,1.68
LMT-0344,14.0,15.0,1.539,0.0338,13.57,26.68,38.27,1.87,1.172,1.85
LMT-0344,15.0,16.0,1.465,0.0226,12.09,29.79,40.48,1.43,1.037,1.92
LMT-0344,16.0,17.0,1.166,0.0269,10.67,31.34,46.4,1.06,1.009,1.8
LMT-0344,17.0,18.0,0.34,0.0145,6.8,38.52,44.01,0.7,0.444,2.71
LMT-0344,18.0,19.0,0.322,0.0124,6.67,42.13,42.41,1.02,0.5,2.67
LMT-0344,19.0,19.6,0.317,0.0141,6.68,43.92,39.91,1.29,0.555,2.72
LMT-0345,0.0,1.0,0.692,0.0422,52.16,0.77,3.87,8.75,2.678,1.64
LMT-0345,1.0,2.0,0.964,0.0678,47.45,1.67,7.48,6.45,2.362,1.54
LMT-0345,2.0,3.0,1.122,0.0763,47.92,2.23,8.59,6.97,2.757,1.44
LMT-0345,3.0,4.0,1.311,0.0721,45.33,3.38,9.83,6.97,2.579,1.5
LMT-0345,4.0,5.0,1.307,0.0856,45.67,3.28,11.14,6.76,2.459,1.44
LMT-0345,5.0,6.0,1.456,0.0827,46.0,3.59,11.34,4.97,2.389,1.53
LMT-0345,6.0,7.0,1.219,0.1138,41.98,4.47,13.66,5.11,2.159,1.52
LMT-0345,7.0,8.0,1.452,0.1392,38.99,5.04,15.38,4.88,2.422,1.45
LMT-0345,8.0,9.0,1.455,0.2445,43.52,5.98,17.74,3.64,2.312,1.53
LMT-0345,9.0,10.0,1.359,0.2812,40.49,5.89,17.92,3.63,2.025,1.55
LMT-0345,10.0,11.0,2.573,0.1548,21.11,12.57,34.12,2.07,1.459,1.55
LMT-0345,11.0,12.0,2.263,0.0908,20.67,13.03,35.98,2.09,1.59,1.45
LMT-0345,12.0,13.0,2.096,0.0615,17.78,14.2,31.47,1.78,1.413,1.71
LMT-0345,13.0,14.0,2.208,0.0514,18.27,15.34,35.83,2.15,1.28,1.65
LMT-0345,14.0,15.0,2.122,0.0496,15.69,17.46,38.37,2.17,1.386,1.7
LMT-0345,15.0,16.0,1.707,0.0396,16.53,20.18,39.43,2.01,1.455,1.71
LMT-0345,16.0,17.0,1.861,0.0425,15.6,21.02,40.79,1.71,1.226,1.71
LMT-0345,17.0,18.0,1.683,0.0354,14.02,19.95,40.66,1.39,1.1,1.73
LMT-0345,18.0,19.0,1.407,0.032,14.75,24.64,37.57,1.36,1.022,1.99
LMT-0345,19.0,20.0,1.47,0.0394,12.13,23.41,40.05,1.16,0.972,1.82
LMT-0345,20.0,21.0,1.54,0.0265,11.81,28.2,44.01,1.29,1.002,1.8
LMT-0345,21.0,22.0,1.208,0.0249,10.01,29.52,44.07,1.08,0.75,1.88
LMT-0345,22.0,23.0,0.351,0.0138,6.86,39.93,38.51,1.03,0.611,2.82
LMT-0345,23.0,24.2,0.339,0.0136,6.66,43.81,40.1,1.02,0.551,2.59
LMT-0346,0.0,1.0,0.934,0.0598,53.75,1.05,4.06,10.92,3.343,1.66
LMT-0346,1.0,2.0,1.214,0.0904,51.53,1.84,7.43,7.79,3.41,1.47
LMT-0346,2.0,3.0,1.26,0.0943,52.64,2.26,9.08,8.47,2.703,1.61
LMT-0346,3.0,4.0,1.376,0.1018,52.69,2.47,9.67,7.73,3.527,1.57
LMT-0346,4.0,5.0,1.137,0.0927,46.59,2.88,10.31,6.66,2.947,1.64
LMT-0346,5.0,6.0,1.484,0.1031,47.68,3.51,12.07,7.75,3.167,1.59
LMT-0346,6.0,7.0,1.447,0.1331,50.03,3.75,12.26,8.26,3.053,1.65
LMT-0346,7.0,8.0,1.406,0.0958,46.71,4.51,13.85,6.97,2.399,1.59
LMT-0346,8.0,9.0,1.658,0.1231,47.97,4.74,14.72,6.73,2.809,1.57
LMT-0346,9.0,10.0,1.69,0.1222,46.26,4.93,16.51,6.69,2.348,1.67
LMT-0346,10.0,11.0,1.589,0.1527,42.92,5.56,15.68,5.9,2.669,1.6
LMT-0346,11.0,12.0,1.7,0.1477,41.91,6.25,17.54,5.81,2.545,1.74
LMT-0346,12.0,13.0,1.756,0.1821,42.83,6.46,17.42,4.93,2.792,1.67
LMT-0346,13.0,14.0,1.738,0.3499,44.44,6.92,17.91,4.87,2.455,1.61
LMT-0346,14.0,15.0,1.767,0.4064,41.04,8.24,18.26,4.94,2.46,1.77
LMT-0346,15.0,16.0,3.107,0.1704,22.98,13.15,38.06,2.96,1.788,1.61
LMT-0346,16.0,17.0,2.562,0.1311,22.22,13.58,36.81,2.79,1.771,1.65
LMT-0346,17.0,18.0,2.457,0.0762,20.26,14.27,40.23,2.99,1.676,1.68
LMT-0346,18.0,19.0,2.484,0.0619,20.75,15.49,39.51,2.68,1.742,1.67
LMT-0346,19.0,20.0,2.272,0.0572,18.84,18.06,42.84,2.44,1.763,1.67
LMT-0346,20.0,21.0,2.522,0.0613,19.16,17.14,41.71,2.35,1.543,1.94
LMT-0346,21.0,22.0,2.325,0.0559,17.15,20.71,40.4,2.05,1.239,1.75
LMT-0346,22.0,23.0,2.215,0.0539,17.47,23.39,44.88,2.54,1.526,1.89
LMT-0346,23.0,24.0,1.946,0.0482,16.12,25.04,42.37,1.9,1.258,2.01
LMT-0346,24.0,25.0,1.823,0.0513,14.31,27.14,47.27,2.3,1.406,1.91
LMT-0346,25.0,26.0,1.581,0.0374,13.02,25.8,40.26,1.67,1.313,2.03
LMT-0346,26.0,27.0,1.53,0.0366,12.04,28.49,43.49,1.62,1.273,2.01
LMT-0346,27.0,28.0,1.475,0.0342,11.8,35.32,40.93,1.25,1.267,2.02
LMT-0346,28.0,29.0,1.28,0.0326,11.32,29.25,46.54,1.23,1.155,2.08
LMT-0346,29.0,30.0,0.351,0.0155,7.31,45.0,49.79,1.12,0.56,2.84
LMT-0346,30.0,31.0,0.324,0.0152,7.44,45.0,44.36,1.22,0.556,2.85
LMT-0346,31.0,32.1,0.311,0.0178,7.29,44.81,43.02,1.14,0.582,2.85
LMT-0347,0.0,1.0,0.868,0.056,54.79,0.81,3.83,8.55,3.815,1.66
LMT-0347,1.0,2.0,1.17,0.0594,51.68,1.51,6.99,7.46,3.385,1.49
LMT-0347,2.0,3.0,1.149,0.0679,48.65,2.07,7.59,7.66,2.842,1.56
LMT-0347,3.0,4.0,1.165,0.0775,44.77,2.44,9.18,7.79,2.875,1.51
LMT-0347,4.0,5.0,1.185,0.0861,47.09,2.51,8.73,7.93,2.606,1.51
LMT-0347,5.0,6.0,1.211,0.1062,46.93,2.67,10.46,7.77,3.094,1.49
LMT-0347,6.0,7.0,1.399,0.0963,43.86,2.77,9.73,6.03,2.592,1.42
LMT-0347,7.0,8.0,1.208,0.1004,48.77,3.41,11.18,7.02,2.851,1.54
LMT-0347,8.0,9.0,1.431,0.091,43.25,3.93,11.68,6.61,2.89,1.61
LMT-0347,9.0,10.0,1.283,0.1175,45.41,3.96,13.14,6.69,2.754,1.59
LMT-0347,10.0,11.0,1.344,0.0994,48.42,4.27,13.86,5.31,2.31,1.62
LMT-0347,11.0,12.0,1.475,0.0922,42.84,4.06,13.58,4.19,2.563,1.52
LMT-0347,12.0,13.0,1.618,0.0962,43.63,4.81,13.49,5.6,2.618,1.57
LMT-0347,13.0,14.0,1.53,0.1299,44.8,5.42,15.82,5.52,2.136,1.54
LMT-0347,14.0,15.0,1.46,0.106,42.15,5.63,16.44,4.8,2.383,1.52
LMT-0347,15.0,16.0,1.455,0.1079,41.74,5.63,16.81,5.65,2.268,1.63
LMT-0347,16.0,17.0,1.686,0.1205,40.93,6.56,17.31,3.66,2.347,1.51
LMT-0347,17.0,18.0,1.873,0.2331,39.13,6.43,17.64,4.25,2.608,1.56
LMT-0347,18.0,19.0,1.64,0.3137,41.24,6.86,17.05,3.93,2.262,1.52
LMT-0347,19.0,20.0,2.71,0.1915,21.14,10.56,32.76,2.61,1.632,1.64
LMT-0347,20.0,21.0,2.866,0.1081,23.02,13.47,37.61,2.23,1.65,1.56
LMT-0347,21.0,22.0,2.398,0.0765,19.36,11.5,36.77,2.57,1.711,1.67
LMT-0347,22.0,23.0,2.263,0.062,19.22,13.76,35.83,2.18,1.587,1.75
LMT-0347,23.0,24.0,2.268,0.052,18.09,18.17,38.08,2.18,1.551,1.57
LMT-0347,24.0,25.0,2.063,0.0529,16.23,17.21,40.21,2.01,1.565,1.65
LMT-0347,25.0,26.0,1.919,0.043,16.04,19.9,38.2,1.99,1.567,1.75
LMT-0347,26.0,27.0,2.007,0.0518,15.88,21.63,38.74,2.11,1.461,1.75
LMT-0347,27.0,28.0,1.714,0.0419,15.5,22.27,43.4,1.89,1.331,1.78
LMT-0347,28.0,29.0,1.883,0.0323,13.5,24.23,39.74,1.77,1.315,1.79
LMT-0347,29.0,30.0,,,,,,,,1.83
LMT-0347,30.0,31.0,1.462,0.0295,10.52,27.71,43.64,1.58,1.076,1.84
LMT-0347,31.0,32.0,1.225,0.0286,10.45,28.83,40.87,1.25,0.957,2.03
LMT-0347,32.0,33.0,0.324,0.0181,6.97,43.36,40.51,1.32,0.445,2.56
LMT-0347,33.0,34.0,0.343,0.0144,7.23,39.58,43.1,1.16,0.554,2.78
LMT-0347,34.0,35.0,0.325,0.0155,7.63,38.05,42.27,1.16,0.572,2.59
LMT-0347,35.0,35.8,0.37,0.0142,6.52,43.18,43.87,1.05,0.432,2.85
LMT-0348,0.0,1.0,0.843,0.0708,52.2,1.47,6.64,8.6,2.634,1.44
LMT-0348,1.0,2.0,0.992,0.0737,49.05,1.77,7.17,8.25,2.879,1.32
LMT-0348,2.0,3.0,1.186,0.0646,47.96,2.31,9.52,6.8,3.055,1.53
LMT-0348,3.0,4.0,1.136,0.0803,47.12,2.56,9.1,6.19,3.236,1.57
LMT-0348,4.0,5.0,0.986,0.0647,44.75,2.99,10.82,6.87,2.748,1.47
LMT-0348,5.0,6.0,1.02,0.068,45.11,2.93,11.52,6.79,2.809,1.45
LMT-0348,6.0,7.0,1.415,0.0727,46.82,3.97,10.8,5.85,2.625,1.48
LMT-0348,7.0,8.0,1.369,0.0722,40.71,4.12,12.54,6.5,2.579,1.59
LMT-0348,8.0,9.0,1.35,0.0881,41.26,3.99,13.42,6.23,2.541,1.67
LMT-0348,9.0,10.0,1.508,0.1065,44.18,4.64,15.45,5.62,2.283,1.6
LMT-0348,10.0,11.0,1.438,0.0964,42.39,4.97,14.2,5.54,2.163,1.53
LMT-0348,11.0,12.0,1.259,0.106,44.34,6.11,15.92,4.46,2.559,1.61
LMT-0348,12.0,13.0,1.394,0.1547,42.84,6.33,16.08,4.99,1.877,1.66
LMT-0348,13.0,14.0,1.538,0.1134,37.95,6.14,17.85,3.89,2.14,1.51
LMT-0348,14.0,15.0,1.469,0.2761,42.89,5.78,16.94,4.32,2.709,1.6
LMT-0348,15.0,16.0,1.599,0.3118,42.8,6.57,18.99,3.68,2.26,1.64
LMT-0348,16.0,17.0,2.493,0.1988,20.5,10.2,34.35,2.63,1.703,1.5
LMT-0348,17.0,18.0,2.395,0.1132,20.79,12.84,35.67,2.25,1.827,1.59
LMT-0348,18.0,19.0,2.722,0.0651,21.29,13.27,37.12,2.23,1.559,1.56
LMT-0348,19.0,20.0,2.519,0.043,22.01,12.88,35.47,2.62,1.779,1.56
LMT-0348,20.0,21.0,2.359,0.0518,20.33,14.06,34.78,2.69,1.854,1.67
LMT-0348,21.0,22.0,2.469,0.0612,19.9,16.88,37.99,2.36,1.298,1.8
LMT-0348,22.0,23.0,2.24,0.0515,17.39,15.75,36.15,1.87,1.438,1.68
LMT-0348,23.0,24.0,2.156,0.0497,17.8,16.31,41.76,2.03,1.493,1.66
LMT-0348,24.0,25.0,2.289,0.0521,15.18,19.68,40.47,2.34,1.344,1.63
LMT-0348,25.0,26.0,1.933,0.0361,15.3,19.9,42.02,1.81,1.271,1.72
LMT-0348,26.0,27.0,2.107,0.0489,16.17,19.62,36.75,1.83,1.139,1.85
LMT-0348,27.0,28.0,2.116,0.049,15.1,19.65,37.21,2.12,0.976,1.78
LMT-0348,28.0,29.0,1.899,0.0416,14.23,19.06,40.77,1.91,1.115,1.77
LMT-0348,29.0,30.0,1.789,0.0406,13.66,24.61,38.84,1.45,1.226,1.72
LMT-0348,30.0,31.0,1.486,0.04,13.27,26.32,43.19,1.7,1.113,1.82
LMT-0348,31.0,32.0,,,,,,,,1.91
LMT-0348,32.0,33.0,1.408,0.0241,12.23,26.35,40.65,1.28,0.978,1.84
LMT-0348,33.0,34.0,1.229,0.0239,11.3,30.57,42.99,1.17,1.089,1.95
LMT-0348,34.0,35.0,1.253,0.0296,9.43,27.83,40.92,1.03,1.026,1.99
LMT-0348,35.0,36.0,1.297,0.0329,9.86,27.14,41.35,1.18,0.95,1.91
LMT-0348,36.0,37.0,0.333,0.0169,6.81,45.0,44.08,1.06,0.508,2.85
LMT-0348,37.0,38.0,0.343,0.0126,7.04,43.09,44.81,1.29,0.507,2.6
LMT-0348,38.0,38.6,0.296,0.0123,7.08,39.3,38.45,1.03,0.507,2.85
LMT-0349,0.0,1.0,1.229,0.0821,50.06,1.35,7.36,8.97,3.273,1.49
LMT-0349,1.0,2.0,1.009,0.0682,50.17,1.97,8.57,8.03,2.883,1.42
LMT-0349,2.0,3.0,1.288,0.0842,45.01,2.48,8.19,6.59,2.976,1.5
LMT-0349,3.0,4.0,1.226,0.0784,46.95,2.77,9.37,6.84,2.751,1.52
LMT-0349,4.0,5.0,1.302,0.0764,47.7,3.56,9.99,7.7,2.72,1.67
LMT-0349,5.0,6.0,1.351,0.0783,45.01,3.34,11.23,7.16,2.546,1.42
LMT-0349,6.0,7.0,1.445,0.0787,46.13,4.06,11.7,6.56,2.756,1.54
LMT-0349,7.0,8.0,1.258,0.1017,43.88,4.02,12.69,5.86,2.754,1.47
LMT-0349,8.0,9.0,1.447,0.0822,39.01,5.22,14.82,4.71,2.679,1.66
LMT-0349,9.0,10.0,1.422,0.1238,40.76,4.73,15.35,4.85,1.945,1.59
LMT-0349,10.0,11.0,1.39,0.1077,43.29,5.78,15.91,4.82,1.797,1.64
LMT-0349,11.0,12.0,1.383,0.1331,41.11,5.42,17.22,4.64,2.314,1.52
LMT-0349,12.0,13.0,1.623,0.2216,38.9,5.61,18.29,4.55,2.216,1.57
LMT-0349,13.0,14.0,1.861,0.35,42.58,6.09,19.31,3.72,2.252,1.63
LMT-0349,14.0,15.0,2.917,0.1513,22.21,12.1,34.35,2.44,1.754,1.51
LMT-0349,15.0,16.0,2.671,0.1003,21.44,11.93,33.4,2.72,1.891,1.48
LMT-0349,16.0,17.0,2.509,0.089,20.4,13.99,35.37,2.6,1.613,1.54
LMT-0349,17.0,18.0,2.41,0.0562,21.57,11.92,35.33,2.49,1.827,1.6
LMT-0349,18.0,19.0,2.634,0.0521,19.63,14.43,33.44,2.54,1.695,1.7
LMT-0349,19.0,20.0,2.222,0.0463,18.52,13.58,38.7,2.39,1.568,1.7
LMT-0349,20.0,21.0,2.405,0.0588,17.92,16.91,34.8,2.24,1.6,1.72
LMT-0349,21.0,22.0,2.158,0.0483,17.49,19.2,38.05,2.48,1.332,1.8
LMT-0349,22.0,23.0,1.91,0.0582,18.18,16.79,39.38,2.2,1.636,1.68
LMT-0349,23.0,24.0,1.902,0.0399,16.96,18.92,34.53,1.88,1.433,1.66
LMT-0349,24.0,25.0,1.774,0.0479,16.33,19.66,36.32,2.25,1.293,1.59
LMT-0349,25.0,26.0,1.834,0.0384,15.29,20.96,38.31,1.92,1.368,1.9
LMT-0349,26.0,27.0,1.74,0.0466,14.1,22.92,37.6,1.83,1.494,1.8
LMT-0349,27.0,28.0,1.899,0.0433,14.37,24.62,39.51,1.84,1.058,1.7
LMT-0349,28.0,29.0,1.648,0.0454,13.34,24.17,37.16,1.74,1.28,1.89
LMT-0349,29.0,30.0,1.325,0.039,13.36,25.03,38.97,1.5,0.997,1.85
LMT-0349,30.0,31.0,1.455,0.0327,12.5,26.29,40.91,1.65,1.116,1.94
LMT-0349,31.0,32.0,1.717,0.0448,12.12,25.72,45.23,1.44,0.98,1.89
LMT-0349,32.0,33.0,1.339,0.0347,11.58,27.02,44.77,1.26,1.016,1.96
LMT-0349,33.0,34.0,1.302,0.0293,10.86,28.7,43.14,0.79,0.967,1.85
LMT-0349,34.0,35.0,1.254,0.0213,10.05,29.63,47.28,1.09,0.826,1.96
LMT-0349,35.0,36.0,0.332,0.0116,6.61,38.63,43.81,1.21,0.547,2.82
LMT-0349,36.0,37.0,0.348,0.0136,6.73,40.67,44.96,0.82,0.59,2.72
LMT-0349,37.0,38.0,0.323,0.014,6.35,42.15,41.14,1.04,0.53,2.8
LMT-0349,38.0,38.4,0.334,0.0141,6.68,45.0,41.11,1.08,0.525,2.81
LMT-0350,0.0,1.0,1.056,0.0751,46.08,1.65,7.34,7.46,2.874,1.41
LMT-0350,1.0,2.0,1.12,0.067,46.03,2.19,8.31,6.88,2.838,1.58
LMT-0350,2.0,3.0,1.154,0.0802,47.99,2.48,9.61,6.55,2.744,1.57
LMT-0350,3.0,4.0,1.315,0.0637,47.37,3.01,10.28,5.42,2.488,1.48
LMT-0350,4.0,5.0,1.417,0.1114,42.13,3.62,11.17,7.08,2.499,1.55
LMT-0350,5.0,6.0,1.364,0.0704,42.59,4.22,11.57,5.71,2.44,1.51
LMT-0350,6.0,7.0,1.486,0.0922,41.19,4.32,14.05,3.77,2.36,1.5
LMT-0350,7.0,8.0,1.347,0.1045,42.91,5.66,14.82,4.41,2.462,1.51
LMT-0350,8.0,9.0,1.344,0.1677,40.4,5.56,16.03,4.04,2.257,1.51
LMT-0350,9.0,10.0,1.741,0.2306,38.11,6.59,17.61,4.31,2.074,1.57
LMT-0350,10.0,11.0,1.76,0.2772,39.5,5.93,18.4,3.95,2.009,1.48
LMT-0350,11.0,12.0,3.095,0.1513,22.16,11.47,33.88,2.21,1.556,1.52
LMT-0350,12.0,13.0,2.747,0.1016,20.79,13.45,35.19,2.06,1.528,1.63
LMT-0350,13.0,14.0,2.627,0.0741,18.9,14.93,37.17,2.24,1.755,1.55
LMT-0350,14.0,15.0,2.257,0.0662,19.64,13.32,37.79,1.94,1.685,1.55
LMT-0350,15.0,16.0,2.435,0.06,19.15,14.13,41.17,2.21,1.414,1.7
LMT-0350,16.0,17.0,2.216,0.046,17.73,14.82,37.02,2.08,1.459,1.69
LMT-0350,17.0,18.0,2.132,0.0478,17.7,19.18,39.78,2.08,1.341,1.72
LMT-0350,18.0,19.0,1.948,0.0444,16.31,18.77,42.52,2.0,1.342,1.81
LMT-0350,19.0,20.0,1.727,0.0452,13.8,18.9,38.11,1.96,1.242,1.77
LMT-0350,20.0,21.0,2.039,0.0476,14.02,19.77,38.23,1.59,1.384,1.87
LMT-0350,21.0,22.0,1.443,0.0367,14.43,25.62,41.55,1.73,1.121,1.83
LMT-0350,22.0,23.0,1.616,0.0349,13.52,21.83,46.56,1.54,1.171,1.95
LMT-0350,23.0,24.0,1.64,0.0263,12.11,26.5,40.15,1.51,1.236,1.82
LMT-0350,24.0,25.0,1.344,0.0361,10.85,28.72,41.53,1.33,1.011,1.87
LMT-0350,25.0,26.0,1.392,0.0301,10.98,29.28,46.75,1.06,1.073,1.84
LMT-0350,26.0,27.0,0.333,0.0178,7.31,34.27,43.63,1.21,0.511,2.66
LMT-0350,27.0,28.0,0.324,0.0159,7.33,38.3,44.04,1.08,0.473,2.85
LMT-0350,28.0,28.4,0.325,0.0147,6.52,43.51,37.23,0.95,0.509,2.85
